Seed,Mask,InWordNet,Cxn,ProbX,HasPairX,ProbY,HasPairY,WordsMatch,POS,NymType,AntonymType
abbrevi,abbrevi,n,eitherX,0.6,paired,,,y,partial token,x-identical,
abduct,kill,n,eitherX,0.52,,,,n,,co-hyponym,
able,unwilling,n,eitherX,0.63,,,,n,adj,opposition-indirect,
able,willing,n,eitherY,,,0.73,,n,adj,co-hyponym,
abnormal,normal,y,eitherY,,,0.89,,n,adj,antonym,scalar
above,below,y,eitherX,0.91,paired,,,n,adj/adv,antonym,complementary
absolute,relative,y,both,0.98,paired,0.97,,n,adj,antonym,complementary
abundance,scarcity,y,both,0.83,,0.84,,n,noun,antonym,scalar
abuse,neglect,n,eitherX,0.6,,,,n,,other-related,
abuser,victim,n,both,0.52,,0.56,,n,noun,antonym,converse
accepted,rejected,n,eitherX,0.69,,,,n,verb,antonym,converse
accepts,rejects,n,eitherX,0.54,,,,n,verb,antonym,scalar
accidental,intentional,n,eitherY,,,0.62,paired,n,adj,antonym,complementary
accidentally,intentionally,n,eitherY,,,0.63,paired,n,adv,antonym,complementary
accompanied,alone,n,both,0.51,,0.65,,n,adj,antonym-secondary,complementary
accountant,lawyer,n,eitherY,,,0.52,,n,,co-hyponym,
acquitted,convicted,n,eitherY,,,0.51,,n,verb,antonym,converse
action,inaction,y,eitherX,0.58,,,,n,noun,antonym,complementary
active,inactive,y,eitherX,0.64,,,,n,adj,antonym,scalar
actively,passively,y,both,0.6,paired,0.87,paired,n,adv,antonym,scalar
actress,actor,n,eitherY,,,0.6,,n,noun,antonym,complementary
actresses,actors,n,both,0.62,,0.96,,n,noun,antonym,complementary
acute,chronic,y,both,0.9,paired,0.89,paired,n,adj,antonym,complementary
adapted,original,n,eitherY,,,0.67,,n,adj,antonym,complementary
adapters,batteries,n,eitherY,,,0.53,,n,,co-hyponym,
added,removed,n,eitherX,0.54,,,,n,verb,antonym,reversive
addresses,names,n,eitherY,,,0.53,,n,,co-hyponym,
adds,removes,n,eitherY,,,0.6,,n,verb,antonym,reversive
adjective,noun,n,both,0.83,paired,0.94,paired,n,noun,co-hyponym,
administrator,user,n,eitherY,,,0.54,,n,,co-hyponym,
admired,disliked,n,eitherX,0.7,,,,n,verb,antonym-secondary,scalar
admit,deny,y,both,0.87,,0.57,,n,verb,antonym,complementary
admits,denies,n,both,0.91,,0.5,,n,verb,antonym,complementary
admitting,denying,n,both,0.83,,0.61,,n,verb,antonym,complementary
adolescence,childhood,n,eitherY,,,0.85,,n,noun,co-hyponym,multiple incompatibility
adolescent,adult,n,eitherX,0.58,,,,n,noun,antonym,multiple incompatibility
adolescents,children,n,eitherY,,,0.6,,n,,co-hyponym,
adopted,natural,n,eitherY,,,0.56,,n,adj,antonym-secondary,complementary
adoptive,biological,y,eitherY,,,0.68,,n,adj,antonym,complementary
adult,child,n,eitherY,,,0.53,paired,n,noun,antonym,multiple incompatibility
adults,children,n,eitherY,,,0.59,,n,noun,antonym,multiple incompatibility
advanced,basic,n,eitherY,,,0.56,,n,,co-hyponym,
advancing,retreating,n,eitherX,0.73,,,,n,verb,antonym,converse
advant,disadvantage,n,eitherX,0.91,,,,n,partial token,x-none,
advantage,disadvantage,y,both,0.92,,0.78,paired,n,noun,antonym,complementary
advantageous,unfavorable,n,eitherX,0.5,,,,n,,opposition-indirect,
advantages,disadvantages,n,both,0.95,,0.67,paired,n,noun,antonym,complementary
adversely,positively,n,eitherY,,,0.65,,n,adv,antonym-secondary,scalar
aerobic,aerobic,n,eitherY,,,0.53,paired,y,,x-identical,
affair,marriage,n,eitherY,,,0.54,,n,,other-related,
affirmative,negative,y,both,0.91,,0.91,,n,adj,antonym,complementary
affluent,poor,n,both,0.56,,0.67,,n,adj/noun,antonym-secondary,scalar
afore,after,n,eitherX,0.76,,,,n,adj/adv,antonym-temporal,converse
aft,fore,y,eitherY,,,0.98,paired,n,adj,antonym,complementary
after,before,n,both,0.79,paired,0.94,,n,adj/adv,antonym-temporal,complementary
afternoon,evening,n,eitherX,0.67,,,,n,,co-hyponym-temporal,
afternoon,morning,n,eitherY,,,0.96,,n,noun,co-hyponym-temporal,
afterward,before,n,both,0.58,,0.85,,n,adv,antonym-temporal,complementary
afterwards,before,n,both,0.63,,0.83,,n,adv,antonym-temporal,complementary
again,once,n,eitherY,,,0.68,,n,,other-conventional,
against,for,n,eitherY,,,0.97,,n,adv,antonym,complementary
age,sex,n,eitherY,,,0.52,,n,,co-hyponym,
aggressive,passive,n,eitherY,,,0.52,,n,adj,antonym,scalar
agree,disagree,y,both,0.91,paired,0.8,paired,n,verb,antonym,complementary
aiding,assisting,n,eitherX,0.51,,,,n,,nym-near-synonym,
air,water,n,both,0.77,,0.69,,n,,co-hyponym,
album,single,n,eitherY,,,0.7,,n,noun,nym-meronym,complementary
albums,singles,n,eitherY,,,0.83,,n,noun,nym-meronym,complementary
alien,human,n,eitherY,,,0.51,,n,,co-hyponym,
alike,different,n,eitherX,0.59,,,,n,adj,antonym,complementary
alive,dead,y,both,0.96,,0.99,paired,n,adj,antonym,complementary
all,none,n,eitherX,0.66,,,,n,noun/pronoun,antonym,
alley,street,n,eitherY,,,0.64,,n,noun,co-hyponym,
alpha,beta,n,both,0.79,,0.86,paired,n,adj,co-hyponym,
altogether,partially,n,both,0.58,,0.61,,n,adv,antonym,scalar
aluminium,steel,n,eitherY,,,0.53,,n,noun,co-hyponym,
aluminum,steel,n,eitherY,,,0.66,paired,n,noun,co-hyponym,
amateur,professional,y,both,0.8,,0.88,,n,noun,antonym,complementary
amen,amen,n,eitherX,0.56,paired,,,y,,x-identical,
ammonia,water,n,eitherY,,,0.58,,n,noun,co-hyponym,
amplitude,frequency,n,eitherY,,,0.56,,n,,co-hyponym,
amulet,ring,n,eitherY,,,0.5,,n,,co-hyponym,
amygdala,hippocampus,n,eitherX,0.53,,,,n,,co-hyponym,
an,an,n,eitherY,,,0.56,paired,y,,x-identical,
analog,digital,n,both,0.84,,0.97,,n,adj,antonym,complementary
analogue,digital,y,both,0.76,,0.97,,n,adj,antonym,complementary
ancient,modern,n,both,0.61,,0.64,,n,adj,antonym,complementary
angels,demons,n,eitherX,0.57,,,,n,,co-hyponym,
animal,human,n,eitherY,,,0.8,,n,noun,nym-hyponym,conceptual contrast
anime,manga,n,eitherX,0.67,,,,n,,co-hyponym,
anniversary,birthday,n,eitherY,,,0.64,,n,noun,co-hyponym-temporal,
annually,monthly,n,eitherY,,,0.66,,n,adv,co-hyponym-temporal,
another,way,n,eitherY,,,0.61,,n,,other-conventional,
answer,question,y,eitherY,,,0.59,,n,noun/verb,antonym,complementary
answers,questions,n,eitherY,,,0.86,,n,noun,antonym,complementary
antagonist,protagonist,n,eitherY,,,0.76,,n,noun,antonym,complementary
anterior,posterior,y,both,0.97,paired,0.76,paired,n,adj,antonym,complementary
anti,pro,y,both,0.85,,0.97,,n,adj,antonym,complementary
antique,modern,n,eitherY,,,0.53,,n,adj,antonym,complementary
anus,vagina,n,eitherX,0.69,,,,n,,co-hyponym,
anxiety,depression,n,eitherX,0.65,,,,n,noun,co-hyponym,
apart,together,n,both,0.55,,0.92,,n,adv,antonym,complementary
apartment,house,n,eitherY,,,0.63,,n,noun,co-hyponym,
apartments,houses,n,eitherY,,,0.75,,n,noun,co-hyponym,
ape,human,n,eitherY,,,0.7,,n,noun,co-hyponym,
appear,disappear,y,eitherX,0.61,,,,n,verb,antonym,complementary
appeared,disappeared,n,eitherX,0.8,,,,n,verb,antonym,complementary
appears,disappears,n,eitherX,0.84,,,,n,verb,antonym,complementary
appellant,defendant,n,eitherX,0.66,,,,n,noun,co-hyponym,
appellate,trial,n,eitherY,,,0.5,,n,adj,co-hyponym,
apple,pear,n,eitherX,0.68,,,,n,,co-hyponym,
appointed,elected,n,both,0.66,paired,0.91,paired,n,adj/verb,antonym,complementary
approve,disapprove,y,eitherX,0.55,paired,,,n,verb,antonym,complementary
aquatic,terrestrial,n,both,0.84,,0.79,,n,adj,co-hyponym,multiple incompatibility
archaic,modern,n,eitherY,,,0.65,,n,adj,antonym-secondary,complementary
are,are,n,both,0.71,paired,0.64,paired,y,,x-identical,
arenas,stadiums,n,eitherY,,,0.52,,n,,co-hyponym,
arm,leg,n,eitherY,,,0.61,paired,n,,co-hyponym,
armed,unarmed,y,both,0.6,,0.59,paired,n,adj,antonym,complementary
arms,legs,n,eitherX,0.81,,,,n,,co-hyponym,
arrival,departure,n,both,0.82,,0.62,,n,noun,antonym,reversive
arrivals,departures,n,both,0.95,,0.91,,n,noun,antonym,reversive
arriving,departing,n,eitherX,0.51,,,,n,verb,antonym,reversive
arteries,veins,n,both,0.8,,0.8,paired,n,noun,antonym,complementary
artery,vein,n,eitherY,,,0.68,,n,noun,antonym,complementary
artificial,natural,y,both,0.7,,0.92,,n,adj,antonym,complementary
artificially,naturally,y,both,0.78,,0.94,,n,adv,antonym,complementary
artisan,professional,n,eitherY,,,0.56,,n,adj,co-hyponym,
as,as,n,eitherY,,,0.76,paired,y,,x-identical,
ascending,descending,y,both,0.98,paired,0.84,paired,n,adj/verb,antonym,complementary
ascent,descent,y,both,0.91,,0.83,,n,noun,antonym,complementary
asleep,awake,y,eitherY,,,0.78,paired,n,adj,antonym,complementary
asphalt,concrete,n,eitherX,0.52,,,,n,,co-hyponym,
assailant,victim,n,eitherY,,,0.65,,n,noun,antonym,complementary
assault,battery,n,eitherX,0.63,,,,n,,other-conventional,
assets,liabilities,n,eitherX,0.83,paired,,,n,noun,antonym,complementary
assists,goals,n,both,0.89,paired,0.99,,n,noun,co-hyponym,complementary
asteroid,comet,n,both,0.86,paired,0.61,paired,n,noun,co-hyponym,
asteroids,planets,n,eitherY,,,0.59,,n,noun,co-hyponym,
asylum,deportation,n,both,0.67,,0.61,,n,,opposition-indirect,
atmospheric,terrestrial,n,eitherY,,,0.5,,n,adj,co-hyponym,multiple incompatibility
atop,below,n,eitherY,,,0.54,,n,adv,antonym-secondary,complementary
attacker,victim,n,both,0.72,,0.86,,n,noun,antonym,complementary
attendant,driver,n,eitherY,,,0.51,,n,,co-hyponym,
attic,basement,n,both,0.59,,0.72,paired,n,noun,antonym,complementary
audio,video,n,both,0.71,,0.6,,n,adj,co-hyponym,
auditory,visual,n,both,0.61,,0.84,,n,adj,co-hyponym,
aunt,uncle,y,eitherX,0.67,,,,n,noun,antonym,
authenticated,not,n,eitherX,0.5,,,,n,not-annotated,proform,
automated,manual,n,both,0.54,,0.79,,n,adj,antonym,scalar
automatic,manual,y,both,0.8,,0.94,,n,adj,antonym,scalar
automatically,manually,n,both,0.59,paired,0.69,paired,n,adv,antonym-secondary,scalar
autumn,winter,n,eitherX,0.61,,,,n,noun,co-hyponym,multiple incompatibility
autumn,summer,n,eitherY,,,0.5,,n,noun,co-hyponym,multiple incompatibility
avenue,street,n,eitherY,,,0.71,,n,noun,co-hyponym,
awake,asleep,y,both,0.82,,0.84,paired,n,adj,antonym,complementary
awaken,sleep,n,both,0.59,,0.65,,n,verb,antonym-secondary,complementary
away,home,y,both,0.55,,0.57,,n,adj/adv,antonym,complementary
awoke,slept,n,eitherY,,,0.51,,n,verb,antonym,complementary
bachelor,married,n,eitherY,,,0.68,,n,adj,antonym,complementary
back,front,y,eitherY,,,0.89,paired,n,adj/noun,antonym,complementary
backend,front,n,eitherY,,,0.52,,n,adj/noun,antonym-secondary,complementary
background,foreground,y,both,0.76,paired,0.77,paired,n,noun,antonym,complementary
backs,forwards,n,eitherX,0.58,,,,n,noun,antonym,complementary
backward,forward,y,both,0.81,,0.95,,n,adj/adv,antonym,complementary
backwards,forwards,n,both,0.86,paired,0.81,paired,n,adj/adv,antonym,complementary
bacterial,viral,n,both,0.61,,0.74,,n,adj,co-hyponym,
bad,good,y,eitherY,,,0.98,paired,n,adj,antonym,scalar
badly,well,y,eitherY,,,0.54,,n,adv,antonym,scalar
baked,frozen,n,eitherX,0.61,,,,n,,co-hyponym,
baking,cooking,n,eitherY,,,0.74,,n,verb,co-hyponym,
ball,bat,n,both,0.53,,0.51,,n,,co-hyponym,
ballet,jazz,n,eitherY,,,0.51,,n,,co-hyponym,
bananas,apples,n,eitherY,,,0.57,,n,,co-hyponym,
bar,restaurant,n,eitherY,,,0.6,,n,noun,co-hyponym,
barley,wheat,n,both,0.69,paired,0.91,paired,n,noun,co-hyponym,
barren,fertile,n,eitherY,,,0.6,,n,adj,antonym,complementary
bars,restaurants,n,eitherY,,,0.51,,n,,co-hyponym,
basement,attic,n,eitherY,,,0.51,paired,n,noun,antonym,
basic,advanced,n,eitherX,0.61,,,,n,,co-hyponym,
bass,drum,n,eitherY,,,0.53,,n,,other-conventional,
bath,shower,n,both,0.67,,0.61,,n,,co-hyponym,
baths,showers,n,both,0.74,paired,0.83,paired,n,noun,co-hyponym,
batter,pitcher,n,eitherY,,,0.68,,n,noun,antonym,complementary
battered,bruised,n,eitherX,0.64,,,,n,verb,co-hyponym,
batters,pitchers,n,both,0.54,,0.8,,n,noun,antonym,complementary
batting,pitching,n,eitherY,,,0.8,,n,verb,antonym,complementary
bean,rice,n,eitherY,,,0.57,,n,,co-hyponym,
beans,rice,n,eitherY,,,0.73,,n,noun,co-hyponym,
beast,man,n,eitherY,,,0.67,,n,noun,co-hyponym,
bedrock,soil,n,eitherY,,,0.6,,n,,co-hyponym,
bedrooms,bathrooms,n,both,0.54,,0.52,,n,,co-hyponym,
beer,wine,n,both,0.7,paired,0.85,paired,n,noun,co-hyponym,
beers,wines,n,eitherY,,,0.56,paired,n,,co-hyponym,
before,after,n,eitherX,0.85,paired,,,n,adv,antonym-temporal,complementary
beforehand,after,n,eitherX,0.51,,,,n,adv,antonym-temporal,
began,ended,n,eitherX,0.57,,,,n,verb,antonym,complementary
begin,end,y,eitherX,0.61,,,,n,verb,antonym,complementary
beginner,advanced,n,eitherX,0.66,,,,n,,co-hyponym,
beginning,end,n,both,0.6,,0.51,,n,noun,antonym,complementary
begins,ends,n,both,0.84,,0.73,,n,verb,antonym,complementary
behind,ahead,n,eitherY,,,0.53,,n,other/preposition/adv,antonym,complementary
believer,atheist,n,both,0.55,,0.61,,n,noun,antonym,complementary
below,above,y,both,0.62,paired,0.95,,n,adj/adv,antonym,complementary
beneath,above,n,both,0.73,,0.88,,n,adj/adv,antonym,complementary
beta,alpha,n,eitherY,,,0.93,paired,n,adj,co-hyponym,
better,worse,y,eitherX,0.73,,,,n,adj,antonym,scalar
beverage,food,n,both,0.63,,0.96,,n,noun,antonym,complementary
beverages,food,n,eitherY,,,0.73,,n,noun,antonym,complementary
big,small,y,both,0.83,,0.79,,n,adj,antonym,scalar
bigger,smaller,n,both,0.78,,0.77,,n,adj,antonym,scalar
biggest,smallest,n,both,0.53,,0.56,,n,adj,antonym,scalar
bikes,cars,n,eitherY,,,0.65,,n,noun,co-hyponym,
biking,walking,n,both,0.57,,0.69,,n,,co-hyponym,
billion,million,n,eitherY,,,0.55,,n,,co-hyponym-numeric,
billions,millions,n,eitherY,,,0.87,,n,noun,co-hyponym-numeric,
biological,chemical,n,eitherY,,,0.57,paired,n,,co-hyponym,
bipolar,schizophrenia,n,both,0.52,,0.57,,n,,co-hyponym,
birth,death,y,both,0.83,,0.5,,n,noun,antonym,complementary
births,deaths,n,both,0.89,,0.71,,n,noun,antonym,complementary
bisexual,gay,n,eitherY,,,0.54,,n,,co-hyponym,
bishop,priest,n,eitherY,,,0.51,,n,,co-hyponym,
bishops,priests,n,both,0.55,,0.54,,n,,co-hyponym,
bit,bytes,n,eitherX,0.57,,,,n,,co-hyponym,
bits,bytes,n,both,0.57,,0.72,,n,noun,co-hyponym,
bitter,sweet,n,eitherY,,,0.67,,n,,co-hyponym,
black,white,y,eitherY,,,0.66,paired,n,adj,antonym,complementary
blacks,whites,n,both,0.81,paired,0.9,paired,n,noun,antonym,complementary
blah,blah,n,both,0.67,paired,0.67,paired,y,adj,x-identical,
blankets,sheets,n,eitherY,,,0.58,,n,,co-hyponym,
bleach,water,n,eitherY,,,0.6,,n,,co-hyponym,
bless,curse,y,eitherX,0.82,,,,n,verb,antonym,complementary
blessing,curse,n,eitherX,0.83,,,,n,noun,antonym,complementary
blessings,curses,n,eitherX,0.51,,,,n,noun,antonym,complementary
blind,deaf,n,both,0.89,paired,0.9,paired,n,adj,co-hyponym,
blond,brown,n,both,0.59,,0.55,,n,,co-hyponym,
blonde,brown,n,both,0.75,,0.69,,n,,co-hyponym,
boat,car,n,eitherY,,,0.52,,n,,co-hyponym,
boats,cars,n,eitherY,,,0.51,,n,noun,co-hyponym,
boiled,frozen,n,eitherX,0.65,,,,n,verb,co-hyponym,
bolts,screws,n,both,0.58,,0.66,,n,noun,co-hyponym,
bombers,helicopters,n,eitherY,,,0.5,,n,,co-hyponym,
bombings,shootings,n,eitherY,,,0.74,,n,noun,co-hyponym,
bond,cash,n,eitherY,,,0.61,,n,,co-hyponym,
bonds,stocks,n,eitherY,,,0.53,paired,n,noun,co-hyponym,
boom,bust,n,eitherX,0.97,,,,n,noun,antonym,complementary
borough,city,n,eitherY,,,0.64,,n,noun,co-hyponym,
bot,human,n,eitherY,,,0.66,,n,noun,co-hyponym,
both,one,n,eitherY,,,0.52,,n,adj,antonym-secondary,
bottled,canned,n,eitherY,,,0.68,,n,noun,co-hyponym,
bottles,cans,n,both,0.78,paired,0.83,paired,n,noun,co-hyponym,
bottom,top,y,both,0.67,paired,0.96,paired,n,adj,antonym,scalar
bourgeoisie,proletariat,n,eitherY,,,0.55,,n,noun,antonym,complementary
bowel,bladder,n,eitherX,0.5,,,,n,,co-hyponym,
bows,arrows,n,eitherX,0.7,,,,n,noun,co-hyponym,
boy,girl,y,both,0.98,paired,0.98,paired,n,noun,antonym,complementary
boyfriend,girlfriend,n,both,0.96,,0.76,paired,n,noun,antonym,complementary
boys,girls,n,both,0.96,paired,0.95,paired,n,noun,antonym,complementary
br,br,n,eitherX,0.5,paired,,,y,,x-identical,
braking,acceleration,n,both,0.55,,0.7,,n,noun,antonym,scalar
branded,generic,n,eitherY,,,0.51,paired,n,,co-hyponym,
breakfast,dinner,n,eitherY,,,0.62,,n,noun,co-hyponym,
breastfeeding,formula,n,eitherX,0.51,,,,n,noun,antonym,
breathe,die,n,eitherX,0.74,,,,n,,opposition-indirect,
bred,natural,n,eitherY,,,0.6,,n,adj,antonym-secondary,scalar
brewed,distilled,n,eitherX,0.51,,,,n,,co-hyponym,
bride,groom,n,both,0.95,paired,0.95,paired,n,noun,antonym,complementary
bridges,tunnels,n,eitherX,0.58,,,,n,,co-hyponym,
brigade,battalion,n,eitherY,,,0.62,,n,,co-hyponym,
brighter,darker,n,both,0.59,,0.51,,n,adj,antonym,scalar
brightest,best,n,eitherY,,,0.71,,n,adj,other-conventional,
brightness,color,n,eitherY,,,0.63,,n,noun,co-hyponym,
broad,narrow,n,both,0.79,,0.6,,n,adj,antonym,scalar
broadband,DSL,n,eitherY,,,0.52,,n,,co-hyponym,
broader,narrower,n,both,0.75,,0.52,,n,adj,antonym,scalar
broadly,specifically,n,eitherX,0.54,,,,n,adv,antonym,scalar
brokerage,bank,n,eitherY,,,0.66,,n,,co-hyponym,
broth,water,n,eitherX,0.58,,,,n,,co-hyponym,
brother,sister,y,eitherX,0.84,,,,n,noun,antonym,complementary
brothers,sisters,n,both,0.79,paired,0.69,paired,n,noun,antonym,complementary
brunch,dinner,n,both,0.81,,0.65,,n,noun,co-hyponym,
bulky,light,n,eitherY,,,0.55,,n,adj,antonym-secondary,scalar
bullish,neutral,n,both,0.74,,0.84,,n,,co-hyponym,
bunch,single,n,eitherY,,,0.52,,n,noun,contrast-group-individual ,complementary
bundle,single,n,eitherY,,,0.84,,n,noun,contrast-group-individual ,
burglary,theft,n,both,0.56,,0.52,,n,noun,co-hyponym,
bushes,trees,n,both,0.77,,0.66,,n,noun,co-hyponym,
businesses,individuals,n,eitherY,,,0.53,,n,noun,contrast-group-individual ,
bust,boom,n,eitherY,,,0.95,,n,noun,antonym,complementary
butterflies,birds,n,eitherY,,,0.56,,n,,co-hyponym,
buy,sell,y,both,0.9,,0.56,paired,n,verb,antonym,converse
buyer,seller,n,both,0.93,paired,0.93,paired,n,noun,antonym,converse
buyers,sellers,n,both,0.79,paired,0.77,paired,n,noun,antonym,converse
buying,selling,n,both,0.85,,0.73,paired,n,verb,antonym,converse
buys,sells,n,eitherX,0.92,,,,n,verb,antonym,converse
bye,bye,n,eitherX,0.65,paired,,,y,,x-identical,
cabbage,broccoli,n,eitherY,,,0.51,,n,,co-hyponym,
cable,satellite,n,both,0.79,,0.72,,n,adj,co-hyponym,
calcium,magnesium,n,eitherX,0.53,,,,n,,co-hyponym,
calf,cow,n,eitherY,,,0.71,,n,noun,antonym,converse
calorie,fat,n,eitherX,0.6,,,,n,noun,other-related,
calories,fat,n,both,0.65,,0.65,,n,noun,other-related,
camel,donkey,n,eitherX,0.61,,,,n,,co-hyponym,
canceled,postponed,n,both,0.67,,0.5,,n,adj/verb,co-hyponym,
cancelled,postponed,n,eitherX,0.63,,,,n,,co-hyponym,
canine,human,n,eitherY,,,0.74,,n,adj,co-hyponym,
canoe,boat,n,eitherY,,,0.68,,n,noun,co-hyponym,
cans,bottles,n,both,0.77,paired,0.91,paired,n,noun,co-hyponym,
cant,can,n,eitherY,,,0.76,,n,verb,antonym,complementary
canvas,wood,n,eitherY,,,0.58,,n,,co-hyponym,
capitalism,socialism,y,eitherY,,,0.62,paired,n,noun,co-hyponym,
capitalist,communist,n,eitherX,0.58,,,,n,,co-hyponym,
capsules,tablets,n,eitherY,,,0.5,,n,,co-hyponym,
captured,killed,n,eitherY,,,0.59,,n,,co-hyponym,
carbohydrate,protein,n,both,0.67,,0.56,,n,noun,co-hyponym,
cardinal,bishop,n,eitherY,,,0.66,,n,,co-hyponym,
cared,knew,n,eitherY,,,0.59,,n,,co-hyponym,
cares,knows,n,eitherY,,,0.81,,n,,co-hyponym,
carp,salmon,n,eitherY,,,0.55,,n,,co-hyponym,
carriage,horse,n,eitherY,,,0.6,,n,noun,other-related,
carved,painted,n,both,0.54,,0.69,,n,adj/verb,co-hyponym,
carving,painting,n,eitherY,,,0.56,,n,,co-hyponym,
cash,check,n,eitherY,,,0.6,,n,,co-hyponym,
cassette,CD,n,eitherY,,,0.51,,n,,co-hyponym,
casual,formal,n,both,0.58,,0.64,,n,adj,antonym,scalar
cat,dog,n,both,0.79,paired,0.81,paired,n,noun,co-hyponym,
catch,throw,n,eitherX,0.54,,,,n,verb,antonym,converse
catcher,pitcher,n,both,0.74,paired,0.92,,n,noun,antonym,complementary
catching,throwing,n,both,0.63,,0.83,,n,verb,antonym,converse
cats,dogs,n,both,0.84,paired,0.9,paired,n,noun,co-hyponym,
caucuses,primaries,n,both,0.54,paired,0.92,paired,n,noun,co-hyponym,
cause,effect,n,eitherX,0.89,,,,n,noun,antonym,complementary
cavalry,infantry,n,both,0.72,,0.87,,n,noun,co-hyponym,
ceiling,floor,n,eitherY,,,0.51,,n,noun,antonym,complementary
ceilings,walls,n,eitherY,,,0.82,,n,noun,co-hyponym,
celestial,terrestrial,n,both,0.78,,0.77,,n,adj,co-hyponym,multiple incompatibility
cellular,wired,n,eitherY,,,0.51,,n,adj,antonym-secondary,complementary
center,left,n,eitherY,,,0.61,,n,,co-hyponym,
centrally,locally,n,eitherY,,,0.81,,n,adv,antonym,scalar
centre,left,n,eitherY,,,0.54,,n,,co-hyponym,
cents,dollars,n,eitherY,,,0.69,,n,noun,co-hyponym,
certify,deny,n,eitherX,0.58,,,,n,verb,antonym-secondary,complementary
charcoal,wood,n,eitherY,,,0.61,,n,,co-hyponym,
chassis,engine,n,eitherY,,,0.51,,n,,co-hyponym,
cheat,lie,n,eitherY,,,0.88,,n,,co-hyponym,
cheating,lying,n,eitherY,,,0.63,paired,n,,co-hyponym,
chemical,biological,n,both,0.57,,0.51,paired,n,adj,co-hyponym,
chemotherapy,surgery,n,eitherY,,,0.62,,n,noun,co-hyponym,
chicks,eggs,n,eitherY,,,0.61,,n,,other-related,
child,adult,n,both,0.74,,0.71,paired,n,noun,antonym,multiple incompatibility
chilled,frozen,n,eitherX,0.7,,,,n,,contrast-scalar,
cholesterol,fat,n,eitherY,,,0.59,,n,noun,co-hyponym,
chorus,solo,n,eitherY,,,0.67,,n,,co-hyponym,
chronic,acute,y,both,0.73,paired,0.94,paired,n,adj,antonym,complementary
chunks,whole,n,eitherY,,,0.65,,n,,nym-meronym,
cider,beer,n,eitherY,,,0.71,,n,noun,co-hyponym,
cigars,cigarettes,n,eitherY,,,0.56,,n,,co-hyponym,
circular,square,n,eitherY,,,0.53,,n,,co-hyponym,
cis,trans,n,eitherX,0.65,,,,n,adj,antonym,complementary
cit,cit,n,eitherX,0.79,paired,,,y,partial token,x-identical,
cities,towns,n,eitherY,,,0.63,paired,n,,co-hyponym,
civil,criminal,n,eitherY,,,0.66,paired,n,adj,antonym,complementary
civilian,military,y,both,0.71,paired,0.86,paired,n,adj,antonym,complementary
classical,modern,n,eitherX,0.7,,,,n,adj,antonym,scalar
clean,dirty,y,eitherX,0.65,,,,n,adj,antonym,scalar
clinics,hospitals,n,eitherY,,,0.52,,n,,co-hyponym,
clocks,watches,n,eitherY,,,0.51,,n,,co-hyponym,
clone,original,n,eitherY,,,0.54,,n,noun,antonym-secondary,complementary
close,open,y,eitherY,,,0.54,,n,verb,antonym,scalar
closed,open,y,eitherY,,,0.54,,n,adj,antonym,scalar
clouds,sun,n,eitherY,,,0.75,,n,noun,co-hyponym,
cloudy,sunny,n,both,0.76,paired,0.89,paired,n,adj,co-hyponym,
cloves,cinnamon,n,both,0.58,,0.71,,n,,co-hyponym,
coach,player,n,eitherY,,,0.63,,n,noun,co-hyponym,
coaches,players,n,eitherY,,,0.58,,n,noun,co-hyponym,
coal,gas,n,both,0.54,,0.68,,n,noun,co-hyponym,
coastal,inland,y,both,0.62,,0.72,paired,n,adj,antonym,complementary
coffee,tea,n,both,0.95,paired,0.97,paired,n,noun,co-hyponym,
cold,hot,y,both,0.53,paired,0.73,paired,n,adj,antonym,scalar
colder,warmer,n,both,0.63,paired,0.83,,n,adj,antonym,scalar
collateral,cash,n,eitherY,,,0.79,,n,,other-related,
colleague,friend,n,eitherY,,,0.52,,n,,co-hyponym,
collective,individual,n,both,0.67,,0.69,,n,adj,antonym,complementary
collectively,individually,n,both,0.74,paired,0.93,paired,n,adv,antonym,complementary
colleges,universities,n,eitherX,0.8,,,,n,,co-hyponym,
colonel,major,n,eitherY,,,0.68,,n,,co-hyponym,
column,row,n,eitherY,,,0.84,paired,n,noun,antonym,complementary
columns,rows,n,both,0.52,paired,0.83,paired,n,noun,antonym,complementary
come,go,y,eitherX,0.72,,,,n,verb,antonym,complementary
comedian,actor,n,eitherY,,,0.64,,n,noun,co-hyponym,
comedians,actors,n,eitherY,,,0.56,,n,,co-hyponym,
comedic,serious,n,eitherY,,,0.69,,n,adj,antonym,scalar
comedy,drama,n,eitherY,,,0.63,,n,noun,co-hyponym,
comes,goes,n,eitherX,0.58,,,,n,verb,antonym,complementary
comet,asteroid,n,both,0.5,paired,0.74,paired,n,noun,co-hyponym,
common,rare,n,eitherY,,,0.58,paired,n,adj,antonym,scalar
communism,capitalism,n,both,0.67,,0.63,,n,noun,co-hyponym,
companies,individuals,n,eitherY,,,0.69,,n,noun,contrast-group-individual ,
company,individual,n,eitherY,,,0.64,,n,noun,contrast-group-individual ,
complete,incomplete,y,both,0.92,,0.54,,n,adj,antonym,complementary
completed,incomplete,n,eitherX,0.61,,,,n,adj,antonym,scalar
completely,partially,n,both,0.67,,0.8,,n,adv,antonym,scalar
complex,simple,y,both,0.54,paired,0.82,paired,n,adj,antonym,scalar
compulsory,optional,n,both,0.67,,0.58,,n,adj,antonym,complementary
comrade,friend,n,eitherY,,,0.62,,n,,nym-near-synonym,
con,pro,y,eitherY,,,0.98,,n,noun,antonym,complementary
condo,apartment,n,both,0.69,,0.59,,n,noun,co-hyponym,
condos,apartments,n,both,0.69,,0.52,,n,,co-hyponym,
confirm,deny,n,eitherX,0.93,,,,n,verb,antonym,complementary
confirming,denying,n,eitherX,0.52,,,,n,verb,antonym,complementary
confirms,denies,n,eitherX,0.54,,,,n,verb,antonym,complementary
congregation,individual,n,eitherY,,,0.57,,n,noun,contrast-group-individual ,complementary
congressional,state,n,eitherY,,,0.54,,n,,co-hyponym,
congressman,senator,n,both,0.69,,0.66,,n,,co-hyponym,
cons,pros,n,both,0.61,paired,0.99,paired,n,noun,antonym,complementary
conscious,unconscious,y,both,0.76,,0.71,,n,adj,antonym,scalar
consciously,unconsciously,y,both,0.61,paired,0.58,paired,n,adv,antonym,complementary
conservatism,liberalism,n,eitherY,,,0.77,paired,n,noun,antonym,scalar
conservative,liberal,y,both,0.71,paired,0.88,paired,n,noun,antonym,scalar
conservatives,liberals,n,both,0.6,paired,0.66,paired,n,noun,antonym,scalar
console,PC,n,both,0.62,,0.65,,n,noun,co-hyponym,
constant,variable,n,eitherX,0.63,,,,n,adj,antonym,complementary
constructed,natural,n,eitherY,,,0.58,,n,adj,antonym-secondary,scalar
consulate,embassy,n,both,0.62,paired,0.7,,n,noun,co-hyponym,
contemporary,historical,n,eitherY,,,0.61,,n,adj,antonym,complementary
continual,intermittent,n,eitherX,0.6,,,,n,adj,antonym,complementary
continuous,intermittent,n,eitherX,0.59,,,,n,adj,antonym,complementary
contra,pro,n,eitherY,,,0.92,,n,adv,antonym-secondary,complementary
contracting,expanding,n,both,0.56,,0.73,,n,adj/verb,antonym,reversive
contractors,employees,n,eitherY,,,0.55,,n,noun,co-hyponym,
controller,keyboard,n,eitherY,,,0.59,,n,,co-hyponym,
conventional,nuclear,y,eitherX,0.52,paired,,,n,,co-hyponym,
cooked,raw,y,eitherY,,,0.82,paired,n,adj,antonym,scalar
cooker,microwave,n,both,0.59,,0.51,,n,,co-hyponym,
cooled,heated,n,eitherY,,,0.55,,n,adj/verb,antonym,scalar
cooler,warmer,n,both,0.58,,0.77,paired,n,adj,antonym,scalar
cooling,heating,n,both,0.82,paired,0.95,paired,n,adj/verb,antonym,scalar
coordinator,coach,n,eitherY,,,0.59,,n,noun,co-hyponym,
copy,original,n,eitherY,,,0.73,,n,noun,antonym,complementary
cornerback,safety,n,both,0.74,,0.58,,n,,co-hyponym,
corporation,individual,n,both,0.52,,0.79,,n,noun,contrast-group-individual ,
corporations,individuals,n,both,0.53,,0.69,,n,noun,contrast-group-individual ,
correctly,incorrectly,y,eitherX,0.76,,,,n,adv,antonym,complementary
couch,chair,n,eitherY,,,0.56,,n,,co-hyponym,
counties,cities,n,eitherY,,,0.63,,n,noun,co-hyponym,
countryside,city,n,eitherY,,,0.69,,n,noun,antonym,complementary
county,city,n,eitherY,,,0.7,,n,noun,co-hyponym,
couple,single,n,eitherY,,,0.64,,n,noun,antonym,complementary
coupled,single,n,both,0.74,,0.78,,n,adj,antonym,complementary
couples,singles,n,both,0.59,paired,0.74,paired,n,noun,antonym,complementary
coupons,cash,n,eitherY,,,0.7,,n,,co-hyponym,
courier,mail,n,eitherY,,,0.56,,n,,co-hyponym,
cousins,siblings,n,eitherY,,,0.56,,n,,co-hyponym,
covert,overt,y,eitherY,,,0.67,,n,adj,antonym,complementary
crawl,walk,n,both,0.6,,0.66,,n,verb,co-hyponym,
crawled,walked,n,both,0.6,,0.73,,n,verb,co-hyponym,
crawling,walking,n,both,0.7,,0.58,,n,verb,co-hyponym,
cream,milk,n,eitherY,,,0.73,,n,,co-hyponym,
credit,debit,y,eitherX,0.6,paired,,,n,noun,antonym,complementary
credit,cash,y,eitherY,,,0.67,,n,adj/noun,antonym-secondary,complementary
creed,race,n,eitherY,,,0.82,,n,,co-hyponym,
creek,river,n,eitherY,,,0.55,,n,noun,co-hyponym,
cried,laughed,n,eitherY,,,0.56,,n,verb,antonym,scalar
criminal,civil,n,eitherY,,,0.83,paired,n,adj,antonym,complementary
crochet,knit,n,both,0.53,paired,0.65,paired,n,verb,co-hyponym,
crypto,fiat,n,both,0.58,,0.67,,n,adj,antonym-secondary,complementary
cryptocurrencies,fiat,n,eitherY,,,0.54,,n,,co-hyponym,
cryptocurrency,fiat,n,eitherY,,,0.54,,n,,co-hyponym,
cub,adult,n,eitherY,,,0.8,,n,noun,antonym,complementary
cups,plates,n,eitherY,,,0.61,paired,n,,co-hyponym,
curb,sidewalk,n,eitherX,0.5,,,,n,,co-hyponym,
curled,straight,n,eitherY,,,0.69,,n,adj,antonym,scalar
curls,straight,n,eitherY,,,0.84,,n,adj/noun,antonym,scalar
curly,straight,y,both,0.87,,0.96,,n,adj,antonym,scalar
curse,blessing,n,eitherY,,,0.8,,n,noun,antonym,complementary
curve,line,n,eitherY,,,0.58,,n,,co-hyponym,
curved,straight,y,eitherY,,,0.71,,n,adj,antonym,scalar
curves,lines,n,eitherY,,,0.55,,n,,co-hyponym,
cyber,physical,n,eitherY,,,0.75,,n,adj,antonym-secondary,complementary
cyclist,pedestrian,n,both,0.59,,0.66,,n,noun,co-hyponym,
cyclists,pedestrians,n,eitherY,,,0.58,,n,,co-hyponym,
dad,mom,n,eitherY,,,0.8,,n,noun,antonym,complementary
dads,moms,n,eitherY,,,0.79,,n,noun,antonym,complementary
dagger,sword,n,eitherY,,,0.52,,n,,co-hyponym,
daily,weekly,n,both,0.68,,0.67,paired,n,adv,co-hyponym-temporal,
dairy,meat,n,eitherY,,,0.72,,n,noun,co-hyponym,
damp,dry,n,eitherY,,,0.73,,n,adj,antonym-secondary,scalar
danced,sang,n,eitherY,,,0.55,,n,,co-hyponym,
dare,truth,n,eitherY,,,0.82,,n,,other-conventional,
dark,light,y,both,0.77,,0.92,,n,adj/noun,antonym,scalar
darker,lighter,n,both,0.84,,0.76,,n,adj,antonym,scalar
darkness,light,n,both,0.75,,0.84,,n,noun,antonym,scalar
daughter,son,y,both,0.66,paired,0.78,,n,noun,antonym,complementary
daughters,sons,n,both,0.76,paired,0.96,paired,n,noun,antonym,complementary
dawn,dusk,n,both,0.83,paired,0.72,paired,n,noun,antonym,complementary
day,night,y,both,0.94,paired,0.95,paired,n,noun,antonym,complementary
daylight,dark,n,eitherY,,,0.53,,n,noun,antonym-secondary,complementary
days,hours,n,eitherY,,,0.58,paired,n,noun,co-hyponym-temporal,
daytime,nighttime,n,both,0.65,paired,0.65,paired,n,noun,antonym,complementary
dead,alive,y,eitherY,,,0.51,paired,n,adj,antonym,complementary
deaf,blind,n,both,0.53,paired,0.77,paired,n,,co-hyponym,
debit,credit,y,both,0.94,paired,0.96,,n,noun,antonym,complementary
debt,equity,n,eitherX,0.73,paired,,,n,noun,antonym-secondary,complementary
debtor,creditor,y,both,0.64,,0.75,,n,noun,antonym,converse
decades,years,n,eitherY,,,0.68,,n,,co-hyponym-temporal,
deceive,lie,n,eitherY,,,0.6,,n,,nym-near-synonym,
decentralized,centralized,y,eitherY,,,0.8,,n,adj/verb,antonym,complementary
deceptive,misleading,n,eitherX,0.94,,,,n,adj,nym-near-synonym,
decode,encode,y,eitherY,,,0.68,,n,verb,antonym,reversive
decoding,encoding,n,eitherY,,,0.65,,n,verb,antonym,reversive
decorated,plain,n,eitherY,,,0.62,,n,adj,antonym,scalar
decrease,increase,y,both,0.67,paired,0.81,,n,noun/verb,antonym,scalar
decreased,increased,y,both,0.57,paired,0.88,,n,adj/verb,antonym,scalar
decreases,increases,n,both,0.67,paired,0.87,paired,n,verb,antonym,scalar
decreasing,increasing,y,both,0.67,paired,0.63,,n,verb,antonym,scalar
deeds,words,n,eitherY,,,0.8,,n,noun,contrast-conceptual,
deep,shallow,y,both,0.53,paired,0.55,paired,n,adj,antonym,scalar
defeat,victory,y,eitherY,,,0.76,paired,n,noun,antonym,complementary
defence,attack,n,eitherY,,,0.69,,n,noun,antonym,reversive
defending,attacking,n,eitherX,0.62,,,,n,adj/verb,antonym,reversive
defends,attacks,n,eitherX,0.51,,,,n,verb,antonym,converse
defense,offense,y,both,0.93,paired,0.98,paired,n,noun,antonym,complementary
defenseman,forward,n,eitherY,,,0.77,,n,noun,antonym,complementary
defenses,offenses,n,eitherY,,,0.76,,n,noun,antonym,complementary
defensive,offensive,y,both,0.82,,0.93,,n,adj,antonym,complementary
defensively,offensively,y,both,0.95,paired,0.99,paired,n,adv,antonym,complementary
deficit,surplus,n,both,0.79,,0.96,,n,noun,antonym,complementary
deflation,inflation,y,both,0.61,,0.59,,n,noun,antonym,complementary
deliberate,accidental,n,both,0.56,,0.71,,n,adj,antonym,complementary
deliberately,accidentally,y,eitherY,,,0.7,,n,adv,antonym,complementary
delusions,hallucinations,n,both,0.57,,0.56,,n,,co-hyponym,
demand,supply,y,both,0.85,paired,0.95,paired,n,noun,antonym,complementary
democrat,republican,n,both,0.83,paired,0.84,,n,noun,co-hyponym,complementary
demon,human,n,eitherY,,,0.67,,n,noun,co-hyponym,
denied,confirmed,n,eitherY,,,0.69,,n,verb,antonym,complementary
deny,confirm,n,eitherY,,,0.82,,n,verb,antonym,complementary
departing,arriving,n,eitherY,,,0.71,,n,adj/verb,antonym,reversive
depos,cash,n,eitherY,,,0.61,,n,partial token,x-none,
deposit,cash,n,eitherY,,,0.5,,n,,co-hyponym,
deposited,borrowed,n,both,0.65,,0.56,,n,verb,antonym-secondary,complementary
depression,anxiety,n,eitherY,,,0.65,,n,noun,co-hyponym,
depressive,manic,n,eitherY,,,0.59,,n,adj,co-hyponym,
descend,ascend,y,eitherY,,,0.51,,n,verb,antonym,reversive
descending,ascending,y,both,0.62,paired,0.82,paired,n,adj/verb,antonym,complementary
deserved,not,n,eitherX,0.55,,,,n,not-annotated,proform,
desk,chair,n,eitherY,,,0.58,,n,,co-hyponym,
desks,chairs,n,eitherY,,,0.65,,n,,co-hyponym,
desktop,laptop,n,eitherX,0.55,,,,n,,co-hyponym,
destroyer,cruiser,n,eitherY,,,0.82,,n,noun,co-hyponym,
detain,release,n,eitherX,0.69,,,,n,verb,antonym,complementary
detract,add,n,eitherY,,,0.53,,n,verb,antonym-secondary,scalar
detractors,supporters,n,eitherY,,,0.56,,n,noun,antonym,scalar
detriment,benefit,n,eitherY,,,0.57,,n,noun,antonym,scalar
deviation,mean,n,eitherY,,,0.81,,n,,co-hyponym,
dexter,sinister,n,eitherX,0.57,,,,n,adj,antonym,complementary
diamonds,gold,n,eitherY,,,0.62,,n,noun,co-hyponym,
diarrhea,vomiting,n,both,0.56,,0.86,paired,n,noun/verb,co-hyponym,
diary,journal,n,both,0.51,,0.63,paired,n,,nym-near-synonym,
dict,text,n,eitherY,,,0.64,,n,partial token,x-none,
dictatorship,democracy,n,eitherY,,,0.62,,n,noun,antonym,scalar
didnt,did,n,eitherY,,,0.74,,n,verb,antonym,complementary
diesel,gasoline,n,both,0.76,paired,0.84,paired,n,noun,co-hyponym,
diet,exercise,n,both,0.56,,0.63,,n,,other-related,
differences,similarities,n,both,0.54,paired,0.66,paired,n,noun,antonym,scalar
different,similar,n,both,0.6,,0.51,,n,adj,antonym,scalar
difficult,easy,y,eitherY,,,0.5,,n,adj,antonym,scalar
digitally,physically,n,both,0.72,,0.91,,n,adv,antonym,complementary
digits,letters,n,eitherY,,,0.77,,n,noun,co-hyponym,
diluted,whole,n,eitherY,,,0.76,,n,adj,antonym-secondary,reversive
dime,nickel,n,eitherY,,,0.68,,n,,co-hyponym,
dinner,lunch,n,eitherY,,,0.76,,n,noun,co-hyponym,
diploma,degree,n,eitherY,,,0.65,,n,noun,co-hyponym,
direct,indirect,y,both,0.96,paired,0.93,paired,n,adj,antonym,complementary
directly,indirectly,y,both,0.92,paired,0.96,paired,n,adv,antonym,complementary
director,producer,n,eitherX,0.58,,,,n,,co-hyponym,
directory,file,n,eitherY,,,0.61,,n,,nym-meronym,
directs,writes,n,eitherY,,,0.71,,n,,co-hyponym,
dirty,clean,y,eitherY,,,0.87,,n,adj,antonym,scalar
disable,enable,y,both,0.55,paired,0.9,paired,n,verb,antonym,reversive
disabling,enabling,y,eitherY,,,0.79,,n,verb,antonym,complementary
disadvantage,advantage,y,eitherY,,,0.83,paired,n,noun,antonym,complementary
disadvantages,advantages,n,eitherY,,,0.94,paired,n,noun,antonym,complementary
disagree,agree,y,both,0.8,paired,0.99,paired,n,verb,antonym,complementary
disagreed,agreed,n,eitherY,,,0.86,,n,verb,antonym,complementary
disagreement,agreement,y,eitherY,,,0.75,,n,noun,antonym,complementary
disagrees,agrees,n,eitherY,,,0.88,,n,verb,antonym,complementary
disappearance,death,n,both,0.52,,0.61,,n,,co-hyponym,
disappro,approve,n,eitherY,,,0.68,,n,partial token,x-none,
disapproval,approval,y,eitherY,,,0.93,,n,noun,antonym,scalar
disapprove,approve,y,both,0.52,paired,0.99,,n,verb,antonym,scalar
disc,tape,n,eitherY,,,0.52,,n,,co-hyponym,
discounted,free,n,eitherY,,,0.69,,n,,co-hyponym,
discs,tapes,n,eitherY,,,0.58,,n,noun,co-hyponym,
disk,USB,n,eitherY,,,0.56,,n,,co-hyponym,
dislike,like,y,eitherY,,,0.84,,n,verb,antonym,scalar
disliked,liked,y,eitherY,,,0.67,paired,n,adj/verb,antonym,scalar
disorderly,drunk,n,eitherY,,,0.56,,n,,other-conventional,
disposable,reusable,n,eitherX,0.62,paired,,,n,adj,antonym,complementary
dissertation,thesis,n,eitherY,,,0.6,,n,,nym-near-synonym,
dissolved,solid,n,both,0.5,,0.6,,n,adj,antonym-secondary,scalar
dive,swim,n,both,0.52,,0.53,,n,,co-hyponym,
divide,conquer,n,eitherX,0.93,,,,n,noun,other-conventional,
divorce,separation,n,both,0.51,,0.55,,n,,co-hyponym,
divorced,separated,n,eitherX,0.58,,,,n,,co-hyponym,
divorced,married,n,eitherY,,,0.59,,n,adj/verb,antonym,complementary
doctoral,undergraduate,n,eitherY,,,0.54,,n,adj/noun,co-hyponym,
doesnt,does,n,eitherY,,,0.59,,n,verb,antonym,complementary
dog,cat,n,both,0.85,paired,0.79,paired,n,noun,co-hyponym,
dogs,cats,n,both,0.85,paired,0.81,paired,n,noun,co-hyponym,
dollars,euros,n,eitherY,,,0.53,paired,n,,co-hyponym,
dolphin,whale,n,eitherY,,,0.55,,n,noun,co-hyponym,
domestic,foreign,y,eitherY,,,0.56,paired,n,adj,antonym,complementary
domestically,internationally,n,eitherY,,,0.62,,n,adv,antonym-secondary,
donkey,horse,n,both,0.51,,0.71,,n,noun,co-hyponym,
dont,do,n,eitherY,,,0.62,,n,verb,antonym,complementary
door,window,n,both,0.61,,0.74,,n,noun,co-hyponym,
doors,windows,n,both,0.8,paired,0.9,paired,n,noun,co-hyponym,
dopamine,serotonin,n,both,0.83,,0.79,paired,n,noun,co-hyponym,
dormant,active,y,eitherY,,,0.54,,n,adj,antonym-secondary,complementary
double,single,y,both,0.7,,0.94,,n,adj,co-hyponym-numeric,complementary
doubled,tripled,n,both,0.87,paired,0.85,paired,n,adj/verb,co-hyponym-numeric,
doubles,singles,n,both,0.87,,0.95,,n,noun,co-hyponym-numeric,complementary
down,up,y,eitherY,,,0.98,paired,n,adj/adv,antonym,scalar
downhill,uphill,n,both,0.63,paired,0.95,paired,n,adj,antonym,scalar
downs,ups,n,eitherY,,,0.83,,n,noun,antonym,scalar
downside,upside,n,eitherY,,,0.91,paired,n,noun,antonym,scalar
downstairs,upstairs,y,both,0.75,paired,0.97,paired,n,adj/adv/noun,antonym,complementary
downstream,upstream,y,both,0.64,paired,0.94,paired,n,adj/adv,antonym,complementary
downward,upward,y,eitherY,,,0.77,paired,n,adj/adv,antonym,scalar
downwards,upwards,y,eitherY,,,0.51,paired,n,adj/adv,antonym,scalar
dozen,more,n,eitherX,0.63,,,,n,,proform,
dozens,hundreds,n,eitherX,0.53,,,,n,noun,co-hyponym-numeric,
dracon,human,n,eitherY,,,0.64,,n,,co-hyponym,
draft,trade,n,both,0.55,,0.55,,n,,co-hyponym,
draw,win,n,eitherY,,,0.66,,n,noun,antonym,multiple incompatibility
draws,wins,n,eitherY,,,0.62,,n,noun,antonym,multiple incompatibility
dream,real,n,eitherY,,,0.51,,n,adj/noun,antonym,complementary
dreamed,real,n,eitherY,,,0.56,,n,adj/noun/verb,antonym,complementary
dreaming,waking,n,eitherY,,,0.54,,n,,co-hyponym,
dried,fresh,n,eitherY,,,0.91,,n,adj,antonym,scalar
drink,food,n,eitherY,,,0.95,,n,noun,co-hyponym,
drinks,food,n,eitherY,,,0.68,,n,noun,co-hyponym,
drive,walk,n,eitherY,,,0.66,,n,,co-hyponym,
driver,passenger,n,both,0.61,,0.66,paired,n,noun,antonym,converse
driving,walking,n,eitherY,,,0.62,,n,verb,co-hyponym,
droid,human,n,eitherY,,,0.53,,n,noun,co-hyponym,
dry,wet,y,both,0.61,paired,0.96,paired,n,adj,antonym,scalar
dual,single,n,both,0.54,,0.82,,n,adj,antonym,complementary
duo,single,n,eitherY,,,0.68,,n,adj/noun,antonym,complementary
duplicate,original,n,eitherY,,,0.72,,n,,co-hyponym,
during,after,n,eitherX,0.76,,,,n,other/preposition,co-hyponym-temporal,
during,before,n,eitherY,,,0.93,,n,other/preposition,co-hyponym-temporal,
dusk,dawn,n,both,0.97,paired,0.93,paired,n,noun,antonym,complementary
dwarves,elves,n,eitherY,,,0.54,,n,,co-hyponym,
dyed,natural,n,eitherY,,,0.83,,n,adj,antonym-secondary,complementary
dying,dead,n,eitherY,,,0.63,,n,,co-hyponym,
dynamic,static,n,both,0.85,paired,0.77,paired,n,adj,antonym,complementary
eBay,Amazon,n,both,0.7,,0.8,,n,noun,co-hyponym,
each,each,n,both,0.62,paired,0.85,paired,y,,x-identical,
earlier,later,n,both,0.91,,0.76,,n,adj,antonym-temporal,scalar
early,late,y,both,0.81,paired,0.83,paired,n,adj,antonym-temporal,scalar
easier,harder,n,eitherX,0.58,,,,n,adj,antonym,scalar
east,west,y,both,0.89,paired,0.71,paired,n,adj/noun,antonym,multiple incompatibility
eastern,western,y,both,0.81,paired,0.8,paired,n,adj,antonym,multiple incompatibility
easy,hard,n,eitherY,,,0.51,,n,adj,antonym,scalar
ebook,print,n,both,0.56,,0.88,,n,adj,co-hyponym,
edible,not,n,eitherX,0.57,,,,n,not-annotated,proform,
effect,cause,n,eitherY,,,0.94,,n,noun,antonym,complementary
effects,causes,n,eitherY,,,0.62,,n,noun,antonym,complementary
eighteen,seventeen,n,eitherY,,,0.74,,n,,co-hyponym-numeric,
eighteenth,nineteenth,n,eitherX,0.57,,,,n,adj,co-hyponym-numeric,
eighth,seventh,n,eitherY,,,0.79,,n,,co-hyponym-numeric,
eighty,seventy,n,eitherY,,,0.69,,n,,co-hyponym-numeric,
either,either,n,eitherY,,,0.51,paired,y,,x-identical,
elaborate,simple,n,eitherY,,,0.55,,n,adj,antonym,scalar
elbow,wrist,n,eitherY,,,0.52,,n,,co-hyponym,
eldest,youngest,n,eitherX,0.55,,,,n,adj,antonym,scalar
elected,appointed,n,both,0.59,paired,0.5,paired,n,,co-hyponym,
electronically,physically,n,both,0.53,,0.82,,n,adv,antonym-secondary,complementary
elementary,middle,n,eitherY,,,0.73,,n,,co-hyponym,
elevator,stairs,n,eitherY,,,0.53,,n,,co-hyponym,
eleven,twelve,n,eitherX,0.82,,,,n,,co-hyponym-numeric,
eleven,ten,n,eitherY,,,0.82,,n,adj/noun,co-hyponym-numeric,
elf,human,n,eitherY,,,0.71,,n,noun,co-hyponym,
elves,humans,n,eitherY,,,0.57,,n,,co-hyponym,
email,text,n,eitherY,,,0.58,,n,,co-hyponym,
embassy,consulate,n,eitherX,0.82,paired,,,n,,co-hyponym,
emotionally,physically,n,eitherY,,,0.51,,n,,co-hyponym,
employer,employee,y,eitherX,0.64,,,,n,noun,antonym,converse
employers,employees,n,eitherX,0.57,,,,n,noun,antonym,converse
employs,owns,n,eitherY,,,0.52,,n,,co-hyponym,
empty,full,y,eitherY,,,0.53,,n,adj,antonym,complementary
enable,disable,y,both,0.92,paired,0.8,paired,n,verb,antonym,reversive
enabled,disabled,n,both,0.79,,0.56,,n,adj/verb,antonym,reversive
enacted,proposed,n,eitherY,,,0.71,,n,adj/verb,co-hyponym,
encode,decode,y,eitherX,0.59,,,,n,verb,antonym,complementary
encoding,decoding,n,eitherX,0.54,,,,n,verb,antonym,reversive
endangered,vulnerable,n,eitherX,0.61,,,,n,,nym-near-synonym,
endif,else,n,eitherX,0.55,,,,n,,co-hyponym,
endogenous,synthetic,n,both,0.69,,0.69,,n,adj,co-hyponym,
endurance,speed,n,eitherY,,,0.69,,n,noun,co-hyponym,
enduring,temporary,n,eitherY,,,0.64,,n,adj/verb,antonym-secondary,scalar
enemies,friends,n,eitherY,,,0.64,,n,noun,antonym,scalar
enemy,friend,n,eitherY,,,0.61,,n,noun,antonym,scalar
engaged,married,n,eitherY,,,0.66,,n,,co-hyponym,
engineered,natural,n,both,0.53,,0.83,,n,adj,antonym-secondary,complementary
enjoyed,disliked,n,eitherX,0.59,,,,n,,opposition-indirect,
enormous,small,n,eitherY,,,0.57,,n,adj,antonym-secondary,scalar
ensemble,solo,n,both,0.6,,0.92,,n,adj/noun,antonym,complementary
enslaved,free,n,eitherY,,,0.7,,n,adj,antonym,complementary
enters,leaves,n,eitherY,,,0.51,,n,verb,antonym,reversive
entirely,partially,n,both,0.53,,0.5,,n,,nym-meronym,
entirety,part,n,eitherY,,,0.72,,n,noun,nym-meronym,
entity,person,n,eitherY,,,0.5,,n,noun,antonym-secondary,
entrance,exit,n,both,0.81,,0.64,,n,noun,antonym,complementary
entrances,exits,n,eitherX,0.58,,,,n,noun,antonym,complementary
equity,debt,n,both,0.82,paired,0.56,,n,noun,antonym-secondary,complementary
escapes,dies,n,eitherX,0.62,,,,n,,co-hyponym,
estrogen,testosterone,n,both,0.86,paired,0.93,paired,n,noun,antonym,complementary
etched,painted,n,eitherY,,,0.61,,n,adj/verb,co-hyponym,
eternal,temporary,n,eitherY,,,0.59,,n,adj,antonym,complementary
ethanol,gasoline,n,eitherY,,,0.74,,n,,co-hyponym,
ethnicity,race,n,eitherY,,,0.83,,n,noun,co-hyponym,
euros,dollars,n,both,0.77,,0.9,paired,n,noun,co-hyponym,
evening,morning,n,eitherY,,,0.58,paired,n,noun,antonym,multiple incompatibility
evenings,weekends,n,eitherX,0.59,,,,n,,co-hyponym-temporal,
evenings,mornings,n,eitherY,,,0.78,paired,n,noun,antonym,multiple incompatibility
ever,now,n,eitherY,,,0.66,,n,adv,co-hyponym-temporal,
everlasting,temporary,n,both,0.52,,0.77,,n,adj,antonym,complementary
everything,nothing,n,both,0.86,,0.62,,n,noun/pronoun,antonym,complementary
evil,good,y,eitherY,,,0.89,,n,adj,antonym,scalar
ex,current,n,eitherY,,,0.57,,n,adj,antonym,complementary
exact,approximate,n,both,0.73,,0.77,,n,adj,antonym-secondary,
excellent,good,n,eitherY,,,0.83,,n,adj,contrast-scalar,scalar
exchanging,buying,n,eitherY,,,0.53,,n,verb,co-hyponym,
exclude,include,y,eitherY,,,0.8,,n,verb,antonym,scalar
excludes,includes,n,eitherY,,,0.62,,n,verb,antonym,scalar
excluding,including,n,eitherY,,,0.58,,n,verb,antonym,scalar
exclusion,inclusion,y,eitherY,,,0.68,,n,noun,antonym,complementary
expelled,suspended,n,both,0.56,,0.6,,n,,co-hyponym,
expenditure,income,n,eitherY,,,0.53,,n,noun,antonym,complementary
explicit,implicit,y,both,0.91,paired,0.82,paired,n,adj,antonym,scalar
explicitly,implicitly,y,both,0.95,paired,0.95,paired,n,adv,antonym,scalar
exponential,linear,n,both,0.55,,0.83,,n,adj,co-hyponym,
export,import,y,eitherX,0.85,paired,,,n,noun,antonym,complementary
export,domestic,n,eitherY,,,0.56,,n,adj,antonym-secondary,complementary
exported,imported,n,eitherX,0.58,,,,n,adj/verb,antonym,complementary
exporting,importing,n,eitherX,0.7,paired,,,n,verb,antonym,complementary
exports,imports,n,eitherX,0.73,paired,,,n,noun,antonym,complementary
exports,domestic,n,eitherY,,,0.53,,n,adj/noun,antonym-secondary,complementary
expressed,implied,n,both,0.89,,0.53,,n,adj/verb,antonym-secondary,complementary
expressly,implicitly,n,both,0.72,,0.77,,n,adv,antonym-secondary,scalar
extant,extinct,y,eitherX,0.77,,,,n,adj,antonym-secondary,complementary
extensively,briefly,n,eitherY,,,0.51,,n,adv,antonym-secondary,scalar
exterior,interior,y,both,0.96,paired,0.99,paired,n,noun,antonym,complementary
external,internal,y,both,0.94,paired,0.99,paired,n,adj,antonym,complementary
externally,internally,y,both,0.92,paired,0.99,paired,n,adv,antonym,complementary
facebook,twitter,n,both,0.81,paired,0.66,paired,n,,co-hyponym,
faculty,students,n,eitherY,,,0.58,,n,,co-hyponym,
failure,success,y,eitherY,,,0.89,paired,n,noun,antonym,scalar
failures,successes,n,eitherY,,,0.62,paired,n,noun,antonym,scalar
fake,real,n,eitherY,,,0.82,,n,adj,antonym,scalar
faked,real,n,eitherY,,,0.82,,n,adj,antonym,scalar
fall,winter,n,eitherX,0.55,,,,n,adj/noun,co-hyponym,multiple incompatibility
fall,spring,n,eitherY,,,0.52,,n,adj/noun,co-hyponym,multiple incompatibility
FALSE,TRUE,y,eitherY,,,0.96,paired,n,adj,antonym,complementary
falsehood,truth,y,eitherY,,,0.65,,n,noun,antonym-secondary,complementary
family,friends,n,both,0.58,,0.61,paired,n,noun,co-hyponym,
far,near,y,both,0.57,,0.72,,n,adj,antonym,scalar
fascism,communism,n,eitherX,0.52,,,,n,,co-hyponym,
fast,slow,y,both,0.78,paired,0.83,paired,n,adj,antonym,scalar
faster,slower,n,both,0.77,paired,0.63,paired,n,adj,antonym,scalar
fat,muscle,n,eitherY,,,0.65,paired,n,,co-hyponym,
fatalities,injuries,n,eitherY,,,0.52,,n,noun,co-hyponym,
father,mother,y,eitherY,,,0.82,paired,n,noun,antonym,complementary
fathers,mothers,n,eitherY,,,0.78,paired,n,noun,antonym,complementary
fatty,lean,n,eitherY,,,0.59,,n,adj,antonym,scalar
faux,real,n,both,0.69,,0.81,,n,adj,antonym,scalar
favorable,unfavorable,y,both,0.97,paired,0.76,paired,n,adj,antonym,scalar
favorably,negatively,n,both,0.83,,0.64,,n,adv,antonym,scalar
favoring,opposing,n,eitherX,0.8,,,,n,adj/verb,antonym,scalar
favourable,unfavorable,n,eitherX,0.78,,,,n,adj,antonym,scalar
feces,urine,n,both,0.75,paired,0.66,,n,,co-hyponym,
federal,state,n,both,0.85,,0.78,,n,noun,antonym,complementary
federally,locally,n,eitherY,,,0.8,,n,adv,antonym,complementary
feet,hands,n,eitherY,,,0.74,,n,noun,co-hyponym,
felony,misdemeanor,n,both,0.93,paired,0.93,paired,n,noun,co-hyponym,
female,male,y,both,0.91,paired,1,paired,n,adj/noun,antonym,complementary
females,males,n,both,0.88,paired,0.99,paired,n,noun,antonym,complementary
feminine,masculine,y,both,0.98,paired,0.98,paired,n,adj,antonym,complementary
fentanyl,heroin,n,eitherY,,,0.74,,n,noun,co-hyponym,
fetus,embryo,n,both,0.77,,0.61,,n,,co-hyponym,
few,many,y,eitherY,,,0.57,,n,adj,antonym,scalar
fewer,more,y,eitherX,0.51,,,,n,adj,antonym,scalar
fielding,hitting,n,eitherX,0.5,,,,n,,co-hyponym,
fifth,sixth,n,eitherX,0.64,,,,n,,co-hyponym-numeric,
fifth,fourth,n,eitherY,,,0.85,,n,noun,co-hyponym-numeric,
finals,semifinals,n,eitherY,,,0.56,,n,,co-hyponym,
finger,thumb,n,both,0.58,,0.57,paired,n,,co-hyponym,
finished,incomplete,n,eitherX,0.66,,,,n,adj,antonym-secondary,scalar
finite,infinite,y,both,0.74,paired,0.65,paired,n,adj,antonym,complementary
firms,individuals,n,eitherY,,,0.78,,n,noun,antonym,complementary
first,second,y,eitherX,0.55,,,,n,adj/noun,co-hyponym-numeric,
first,last,y,eitherY,,,0.61,paired,n,adj,antonym,complementary
fishing,hunting,n,eitherY,,,0.57,,n,,co-hyponym,
five,four,n,eitherY,,,0.78,,n,noun,co-hyponym-numeric,
fixed,variable,n,eitherX,0.57,,,,n,adj,antonym,complementary
flame,smoke,n,eitherY,,,0.51,,n,,co-hyponym,
flames,smoke,n,eitherY,,,0.55,,n,,co-hyponym,
flashback,present,n,both,0.74,,0.77,,n,,co-hyponym-temporal,
flats,houses,n,eitherY,,,0.7,,n,noun,co-hyponym,
flavored,plain,n,eitherY,,,0.64,,n,adj,antonym,scalar
flexible,rigid,n,both,0.8,paired,0.58,paired,n,adj,antonym,scalar
flight,fight,n,eitherY,,,0.67,,n,,co-hyponym,
floors,walls,n,eitherY,,,0.62,,n,noun,co-hyponym,
flu,cold,n,eitherY,,,0.79,,n,noun,co-hyponym,
fluid,solid,n,both,0.72,,0.87,,n,noun,antonym-secondary,multiple incompatibility
flying,walking,n,eitherY,,,0.63,,n,,co-hyponym,
foe,friend,y,both,0.64,,0.98,,n,noun,antonym,complementary
foes,friends,n,eitherY,,,0.9,,n,noun,antonym,complementary
folder,file,n,both,0.54,,0.79,,n,noun,co-hyponym,
folders,files,n,eitherY,,,0.62,,n,noun,co-hyponym,
font,color,n,eitherY,,,0.55,,n,,co-hyponym,
foot,hand,n,eitherY,,,0.53,,n,noun,co-hyponym,
footwear,clothing,n,eitherY,,,0.65,,n,noun,co-hyponym,
forced,voluntary,n,eitherY,,,0.58,,n,adj/verb,antonym-secondary,complementary
fore,aft,y,both,0.99,,0.54,paired,n,adv,antonym,complementary
foreground,background,y,both,0.98,paired,0.95,paired,n,adj/noun,antonym,complementary
foreign,domestic,y,both,0.59,,0.62,paired,n,adj,antonym,complementary
foremost,first,n,eitherY,,,0.91,,n,adj,other-conventional,
forks,knives,n,eitherY,,,0.67,,n,,co-hyponym,
formal,informal,y,both,0.97,paired,0.89,paired,n,adj,antonym,complementary
former,current,n,both,0.67,,0.88,,n,adj,antonym,complementary
forth,back,n,eitherY,,,0.88,,n,adv,antonym,complementary
fortnight,year,n,eitherX,0.51,,,,n,,co-hyponym-temporal,
fortunate,unlucky,n,eitherX,0.67,,,,n,adj,antonym-secondary,scalar
forty,thirty,n,eitherY,,,0.76,,n,,co-hyponym-numeric,
forwards,backwards,n,both,0.83,paired,0.89,paired,n,adv,antonym,complementary
fostering,adoption,n,both,0.64,,0.79,,n,,co-hyponym,
found,lost,y,eitherY,,,0.58,,n,adj,antonym,complementary
four,three,n,eitherY,,,0.73,,n,noun,co-hyponym-numeric,
fourteen,fifteen,n,eitherX,0.68,,,,n,,co-hyponym-numeric,
fourteen,thirteen,n,eitherY,,,0.8,,n,noun,co-hyponym-numeric,
fourth,fifth,n,eitherX,0.53,,,,n,,co-hyponym-numeric,
fourth,third,n,eitherY,,,0.84,,n,adj/noun,co-hyponym-numeric,
fracking,nuclear,n,eitherY,,,0.53,,n,,co-hyponym,
franc,euro,n,both,0.78,,0.79,,n,noun,co-hyponym,
freezer,refrigerator,n,eitherX,0.51,paired,,,n,,co-hyponym,
freezer,fridge,n,eitherY,,,0.63,paired,n,noun,co-hyponym,
french,english,n,both,0.63,,0.86,,n,,co-hyponym,
fresh,frozen,n,both,0.94,,0.95,paired,n,adj,co-hyponym,
freshly,frozen,n,eitherX,0.51,,,,n,,co-hyponym,
freshman,sophomore,n,eitherY,,,0.52,,n,,co-hyponym,
fridge,freezer,n,both,0.88,,0.59,paired,n,,co-hyponym,
fried,baked,n,eitherX,0.51,,,,n,,co-hyponym,
friend,family,n,eitherY,,,0.51,,n,,co-hyponym,
friends,family,n,eitherY,,,0.81,paired,n,,co-hyponym,
frig,freezer,n,eitherX,0.52,,,,n,,co-hyponym,
fro,to,n,eitherY,,,1,,n,adv,antonym,complementary
from,to,n,eitherY,,,0.72,,n,adv,antonym,complementary
front,back,y,both,0.54,,0.59,paired,n,adj/noun,antonym,complementary
frown,smile,n,eitherY,,,0.67,,n,noun,antonym,scalar
frozen,fresh,n,eitherY,,,0.84,paired,n,adj,co-hyponym,
fructose,glucose,n,both,0.88,paired,0.88,,n,noun,co-hyponym,
fruit,vegetable,n,both,0.68,,0.54,,n,noun,co-hyponym,
fruits,vegetables,n,both,0.75,paired,0.66,paired,n,noun,co-hyponym,
fry,bake,n,both,0.79,,0.81,,n,verb,co-hyponym,
fuck,die,n,eitherX,0.75,,,,n,,co-hyponym,
full,partial,n,both,0.61,,0.55,,n,adj,antonym,scalar
fullback,linebacker,n,eitherY,,,0.59,,n,,co-hyponym,
fuller,less,n,eitherX,0.59,,,,n,adj,antonym,scalar
fully,partially,n,both,0.64,,0.64,,n,adv,antonym,scalar
fundamentalist,liberal,n,eitherY,,,0.64,,n,adj,antonym-secondary,scalar
fungi,bacteria,n,both,0.73,,0.69,,n,noun,co-hyponym,
fungus,bacteria,n,eitherX,0.53,,,,n,,co-hyponym,
future,past,y,eitherY,,,0.52,,n,adj/noun,co-hyponym-temporal,multiple incompatibility
futures,options,n,eitherX,0.74,,,,n,,co-hyponym,
futures,cash,n,eitherY,,,0.7,,n,,co-hyponym,
gain,loss,y,both,0.94,,0.82,,n,noun,antonym-secondary,complementary
gained,lost,n,both,0.86,,0.83,,n,verb,antonym-secondary,complementary
gaining,losing,n,both,0.91,,0.71,,n,verb,antonym-secondary,complementary
gains,losses,n,both,0.97,,0.92,,n,noun,antonym-secondary,complementary
gal,guy,n,eitherY,,,0.51,,n,noun,antonym,complementary
galaxies,stars,n,eitherY,,,0.64,,n,,nym-meronym,
galleries,museums,n,eitherY,,,0.61,,n,,co-hyponym,
gallon,liter,n,eitherY,,,0.5,,n,,co-hyponym,
gases,liquids,n,both,0.76,,0.83,,n,noun,co-hyponym,multiple incompatibility
gasoline,diesel,n,both,0.92,paired,0.9,paired,n,noun,co-hyponym,
gay,straight,n,eitherY,,,0.73,,n,adj,antonym,complementary
gender,race,n,eitherY,,,0.52,,n,noun,co-hyponym,
general,specific,y,both,0.78,paired,0.51,paired,n,adj,antonym,scalar
generally,specifically,y,both,0.67,,0.55,paired,n,adv,antonym,scalar
generators,batteries,n,eitherY,,,0.54,,n,,co-hyponym,
generic,branded,n,both,0.52,,0.65,paired,n,adj,antonym,complementary
gentleman,lady,n,eitherY,,,0.68,paired,n,noun,antonym,complementary
gentlemen,ladies,n,eitherY,,,0.99,,n,noun,antonym,complementary
genus,species,n,both,0.72,,0.79,,n,noun,nym-meronym,
giant,small,n,eitherY,,,0.53,,n,adj,antonym-secondary,
gifts,cash,n,eitherY,,,0.51,,n,,co-hyponym,
gigantic,small,n,eitherY,,,0.62,,n,adj,antonym-secondary,scalar
gin,vodka,n,both,0.56,,0.74,,n,noun,co-hyponym,
girl,boy,y,both,0.91,paired,0.98,paired,n,noun,antonym,complementary
girlfriend,boyfriend,n,eitherY,,,0.75,paired,n,noun,antonym,complementary
girls,boys,n,both,0.91,paired,0.98,paired,n,noun,antonym,complementary
glaring,subtle,n,eitherY,,,0.5,,n,adj,antonym-secondary,scalar
globally,locally,n,eitherY,,,0.53,,n,adv ,antonym,complementary
glossy,matte,n,both,0.74,,0.75,,n,adj,antonym,multiple incompatibility
glucose,fructose,n,eitherX,0.59,paired,,,n,,co-hyponym,
glyphosate,Roundup,n,eitherY,,,0.51,,n,,nym-near-synonym,
go,stay,n,both,0.73,paired,0.87,,n,verb,antonym,complementary
goal,assist,n,eitherX,0.65,,,,n,,co-hyponym,
goalkeeper,defender,n,eitherX,0.5,,,,n,,co-hyponym,
goals,assists,n,eitherX,0.71,paired,,,n,,co-hyponym,
goats,sheep,n,both,0.63,,0.62,,n,noun,co-hyponym,
goddess,god,n,eitherY,,,0.59,,n,noun,antonym,complementary
goes,stays,n,both,0.7,,0.74,,n,verb,antonym,complementary
going,coming,n,eitherY,,,0.77,,n,verb,antonym,reversive
gold,silver,n,both,0.93,paired,0.94,paired,n,noun,co-hyponym,
good,bad,y,both,0.83,,0.73,paired,n,adj,antonym,scalar
goods,services,n,eitherX,0.9,,,,n,noun,antonym,complementary
goose,duck,n,both,0.52,,0.82,,n,noun,co-hyponym,
governmental,private,n,both,0.7,,0.54,,n,noun,antonym,complementary
grad,undergrad,n,eitherY,,,0.68,,n,noun,co-hyponym,
gradually,immediately,n,eitherY,,,0.5,,n,adv,antonym-secondary,scalar
graduate,undergraduate,n,eitherY,,,0.64,paired,n,noun,co-hyponym,
graduates,students,n,eitherY,,,0.58,,n,noun,co-hyponym,
grandchildren,children,n,eitherY,,,0.91,,n,noun,co-hyponym,
grandfather,father,n,eitherY,,,0.53,,n,noun,co-hyponym,
grandmother,mother,n,eitherY,,,0.82,,n,noun,co-hyponym,
grandparents,parents,n,eitherY,,,0.86,,n,noun,co-hyponym,
grandson,son,n,eitherY,,,0.56,,n,,co-hyponym,
grant,loan,n,both,0.6,,0.68,,n,noun,co-hyponym,
granted,denied,n,eitherX,0.6,,,,n,verb,antonym-secondary,complementary
grants,loans,n,eitherY,,,0.68,,n,noun,co-hyponym,
graphics,text,n,eitherY,,,0.64,,n,,co-hyponym,
gravel,sand,n,both,0.89,,0.85,,n,noun,co-hyponym,
great,good,n,eitherY,,,0.87,,n,adj/noun,contrast-scalar,
greater,less,n,eitherX,0.51,,,,n,adj,antonym,scalar
greater,equal,n,eitherY,,,0.77,,n,,co-hyponym,
greet,meet,n,eitherY,,,0.75,,n,verb,other-conventional,
greets,meet,n,eitherY,,,0.62,,n,,other-conventional,
grievances,complaints,n,eitherY,,,0.54,,n,,co-hyponym,
groom,bride,n,both,0.79,paired,0.99,paired,n,noun,antonym,complementary
group,individual,n,eitherY,,,0.74,,n,noun,antonym,complementary
grouped,single,n,eitherY,,,0.54,,n,,contrast-group-individual ,
groups,individuals,n,both,0.67,,0.85,,n,noun,antonym,complementary
grows,dies,n,eitherX,0.62,,,,n,,co-hyponym,
guardian,parent,n,eitherY,,,0.87,,n,noun,co-hyponym,
guardians,parents,n,eitherY,,,0.71,,n,noun,co-hyponym,
guilt,innocence,y,eitherX,0.6,paired,,,n,noun,antonym,complementary
guilty,innocent,y,eitherY,,,0.8,paired,n,adj,antonym,complementary
guitar,keyboard,n,eitherX,0.51,,,,n,,co-hyponym,
guitars,keyboards,n,eitherY,,,0.51,,n,,co-hyponym,
gun,knife,n,eitherY,,,0.53,,n,,co-hyponym,
guy,girl,n,both,0.58,,0.64,,n,noun,antonym,complementary
ha,ha,n,eitherY,,,0.53,paired,y,,x-identical,
habitable,not,n,eitherX,0.57,,,,n,not-annotated,proform,
hail,rain,n,eitherY,,,0.65,,n,noun,co-hyponym,
halluc,real,n,eitherY,,,0.55,,n,partial token,x-none,
halves,whole,n,eitherY,,,0.5,,n,,nym-meronym,
handgun,rifle,n,eitherY,,,0.57,,n,noun,co-hyponym,
handguns,rifles,n,both,0.61,,0.78,,n,noun,co-hyponym,
hands,feet,n,eitherX,0.53,,,,n,,co-hyponym,
handwritten,typed,n,eitherY,,,0.7,paired,n,adj,antonym,complementary
happily,not,n,eitherX,0.58,,,,n,not-annotated,proform,
happy,sad,n,both,0.54,,0.59,paired,n,adj,antonym,scalar
hard,soft,y,both,0.86,paired,0.83,paired,n,adj,antonym,scalar
harder,easier,n,eitherY,,,0.5,,n,adj,antonym,scalar
hardest,easiest,n,both,0.69,,0.84,,n,adj,antonym,scalar
hardware,software,y,both,0.96,paired,0.96,paired,n,noun,antonym,complementary
harmed,killed,n,eitherY,,,0.56,,n,,co-hyponym,
harms,benefits,n,eitherY,,,0.67,,n,noun,antonym,scalar
hate,love,y,eitherY,,,0.8,,n,verb,antonym,scalar
hates,loves,n,eitherY,,,0.5,,n,verb,antonym,scalar
heads,tails,n,eitherX,0.77,,,,n,noun,antonym,complementary
hear,see,n,eitherY,,,0.75,,n,verb,co-hyponym,
heard,seen,n,eitherY,,,0.74,,n,verb,co-hyponym,
heated,cooled,n,eitherX,0.65,,,,n,adj,antonym-secondary,
heating,cooling,n,both,0.93,paired,0.57,paired,n,adj/verb,antonym,scalar
heaven,hell,n,both,0.91,paired,0.83,paired,n,noun,antonym,complementary
heavier,lighter,n,both,0.85,paired,0.88,,n,adj,antonym,scalar
heavily,lightly,y,eitherY,,,0.5,,n,adv,antonym,scalar
heavy,light,y,both,0.79,,0.88,,n,adj,antonym,scalar
heavyweight,light,n,eitherY,,,0.52,,n,adj,antonym,scalar
hectares,acres,n,eitherY,,,0.62,,n,noun,co-hyponym,
heel,toe,n,both,0.5,,0.66,,n,,co-hyponym,
heels,flats,n,eitherY,,,0.64,,n,noun,co-hyponym,scalar
height,weight,n,both,0.78,paired,0.81,paired,n,adj,co-hyponym,
helium,hydrogen,n,both,0.67,paired,0.85,paired,n,noun,co-hyponym,
hell,heaven,n,both,0.79,paired,0.91,paired,n,noun,antonym,complementary
hemp,marijuana,n,eitherY,,,0.51,,n,,nym-near-synonym,
hepatitis,HIV,n,eitherY,,,0.63,,n,,co-hyponym,
her,him,n,eitherY,,,0.74,,n,noun/pronoun,antonym,complementary
here,here,n,both,0.63,paired,0.87,paired,y,,x-identical,
hereafter,now,n,eitherY,,,0.7,,n,adv,co-hyponym-temporal,complementary
hero,villain,n,eitherX,0.7,,,,n,noun,antonym,complementary
heroes,villains,n,eitherX,0.6,paired,,,n,noun,antonym,complementary
heroine,hero,n,eitherY,,,0.64,,n,noun,antonym,complementary
hers,his,n,both,0.61,,0.86,,n,other/possessive,antonym,complementary
herself,him,n,eitherY,,,0.56,,n,noun/pronoun,antonym,complementary
heterosexual,homosexual,n,both,0.81,paired,0.61,paired,n,adj,antonym,complementary
hi,hi,n,eitherY,,,0.51,paired,y,,x-identical,
hidden,visible,n,eitherY,,,0.51,,n,adj,antonym,scalar
high,low,y,both,0.82,,0.78,paired,n,adj,antonym,scalar
higher,lower,n,both,0.87,paired,0.6,paired,n,adj,antonym,scalar
highest,lowest,n,both,0.77,paired,0.73,paired,n,adj,antonym,scalar
highs,lows,n,both,0.91,paired,0.56,paired,n,noun,antonym,scalar
hind,front,n,eitherY,,,0.68,,n,adj,antonym-secondary,complementary
hinder,help,n,eitherY,,,0.54,,n,verb,antonym,scalar
hip,knee,n,eitherY,,,0.51,,n,,co-hyponym,
hippocampus,cortex,n,both,0.56,,0.63,,n,noun,nym-hyponym,
hit,miss,y,eitherX,0.65,,,,n,noun,antonym,complementary
hits,misses,n,eitherX,0.68,,,,n,noun,antonym,complementary
hitter,pitcher,n,both,0.52,,0.77,,n,noun,antonym,complementary
hitters,pitchers,n,both,0.81,,0.91,,n,noun,antonym,complementary
hog,cattle,n,eitherY,,,0.51,,n,noun,co-hyponym,
holidays,weekends,n,eitherY,,,0.61,,n,noun,co-hyponym-temporal,
homegrown,imported,n,eitherX,0.5,,,,n,adj,antonym-secondary,complementary
homeowners,renters,n,both,0.74,,0.64,paired,n,noun,antonym,complementary
homers,doubles,n,eitherY,,,0.83,,n,noun,co-hyponym,
homicide,suicide,n,eitherY,,,0.55,,n,noun,co-hyponym,
homosexual,heterosexual,n,both,0.52,paired,0.9,paired,n,adj,antonym,complementary
honey,milk,n,eitherY,,,0.56,,n,,other-conventional,
hope,despair,y,eitherX,0.58,,,,n,noun,antonym,scalar
horizontal,vertical,n,both,0.99,paired,0.99,paired,n,adj,antonym,complementary
horizontally,vertically,n,both,0.98,paired,0.99,paired,n,adv,antonym,complementary
horror,comedy,n,eitherY,,,0.56,,n,adj/noun,antonym,scalar
horsepower,torque,n,eitherX,0.71,,,,n,,other-related,
hospital,home,n,eitherY,,,0.56,,n,noun,co-hyponym,
hostile,friendly,y,eitherY,,,0.55,,n,adv,antonym,scalar
hot,cold,y,both,0.85,paired,0.69,paired,n,adj,antonym,scalar
hour,day,n,eitherY,,,0.79,,n,noun,co-hyponym-temporal,
hourly,daily,n,both,0.8,,0.92,,n,adv,co-hyponym-temporal,
hours,days,n,both,0.59,,0.69,paired,n,noun,co-hyponym-temporal,
how,why,n,both,0.56,paired,0.56,paired,n,other/interrogative,co-hyponym,
hrs,days,n,eitherX,0.84,,,,n,noun,co-hyponym-temporal,
https,http,n,eitherY,,,0.61,,n,other/acronym,co-hyponym,
hug,kiss,n,eitherY,,,0.56,paired,n,,co-hyponym,
huge,small,n,eitherY,,,0.58,,n,adj,antonym-secondary,scalar
human,animal,n,eitherX,0.52,,,,n,,co-hyponym,
humanoid,animal,n,eitherY,,,0.56,,n,,co-hyponym,
humidity,temperature,n,both,0.76,,0.81,,n,noun,co-hyponym,
humorous,serious,n,eitherY,,,0.51,,n,adj,antonym,scalar
hundreds,thousands,n,eitherX,0.9,,,,n,noun,co-hyponym-numeric,
hunting,fishing,n,eitherX,0.63,,,,n,,co-hyponym,
husband,wife,y,both,0.92,,0.92,paired,n,noun,antonym,complementary
husbands,wives,n,both,0.96,,0.88,paired,n,noun,antonym,complementary
hydrogen,helium,n,both,0.51,paired,0.59,paired,n,noun,co-hyponym,
hypertension,diabetes,n,both,0.74,,0.81,,n,noun,co-hyponym,
iOS,Android,n,both,0.93,,0.86,,n,noun,co-hyponym,
iPad,iPhone,n,both,0.54,paired,0.9,,n,noun,co-hyponym,
iPads,iPhones,n,both,0.61,paired,0.91,paired,n,noun,co-hyponym,
iPhone,iPad,n,eitherX,0.66,paired,,,n,,co-hyponym,
iPhone,Android,n,eitherY,,,0.76,,n,noun,co-hyponym,
iPhones,iPads,n,both,0.93,paired,0.83,paired,n,noun,co-hyponym,
iPod,iPhone,n,eitherY,,,0.69,,n,,co-hyponym,
ice,water,n,both,0.58,,0.79,,n,,co-hyponym,
icon,text,n,eitherY,,,0.58,,n,,co-hyponym,
icons,text,n,eitherY,,,0.68,,n,noun,co-hyponym,
if,if,n,eitherY,,,0.64,paired,y,,x-identical,
ii,iii,n,eitherX,0.73,,,,n,adj,co-hyponym-numeric,
ii,i,n,eitherY,,,0.8,,n,adj,co-hyponym-numeric,
iii,iv,n,eitherX,0.61,,,,n,,co-hyponym-numeric,
iii,ii,n,eitherY,,,0.93,,n,adj,co-hyponym-numeric,
illegal,legal,y,eitherY,,,0.78,,n,adj,antonym,complementary
illegally,legally,n,both,0.63,,0.95,,n,adv,antonym,complementary
illicit,legal,n,eitherY,,,0.66,,n,adj,antonym,complementary
illustrating,writing,n,eitherY,,,0.63,,n,verb,co-hyponym,
image,text,n,eitherY,,,0.63,,n,,co-hyponym,
imagery,text,n,eitherY,,,0.72,,n,,co-hyponym,
images,text,n,eitherY,,,0.65,,n,,co-hyponym,
imaginary,real,n,eitherY,,,0.84,,n,adj,antonym,complementary
imagined,real,n,both,0.56,,0.77,,n,adj/verb,antonym,complementary
img,text,n,eitherY,,,0.54,,n,partial token,x-none,
immense,small,n,eitherY,,,0.5,,n,adj,antonym-secondary,scalar
immortality,death,n,eitherX,0.75,,,,n,,co-hyponym,
implicit,explicit,y,both,0.97,paired,0.96,paired,n,adj,antonym,scalar
implicitly,explicitly,y,both,0.95,paired,0.94,paired,n,adv,antonym,scalar
implied,explicit,n,both,0.78,,0.61,,n,adj,antonym,scalar
import,export,y,both,0.92,paired,0.69,,n,noun,antonym,complementary
importing,exporting,n,eitherX,0.96,paired,,,n,verb,antonym,complementary
imports,exports,n,both,0.88,paired,0.6,,n,noun,antonym,complementary
in,in,n,eitherY,,,0.6,paired,y,,x-identical,
inaccurate,incomplete,n,eitherY,,,0.53,,n,,other-related,
inaction,action,y,eitherY,,,0.75,,n,noun,antonym,scalar
inactive,active,y,eitherY,,,0.76,,n,adj,antonym,scalar
inadvertently,intentionally,n,eitherY,,,0.64,,n,adv,antonym,complementary
inches,feet,n,eitherY,,,0.58,,n,,nym-meronym,
inclusion,exclusion,y,eitherX,0.86,,,,n,noun,antonym,complementary
inclusive,exclusive,y,eitherX,0.52,,,,n,adj,antonym,complementary
incoming,outgoing,y,both,0.93,paired,0.98,paired,n,adj,antonym,complementary
increase,decrease,y,eitherX,0.91,paired,,,n,noun/verb,antonym,scalar
increased,decreased,y,eitherX,0.88,paired,,,n,adj/verb,antonym,scalar
increases,decreases,n,both,0.93,paired,0.58,paired,n,verb,antonym,scalar
increasing,decreasing,y,eitherX,0.87,paired,,,n,verb,antonym,scalar
incumbent,challenger,n,eitherX,0.56,,,,n,noun,antonym,complementary
independents,Democrats,n,eitherY,,,0.56,,n,noun,co-hyponym,
indicate,indicate,n,eitherX,0.68,paired,,,y,,x-identical,
indicates,indicates,n,eitherX,0.78,paired,,,y,,x-identical,
indie,major,n,eitherY,,,0.51,,n,,co-hyponym,
indirect,direct,y,both,0.8,paired,0.99,paired,n,adj,antonym,complementary
indirectly,directly,y,both,0.89,paired,1,paired,n,adj,antonym,complementary
individually,collectively,n,both,0.76,paired,0.8,paired,n,adv,antonym,complementary
indoor,outdoor,y,both,0.86,paired,0.93,paired,n,adj,antonym,complementary
indoors,outdoors,y,both,0.91,paired,0.87,paired,n,noun/adv,antonym,complementary
induced,natural,n,eitherY,,,0.9,,n,adj,antonym-secondary,complementary
inertia,gravity,n,eitherY,,,0.54,,n,,co-hyponym,
infancy,childhood,n,eitherX,0.56,,,,n,,co-hyponym,
infant,adult,n,eitherY,,,0.66,,n,adj/noun,antonym,multiple incompatibility
inferior,superior,y,eitherY,,,0.6,,n,adj,antonym,scalar
infield,outfield,y,both,0.95,,0.99,paired,n,adj/noun,antonym,complementary
infinite,finite,y,both,0.64,paired,0.83,paired,n,adj,antonym,complementary
influenza,pneumonia,n,eitherY,,,0.66,,n,,co-hyponym,
informal,formal,y,both,0.89,paired,0.98,paired,n,adj,antonym,complementary
infrared,visible,n,eitherY,,,0.52,,n,adj,co-hyponym,
injecting,smoking,n,eitherY,,,0.58,,n,adj/verb,co-hyponym,
injections,pills,n,eitherY,,,0.71,,n,noun,co-hyponym,
injure,kill,n,both,0.82,,0.93,,n,verb,co-hyponym,
injuring,killing,n,both,0.68,,0.89,,n,verb,co-hyponym,
inland,offshore,n,eitherX,0.57,,,,n,adj,antonym-secondary,complementary
inland,coastal,y,eitherY,,,0.62,paired,n,adj,antonym,complementary
inner,outer,y,both,0.72,paired,0.73,paired,n,adj,antonym,scalar
innings,runs,n,eitherY,,,0.65,,n,noun,co-hyponym,
innoc,guilty,n,both,0.56,,0.73,,n,partial token,x-none,
innocence,guilt,y,both,0.92,paired,0.99,,n,noun,antonym,complementary
innocent,guilty,y,both,0.97,,1,paired,n,adj,antonym,complementary
input,output,n,eitherX,0.84,paired,,,n,adj/noun,antonym,complementary
inputs,outputs,n,eitherX,0.53,paired,,,n,noun,antonym,complementary
ins,outs,n,eitherX,0.62,,,,n,noun,antonym,complementary
inside,outside,y,both,0.54,paired,0.87,paired,n,adj/noun,antonym,complementary
insiders,employees,n,eitherY,,,0.58,,n,,other-related,
install,uninstall,n,eitherX,0.7,,,,n,verb,antonym,complementary
installs,downloads,n,eitherY,,,0.63,,n,noun,antonym,complementary
instinctively,consciously,n,eitherY,,,0.55,,n,adv,antonym,complementary
institution,individual,n,eitherY,,,0.63,,n,noun,contrast-group-individual ,
institutions,individuals,n,eitherY,,,0.6,,n,noun,contrast-group-individual ,
instructor,student,n,eitherY,,,0.56,,n,noun,antonym-secondary,complementary
instructors,students,n,eitherY,,,0.53,,n,noun,antonym-secondary,complementary
instrumental,vocal,y,both,0.58,,0.71,,n,adj,antonym,complementary
int,float,n,eitherX,0.61,,,,n,,co-hyponym,
intangible,tangible,y,eitherY,,,0.86,,n,adj,antonym,complementary
intentional,accidental,n,eitherY,,,0.73,paired,n,adj,antonym,complementary
intentionally,unintentionally,y,eitherX,0.6,paired,,,n,adv,antonym,scalar
intentionally,accidentally,n,eitherY,,,0.57,paired,n,adv,antonym,complementary
interceptions,touchdowns,n,eitherY,,,0.58,,n,noun,co-hyponym,
interim,permanent,n,eitherX,0.58,,,,n,adj,antonym-secondary,complementary
interior,exterior,y,both,0.96,paired,0.98,paired,n,noun,antonym,complementary
internal,external,y,both,0.99,paired,0.99,paired,n,adj,antonym,complementary
internally,externally,y,both,0.87,paired,0.76,paired,n,adv,antonym,complementary
internationally,domestically,n,eitherX,0.57,,,,n,adv,antonym-secondary,
interstate,local,n,eitherY,,,0.73,,n,adj,co-hyponym,complementary
interstellar,terrestrial,n,eitherY,,,0.88,,n,adj,co-hyponym,multiple incompatibility
intricate,simple,n,eitherY,,,0.71,,n,adj,antonym,scalar
invis,visible,n,eitherY,,,0.78,,n,partial token,x-none,
invisible,visible,y,eitherY,,,0.77,,n,adj,antonym,scalar
involuntary,voluntary,y,both,0.62,,0.95,,n,adj,antonym,complementary
inward,outward,y,both,0.94,paired,0.94,paired,n,adj,antonym,scalar
ions,electrons,n,both,0.61,,0.75,,n,,co-hyponym,
is,is,n,both,0.72,paired,0.63,paired,y,,x-identical,
isn,is,n,eitherY,,,0.5,,n,partial token,x-none,
ital,bold,n,eitherY,,,0.72,,n,partial token,x-none,
its,its,n,eitherX,0.71,paired,,,y,,x-identical,
jails,prisons,n,both,0.64,,0.59,,n,,nym-near-synonym,
jets,helicopters,n,both,0.5,,0.6,,n,,co-hyponym,
jewelry,clothing,n,eitherY,,,0.54,,n,,co-hyponym,
jog,walk,n,both,0.87,,0.91,,n,verb,co-hyponym,
joking,serious,n,eitherY,,,0.64,,n,adj/verb,antonym-secondary,scalar
journal,diary,n,eitherY,,,0.53,paired,n,,nym-near-synonym,
journals,books,n,eitherY,,,0.57,,n,noun,co-hyponym,
joystick,keyboard,n,eitherX,0.52,,,,n,,co-hyponym,
json,text,n,eitherY,,,0.5,,n,,co-hyponym,
jump,run,n,eitherY,,,0.63,,n,verb,co-hyponym,
jumped,ran,n,eitherY,,,0.54,,n,,co-hyponym,
jumping,running,n,eitherY,,,0.58,,n,,co-hyponym,
jung,mid,n,eitherX,0.58,,,,n,,x-odd,
junior,senior,y,both,0.73,,0.87,paired,n,noun/adj,antonym,complementary
jury,judge,n,eitherY,,,0.85,,n,noun,co-hyponym,
juvenile,adult,y,both,0.87,,0.95,,n,noun,antonym,complementary
juveniles,adults,n,both,0.66,,0.86,,n,noun,antonym,complementary
kale,spinach,n,both,0.71,,0.81,,n,noun,co-hyponym,
keyboard,mouse,n,both,0.96,paired,0.93,paired,n,noun,co-hyponym,
keyboards,mice,n,both,0.71,,0.8,,n,noun,co-hyponym,
kg,lb,n,eitherY,,,0.62,paired,n,noun,co-hyponym,
kid,adult,n,both,0.54,,0.66,,n,noun,antonym,complementary
kidney,liver,n,both,0.59,,0.56,,n,,co-hyponym,
kidneys,liver,n,both,0.54,,0.68,,n,,co-hyponym,
kilograms,pounds,n,both,0.56,paired,0.91,,n,noun,co-hyponym,
kilometers,miles,n,both,0.9,paired,0.92,paired,n,noun,co-hyponym,
kilometres,miles,n,both,0.8,,0.72,,n,noun,co-hyponym,
kindergarten,preschool,n,eitherY,,,0.72,,n,,co-hyponym,
kiss,hug,n,eitherY,,,0.68,paired,n,noun,co-hyponym,
kissed,hugged,n,eitherY,,,0.68,,n,verb,co-hyponym,
kisses,hugs,n,eitherY,,,0.8,,n,noun,co-hyponym,
kissing,hugging,n,eitherY,,,0.65,,n,,co-hyponym,
kitten,adult,n,eitherY,,,0.78,,n,noun,antonym,complementary
km,miles,n,both,0.59,,0.73,,n,noun,co-hyponym,
kneeling,standing,n,both,0.75,,0.68,,n,adj/verb,co-hyponym,
knit,crochet,n,both,0.94,paired,0.89,paired,n,verb,co-hyponym,
knitting,crochet,n,both,0.84,,0.73,,n,,co-hyponym,
knockout,submission,n,both,0.68,,0.84,,n,,co-hyponym,
knowingly,otherwise,n,eitherX,0.64,,,,n,,proform,
known,unknown,y,eitherX,0.7,,,,n,adj,antonym,complementary
ko,ko,n,eitherY,,,0.6,paired,y,,x-identical,
kosher,not,n,eitherX,0.66,,,,n,not-annotated,proform,
laboratory,classroom,n,eitherY,,,0.53,,n,,co-hyponym,
lady,gentleman,n,both,0.57,,0.64,paired,n,noun,antonym,complementary
lakes,rivers,n,both,0.6,,0.67,paired,n,noun,co-hyponym,
lakh,more,n,eitherX,0.51,,,,n,,x-odd,
lamps,candles,n,eitherY,,,0.7,,n,,co-hyponym,
landing,takeoff,n,both,0.6,paired,0.95,paired,n,noun,antonym,reversive
landlord,tenant,n,both,0.86,paired,0.6,paired,n,noun,antonym,converse
lang,english,n,eitherY,,,0.64,,n,partial token,x-none,
laptop,desktop,n,eitherY,,,0.68,,n,noun,co-hyponym,
laptops,tablets,n,eitherX,0.52,,,,n,,co-hyponym,
large,small,y,both,0.74,,0.67,paired,n,adj,antonym,scalar
larger,smaller,n,both,0.88,paired,0.9,paired,n,adj,antonym,scalar
largest,smallest,n,both,0.73,paired,0.55,paired,n,adj,antonym,scalar
last,first,y,both,0.56,,0.94,paired,n,adj/noun,antonym-numeric,complementary
lasting,temporary,n,both,0.51,,0.83,,n,adj,antonym-secondary,scalar
late,early,y,both,0.58,paired,0.88,paired,n,adj,antonym-temporal,scalar
later,sooner,n,eitherY,,,0.53,paired,n,adj/adv,antonym-temporal,scalar
lateral,vertical,n,eitherY,,,0.56,,n,adj,antonym-secondary,complementary
latter,former,y,eitherY,,,0.89,,n,adj,antonym,complementary
laugh,cry,y,eitherX,0.69,,,,n,verb,antonym,scalar
laughing,crying,n,both,0.72,,0.53,,n,verb,antonym,scalar
lawfully,illegally,n,both,0.54,,0.56,,n,adv,antonym,complementary
lay,sit,n,eitherY,,,0.73,,n,,co-hyponym,
laying,standing,n,eitherX,0.5,,,,n,verb,antonym-secondary,scalar
laying,sitting,n,eitherY,,,0.64,,n,,co-hyponym,
lb,kg,n,both,0.66,,0.52,paired,n,noun,co-hyponym,
leased,owned,n,eitherY,,,0.82,,n,adj/verb,co-hyponym,
least,most,y,eitherY,,,0.54,,n,adj,antonym,scalar
left,right,y,both,0.94,,0.98,paired,n,adj/noun,antonym,complementary
leftist,conservative,n,both,0.66,,0.7,,n,noun,antonym,complementary
leftists,conservatives,n,eitherX,0.59,,,,n,noun,antonym,complementary
leg,arm,n,eitherY,,,0.79,paired,n,,co-hyponym,
legalized,not,n,eitherX,0.55,,,,n,not-annotated,proform,
legend,myth,n,eitherY,,,0.71,,n,,co-hyponym,
legs,arms,n,eitherY,,,0.84,,n,noun,co-hyponym,
lemon,lime,n,both,0.58,paired,0.53,paired,n,,co-hyponym,
lend,borrow,y,both,0.54,,0.68,,n,verb,antonym,converse
lengthy,short,n,eitherY,,,0.67,,n,adj,antonym,scalar
lens,camera,n,both,0.53,,0.88,,n,noun,nym-meronym,
leptin,insulin,n,both,0.89,,0.84,,n,noun,co-hyponym,
lesbian,gay,n,eitherY,,,0.76,,n,,co-hyponym,
lesbians,gays,n,eitherY,,,0.8,,n,noun,antonym,complementary
less,more,y,both,0.51,paired,0.96,paired,n,adj,antonym,scalar
lesser,greater,y,eitherY,,,0.91,,n,adj,antonym,scalar
letters,numbers,n,both,0.54,,0.58,,n,,co-hyponym,
liabilities,assets,n,both,0.59,paired,0.84,,n,noun,antonym,complementary
libel,slander,n,both,0.67,paired,0.59,paired,n,noun,antonym,complementary
liberal,conservative,y,both,0.93,paired,0.93,paired,n,noun,antonym,scalar
liberalism,conservatism,n,eitherY,,,0.74,paired,n,noun,antonym,scalar
liberals,conservatives,n,both,0.87,paired,0.72,paired,n,noun,antonym,scalar
libertarian,conservative,n,eitherY,,,0.65,,n,adj,antonym,scalar
lich,human,n,eitherY,,,0.53,,n,partial token,x-none,
lieutenant,captain,n,both,0.56,,0.67,,n,noun,co-hyponym,
life,death,n,both,0.99,,0.72,,n,noun,antonym,complementary
lifelong,temporary,n,both,0.6,,0.6,,n,adj,antonym-secondary,complementary
lifting,running,n,eitherY,,,0.52,,n,,co-hyponym,
lighter,heavier,n,eitherX,0.68,paired,,,n,adj,antonym,scalar
lightweight,medium,n,eitherY,,,0.69,,n,,co-hyponym,
liked,disliked,y,both,0.87,,0.56,paired,n,adj/verb,antonym,scalar
likelihood,probability,n,both,0.54,,0.5,,n,noun,co-hyponym,
likewise,likewise,n,eitherY,,,0.66,paired,y,,x-identical,
lime,lemon,n,both,0.63,paired,0.9,paired,n,noun,co-hyponym,
linebacker,safety,n,both,0.58,,0.54,,n,,co-hyponym,
linen,cotton,n,both,0.56,,0.85,,n,noun,co-hyponym,
lipid,protein,n,eitherX,0.72,,,,n,,co-hyponym,
liquid,solid,n,both,0.9,paired,0.89,paired,n,noun,antonym,multiple incompatibility
liquids,solid,n,eitherY,,,0.54,,n,noun,antonym,multiple incompatibility
listen,read,n,eitherY,,,0.66,,n,verb,co-hyponym,
listened,read,n,eitherY,,,0.67,,n,,co-hyponym,
litres,gallons,n,eitherY,,,0.67,,n,noun,co-hyponym,
little,big,y,eitherY,,,0.64,,n,adj,antonym,scalar
lived,died,n,eitherX,0.73,,,,n,verb,antonym,complementary
lives,dies,n,eitherX,0.52,,,,n,verb,antonym,complementary
living,dead,y,eitherX,0.69,,,,n,adj,antonym,complementary
local,national,y,eitherY,,,0.55,,n,adj,antonym,complementary
localization,English,n,eitherY,,,0.53,,n,,opposition-indirect,
locally,nationally,n,eitherY,,,0.52,paired,n,adv,antonym,
locks,keys,n,eitherY,,,0.53,,n,noun,co-hyponym,
login,register,n,eitherX,0.69,,,,n,,co-hyponym,
long,short,y,both,0.94,,0.98,paired,n,adj,antonym,scalar
longer,shorter,n,both,0.86,paired,0.81,paired,n,adj,antonym,scalar
longest,shortest,n,both,0.8,paired,0.91,paired,n,adj,antonym,scalar
longstanding,recent,n,eitherY,,,0.55,,n,adj,antonym,complementary
lose,win,y,eitherY,,,0.95,,n,verb,antonym,converse
loser,winner,y,eitherY,,,0.95,,n,noun,antonym,converse
losers,winners,n,eitherY,,,0.94,,n,noun,antonym,converse
loses,wins,n,eitherY,,,0.84,,n,verb,antonym,converse
losing,winning,n,eitherY,,,0.86,,n,verb,antonym,converse
lot,house,n,eitherY,,,0.51,,n,,other-related,
loudly,quietly,n,both,0.64,,0.79,,n,adv,antonym,scalar
loves,hates,n,eitherX,0.51,,,,n,verb,antonym,scalar
low,high,y,eitherY,,,0.92,paired,n,adj,antonym,scalar
lower,higher,n,both,0.7,paired,0.92,paired,n,adj,antonym,scalar
lowest,highest,n,both,0.57,paired,0.86,paired,n,adj,antonym,scalar
lows,highs,n,both,0.62,paired,0.89,paired,n,noun,antonym,scalar
lucid,unconscious,n,eitherX,0.67,,,,n,adj,antonym-secondary,scalar
lunar,solar,n,eitherY,,,0.75,,n,adj,co-hyponym,
lunch,dinner,n,eitherX,0.83,,,,n,noun,co-hyponym,
lunch,breakfast,n,eitherY,,,0.92,,n,noun,co-hyponym,
lung,heart,n,eitherY,,,0.54,,n,noun,co-hyponym,
lungs,heart,n,eitherY,,,0.67,,n,noun,co-hyponym,
ly,ly,n,eitherY,,,0.59,paired,y,,x-identical,
lying,cheating,n,eitherY,,,0.57,paired,n,,co-hyponym,
mRNA,DNA,n,both,0.66,,0.71,,n,noun,co-hyponym,
macOS,Windows,n,eitherY,,,0.7,,n,noun,co-hyponym,
machine,human,n,both,0.52,,0.61,,n,noun,co-hyponym,
macro,micro,n,both,0.86,paired,0.93,paired,n,adj,antonym,complementary
magazine,newspaper,n,eitherY,,,0.68,,n,noun,co-hyponym,
magazines,newspapers,n,eitherY,,,0.53,,n,,co-hyponym,
magically,otherwise,n,eitherX,0.51,,,,n,not-annotated,proform,
magically,physically,n,eitherY,,,0.59,,n,adv,co-hyponym,
magistrate,judge,n,eitherY,,,0.55,,n,,co-hyponym,
mailed,emailed,n,eitherX,0.69,,,,n,,co-hyponym,
mainland,islands,n,eitherY,,,0.6,,n,,co-hyponym,
major,minor,y,both,0.83,paired,0.9,paired,n,adj,antonym,scalar
majority,plurality,n,eitherY,,,0.68,,n,,other-related,
majors,minors,n,eitherX,0.75,,,,n,noun,antonym,complementary
makeup,hair,n,eitherY,,,0.65,,n,,co-hyponym,
male,female,y,both,0.99,paired,0.99,paired,n,adj/noun,antonym,complementary
males,females,n,both,0.97,paired,0.98,paired,n,noun,antonym,complementary
mammal,bird,n,eitherY,,,0.58,,n,noun,co-hyponym,
mammals,birds,n,eitherY,,,0.5,,n,noun,co-hyponym,
mandatory,optional,n,both,0.76,,0.61,,n,adj,antonym,complementary
manned,unmanned,y,eitherX,0.74,paired,,,n,adj,antonym,complementary
manslaughter,murder,n,eitherY,,,0.62,,n,noun,co-hyponym,
manually,automatically,n,both,0.52,paired,0.6,paired,n,adv,antonym,scalar
many,one,n,eitherY,,,0.74,,n,adj,antonym,complementary
maple,oak,n,eitherY,,,0.53,paired,n,,co-hyponym,
marathon,sprint,n,eitherY,,,0.56,,n,noun,antonym,complementary
marble,granite,n,eitherY,,,0.52,,n,,co-hyponym,
marine,land,n,eitherY,,,0.61,,n,adj,antonym-secondary,multiple incompatibility
marriage,divorce,n,eitherX,0.84,,,,n,noun,antonym,complementary
married,divorced,n,eitherX,0.55,,,,n,,co-hyponym,
married,single,n,eitherY,,,0.87,paired,n,adj,antonym,complementary
marry,divorce,n,eitherX,0.78,,,,n,verb,antonym,complementary
marrying,dating,n,eitherY,,,0.6,,n,verb,antonym-secondary,complementary
mascara,lipstick,n,eitherY,,,0.71,,n,,co-hyponym,
masculine,feminine,y,both,0.99,paired,0.98,paired,n,adj,antonym,complementary
massive,small,n,eitherY,,,0.51,,n,adj,antonym-secondary,scalar
masters,slaves,n,eitherX,0.53,,,,n,adj/noun,antonym,complementary
maternal,paternal,y,both,0.77,paired,0.71,paired,n,adj,antonym,complementary
max,min,n,both,0.6,paired,0.96,,n,adj,antonym,complementary
maximum,minimum,y,eitherY,,,0.75,paired,n,noun,antonym,complementary
me,you,n,eitherY,,,0.68,,n,noun/pronoun,antonym,complementary
meal,snack,n,both,0.5,,0.67,,n,noun,co-hyponym,
meals,snacks,n,both,0.51,,0.65,,n,noun,co-hyponym,
medial,lateral,n,both,0.79,,0.76,,n,adj,co-hyponym,
median,mean,n,eitherY,,,0.66,,n,,co-hyponym,
medieval,modern,n,eitherX,0.6,,,,n,,co-hyponym-temporal,
melee,ranged,n,both,0.83,paired,0.86,paired,n,adj/noun,co-hyponym,
melted,frozen,n,eitherX,0.6,,,,n,adj/verb,antonym,scalar
men,women,n,both,0.86,paired,0.93,paired,n,noun,antonym,complementary
mental,physical,y,both,0.62,,0.87,paired,n,adj,antonym,complementary
mentally,physically,n,both,0.58,,0.87,,n,adv,antonym,complementary
merchandise,services,n,eitherX,0.59,,,,n,,co-hyponym,
metallic,plastic,n,eitherY,,,0.55,,n,adj,co-hyponym,
metres,feet,n,eitherY,,,0.62,,n,noun,co-hyponym,
metric,imperial,n,both,0.63,,0.74,,n,,co-hyponym,
mice,rats,n,eitherY,,,0.52,,n,,co-hyponym,
micro,macro,n,both,0.96,paired,0.97,paired,n,adj,antonym,complementary
midterm,presidential,n,eitherY,,,0.69,,n,adj,co-hyponym,
mild,moderate,n,eitherX,0.59,,,,n,,co-hyponym,
miles,kilometers,n,both,0.66,paired,0.5,paired,n,noun,co-hyponym,
military,civilian,y,both,0.53,paired,0.53,paired,n,adj,antonym,complementary
milk,water,n,eitherY,,,0.52,,n,,co-hyponym,
millions,billions,n,eitherX,0.58,,,,n,noun,co-hyponym,
millions,thousands,n,eitherY,,,0.57,,n,noun,co-hyponym-numeric,
milliseconds,seconds,n,eitherY,,,0.61,,n,noun,co-hyponym-temporal,
min,max,n,eitherX,0.59,paired,,,n,adj,antonym,complementary
mind,body,n,both,0.61,,0.84,,n,noun,antonym,complementary
minds,bodies,n,eitherY,,,0.59,,n,,co-hyponym,
mine,yours,n,both,0.64,,0.83,paired,n,other/possessive,co-hyponym,
miniature,large,n,eitherY,,,0.51,,n,adj,antonym-secondary,scalar
minimum,maximum,y,both,0.62,,0.61,paired,n,noun,antonym,complementary
minor,major,y,both,0.59,paired,0.84,paired,n,adj,antonym,scalar
minorities,whites,n,eitherY,,,0.65,,n,noun,co-hyponym,
minority,majority,y,eitherY,,,0.95,,n,noun,antonym,scalar
minors,adults,n,eitherY,,,0.87,,n,noun,antonym,complementary
minus,plus,y,both,0.7,paired,0.99,paired,n,adj,antonym,scalar
minute,hour,n,eitherY,,,0.73,,n,noun,co-hyponym-temporal,
minutes,hours,n,both,0.53,,0.75,,n,noun,co-hyponym-temporal,
misdemeanor,felony,n,both,0.92,paired,0.97,paired,n,noun,co-hyponym,
misleading,FALSE,n,eitherY,,,0.93,,n,,co-hyponym,
miss,hit,y,eitherY,,,0.93,,n,noun,antonym,complementary
misses,hits,n,eitherY,,,0.85,,n,noun,antonym,complementary
missing,dead,n,eitherY,,,0.55,,n,,co-hyponym,
mist,rain,n,eitherY,,,0.71,,n,noun,co-hyponym,
mitochondrial,nuclear,n,both,0.61,,0.83,,n,adj,co-hyponym,
mobile,desktop,n,both,0.59,,0.77,,n,adj,co-hyponym,
moderate,conservative,n,eitherY,,,0.54,,n,,co-hyponym,
moist,dry,n,both,0.75,,0.95,,n,adj,antonym-secondary,scalar
molten,solid,n,both,0.83,,0.86,,n,adj,antonym-secondary,scalar
momentarily,permanently,n,both,0.55,,0.63,,n,adv,antonym-secondary,complementary
mono,stereo,n,eitherX,0.62,paired,,,n,,co-hyponym,
month,year,n,eitherX,0.73,,,,n,noun,co-hyponym-temporal,
month,week,n,eitherY,,,0.55,,n,,co-hyponym-temporal,
monthly,weekly,n,eitherY,,,0.82,,n,adv,co-hyponym-temporal,
months,years,n,eitherX,0.88,,,,n,noun,co-hyponym-temporal,
months,weeks,n,eitherY,,,0.61,,n,noun,co-hyponym-temporal,
moon,sun,n,eitherY,,,0.87,,n,noun,co-hyponym,
moons,planets,n,eitherY,,,0.71,,n,noun,co-hyponym,
more,less,y,both,0.97,paired,0.52,paired,n,adj,antonym,scalar
morning,evening,n,both,0.54,,0.55,paired,n,,co-hyponym-temporal,
mornings,evenings,n,both,0.93,,0.87,paired,n,noun,antonym,multiple incompatibility
mosque,church,n,eitherY,,,0.72,,n,noun,co-hyponym,
mosques,churches,n,both,0.54,,0.68,,n,,co-hyponym,
most,all,n,both,0.79,,0.85,,n,other/det,co-hyponym,
mother,father,y,eitherY,,,0.6,paired,n,noun,antonym,complementary
mothers,fathers,n,both,0.6,,0.7,paired,n,noun,antonym,complementary
motorcycle,car,n,eitherY,,,0.52,,n,noun,co-hyponym,
motorcycles,cars,n,eitherY,,,0.66,,n,noun,co-hyponym,
mountainous,flat,n,eitherY,,,0.53,,n,adj,antonym,scalar
mouse,keyboard,n,both,0.92,paired,0.94,paired,n,,co-hyponym,
mouth,nose,n,eitherY,,,0.53,,n,,co-hyponym,
movie,book,n,eitherY,,,0.53,,n,noun,co-hyponym,
movies,books,n,eitherY,,,0.61,,n,noun,co-hyponym,
much,little,y,both,0.52,,0.65,,n,adj/adv/pronoun,antonym,scalar
multi,single,n,both,0.76,,0.92,,n,adj,antonym,complementary
multimedia,text,n,eitherY,,,0.58,,n,,co-hyponym,
multiple,single,y,eitherY,,,0.59,,n,adj,antonym-numeric,complementary
multiplication,division,n,eitherX,0.82,,,,n,noun,antonym,complementary
multiplication,addition,n,eitherY,,,0.61,,n,,co-hyponym,
multiply,divide,y,eitherY,,,0.59,,n,verb,antonym,complementary
mum,dad,n,eitherX,0.56,,,,n,noun,antonym,complementary
mummy,daddy,n,eitherX,0.58,,,,n,noun,antonym,complementary
muscle,fat,n,eitherY,,,0.52,paired,n,,co-hyponym,
mustache,beard,n,both,0.62,,0.72,,n,noun,co-hyponym,
muttered,spoken,n,eitherY,,,0.57,,n,adj/verb,nym-hyponym,
mutual,exclusive,n,eitherY,,,0.51,,n,,other-conventional,
nails,hair,n,eitherY,,,0.6,,n,,co-hyponym,
naked,clothed,n,eitherY,,,0.64,,n,adj,antonym,complementary
narrated,written,n,eitherY,,,0.64,,n,adj/verb,co-hyponym,
narrow,wide,y,eitherX,0.61,paired,,,n,adj,antonym,scalar
narrower,wider,n,both,0.6,paired,0.51,,n,adj,antonym,scalar
nation,state,n,eitherY,,,0.53,,n,,co-hyponym,
nationally,internationally,n,eitherX,0.5,,,,n,adv,antonym,
nationally,locally,n,eitherY,,,0.94,paired,n,adv,antonym,complementary
nationwide,locally,n,eitherY,,,0.51,,n,adv,antonym-secondary,
naughty,nice,n,both,0.67,,0.54,,n,adj,antonym,scalar
nausea,vomiting,n,eitherX,0.64,,,,n,,co-hyponym,
naval,land,n,eitherY,,,0.78,,n,adj,co-hyponym,
navy,army,n,eitherY,,,0.52,,n,,co-hyponym,
neat,messy,n,both,0.67,,0.73,,n,adj,antonym,scalar
necklace,bracelet,n,eitherY,,,0.56,,n,,co-hyponym,
needs,wants,n,eitherY,,,0.72,paired,n,noun,co-hyponym,
negative,positive,y,eitherY,,,0.98,paired,n,adj,antonym,scalar
negatively,positively,n,both,0.86,paired,0.99,paired,n,adv,antonym,scalar
negatives,positives,n,eitherY,,,0.87,paired,n,noun,antonym,scalar
negligent,reckless,n,eitherX,0.51,,,,n,noun,co-hyponym,
negro,white,n,eitherY,,,0.66,,n,adj,antonym-secondary,complementary
neither,both,n,both,0.72,,0.64,,n,adj,antonym,complementary
nephew,niece,y,eitherY,,,0.82,paired,n,noun,antonym,complementary
nerve,muscle,n,both,0.51,,0.79,,n,noun,co-hyponym,
net,gross,y,eitherY,,,0.7,,n,adj,antonym,complementary
neutron,electron,n,both,0.55,,0.58,,n,,co-hyponym,
never,now,n,eitherY,,,0.91,,n,adv,co-hyponym-temporal,complementary
new,old,y,eitherY,,,0.81,paired,n,adj,antonym,scalar
newer,older,n,eitherX,0.61,,,,n,adj,antonym,scalar
nickel,copper,n,eitherY,,,0.57,,n,,co-hyponym,
nicotine,caffeine,n,both,0.57,,0.56,,n,,co-hyponym,
niece,nephew,y,both,0.76,,0.54,paired,n,noun,antonym,complementary
night,day,y,both,0.67,paired,0.96,paired,n,noun,antonym,complementary
nightly,daily,n,eitherY,,,0.53,,n,,co-hyponym-temporal,
nights,days,n,eitherY,,,0.87,,n,noun,antonym,complementary
nighttime,daytime,n,both,0.69,paired,0.75,paired,n,noun,antonym,complementary
nine,ten,n,eitherX,0.53,,,,n,,co-hyponym-numeric,
nine,eight,n,eitherY,,,0.82,,n,noun,co-hyponym-numeric,
nineteen,twenty,n,eitherX,0.67,,,,n,,co-hyponym-numeric,
nineteen,eighteen,n,eitherY,,,0.95,,n,noun,co-hyponym-numeric,
nineteenth,twentieth,n,eitherX,0.94,,,,n,noun/adj,co-hyponym-numeric,
nineteenth,eighteenth,n,eitherY,,,0.9,,n,noun/adj,co-hyponym-numeric,
ninety,eighty,n,eitherY,,,0.63,,n,,co-hyponym-numeric,
ninth,eighth,n,eitherY,,,0.81,,n,noun/adj,co-hyponym-numeric,
nitrogen,phosphorus,n,eitherX,0.56,,,,n,,co-hyponym,
no,yes,y,both,0.95,paired,0.99,paired,n,noun/adv,antonym,complementary
nodded,smiled,n,eitherY,,,0.54,,n,,co-hyponym,
nodding,smiling,n,eitherY,,,0.51,,n,,co-hyponym,
nods,smiles,n,eitherY,,,0.61,,n,,co-hyponym,
nominees,candidates,n,eitherY,,,0.53,,n,noun,co-hyponym,
nor,nor,n,eitherY,,,0.61,paired,y,,x-identical,
north,south,y,both,0.84,,0.65,paired,n,adj,antonym,multiple incompatibility
northern,southern,y,both,0.73,,0.66,paired,n,adj,antonym,multiple incompatibility
nos,yes,n,eitherY,,,0.81,,n,noun/adv,antonym,complementary
noun,adjective,n,both,0.62,paired,0.75,paired,n,noun,co-hyponym,
nuclear,conventional,y,both,0.65,paired,0.96,,n,adj,antonym,complementary
nude,clothed,n,both,0.62,,0.73,,n,adj,antonym,complementary
nun,priest,n,eitherY,,,0.55,,n,,co-hyponym,
nurse,doctor,n,eitherY,,,0.64,,n,,co-hyponym,
nurses,doctors,n,eitherY,,,0.69,,n,,co-hyponym,
nurture,nature,n,both,0.92,,0.99,,n,noun,contrast-conceptual,complementary
oak,maple,n,both,0.63,,0.68,paired,n,,co-hyponym,
oats,barley,n,both,0.72,,0.55,,n,noun,co-hyponym,
obese,overweight,n,both,0.92,paired,0.91,paired,n,adj,co-hyponym,
obesity,diabetes,n,both,0.52,,0.52,,n,,co-hyponym,
objective,subjective,y,both,0.84,paired,0.84,paired,n,adj,antonym,scalar
obligatory,optional,y,both,0.72,,0.56,,n,adj,antonym-secondary,complementary
ocean,land,n,eitherY,,,0.57,,n,noun,antonym-secondary,complementary
of,of,n,both,0.53,paired,0.81,paired,y,other/preposition,x-identical,
off,on,y,both,0.89,paired,0.97,paired,n,adj/adv,antonym,complementary
offence,defence,y,both,0.74,,0.69,,n,noun,antonym,complementary
offender,victim,n,eitherY,,,0.81,,n,noun,antonym,complementary
offenders,victims,n,eitherY,,,0.58,,n,noun,antonym,complementary
offense,defense,y,both,0.99,paired,0.99,paired,n,noun,antonym,complementary
offensively,defensively,y,both,0.99,paired,0.99,paired,n,adv,antonym,complementary
official,unofficial,y,both,0.91,,0.77,paired,n,adj,antonym,complementary
offline,online,n,both,0.84,paired,0.91,,n,adj,antonym,complementary
ogre,human,n,eitherY,,,0.62,,n,,co-hyponym,
oil,gas,n,both,0.66,,0.59,,n,noun,co-hyponym,
ok,not,n,eitherX,0.65,,,,n,not-annotated,proform,
okay,not,n,eitherX,0.53,,,,n,not-annotated,proform,
old,new,y,eitherY,,,0.6,paired,n,adj,antonym,scalar
older,younger,n,eitherX,0.68,paired,,,n,adj,antonym,scalar
oldest,youngest,n,eitherY,,,0.79,paired,n,adj,antonym,scalar
omega,alpha,n,eitherY,,,0.77,,n,noun,antonym,complementary
on,off,y,both,0.58,paired,0.53,paired,n,adj/adv,antonym,complementary
once,twice,n,both,0.73,paired,0.73,paired,n,adv,co-hyponym-numeric,
one,both,n,eitherX,0.65,,,,n,adj,antonym-secondary,complementary
onions,garlic,n,eitherX,0.52,,,,n,,co-hyponym,
online,offline,n,eitherX,0.55,paired,,,n,adj,antonym,complementary
onstage,online,n,eitherY,,,0.61,,n,,co-hyponym,
opaque,transparent,n,both,0.65,paired,0.52,paired,n,adj,antonym,scalar
opened,closed,n,eitherX,0.94,,,,n,adj/verb,antonym,scalar
opening,closing,y,eitherX,0.83,,,,n,verb,antonym,scalar
opens,closes,n,both,0.87,,0.71,,n,verb,antonym,scalar
operated,owned,n,eitherY,,,0.81,,n,adj/verb,co-hyponym,
operates,owns,n,eitherY,,,0.79,,n,,co-hyponym,
opinions,facts,n,eitherY,,,0.54,,n,noun,antonym,scalar
oppose,support,n,eitherY,,,0.74,,n,verb,antonym,complementary
opposes,supports,n,eitherY,,,0.64,,n,verb,antonym,complementary
opposing,supporting,n,eitherY,,,0.6,,n,verb,antonym,complementary
optimistic,pessimistic,y,eitherX,0.68,paired,,,n,adj,antonym,scalar
or,or,n,both,0.93,paired,0.89,paired,y,other/disjunction,x-identical,
oranges,apples,n,eitherY,,,0.5,,n,,co-hyponym,
orc,human,n,both,0.63,,0.87,,n,noun,co-hyponym,
orchestra,choir,n,eitherY,,,0.52,,n,,co-hyponym,
orcs,humans,n,eitherY,,,0.57,,n,noun,co-hyponym,
orderly,chaotic,n,both,0.6,,0.63,,n,adv,antonym,scalar
organ,tissue,n,eitherX,0.54,,,,n,,nym-meronym,
organic,conventional,n,eitherY,,,0.72,,n,adj,antonym,complementary
organisation,individual,n,both,0.52,,0.66,,n,noun,contrast-group-individual ,
organisations,individuals,n,eitherY,,,0.61,,n,noun,contrast-group-individual ,
organization,individual,n,both,0.6,,0.7,,n,noun,contrast-group-individual ,
organizations,individuals,n,eitherY,,,0.55,,n,noun,contrast-group-individual ,
ours,yours,n,both,0.57,,0.71,,n,other/possessive,antonym,complementary
ourselves,them,n,eitherY,,,0.59,,n,,co-hyponym,
out,in,n,eitherY,,,0.82,,n,other/preposition,antonym,complementary
outdoor,indoor,y,both,0.79,paired,0.93,paired,n,adj,antonym,complementary
outdoors,indoors,y,both,0.94,paired,0.94,paired,n,noun/adv,antonym,complementary
outer,inner,y,both,0.85,paired,0.98,paired,n,adj,antonym,scalar
outfield,infield,y,eitherY,,,0.97,paired,n,adj/noun,antonym,complementary
outfielder,pitcher,n,eitherY,,,0.6,,n,noun,co-hyponym,
outgoing,incoming,y,both,0.67,paired,0.92,paired,n,adj,antonym,complementary
output,input,n,both,0.58,paired,0.93,,n,adj/noun,antonym,complementary
outputs,inputs,n,both,0.72,paired,0.95,,n,noun,antonym,complementary
outs,hits,n,eitherY,,,0.66,,n,noun,co-hyponym,
outside,inside,y,both,0.56,paired,0.84,paired,n,adj/noun,antonym,complementary
outsider,insider,n,eitherY,,,0.79,,n,noun,antonym,complementary
outsiders,insiders,n,eitherY,,,0.53,,n,noun,antonym,complementary
outward,inward,y,both,0.84,paired,0.94,paired,n,adj,antonym,scalar
oven,microwave,n,both,0.91,,0.79,,n,noun,co-hyponym,
over,under,n,eitherX,0.78,,,,n,adv,antonym,scalar
overboard,ashore,n,eitherY,,,0.54,,n,,co-hyponym,
overhead,below,n,eitherX,0.58,,,,n,adj/adv,antonym-secondary,complementary
overtly,implicitly,n,eitherX,0.52,,,,n,adv,antonym-secondary,scalar
overweight,obese,n,both,0.95,paired,0.76,paired,n,adj,co-hyponym,
owing,owing,n,both,0.8,paired,0.68,paired,y,verb,x-identical,
owned,leased,n,eitherX,0.52,,,,n,adj/verb,co-hyponym,
oxygen,nitrogen,n,eitherX,0.5,,,,n,,co-hyponym,
packs,singles,n,eitherY,,,0.68,,n,noun,contrast-group-individual ,complementary
painting,drawing,n,eitherY,,,0.53,,n,,co-hyponym,
pair,single,n,eitherY,,,0.78,,n,noun,antonym,complementary
pans,pots,n,eitherY,,,0.9,,n,noun,co-hyponym,
panties,bra,n,eitherY,,,0.63,,n,,co-hyponym,
paradise,hell,n,both,0.83,,0.79,,n,noun,antonym,complementary
parcel,mail,n,eitherY,,,0.55,,n,,other-related,
part,whole,n,eitherY,,,0.6,paired,n,noun,nym-meronym,
particular,general,y,eitherY,,,0.87,,n,adj,antonym,scalar
particularly,generally,n,eitherY,,,0.66,,n,adv,antonym,scalar
particulars,general,n,eitherY,,,0.66,,n,noun,antonym-secondary,
parts,whole,n,eitherY,,,0.75,,n,noun,nym-meronym,
pass,fail,y,both,0.66,,0.76,,n,noun/verb,antonym,complementary
passenger,driver,n,eitherY,,,0.74,paired,n,noun,antonym,converse
passer,receiver,n,eitherX,0.55,,,,n,noun,antonym,complementary
passive,active,y,both,0.8,,0.86,,n,adj,antonym,scalar
passively,actively,y,both,0.67,paired,0.73,paired,n,adv,antonym,scalar
password,username,n,eitherY,,,0.94,,n,noun,co-hyponym,
past,present,n,both,0.52,,0.61,paired,n,noun,co-hyponym-temporal,
pasta,rice,n,both,0.74,,0.78,,n,,co-hyponym,
paste,copy,n,eitherY,,,0.53,,n,,co-hyponym,
paternal,maternal,y,both,0.91,paired,0.97,paired,n,adj,antonym,complementary
paw,hand,n,eitherY,,,0.5,,n,,co-hyponym,
payable,due,n,eitherY,,,0.82,,n,noun,nym-near-synonym,
peace,war,y,both,0.94,,0.98,,n,noun,antonym,complementary
peacefully,violently,n,both,0.66,,0.64,,n,adv,antonym,scalar
peak,trough,n,eitherY,,,0.57,paired,n,noun,antonym,scalar
peaks,valleys,n,both,0.67,,0.83,,n,noun,antonym,complementary
pear,apple,n,eitherY,,,0.67,,n,noun,co-hyponym,
pediatric,adult,n,both,0.7,,0.65,,n,adj,antonym-secondary,complementary
pelvic,abdominal,n,eitherY,,,0.51,,n,,co-hyponym,
pen,pencil,n,eitherY,,,0.55,paired,n,,co-hyponym,
penal,civil,n,eitherY,,,0.54,,n,,co-hyponym,
pencil,pen,n,eitherY,,,0.73,paired,n,noun,co-hyponym,
peninsula,island,n,eitherY,,,0.79,,n,noun,co-hyponym,
pepper,salt,n,both,0.56,,0.99,,n,noun,co-hyponym,
perceived,real,n,eitherY,,,0.59,,n,adj,antonym,complementary
perennial,annual,n,both,0.81,,0.91,,n,adj,co-hyponym-temporal,
performs,writes,n,eitherY,,,0.58,,n,verb,co-hyponym,
periphery,core,n,eitherY,,,0.53,,n,noun,antonym-secondary,scalar
permanent,temporary,n,both,0.92,paired,0.97,paired,n,adj,antonym,scalar
permanently,temporarily,y,both,0.73,paired,0.95,paired,n,adv,antonym,scalar
perpendicular,parallel,n,eitherY,,,0.72,,n,adj,antonym,complementary
perpetrator,victim,n,both,0.66,,0.86,,n,noun,antonym,complementary
perpetrators,victims,n,both,0.56,,0.65,,n,noun,antonym,complementary
perpetually,temporarily,n,eitherY,,,0.67,,n,adv,antonym-secondary,complementary
persistent,temporary,n,eitherY,,,0.7,,n,adj,antonym-secondary,scalar
personalized,generic,n,eitherY,,,0.58,,n,adj,antonym-secondary,
pessimistic,optimistic,y,both,0.66,paired,0.81,,n,adj,antonym,scalar
pet,human,n,eitherY,,,0.65,,n,noun,co-hyponym,
petrol,diesel,n,both,0.95,,0.9,,n,noun,co-hyponym,
phantom,real,n,eitherY,,,0.75,,n,adj,antonym-secondary,scalar
phones,tablets,n,eitherX,0.52,,,,n,,co-hyponym,
phosphorus,nitrogen,n,eitherY,,,0.56,,n,noun,co-hyponym,
photo,text,n,eitherY,,,0.53,,n,,co-hyponym,
photographic,digital,n,eitherY,,,0.63,,n,,co-hyponym,
photons,electrons,n,eitherY,,,0.56,,n,,co-hyponym,
photos,text,n,eitherY,,,0.64,,n,,co-hyponym,
phrase,word,n,eitherY,,,0.64,,n,noun,nym-meronym,
phrases,words,n,eitherY,,,0.76,,n,noun,nym-meronym,
physical,mental,y,eitherY,,,0.5,paired,n,adj,antonym,complementary
pic,text,n,eitherY,,,0.53,,n,,co-hyponym,
pickups,vans,n,eitherX,0.54,,,,n,,co-hyponym,
pickups,cars,n,eitherY,,,0.51,,n,noun,co-hyponym,
pics,text,n,eitherY,,,0.67,,n,,co-hyponym,
picture,text,n,eitherY,,,0.76,,n,,co-hyponym,
pictures,text,n,eitherY,,,0.73,,n,,co-hyponym,
pies,cakes,n,eitherY,,,0.5,,n,,co-hyponym,
pine,oak,n,eitherY,,,0.61,,n,noun,co-hyponym,
pineapple,mango,n,eitherY,,,0.53,,n,,co-hyponym,
pistols,rifles,n,both,0.52,,0.63,,n,noun,co-hyponym,
pitcher,catcher,n,eitherX,0.57,paired,,,n,noun,antonym,complementary
places,people,n,eitherY,,,0.55,,n,noun,co-hyponym,
plaintiff,defendant,y,both,0.81,,0.94,,n,noun,antonym,complementary
plaintiffs,defendants,n,both,0.74,,0.52,,n,noun,antonym,complementary
planetary,lunar,n,eitherY,,,0.52,,n,,co-hyponym,
planets,stars,n,eitherY,,,0.52,,n,,co-hyponym,
plant,animal,n,both,0.86,,0.83,,n,noun,co-hyponym,
plants,animals,n,both,0.64,,0.6,,n,noun,co-hyponym,
plasma,blood,n,eitherY,,,0.76,,n,noun,co-hyponym,
plastics,metals,n,eitherY,,,0.55,,n,,co-hyponym,
plates,cups,n,eitherY,,,0.59,paired,n,noun,co-hyponym,
playable,not,n,eitherX,0.61,,,,n,not-annotated,proform,
pleasant,unpleasant,y,eitherX,0.62,,,,n,adj,antonym,scalar
pleasure,pain,y,both,0.74,,0.51,,n,adj,antonym,scalar
pledges,cash,n,eitherY,,,0.61,,n,,co-hyponym,
plenty,little,n,eitherY,,,0.52,,n,adj,antonym-secondary,scalar
plural,singular,y,both,0.9,paired,0.99,paired,n,adj,antonym,complementary
plus,minus,y,both,0.94,paired,0.7,paired,n,adj,antonym,scalar
plutonium,uranium,n,both,0.79,paired,0.88,paired,n,noun,co-hyponym,
poetry,prose,n,both,0.63,paired,0.71,paired,n,noun,antonym,complementary
pokemon,human,n,eitherY,,,0.69,,n,noun,co-hyponym,
pond,lake,n,eitherX,0.56,,,,n,,co-hyponym,
ponds,lakes,n,both,0.51,,0.63,,n,noun,co-hyponym,
poor,rich,y,eitherY,,,0.78,paired,n,adj,antonym,scalar
poorer,richer,n,eitherY,,,0.89,,n,adj,antonym,scalar
poorest,richest,n,eitherY,,,0.67,,n,adj,antonym,scalar
pork,beef,n,both,0.53,,0.67,,n,noun,co-hyponym,
portion,whole,n,eitherY,,,0.71,,n,noun,nym-meronym,
posed,natural,n,eitherY,,,0.51,,n,adj,antonym-secondary,scalar
positive,negative,y,both,0.98,,0.97,paired,n,adj,antonym,scalar
positively,negatively,n,both,0.97,paired,0.92,paired,n,adv,antonym,scalar
positives,negatives,n,both,0.92,,0.85,paired,n,noun,antonym,scalar
possible,probable,n,eitherY,,,0.55,,n,adj,contrast-scalar,
posterior,anterior,y,both,0.7,paired,0.89,paired,n,adj,antonym,complementary
postpone,cancel,n,both,0.69,,0.75,,n,verb,co-hyponym,
posts,comments,n,eitherX,0.59,,,,n,noun,co-hyponym,
postseason,regular,n,eitherY,,,0.83,,n,adj,co-hyponym,
potassium,sodium,n,both,0.78,paired,0.89,paired,n,noun,co-hyponym,
pounds,kilograms,n,eitherX,0.5,paired,,,n,noun,co-hyponym,
powd,liquid,n,eitherY,,,0.6,,n,partial token,x-none,
powder,liquid,n,eitherY,,,0.63,,n,noun,co-hyponym,
powdered,liquid,n,both,0.62,,0.76,,n,noun,co-hyponym,
praising,criticizing,n,eitherX,0.55,,,,n,verb,antonym,scalar
pre,post,n,eitherX,0.87,,,,n,other/prefix,antonym-temporal,complementary
predator,prey,n,both,0.99,paired,0.97,paired,n,noun,antonym,converse
predators,prey,n,both,0.63,,0.73,,n,noun,antonym,converse
predecessor,successor,n,eitherX,0.63,,,,n,noun,antonym,complementary
prefix,suffix,y,eitherX,0.55,,,,n,noun,antonym,complementary
prehistoric,modern,n,both,0.53,,0.55,,n,adj,antonym,complementary
prepaid,cash,n,eitherY,,,0.87,,n,adj,co-hyponym,
prescriptions,cash,n,eitherY,,,0.65,,n,,other-related,
presence,absence,y,both,0.89,,0.52,,n,noun,antonym,complementary
present,past,n,eitherY,,,0.88,paired,n,noun,co-hyponym-temporal,
preserve,destroy,n,eitherX,0.53,,,,n,verb,antonym,scalar
pressure,temperature,n,eitherY,,,0.52,,n,,co-hyponym,
pretend,real,n,both,0.61,,0.79,,n,adj,antonym,scalar
pretended,real,n,eitherY,,,0.67,,n,adj,antonym-secondary,scalar
previous,current,n,eitherY,,,0.59,,n,,co-hyponym,
prey,predator,n,both,0.86,paired,0.94,paired,n,noun,antonym,converse
primaries,caucuses,n,both,0.7,paired,0.7,paired,n,noun,co-hyponym,
primary,general,n,eitherY,,,0.57,,n,noun,co-hyponym,
princess,prince,n,eitherY,,,0.7,,n,noun,antonym,complementary
private,public,y,both,0.89,paired,0.94,paired,n,noun,antonym,complementary
privately,publicly,y,both,0.78,paired,0.91,paired,n,adv,antonym,complementary
prize,cash,n,eitherY,,,0.56,,n,,co-hyponym,
prizes,cash,n,eitherY,,,0.73,,n,noun,co-hyponym,
proactive,reactive,n,both,0.83,,0.62,paired,n,adj,antonym,scalar
processed,raw,n,eitherY,,,0.72,,n,adj,antonym,scalar
processor,memory,n,eitherX,0.5,,,,n,,co-hyponym,
processors,memory,n,eitherX,0.54,,,,n,,co-hyponym,
product,service,n,eitherX,0.59,,,,n,noun,antonym,complementary
products,services,n,eitherX,0.83,,,,n,noun,antonym,complementary
professional,personal,n,eitherY,,,0.8,,n,adj,antonym,complementary
professionally,personally,n,eitherY,,,0.83,,n,adv,antonym,complementary
professors,students,n,eitherY,,,0.56,,n,noun,antonym,complementary
profit,loss,n,both,0.75,,0.66,,n,noun,antonym,scalar
progressive,conservative,n,both,0.74,,0.53,,n,adj,antonym,scalar
progressives,conservatives,n,eitherX,0.61,,,,n,noun,antonym,scalar
prone,standing,n,both,0.61,,0.74,,n,,co-hyponym,
prop,real,n,eitherY,,,0.52,,n,noun,antonym-secondary,complementary
proponent,opponent,n,eitherX,0.69,,,,n,noun,antonym,complementary
pros,cons,n,both,0.96,paired,0.72,paired,n,noun,antonym,complementary
prose,poetry,n,both,0.77,paired,0.85,paired,n,noun,antonym,complementary
prosperous,poor,n,eitherY,,,0.74,,n,adj,antonym-secondary,scalar
prostate,breast,n,eitherY,,,0.62,,n,noun,co-hyponym,
protagonists,antagonists,n,eitherX,0.57,,,,n,noun,antonym,complementary
protein,fat,n,eitherY,,,0.58,,n,noun,co-hyponym,
prove,deny,n,eitherX,0.53,,,,n,verb,antonym-secondary,
province,state,n,eitherY,,,0.85,,n,noun,nym-meronym,
provinces,states,n,eitherY,,,0.75,,n,noun,nym-meronym,
pseudonym,name,n,eitherY,,,0.66,,n,,co-hyponym,
psychologically,physically,n,eitherY,,,0.59,,n,adv,antonym,scalar
public,private,y,both,0.94,paired,0.92,paired,n,noun,antonym,complementary
publicly,privately,y,both,0.93,paired,0.92,paired,n,adv,antonym,complementary
pull,push,y,both,0.52,paired,0.82,,n,adj/verb,antonym,complementary
pulling,pushing,n,eitherY,,,0.78,,n,verb,antonym,complementary
pulls,pushes,n,eitherY,,,0.55,,n,verb,antonym,complementary
punches,kicks,n,eitherX,0.59,,,,n,,co-hyponym,
pup,adult,n,eitherY,,,0.63,,n,noun,antonym,complementary
pupil,teacher,n,eitherY,,,0.62,,n,noun,antonym,converse
purchaser,seller,n,eitherY,,,0.76,,n,noun,antonym,converse
purposefully,accidentally,n,eitherY,,,0.73,,n,adv,antonym,complementary
purposely,accidentally,n,eitherY,,,0.57,,n,adv,antonym,complementary
push,pull,y,eitherX,0.6,paired,,,n,verb,antonym,reversive
qualitative,quantitative,y,both,0.96,paired,0.98,paired,n,adj,antonym,complementary
quantitative,qualitative,y,both,0.92,paired,0.88,paired,n,adj,antonym,complementary
quantity,quality,n,both,0.67,,0.79,,n,noun,contrast-conceptual,
quarry,sand,n,eitherX,0.53,,,,n,,co-hyponym,
quarter,month,n,eitherY,,,0.62,,n,,co-hyponym-temporal,
quarterly,monthly,n,both,0.6,,0.89,,n,adv,co-hyponym-temporal,
queen,king,y,eitherY,,,0.92,,n,noun,antonym,complementary
queens,kings,n,eitherY,,,0.96,,n,noun,antonym,complementary
queer,straight,n,eitherY,,,0.64,,n,adj,antonym,complementary
question,answer,y,eitherX,0.58,,,,n,noun,antonym,complementary
quiet,loud,n,eitherY,,,0.62,,n,adj,antonym,scalar
quieter,louder,n,eitherY,,,0.89,,n,adj,antonym,scalar
rain,snow,n,both,0.66,paired,0.62,paired,n,noun,co-hyponym,
raining,sunny,n,eitherY,,,0.63,,n,adj/verb,co-hyponym,
rainy,sunny,n,eitherY,,,0.57,,n,adj,co-hyponym,
ran,walked,n,both,0.75,,0.69,,n,verb,co-hyponym,
rand,euro,n,eitherX,0.51,,,,n,,co-hyponym,
randomized,random,n,both,0.73,,0.75,,n,adj,nym-near-synonym,
ranged,melee,n,both,0.73,paired,0.84,paired,n,,co-hyponym,
rapes,murders,n,eitherY,,,0.61,,n,,co-hyponym,
rapidly,slowly,n,both,0.5,,0.63,,n,adv,antonym-secondary,scalar
rare,common,n,eitherY,,,0.69,paired,n,adj,antonym,scalar
raw,cooked,y,eitherY,,,0.55,paired,n,adj,antonym,scalar
reactive,proactive,n,eitherY,,,0.55,paired,n,adj,antonym,scalar
readable,not,n,eitherX,0.51,,,,n,not-annotated,proform,
ready,not,n,eitherX,0.57,,,,n,not-annotated,proform,
realism,fantasy,n,both,0.53,,0.73,,n,noun,antonym,scalar
realizing,not,n,eitherX,0.57,,,,n,not-annotated,proform,
rear,front,y,eitherY,,,0.97,,n,noun,antonym,complementary
rebirth,death,n,both,0.77,,0.88,,n,noun,antonym-secondary,complementary
receive,send,n,both,0.53,,0.53,,n,verb,antonym,reversive
received,sent,n,eitherY,,,0.67,,n,verb,antonym,reversive
receivers,quarterbacks,n,eitherY,,,0.64,,n,noun,co-hyponym,
receiving,sending,n,eitherY,,,0.61,,n,verb,antonym,reversive
recipient,sender,n,eitherY,,,0.73,,n,noun,antonym,reversive
recipients,donors,n,eitherY,,,0.55,,n,noun,antonym,converse
recovered,lost,n,eitherY,,,0.71,,n,adj/verb,antonym,reversive
recovers,dies,n,eitherY,,,0.58,,n,verb,antonym-secondary,complementary
rectangle,square,n,eitherY,,,0.63,,n,noun,co-hyponym,
rectangular,square,n,both,0.61,,0.6,,n,adj,co-hyponym,
refined,raw,n,eitherY,,,0.67,,n,adj,antonym-secondary,scalar
refrigerator,freezer,n,both,0.77,paired,0.65,,n,noun,co-hyponym,
refurb,new,n,both,0.67,,0.78,,n,adj,antonym-secondary,complementary
regained,lost,n,eitherY,,,0.81,,n,adj/verb,antonym,reversive
regional,national,n,both,0.6,,0.53,,n,adj,co-hyponym,
register,login,n,eitherY,,,0.64,,n,,co-hyponym,
reinvest,sell,n,eitherY,,,0.52,,n,,co-hyponym,
reject,accept,y,eitherY,,,0.81,,n,verb,antonym,converse
rejecting,accepting,n,eitherY,,,0.54,,n,verb,antonym,scalar
rejection,acceptance,y,eitherY,,,0.52,,n,noun,antonym,converse
relative,absolute,y,eitherX,0.6,paired,,,n,adj,antonym,complementary
relegation,promotion,n,both,0.92,,0.98,,n,noun,antonym,scalar
reliever,starter,n,both,0.8,,0.97,,n,noun,antonym-secondary,complementary
remake,original,n,eitherY,,,0.79,,n,noun,antonym,complementary
remember,forget,y,eitherX,0.57,,,,n,verb,antonym,scalar
remission,death,n,both,0.52,,0.57,,n,,co-hyponym,
remix,original,n,eitherY,,,0.6,,n,noun,antonym-secondary,complementary
remote,local,n,eitherY,,,0.54,,n,adj,antonym,scalar
remotely,locally,n,eitherY,,,0.73,,n,adv,antonym,scalar
removable,permanent,n,eitherY,,,0.53,,n,adj,antonym-secondary,complementary
renovated,new,n,eitherY,,,0.74,,n,adj/verb,antonym-secondary,complementary
rented,owned,n,eitherY,,,0.58,,n,adj/verb,antonym,complementary
renters,homeowners,n,eitherY,,,0.64,paired,n,noun,antonym,complementary
renting,owning,n,eitherY,,,0.57,,n,adj/verb,antonym,complementary
reopen,close,n,both,0.7,,0.64,,n,verb,antonym-secondary,complementary
reopened,closed,n,both,0.82,,0.74,,n,adj,antonym-secondary,complementary
repeatedly,once,n,eitherY,,,0.9,,n,adv,co-hyponym-temporal,
replica,original,n,both,0.63,,0.79,,n,noun,antonym-secondary,complementary
repository,file,n,eitherY,,,0.54,,n,,nym-meronym,
republican,democrat,n,eitherX,0.53,paired,,,n,,co-hyponym,
republican,democratic,n,eitherY,,,0.52,,n,,co-hyponym,
reserves,cash,n,eitherY,,,0.54,,n,,other-related,
reside,work,n,eitherY,,,0.53,,n,,co-hyponym,
resident,visitor,n,eitherX,0.51,,,,n,noun,antonym,complementary
residential,commercial,n,both,0.7,,0.88,,n,adj,antonym,complementary
residents,visitors,n,eitherX,0.52,,,,n,noun,antonym,complementary
respawn,die,n,eitherX,0.57,,,,n,,co-hyponym,
resurrection,death,n,both,0.72,,0.88,,n,noun,antonym-secondary,complementary
retrieval,storage,n,eitherY,,,0.67,,n,noun,antonym-secondary,reversive
reusable,disposable,n,eitherX,0.55,paired,,,n,adj,antonym,complementary
reverse,forward,y,eitherY,,,0.53,,n,adv,antonym,reversive
reversible,permanent,n,eitherY,,,0.61,,n,adj,antonym-secondary,complementary
rich,poor,y,both,0.91,,0.9,paired,n,adj,antonym,scalar
richer,poorer,n,eitherX,0.63,,,,n,adj,antonym,scalar
ridden,walked,n,both,0.63,,0.61,,n,adj/verb,co-hyponym,
ride,walk,y,eitherY,,,0.8,,n,adj/verb,co-hyponym,
riding,walking,n,eitherY,,,0.61,,n,verb,co-hyponym,
right,wrong,y,eitherX,0.7,,,,n,adj,antonym,complementary
right,left,y,eitherY,,,0.98,paired,n,adj/noun,antonym,complementary
rightly,wrongly,n,both,0.98,,0.8,,n,adv,antonym,complementary
rigid,flexible,n,both,0.66,paired,0.61,paired,n,adj,antonym,scalar
rise,fall,y,eitherX,0.73,,,,n,verb,antonym,reversive
rises,falls,n,eitherX,0.76,,,,n,verb,antonym,reversive
rising,falling,y,eitherX,0.55,,,,n,verb,antonym,reversive
rivers,lakes,n,eitherY,,,0.64,paired,n,noun,co-hyponym,
roaming,local,n,eitherY,,,0.79,,n,adj/verb,antonym-secondary,complementary
robot,human,n,eitherY,,,0.71,,n,noun,co-hyponym,
robotic,human,n,eitherY,,,0.52,,n,adj/noun,co-hyponym,
rode,walked,n,eitherY,,,0.77,,n,verb,co-hyponym,
roofs,walls,n,eitherY,,,0.52,,n,,co-hyponym,
rookie,veteran,n,eitherY,,,0.5,,n,noun,antonym,scalar
rookies,veterans,n,eitherY,,,0.53,,n,noun,antonym,scalar
rotating,stationary,n,eitherY,,,0.53,,n,adj/verb,antonym-secondary,complementary
round,square,y,both,0.58,,0.74,,n,noun/adj,co-hyponym,
rounded,square,n,eitherY,,,0.56,,n,adj,co-hyponym,
row,column,n,both,0.87,,0.91,paired,n,noun,antonym,complementary
rows,columns,n,both,0.91,paired,0.83,paired,n,noun,antonym,complementary
rum,vodka,n,both,0.51,,0.55,,n,,co-hyponym,
run,walk,n,both,0.84,,0.66,paired,n,verb,co-hyponym,
running,walking,n,both,0.57,,0.75,,n,verb,co-hyponym,
runoff,primary,n,eitherY,,,0.52,,n,,co-hyponym,
runs,walks,n,both,0.64,,0.68,paired,n,verb,co-hyponym,
rural,urban,y,both,0.78,paired,0.87,paired,n,adj,antonym,scalar
rye,barley,n,eitherX,0.69,,,,n,noun,co-hyponym,
sad,happy,n,eitherY,,,0.65,paired,n,adj,antonym,scalar
saline,water,n,eitherY,,,0.64,,n,,co-hyponym,
salmon,trout,n,eitherY,,,0.56,paired,n,noun,co-hyponym,
salty,sweet,n,both,0.61,,0.73,,n,adj,co-hyponym,
same,different,y,eitherY,,,0.59,,n,adj,antonym,scalar
sat,standing,n,both,0.55,,0.56,,n,adj/verb,antonym,multiple incompatibility
saturated,dry,n,eitherY,,,0.77,,n,adj/verb,antonym-secondary,scalar
sciences,arts,n,eitherY,,,0.69,,n,noun,co-hyponym,
screenplay,novel,n,eitherY,,,0.54,,n,,co-hyponym,
scrolls,books,n,eitherY,,,0.53,,n,,co-hyponym,
sculptures,paintings,n,eitherY,,,0.66,,n,noun,co-hyponym,
sea,land,n,both,0.76,,0.97,,n,noun,antonym,complementary
seafood,meat,n,eitherY,,,0.74,,n,noun,co-hyponym,
sealed,open,n,eitherY,,,0.55,,n,adj/verb,antonym-secondary,complementary
seasoned,raw,n,eitherY,,,0.56,,n,,co-hyponym,
seated,standing,y,both,0.98,,0.98,,n,adj/verb,antonym,multiple incompatibility
second,third,n,eitherX,0.76,,,,n,adj/noun,co-hyponym-numeric,
second,first,y,eitherY,,,0.96,,n,adj/noun,co-hyponym-numeric,
secondly,first,n,eitherY,,,0.84,,n,adj/adv,co-hyponym-numeric,
seconds,minutes,n,both,0.52,,0.7,,n,noun,co-hyponym-temporal,
secretly,publicly,n,eitherX,0.53,,,,n,adv,antonym-secondary,scalar
secular,religious,y,eitherY,,,0.52,,n,adj,antonym,complementary
securities,cash,n,eitherY,,,0.75,,n,,co-hyponym,
seldom,never,n,eitherX,0.55,,,,n,,co-hyponym-temporal,
sell,buy,y,eitherY,,,0.8,paired,n,verb,antonym,converse
seller,buyer,n,both,0.9,paired,0.96,paired,n,noun,antonym,converse
sellers,buyers,n,both,0.82,paired,0.97,paired,n,noun,antonym,converse
selling,buying,n,eitherY,,,0.71,paired,n,verb,antonym,converse
sells,buys,n,eitherY,,,0.73,,n,verb,antonym,converse
semifinals,finals,n,eitherX,0.53,,,,n,noun,co-hyponym,
semifinals,quarters,n,eitherY,,,0.95,,n,noun,co-hyponym,
senate,house,n,eitherY,,,0.87,,n,noun,co-hyponym,
sender,receiver,n,eitherX,0.86,,,,n,noun,antonym,converse
sending,receiving,n,eitherX,0.89,,,,n,verb,antonym,converse
sends,receives,n,eitherX,0.67,,,,n,verb,antonym,converse
senior,junior,y,eitherY,,,0.68,paired,n,noun/adj,antonym,complementary
sent,received,n,eitherX,0.82,,,,n,adj/verb,antonym,converse
sentenced,convicted,n,eitherY,,,0.61,,n,adj/verb,co-hyponym,
sentient,not,n,eitherX,0.7,,,,n,not-annotated,proform,
separately,together,n,both,0.56,paired,0.7,,n,adv,antonym,complementary
serotonin,dopamine,n,eitherY,,,0.8,paired,n,noun,co-hyponym,
server,client,n,both,0.69,,0.83,,n,noun,antonym,converse
services,goods,n,eitherY,,,0.63,,n,noun,antonym,complementary
seven,six,n,eitherY,,,0.75,,n,noun,co-hyponym-numeric,
seventeen,eighteen,n,eitherX,0.7,,,,n,,co-hyponym-numeric,
seventeen,sixteen,n,eitherY,,,0.86,,n,,co-hyponym-numeric,
seventh,eighth,n,eitherX,0.51,,,,n,,co-hyponym-numeric,
seventh,sixth,n,eitherY,,,0.83,,n,noun/adj,co-hyponym-numeric,
seventy,sixty,n,eitherY,,,0.73,,n,,co-hyponym-numeric,
several,none,n,eitherX,0.52,,,,n,,co-hyponym-numeric,
several,one,n,eitherY,,,0.88,,n,adj/pronoun,co-hyponym-numeric,
severe,moderate,n,eitherY,,,0.63,,n,,contrast-scalar,
severely,moderately,n,eitherY,,,0.85,,n,adv,contrast-scalar,
sewer,water,n,eitherY,,,0.56,,n,,other-related,
sexism,racism,n,both,0.53,,0.7,,n,noun,co-hyponym,
sexist,racist,n,both,0.56,,0.71,,n,adj,co-hyponym,
shade,sun,n,eitherY,,,0.65,,n,noun,antonym,scalar
shadow,light,n,eitherY,,,0.65,,n,noun,antonym,scalar
shallow,deep,y,both,0.66,paired,0.73,paired,n,adj,antonym,scalar
sham,real,n,eitherY,,,0.5,,n,adj,antonym-secondary,complementary
shampoo,soap,n,eitherY,,,0.56,,n,noun,co-hyponym,
shape,size,n,eitherY,,,0.53,,n,,co-hyponym,
shared,private,n,both,0.69,,0.58,,n,adj,antonym-secondary,complementary
shares,cash,n,eitherY,,,0.84,,n,,co-hyponym,
she,he,n,eitherY,,,0.91,,n,noun/pronoun,antonym,complementary
shed,garage,n,eitherY,,,0.56,,n,,co-hyponym,
shimmer,matte,n,eitherY,,,0.52,,n,,co-hyponym,
shine,rain,n,both,0.54,,1,,n,noun,co-hyponym,
shiny,matte,n,both,0.57,,0.59,,n,,co-hyponym,
shoe,sock,n,eitherY,,,0.58,,n,noun,co-hyponym,
short,long,y,eitherY,,,0.9,paired,n,adj,antonym,scalar
shorter,longer,n,both,0.71,paired,0.85,paired,n,adj,antonym,scalar
shortest,longest,n,both,0.59,paired,0.66,paired,n,adj,antonym,scalar
shortfall,surplus,n,eitherY,,,0.8,,n,noun,antonym,scalar
shorts,pants,n,eitherY,,,0.54,,n,,co-hyponym,
shotgun,rifle,n,both,0.63,,0.79,,n,noun,co-hyponym,
shotguns,rifles,n,both,0.73,,0.86,,n,noun,co-hyponym,
show,hide,y,eitherY,,,0.51,,n,verb,antonym,reversive
showers,baths,n,both,0.61,paired,0.68,paired,n,,co-hyponym,
shrink,grow,n,eitherY,,,0.54,,n,verb,antonym,scalar
shut,open,y,eitherY,,,0.76,,n,adj/verb,antonym,scalar
shuts,opens,n,eitherY,,,0.56,,n,verb,antonym-secondary,scalar
shuttle,bus,n,eitherY,,,0.55,,n,,co-hyponym,
sibling,parent,n,eitherY,,,0.63,,n,noun,co-hyponym,
siblings,parents,n,eitherY,,,0.55,,n,,co-hyponym,
sideways,vertical,n,eitherY,,,0.59,,n,,co-hyponym,
silk,cotton,n,eitherY,,,0.65,,n,noun,co-hyponym,
silver,gold,n,both,0.88,paired,0.94,paired,n,noun,co-hyponym,
similarities,differences,n,both,0.86,paired,0.7,paired,n,noun,antonym,scalar
simple,complex,y,both,0.56,paired,0.5,paired,n,adj,antonym,scalar
simulated,real,n,both,0.59,,0.79,,n,adj,antonym,scalar
since,before,n,eitherY,,,0.61,,n,adv,co-hyponym-temporal,
single,married,n,both,0.65,,0.51,paired,n,adj,antonym,complementary
singles,couples,n,both,0.53,paired,0.72,paired,n,noun,antonym,complementary
singular,plural,y,both,0.97,paired,0.97,paired,n,adj,antonym,complementary
sister,brother,y,eitherY,,,0.86,,n,noun,antonym,complementary
sisters,brothers,n,both,0.53,paired,0.93,paired,n,noun,antonym,complementary
sit,stand,y,both,0.92,paired,0.92,paired,n,verb,antonym,multiple incompatibility
sitcom,drama,n,eitherY,,,0.52,,n,,co-hyponym,
sits,stands,n,both,0.68,,0.82,,n,verb,antonym,multiple incompatibility
sitting,standing,n,both,0.95,paired,0.95,paired,n,verb,antonym,multiple incompatibility
six,five,n,eitherY,,,0.71,,n,noun,co-hyponym-numeric,
sixteen,seventeen,n,eitherX,0.54,,,,n,,co-hyponym-numeric,
sixteen,fifteen,n,eitherY,,,0.77,,n,noun,co-hyponym-numeric,
sixth,seventh,n,eitherX,0.64,,,,n,,co-hyponym-numeric,
sixth,fifth,n,eitherY,,,0.87,,n,,co-hyponym-numeric,
sixty,fifty,n,eitherY,,,0.63,,n,,co-hyponym-numeric,
sizable,small,n,eitherY,,,0.58,,n,adj,antonym-secondary,scalar
sizeable,small,n,eitherY,,,0.56,,n,adj,antonym-secondary,scalar
skeptics,believers,n,eitherY,,,0.62,,n,noun,antonym,complementary
skin,hair,n,eitherY,,,0.57,,n,,co-hyponym,
slander,libel,n,both,0.58,paired,0.57,paired,n,noun,antonym,complementary
sleepy,awake,n,eitherY,,,0.51,,n,adj,antonym-secondary,complementary
slides,text,n,eitherY,,,0.53,,n,,other-related,
slipped,fell,n,both,0.7,,0.58,,n,,co-hyponym,
slow,fast,y,both,0.51,paired,0.96,paired,n,adj,antonym,scalar
slower,faster,n,both,0.85,paired,0.97,paired,n,adj,antonym,scalar
slowly,quickly,y,eitherY,,,0.51,,n,adv,antonym,scalar
slows,stops,n,eitherY,,,0.63,,n,,co-hyponym,
small,large,y,eitherY,,,0.62,paired,n,adj,antonym,scalar
smaller,larger,n,both,0.72,paired,0.76,paired,n,adj,antonym,scalar
smallest,largest,n,both,0.82,paired,0.85,paired,n,adj,antonym,scalar
smartphone,tablet,n,both,0.84,paired,0.52,,n,noun,co-hyponym,
smartphones,tablets,n,both,0.72,,0.62,,n,noun,co-hyponym,
smoking,drinking,n,eitherY,,,0.65,,n,verb,co-hyponym,
smooth,rough,y,eitherY,,,0.52,,n,adj,antonym,scalar
snow,rain,n,both,0.51,paired,0.93,paired,n,noun,co-hyponym,
soaked,dry,n,both,0.5,,0.73,,n,adj/verb,antonym-secondary,scalar
soap,water,n,both,0.68,,0.75,,n,,co-hyponym,
sober,drunk,n,eitherY,,,0.66,,n,adj,antonym,scalar
socialism,capitalism,y,both,0.68,,0.76,paired,n,noun,co-hyponym,
societies,individuals,n,eitherY,,,0.51,,n,noun,contrast-group-individual ,
sodium,potassium,n,both,0.51,paired,0.77,paired,n,noun,co-hyponym,
sofa,chair,n,both,0.55,,0.6,,n,noun,co-hyponym,
soft,hard,y,both,0.56,paired,0.67,paired,n,adj,antonym,scalar
softer,harder,n,eitherY,,,0.5,,n,adj,antonym,scalar
software,hardware,y,both,0.88,paired,0.91,paired,n,noun,antonym,complementary
sol,moon,n,eitherY,,,0.54,,n,noun,antonym-secondary,complementary
solid,liquid,n,both,0.61,paired,0.7,paired,n,adj/noun,antonym,multiple incompatibility
someday,now,n,eitherY,,,0.69,,n,adv,co-hyponym-temporal,
someone,something,n,eitherX,0.51,,,,n,noun/pronoun,co-hyponym,
son,daughter,y,eitherX,0.67,paired,,,n,noun,antonym,complementary
son,father,n,eitherY,,,0.57,,n,noun,antonym,converse
sons,daughters,n,both,0.91,paired,0.81,paired,n,noun,antonym,complementary
sooner,later,n,both,0.96,,0.89,paired,n,adj/adv,antonym-temporal,scalar
soul,body,n,eitherY,,,0.68,,n,noun,contrast-conceptual,
sour,sweet,y,both,0.69,paired,0.97,,n,adj,antonym,scalar
south,north,y,eitherY,,,0.98,paired,n,adj,antonym,multiple incompatibility
southern,northern,y,eitherY,,,0.71,paired,n,adj,antonym,multiple incompatibility
soy,corn,n,both,0.67,,0.76,,n,noun,co-hyponym,
spatial,temporal,n,both,0.86,,0.74,paired,n,adj,co-hyponym,
spear,sword,n,eitherY,,,0.54,,n,,co-hyponym,
specialized,general,n,eitherY,,,0.65,,n,adj/verb,antonym,scalar
specific,general,y,both,0.54,paired,0.75,paired,n,adj,antonym,scalar
specifically,generally,y,eitherY,,,0.7,paired,n,adv,antonym,scalar
specifics,general,n,eitherY,,,0.72,,n,adj/noun,antonym,scalar
spend,save,n,both,0.85,,0.81,,n,verb,antonym,scalar
spending,saving,n,eitherY,,,0.78,,n,verb,antonym,scalar
spends,saves,n,eitherX,0.52,,,,n,,co-hyponym,
sperm,egg,n,eitherX,0.59,,,,n,noun,antonym,complementary
spices,herbs,n,both,0.51,,0.73,,n,noun,co-hyponym,
spicy,mild,n,both,0.5,,0.73,,n,,co-hyponym,
spiritually,physically,n,eitherY,,,0.55,,n,adv,contrast-conceptual,
spoken,written,y,both,0.63,,0.9,,n,adj,antonym,complementary
spoon,fork,n,both,0.52,,0.76,,n,noun,co-hyponym,
sql,text,n,eitherY,,,0.54,,n,,other-related,
squares,circles,n,eitherY,,,0.51,,n,,co-hyponym,
squid,fish,n,eitherY,,,0.66,,n,noun,co-hyponym,
stabbed,shot,n,eitherY,,,0.76,,n,verb,co-hyponym,
stabilize,decline,n,eitherX,0.52,,,,n,verb,co-hyponym,
stacks,singles,n,eitherY,,,0.55,,n,,contrast-group-individual ,
stagnation,growth,n,eitherY,,,0.54,,n,noun,antonym,scalar
stainless,aluminum,n,both,0.57,,0.7,,n,noun,co-hyponym,
stale,fresh,y,eitherY,,,0.5,,n,adj,antonym,scalar
stalking,harassment,n,both,0.51,,0.55,,n,,other-related,
stamps,coins,n,both,0.57,,0.7,,n,noun,co-hyponym,
stand,sit,y,both,0.67,paired,0.88,paired,n,verb,antonym,multiple incompatibility
standing,sitting,n,both,0.69,paired,0.76,paired,n,verb,antonym,multiple incompatibility
stated,implied,n,both,0.72,,0.62,,n,adj/verb,antonym-secondary,scalar
static,dynamic,n,both,0.57,paired,0.73,paired,n,adj,antonym,complementary
statically,dynamically,n,both,0.76,,0.92,,n,adv,antonym,complementary
stationary,moving,n,both,0.62,,0.66,,n,adj,antonym,complementary
stay,go,n,eitherX,0.86,paired,,,n,verb,antonym,complementary
stayed,left,n,eitherX,0.67,,,,n,verb,antonym,complementary
stays,leaves,n,eitherX,0.61,,,,n,verb,antonym,reversive
steak,chicken,n,eitherY,,,0.6,,n,,co-hyponym,
steel,aluminum,n,both,0.54,,0.52,paired,n,,co-hyponym,
stems,leaves,n,eitherY,,,0.64,,n,,co-hyponym,
step,step,n,eitherY,,,0.5,paired,y,,x-identical,
stereo,mono,n,both,0.82,paired,0.93,,n,adj,antonym,complementary
stern,bow,n,eitherY,,,0.53,,n,noun,antonym,complementary
stiff,flexible,n,eitherX,0.5,,,,n,adj,antonym,scalar
still,moving,y,eitherX,0.69,,,,n,adj,antonym,scalar
stock,cash,n,eitherY,,,0.79,,n,,co-hyponym,
stocks,bonds,n,both,0.8,,0.77,paired,n,noun,co-hyponym,
stood,sat,n,both,0.53,,0.72,,n,verb,antonym,multiple incompatibility
stops,starts,n,eitherY,,,0.52,,n,verb,antonym,complementary
store,online,n,eitherX,0.58,,,,n,adj/noun,antonym-secondary,complementary
stranger,friend,n,eitherY,,,0.62,,n,noun,antonym,complementary
strangers,friends,n,eitherY,,,0.62,,n,noun,antonym,complementary
strategic,tactical,n,both,0.52,,0.62,paired,n,adj,antonym,scalar
streams,rivers,n,eitherY,,,0.68,,n,,co-hyponym,
strengthen,weaken,y,eitherX,0.52,,,,n,verb,antonym,scalar
strengthening,weakening,y,eitherX,0.63,,,,n,noun/verb,antonym,scalar
strengths,weaknesses,n,both,0.93,paired,0.89,paired,n,noun,antonym,scalar
strikeouts,walks,n,eitherX,0.84,,,,n,noun,co-hyponym,
strikeouts,hits,n,eitherY,,,0.51,,n,,co-hyponym,
strikers,defenders,n,both,0.59,,0.68,,n,noun,co-hyponym,
strong,weak,y,both,0.87,,0.59,paired,n,adj,antonym,scalar
stronger,weaker,n,both,0.8,,0.86,paired,n,adj,antonym,scalar
strongest,weakest,n,eitherX,0.71,,,,n,adj,antonym,scalar
styled,natural,n,eitherY,,,0.6,,n,adj,antonym-secondary,scalar
subcommittee,committee,n,both,0.58,,0.81,,n,noun,nym-meronym,
subconscious,conscious,n,both,0.66,,0.96,,n,adj/noun,co-hyponym,
subjective,objective,y,both,0.77,paired,0.9,paired,n,adj,antonym,scalar
subsidiary,parent,n,eitherY,,,0.83,,n,noun,nym-meronym,
subtract,add,y,both,0.72,,0.97,,n,verb,antonym,complementary
suburb,city,n,both,0.51,,0.8,,n,noun,nym-meronym,
suburban,urban,n,eitherY,,,0.5,,n,,co-hyponym,
subway,bus,n,eitherY,,,0.59,,n,,co-hyponym,
succeed,fail,y,both,0.81,,0.66,,n,verb,antonym,scalar
succeeded,failed,n,both,0.76,,0.53,,n,verb,antonym,scalar
succeeds,fails,n,both,0.79,,0.86,,n,verb,antonym,scalar
success,failure,y,both,0.92,,0.75,paired,n,noun,antonym,scalar
successes,failures,n,both,0.87,,0.73,paired,n,noun,antonym,scalar
such,such,n,eitherY,,,0.76,paired,y,,x-identical,
sudo,root,n,eitherY,,,0.55,,n,noun,other-related,
suffer,die,n,eitherX,0.65,,,,n,,co-hyponym,
sufficient,insufficient,y,eitherX,0.64,,,,n,adj,antonym,scalar
suffix,prefix,y,eitherY,,,0.84,,n,noun,antonym,complementary
suicidal,depressed,n,eitherY,,,0.54,,n,,co-hyponym,
suitcase,backpack,n,both,0.57,,0.53,,n,,co-hyponym,
summer,spring,n,eitherY,,,0.69,,n,,co-hyponym,multiple incompatibility
summers,winters,n,both,0.79,paired,0.9,paired,n,noun,antonym,multiple incompatibility
sums,percentages,n,eitherX,0.56,,,,n,,co-hyponym,
sung,spoken,n,both,0.73,,0.9,,n,adj,antonym-secondary,complementary
sunny,cloudy,n,both,0.93,paired,0.95,paired,n,adj,co-hyponym,
sunrise,sunset,y,both,0.99,paired,0.94,paired,n,noun,antonym,complementary
sunset,sunrise,y,both,0.95,paired,0.99,paired,n,noun,antonym,complementary
sunshine,rain,n,both,0.62,,0.69,,n,noun,co-hyponym,
superintendent,principal,n,eitherY,,,0.53,,n,,co-hyponym,
superior,equal,n,eitherY,,,0.65,,n,,contrast-scalar,
superiors,subordinates,n,eitherX,0.82,,,,n,noun,antonym,complementary
supernatural,natural,y,eitherY,,,0.64,,n,adj,antonym-secondary,scalar
supper,lunch,n,eitherY,,,0.51,,n,,co-hyponym,
supply,demand,y,both,0.91,paired,0.9,paired,n,noun,antonym,complementary
survive,die,n,eitherX,0.84,,,,n,verb,antonym-secondary,complementary
survived,died,n,both,0.79,,0.72,,n,verb,antonym-secondary,complementary
survives,dies,n,both,0.73,,0.66,,n,verb,antonym,complementary
survivor,victim,n,eitherY,,,0.57,,n,noun,co-hyponym,
survivors,victims,n,eitherY,,,0.6,,n,noun,co-hyponym,
suspects,witnesses,n,eitherX,0.57,,,,n,noun,co-hyponym,
suspensions,fines,n,eitherY,,,0.5,,n,noun,other-related,
swallow,chew,n,eitherY,,,0.82,,n,verb,co-hyponym,
swallowing,chewing,n,eitherY,,,0.53,,n,,co-hyponym,
sweep,tie,n,both,0.75,,0.64,,n,,co-hyponym,
sweet,sour,y,eitherX,0.64,paired,,,n,adj,antonym,scalar
swift,slow,n,eitherY,,,0.55,,n,adj,antonym-secondary,scalar
swiftly,slowly,n,eitherY,,,0.52,,n,adv,antonym-secondary,scalar
swim,walk,n,eitherY,,,0.75,,n,,co-hyponym,
swords,knives,n,eitherY,,,0.57,,n,,co-hyponym,
symptoms,signs,n,eitherY,,,0.61,,n,noun,nym-near-synonym,
synagogue,church,n,eitherY,,,0.56,,n,,co-hyponym,
synthetic,natural,n,both,0.75,,0.84,,n,adj,antonym-secondary,scalar
tables,chairs,n,eitherX,0.61,,,,n,,co-hyponym,
tablespoon,teaspoon,n,eitherY,,,0.64,,n,,co-hyponym,
tablet,smartphone,n,eitherX,0.63,paired,,,n,noun,co-hyponym,
tacit,explicit,n,both,0.74,,0.59,,n,adj,antonym,scalar
tactical,strategic,n,eitherY,,,0.62,paired,n,adj,antonym,scalar
tail,head,y,eitherY,,,0.69,,n,noun,antonym,complementary
tails,heads,n,eitherY,,,0.95,,n,noun,antonym,complementary
take,give,y,eitherY,,,0.99,,n,verb,antonym,reversive
takeaway,delivery,n,eitherX,0.59,,,,n,,co-hyponym,
takeoff,landing,n,both,0.86,paired,0.83,paired,n,noun,antonym,reversive
taking,giving,n,eitherY,,,0.59,,n,verb,antonym,reversive
tall,short,y,both,0.65,,0.55,,n,adj,antonym,scalar
taller,shorter,n,both,0.74,,0.65,,n,adj,antonym,scalar
tangible,intangible,y,eitherX,0.74,,,,n,adj,antonym,scalar
tap,click,n,eitherY,,,0.67,,n,,co-hyponym,
tapes,CDs,n,both,0.53,,0.56,,n,,co-hyponym,
tart,sweet,n,eitherY,,,0.56,,n,adj,antonym-secondary,scalar
taxi,bus,n,eitherY,,,0.62,,n,,co-hyponym,
taxis,buses,n,eitherY,,,0.54,,n,,co-hyponym,
tea,coffee,n,both,0.93,paired,0.98,paired,n,noun,co-hyponym,
teacher,student,n,both,0.58,,0.51,,n,noun,antonym,converse
teachers,students,n,eitherX,0.52,,,,n,noun,antonym,converse
team,individual,n,both,0.51,,0.67,,n,noun,contrast-group-individual ,
teamed,solo,n,eitherY,,,0.58,,n,,contrast-group-individual ,
teammate,friend,n,eitherY,,,0.54,,n,,co-hyponym,
teams,individuals,n,eitherY,,,0.63,,n,noun,contrast-group-individual ,
tear,wear,n,eitherY,,,0.59,,n,verb,other-conventional,
teen,adult,n,eitherX,0.64,,,,n,,co-hyponym,
teenage,adult,n,eitherY,,,0.63,,n,adj,antonym,multiple incompatibility
teenager,adult,n,both,0.6,,0.51,,n,,co-hyponym,
teens,adults,n,eitherX,0.51,,,,n,,co-hyponym,
telescope,camera,n,eitherY,,,0.57,,n,,co-hyponym,
telescopes,cameras,n,eitherY,,,0.61,,n,,co-hyponym,
temples,churches,n,eitherY,,,0.55,,n,,co-hyponym,
temporal,spatial,n,eitherY,,,0.58,paired,n,,co-hyponym,
temporarily,permanently,y,both,0.92,paired,0.95,paired,n,adv,antonym,scalar
temporary,permanent,n,both,0.88,paired,0.9,paired,n,adj,antonym,scalar
tenant,landlord,n,both,0.59,paired,0.8,paired,n,noun,antonym,converse
tender,cash,n,eitherY,,,0.62,,n,,other-related,
tendon,muscle,n,both,0.61,,0.75,,n,noun,co-hyponym,
term,noun,n,eitherY,,,0.54,,n,,x-odd,
terms,conditions,n,eitherX,0.71,,,,n,,other-conventional,
territories,states,n,eitherY,,,0.68,,n,noun,co-hyponym,
testament,will,n,eitherY,,,0.92,,n,noun,other-conventional,
testosterone,estrogen,n,both,0.66,paired,0.83,paired,n,noun,antonym,complementary
texted,emailed,n,both,0.59,,0.51,,n,,co-hyponym,
texting,calling,n,eitherY,,,0.61,,n,verb,co-hyponym,
thankfully,not,n,eitherX,0.57,,,,n,not-annotated,proform,
that,this,n,eitherY,,,0.97,,n,other/det,antonym,complementary
thats,this,n,eitherY,,,0.77,,n,other/det,co-hyponym,
the,the,n,both,0.93,paired,0.81,paired,y,other/det,x-identical,
their,their,n,eitherX,0.58,paired,,,y,,x-identical,
theirs,yours,n,eitherX,0.58,,,,n,other/possessive,co-hyponym,
them,us,n,eitherY,,,0.61,,n,noun/pronoun,antonym,complementary
then,now,n,eitherY,,,0.83,,n,adv,co-hyponym-temporal,complementary
ther,here,n,eitherY,,,0.62,,n,partial token,x-none,
there,here,y,eitherY,,,0.95,,n,noun/adv,antonym,complementary
these,these,n,eitherY,,,0.72,paired,y,,x-identical,
thick,thin,y,both,0.79,,0.87,paired,n,adj,antonym,scalar
thicker,thinner,n,both,0.89,paired,0.89,paired,n,adj,antonym,scalar
thin,thick,y,eitherY,,,0.56,paired,n,adj,antonym,scalar
thing,person,n,eitherY,,,0.66,,n,noun,co-hyponym,
things,people,n,eitherY,,,0.72,,n,noun,co-hyponym,
thinner,thicker,n,both,0.53,paired,0.53,paired,n,adj,antonym,scalar
third,second,n,eitherY,,,0.81,,n,,co-hyponym-numeric,
thirds,halves,n,eitherY,,,0.53,,n,noun/adj,co-hyponym,
thirst,hunger,n,eitherY,,,0.63,,n,noun,co-hyponym,
thirsty,hungry,y,eitherY,,,0.61,,n,adj,co-hyponym,
thirteen,fourteen,n,eitherX,0.7,,,,n,,co-hyponym-numeric,
thirteen,twelve,n,eitherY,,,0.79,,n,noun/adj,co-hyponym-numeric,
this,this,n,both,0.52,paired,0.95,paired,y,other/det,x-identical,
thou,me,n,eitherY,,,0.55,,n,noun/pronoun,antonym-secondary,complementary
thousands,millions,n,eitherX,0.78,,,,n,noun,co-hyponym-numeric,
thousands,hundreds,n,eitherY,,,0.86,,n,noun,co-hyponym-numeric,
three,two,n,eitherY,,,0.9,,n,noun,co-hyponym-numeric,
through,directly,n,eitherY,,,0.7,,n,,other-related,
thumb,finger,n,eitherY,,,0.72,paired,n,noun,co-hyponym,
thumbs,fingers,n,both,0.56,,0.62,,n,,co-hyponym,
thunder,lightning,n,both,0.68,,0.57,,n,,co-hyponym,
thy,mine,n,eitherY,,,0.51,,n,other/possessive,co-hyponym,
tidy,messy,n,both,0.64,,0.73,,n,adj,antonym,scalar
tie,win,n,eitherY,,,0.56,,n,,co-hyponym,
tiger,lion,n,eitherY,,,0.64,,n,,co-hyponym,
tigers,lions,n,both,0.53,,0.62,,n,,co-hyponym,
tight,loose,y,both,0.61,,0.77,,n,adj,antonym,scalar
tightly,loosely,n,both,0.78,,0.87,,n,adv,antonym,scalar
times,dates,n,eitherY,,,0.55,,n,noun,co-hyponym-temporal,
today,tomorrow,n,eitherX,0.55,,,,n,noun/adv,co-hyponym-temporal,
today,yesterday,n,eitherY,,,0.92,paired,n,noun/adv,co-hyponym-temporal,
toddler,infant,n,eitherY,,,0.51,,n,,co-hyponym,
toe,finger,n,eitherY,,,0.5,,n,,co-hyponym,
toes,fingers,n,eitherY,,,0.84,,n,noun,co-hyponym,
together,separately,n,eitherX,0.54,paired,,,n,adv,antonym-secondary,complementary
toilet,sink,n,eitherY,,,0.5,,n,,co-hyponym,
toilets,showers,n,eitherY,,,0.56,,n,,co-hyponym,
tokens,cash,n,eitherY,,,0.54,,n,,co-hyponym,
tomorrow,today,n,eitherY,,,0.8,,n,noun/adv,co-hyponym-temporal,
tonight,today,n,eitherY,,,0.53,,n,,co-hyponym-temporal,
top,bottom,y,both,0.76,paired,0.55,paired,n,adj,antonym,scalar
topical,oral,n,eitherY,,,0.64,,n,adj,antonym-secondary,complementary
torque,power,n,eitherY,,,0.57,,n,noun,other-related,
totally,partially,n,both,0.57,,0.63,,n,adv,antonym,scalar
touchdown,safety,n,eitherX,0.59,,,,n,,co-hyponym,
towels,sheets,n,eitherY,,,0.74,,n,,co-hyponym,
town,city,n,both,0.5,,0.68,,n,,co-hyponym,
towns,cities,n,eitherY,,,0.63,paired,n,noun,co-hyponym,
township,city,n,eitherY,,,0.55,,n,noun,co-hyponym,
trailing,leading,n,eitherY,,,0.59,,n,adj/verb,antonym-secondary,complementary
trails,roads,n,eitherY,,,0.56,,n,noun,co-hyponym,
trainer,coach,n,eitherY,,,0.51,,n,,co-hyponym,
tram,bus,n,both,0.66,,0.81,,n,noun,co-hyponym,
transgender,gay,n,eitherY,,,0.53,,n,,other-related,
transient,permanent,n,both,0.59,,0.8,,n,adj,antonym,scalar
translucent,opaque,n,both,0.53,,0.71,,n,adj,antonym,scalar
transmission,engine,n,eitherY,,,0.7,,n,,co-hyponym,
transmit,receive,n,both,0.9,,0.5,,n,verb,antonym,complementary
transmitter,receiver,n,eitherX,0.86,,,,n,noun,antonym,complementary
transmitting,receiving,n,both,0.96,,0.63,,n,verb,antonym,complementary
transparent,opaque,n,both,0.71,paired,0.69,paired,n,adj,antonym,scalar
treasure,cash,n,eitherY,,,0.51,,n,,co-hyponym,
treasurer,secretary,n,eitherX,0.51,,,,n,,co-hyponym,
treat,trick,n,eitherY,,,0.74,,n,,other-conventional,
triangles,squares,n,eitherY,,,0.51,,n,,co-hyponym,
trick,treat,n,eitherX,0.92,,,,n,noun,other-conventional,
tries,fails,n,eitherX,0.53,,,,n,,co-hyponym,
trillion,billion,n,eitherY,,,0.54,,n,noun,co-hyponym-numeric,
trillions,billions,n,eitherX,0.65,,,,n,noun,co-hyponym-numeric,
trio,duo,n,eitherX,0.64,,,,n,,co-hyponym,
triple,single,n,eitherY,,,0.65,,n,adj/noun,co-hyponym-numeric,
tripled,doubled,n,both,0.79,paired,0.98,paired,n,adj/verb,co-hyponym-numeric,
trough,peak,n,both,0.54,,0.96,paired,n,noun,antonym,scalar
trout,salmon,n,both,0.76,,0.91,paired,n,noun,co-hyponym,
truck,car,n,eitherY,,,0.63,,n,noun,co-hyponym,
trucks,cars,n,eitherY,,,0.7,,n,noun,co-hyponym,
TRUE,FALSE,y,both,0.98,,0.97,paired,n,adj,antonym,complementary
truthful,FALSE,n,eitherX,0.53,,,,n,adj,antonym-secondary,complementary
tsunami,earthquake,n,eitherY,,,0.77,,n,noun,co-hyponym,
tuna,salmon,n,both,0.6,,0.87,,n,noun,co-hyponym,
tunnels,bridges,n,eitherY,,,0.51,,n,noun,co-hyponym,
turkey,chicken,n,both,0.79,,0.87,,n,noun,co-hyponym,
twelve,eleven,n,eitherY,,,0.51,,n,,co-hyponym-numeric,
twenties,teens,n,eitherY,,,0.97,,n,noun,co-hyponym-numeric,
twentieth,nineteenth,n,eitherY,,,0.84,,n,noun,co-hyponym-numeric,
twice,once,n,both,0.79,paired,1,paired,n,adv,co-hyponym-numeric,
twists,turns,n,eitherX,0.53,,,,n,noun,other-conventional,
twitter,facebook,n,both,0.56,paired,0.63,paired,n,,co-hyponym,
two,one,n,eitherY,,,0.97,,n,noun,co-hyponym-numeric,
typed,handwritten,n,eitherY,,,0.66,paired,n,adj,antonym,complementary
uint,float,n,eitherX,0.66,,,,n,partial token,x-none,
ultraviolet,infrared,n,eitherX,0.71,,,,n,,co-hyponym,
unable,unwilling,n,both,0.89,,0.88,paired,n,adj,co-hyponym,
unarmed,armed,y,eitherY,,,0.96,paired,n,adj,antonym,complementary
uncle,aunt,y,eitherY,,,0.55,,n,noun,antonym,complementary
uncommon,rare,n,eitherX,0.75,,,,n,,contrast-scalar,
uncommon,common,y,eitherY,,,0.65,,n,adj,antonym,complementary
unconditional,conditional,y,both,0.67,,0.79,,n,adj,antonym,complementary
unconsciously,consciously,y,both,0.64,paired,0.97,paired,n,adv,antonym,complementary
unconstitutional,illegal,n,eitherY,,,0.55,,n,,other-related,
undead,living,n,eitherY,,,0.66,,n,adj,antonym,complementary
under,over,n,eitherY,,,0.68,,n,adv,antonym,complementary
underdog,favorite,n,eitherY,,,0.54,,n,noun,antonym-secondary,complementary
undergraduate,graduate,n,both,0.8,,0.82,paired,n,noun,co-hyponym,
underneath,above,n,eitherY,,,0.68,,n,adv,antonym,complementary
unders,unders,n,eitherX,0.65,paired,,,y,,x-identical,
underside,top,n,eitherY,,,0.54,,n,,co-hyponym,
understands,knows,n,eitherY,,,0.57,,n,,co-hyponym,
understatement,exaggeration,n,eitherY,,,0.57,,n,noun,antonym,scalar
unfairly,fairly,y,eitherY,,,0.7,,n,adv,antonym,scalar
unfavorable,favorable,y,both,0.7,paired,0.99,paired,n,adj,antonym,scalar
unfinished,incomplete,n,both,0.53,,0.5,,n,,nym-near-synonym,
unfolded,folded,n,both,0.5,,0.76,,n,adj,antonym,complementary
unfortunately,fortunately,y,both,0.69,,0.73,,n,adv,antonym,complementary
unhappy,happy,y,eitherY,,,0.63,,n,adj,antonym,scalar
unhealthy,healthy,y,eitherY,,,0.58,,n,adj,antonym,scalar
unintentional,intentional,n,eitherY,,,0.6,,n,adj,antonym,complementary
unintentionally,intentionally,y,both,0.51,paired,0.86,,n,adv,antonym,complementary
universities,colleges,n,eitherY,,,0.59,,n,,co-hyponym,
university,college,n,both,0.74,,0.69,,n,,co-hyponym,
unknow,known,n,eitherY,,,0.54,,n,partial token,x-none,
unlawfully,legally,n,eitherY,,,0.53,,n,adv,antonym,complementary
unloaded,loaded,y,eitherY,,,0.79,,n,adj,antonym,reversive
unlocked,locked,n,eitherY,,,0.88,,n,adj,antonym,reversive
unlocks,unlocks,n,eitherY,,,0.52,paired,y,,x-identical,
unlucky,lucky,y,eitherY,,,0.83,,n,adj,antonym,scalar
unmanned,manned,y,both,0.55,paired,0.94,,n,adj,antonym,complementary
unmarked,marked,y,eitherY,,,0.59,,n,adj,antonym,complementary
unmarried,married,y,eitherY,,,0.94,,n,adj,antonym,complementary
unnatural,natural,y,eitherY,,,0.77,,n,adj,antonym,scalar
unofficial,official,y,eitherY,,,0.86,paired,n,adj,antonym,complementary
unpopular,popular,y,eitherY,,,0.53,,n,adj,antonym,scalar
unreal,real,y,eitherY,,,0.6,,n,adj,antonym,complementary
unrestricted,restricted,y,both,0.73,,0.67,,n,adj,antonym,scalar
unsuccessfully,successfully,y,eitherY,,,0.9,,n,adv,antonym,scalar
untrue,TRUE,n,eitherY,,,0.68,,n,adj,antonym-secondary,complementary
unwilling,unable,n,eitherY,,,0.63,paired,n,adj,co-hyponym,
unwittingly,knowingly,n,eitherY,,,0.54,,n,adj,antonym-secondary,scalar
up,down,y,both,0.96,,0.87,paired,n,adj/adv,antonym,scalar
upcoming,current,n,eitherY,,,0.52,,n,,co-hyponym-temporal,
uphill,downhill,n,both,0.86,paired,0.88,paired,n,adj,antonym,scalar
upload,download,y,both,0.65,,0.53,,n,verb,antonym,complementary
uploading,downloading,n,both,0.5,,0.55,,n,adj/verb,antonym,complementary
upper,lower,n,both,0.97,,0.97,,n,adj,antonym,scalar
ups,downs,n,eitherX,0.92,,,,n,noun,antonym,scalar
upside,downside,n,both,0.86,,0.63,paired,n,noun,antonym,scalar
upstairs,downstairs,y,both,0.8,paired,0.92,paired,n,adj/adv/noun,antonym,complementary
upstream,downstream,y,both,0.94,paired,0.9,paired,n,adj/adv,antonym,complementary
upward,downward,y,both,0.86,,0.7,paired,n,adj/adv,antonym,scalar
upwards,downwards,y,both,0.82,,0.52,paired,n,adj/adv,antonym,scalar
uranium,plutonium,n,both,0.88,paired,0.9,paired,n,noun,co-hyponym,
urban,rural,y,both,0.7,paired,0.76,paired,n,adj,antonym,scalar
urine,feces,n,eitherX,0.68,paired,,,n,,co-hyponym,
urine,blood,n,eitherY,,,0.56,,n,noun,co-hyponym,
us,you,n,eitherY,,,0.54,,n,noun/pronoun,antonym-secondary,complementary
username,password,n,eitherX,0.94,,,,n,noun,co-hyponym,
uttered,written,n,eitherY,,,0.74,,n,adj/verb,co-hyponym,
vacation,work,n,eitherY,,,0.62,,n,noun,antonym,complementary
vagina,penis,n,eitherY,,,0.62,,n,noun,co-hyponym,
vaginal,oral,n,eitherY,,,0.69,,n,adj,co-hyponym,
valid,invalid,y,eitherX,0.65,,,,n,adj,antonym,complementary
vanilla,chocolate,n,both,0.62,,0.91,,n,noun,co-hyponym,
vans,cars,n,eitherY,,,0.59,,n,noun,co-hyponym,
vaping,smoking,n,eitherY,,,0.64,,n,verb,co-hyponym,
variable,fixed,n,eitherY,,,0.57,,n,adj,antonym,complementary
vast,small,n,eitherY,,,0.53,,n,adj,antonym-secondary,scalar
ve,meat,n,eitherY,,,0.53,,n,partial token,x-none,
vegan,vegetarian,n,both,0.96,paired,0.96,paired,n,adj/noun,co-hyponym,
vegetables,fruits,n,both,0.56,paired,0.58,paired,n,noun,co-hyponym,
vegetarian,vegan,n,both,0.92,paired,0.89,paired,n,adj,co-hyponym,
veins,arteries,n,eitherY,,,0.51,paired,n,,co-hyponym,
verb,noun,n,both,0.84,,0.93,,n,noun,co-hyponym,
verbal,written,n,eitherY,,,0.84,,n,adj,co-hyponym,
verse,chapter,n,both,0.55,,0.81,,n,noun,nym-meronym,
vertical,horizontal,n,both,0.97,paired,0.99,paired,n,adj,antonym,complementary
vertically,horizontally,n,both,0.99,paired,0.99,paired,n,adj,antonym,complementary
via,via,n,eitherX,0.53,paired,,,y,,x-identical,
vice,virtue,n,eitherY,,,0.66,,n,noun,antonym,complementary
victory,defeat,y,both,0.7,,0.61,paired,n,noun,antonym,complementary
village,town,n,eitherY,,,0.66,,n,,co-hyponym,
villages,towns,n,both,0.51,,0.76,,n,noun,co-hyponym,
villain,hero,n,eitherY,,,0.75,,n,noun,antonym,complementary
villains,heroes,n,both,0.52,paired,0.86,,n,noun,antonym,complementary
vintage,new,n,eitherY,,,0.62,,n,adj,antonym-secondary,scalar
vinyl,CD,n,both,0.66,,0.87,,n,noun,co-hyponym,
violet,blue,n,eitherY,,,0.54,,n,noun/adj,co-hyponym,
virtually,physically,n,both,0.52,,0.91,,n,adv,antonym,complementary
virtue,vice,n,eitherX,0.6,,,,n,noun,antonym,complementary
virus,bacteria,n,eitherY,,,0.69,,n,noun,co-hyponym,
viruses,bacteria,n,both,0.75,,0.8,,n,noun,co-hyponym,
visa,passport,n,eitherY,,,0.58,,n,,co-hyponym,
visas,passports,n,eitherY,,,0.57,,n,,co-hyponym,
visions,dreams,n,eitherY,,,0.55,,n,,nym-near-synonym,
visually,verbally,n,eitherY,,,0.59,,n,adv,antonym-secondary,complementary
vitamin,mineral,n,both,0.91,,0.73,,n,noun,co-hyponym,
vitamins,minerals,n,eitherX,0.68,,,,n,,co-hyponym,
vodka,beer,n,eitherY,,,0.51,,n,noun,co-hyponym,
voiced,written,n,eitherY,,,0.52,,n,,co-hyponym,
void,null,n,eitherY,,,0.64,,n,,other-conventional,
voltage,current,n,both,0.73,,0.88,,n,noun,co-hyponym,
vomiting,diarrhea,n,eitherY,,,0.5,paired,n,,co-hyponym,
voucher,cash,n,both,0.54,,0.96,,n,noun,co-hyponym,
vouchers,cash,n,both,0.65,,0.97,,n,noun,co-hyponym,
vs,vs,n,eitherY,,,0.72,paired,y,,x-identical,
wake,sleep,y,both,0.75,,0.79,,n,verb,antonym,complementary
waking,asleep,n,eitherX,0.63,,,,n,adj/verb,antonym,scalar
walk,run,n,eitherY,,,0.53,paired,n,verb,co-hyponym,
walks,runs,n,eitherY,,,0.6,paired,n,verb,co-hyponym,
want,need,n,eitherY,,,0.6,,n,,co-hyponym,
wants,needs,n,eitherY,,,0.6,paired,n,,co-hyponym,
warm,cool,y,eitherY,,,0.54,,n,adj,antonym,scalar
warmed,cooled,n,eitherX,0.62,,,,n,adj,antonym,scalar
warmer,colder,n,eitherX,0.62,paired,,,n,adj,antonym,scalar
warmer,cooler,n,eitherY,,,0.51,paired,n,adj,antonym,scalar
warming,cooling,n,both,0.8,,0.57,,n,adj/verb,antonym,scalar
watched,read,n,eitherY,,,0.54,,n,,co-hyponym,
way,another,n,eitherX,0.52,,,,n,noun/proform,x-odd,
ways,ways,n,eitherY,,,0.64,paired,y,,x-identical,
weak,strong,y,eitherY,,,0.71,paired,n,adj,antonym,scalar
weaker,stronger,n,eitherY,,,0.82,paired,n,adj,antonym,scalar
weakest,strongest,n,eitherY,,,0.78,,n,adj,antonym,scalar
weakness,strength,y,eitherY,,,0.55,,n,noun,antonym,scalar
weaknesses,strengths,n,both,0.75,paired,0.97,paired,n,noun,antonym,scalar
wears,wears,n,eitherY,,,0.72,paired,y,,x-identical,
wed,single,n,eitherY,,,0.68,,n,adj,antonym-secondary,complementary
week,day,n,eitherY,,,0.89,,n,noun,co-hyponym-temporal,
weekday,weekend,n,both,0.83,,0.85,,n,noun,co-hyponym-temporal,
weekends,holidays,n,eitherX,0.63,,,,n,,co-hyponym-temporal,
weekly,monthly,n,eitherX,0.64,,,,n,adv,co-hyponym-temporal,
weekly,daily,n,eitherY,,,0.79,paired,n,adv,co-hyponym-temporal,
weeks,months,n,eitherX,0.78,,,,n,noun,co-hyponym-temporal,
weeks,days,n,eitherY,,,0.89,,n,noun,co-hyponym-temporal,
weighed,measured,n,both,0.64,,0.66,,n,adj/verb,co-hyponym,
weighs,weighs,n,both,0.62,paired,0.74,paired,y,,x-identical,
weight,height,n,both,0.54,paired,0.87,paired,n,adj,co-hyponym,
went,came,n,eitherY,,,0.61,,n,verb,antonym,reversive
west,east,y,both,0.76,paired,0.99,paired,n,adj/noun,antonym,multiple incompatibility
western,eastern,y,both,0.82,paired,0.77,paired,n,adj,antonym,multiple incompatibility
wet,dry,y,both,0.8,paired,0.96,paired,n,adj,antonym,scalar
whale,dolphin,n,eitherX,0.59,,,,n,,co-hyponym,
whales,dolphins,n,eitherX,0.6,,,,n,,co-hyponym,
wheat,barley,n,both,0.87,paired,0.66,paired,n,noun,co-hyponym,
wherever,whenever,n,eitherX,0.74,,,,n,adv,co-hyponym,
which,which,n,eitherY,,,0.85,paired,y,,x-identical,
whichever,whichever,n,eitherY,,,0.51,paired,y,,x-identical,
while,before,n,eitherY,,,0.51,,n,adv,co-hyponym-temporal,
whilst,before,n,eitherY,,,0.54,,n,adv,co-hyponym-temporal,
whispered,spoken,n,eitherY,,,0.51,,n,,nym-hyponym,
white,black,y,eitherY,,,0.81,paired,n,adj,antonym,complementary
whites,blacks,n,both,0.52,paired,0.75,paired,n,noun,antonym,complementary
whole,part,n,both,0.91,,0.98,paired,n,noun,nym-meronym,
wholesale,retail,y,both,0.71,,0.79,,n,adj,antonym,complementary
wholly,partly,y,both,0.51,,0.51,,n,adv,antonym,scalar
why,how,n,both,0.53,paired,0.73,paired,n,other/interrogative,co-hyponym,
wide,narrow,y,eitherX,0.53,paired,,,n,adj,antonym,scalar
wider,narrower,n,eitherX,0.67,paired,,,n,adj,antonym,scalar
width,height,n,both,0.92,,0.86,,n,adj,co-hyponym,
wife,husband,y,eitherY,,,0.93,paired,n,noun,antonym,complementary
willingly,not,n,eitherX,0.59,,,,n,not-annotated,proform,
win,lose,y,eitherX,0.58,,,,n,verb,antonym,complementary
wind,rain,n,eitherY,,,0.6,,n,,co-hyponym,
windows,doors,n,both,0.6,paired,0.85,paired,n,noun,co-hyponym,
wine,beer,n,both,0.63,paired,0.91,paired,n,noun,co-hyponym,
wines,beers,n,eitherY,,,0.65,paired,n,noun,co-hyponym,
winning,losing,n,eitherX,0.59,,,,n,verb,antonym,complementary
winter,summer,n,both,0.7,,0.75,,n,noun,antonym-temporal,multiple incompatibility
winters,summers,n,both,0.8,paired,0.98,paired,n,noun,antonym-temporal,multiple incompatibility
wired,wireless,y,both,0.84,paired,0.74,paired,n,adj,antonym,complementary
wireless,wired,y,both,0.97,paired,0.99,paired,n,adj,antonym,complementary
with,without,n,eitherX,0.93,paired,,,n,adv,antonym,complementary
with,alone,n,eitherY,,,0.57,,n,adv,antonym,complementary
withhold,give,n,eitherY,,,0.6,,n,verb,antonym-secondary,complementary
without,with,n,both,0.69,paired,0.96,,n,adv,antonym,complementary
wives,husbands,n,eitherY,,,0.54,paired,n,noun,antonym,complementary
wizards,witches,n,eitherY,,,0.56,,n,noun,co-hyponym,
woke,asleep,n,both,0.78,,0.71,,n,verb,antonym,complementary
woman,man,y,both,0.75,,0.99,,n,noun,antonym,complementary
women,men,n,both,0.85,paired,0.98,paired,n,noun,antonym,complementary
won,lost,y,eitherX,0.59,,,,n,adj/verb,antonym,complementary
wool,cotton,n,eitherY,,,0.67,,n,,co-hyponym,
workplace,home,n,eitherY,,,0.58,,n,,co-hyponym,
worldly,spiritual,n,eitherX,0.58,,,,n,adv,antonym,scalar
worn,new,y,eitherY,,,0.57,,n,adj,antonym,scalar
worse,better,y,eitherY,,,0.69,,n,adj,antonym,scalar
wounding,death,n,both,0.68,,0.78,,n,,co-hyponym,
write,read,n,eitherY,,,0.58,,n,verb,antonym,converse
wrong,right,y,eitherY,,,0.94,,n,adj,antonym,complementary
ya,me,n,eitherX,0.69,,,,n,,x-odd,
yard,house,n,eitherY,,,0.54,,n,,co-hyponym,
yea,no,n,eitherX,0.7,,,,n,noun/adv,antonym,complementary
yeah,no,n,eitherX,0.78,,,,n,noun/adv,antonym,complementary
year,month,n,eitherY,,,0.65,,n,noun,co-hyponym-temporal,
yearly,monthly,n,both,0.54,,0.85,,n,noun,co-hyponym-temporal,
years,months,n,eitherY,,,0.71,,n,noun,co-hyponym-temporal,
yeast,bacteria,n,both,0.67,,0.6,,n,noun,co-hyponym,
yes,no,y,both,0.98,paired,0.89,paired,n,noun/adv,antonym,complementary
yesterday,today,n,both,0.89,,0.83,paired,n,adv,co-hyponym-temporal,
yoga,meditation,n,eitherX,0.51,,,,n,,co-hyponym,
yogurt,milk,n,eitherY,,,0.51,,n,,co-hyponym,
young,old,y,both,0.74,,0.87,,n,adj,antonym,scalar
younger,older,n,both,0.75,paired,0.54,,n,adj,antonym,scalar
youngest,oldest,n,both,0.87,,0.87,paired,n,adj,antonym,scalar
youngster,adult,n,eitherY,,,0.57,,n,noun,antonym-secondary,
yours,mine,n,eitherY,,,0.7,paired,n,other/possessive,antonym,complementary
yuan,dollars,n,eitherY,,,0.52,,n,,co-hyponym,
zero,one,n,eitherY,,,0.57,,n,,co-hyponym-numeric,
zip,city,n,both,0.61,,0.74,,n,noun,other-related,