Seed,Mask,InWordNet,Cxn,ProbX,HasPairX,ProbY,HasPairY,WordsMatch,POS,NymType,AntonymType
able,willing,n,both,0.77,paired,0.85,paired,n,adj,co-hyponym,
abnorm,normal,n,neitherY,,,0.59,,,partial token,x-none,
abnormal,normal,y,both,0.7,paired,0.86,,n,adj,antonym,scalar
above,below,y,both,0.96,paired,0.91,paired,n,adj/adv,antonym,complementary
abroad,here,n,neitherY,,,0.65,,,,co-hyponym,
absence,presence,y,both,0.75,paired,0.96,,n,noun,antonym,complementary
absent,present,y,both,0.51,,0.67,,n,adj,antonym,complementary
abundance,scarcity,y,both,0.7,paired,0.62,paired,n,noun,antonym,scalar
abuser,victim,n,both,0.93,,0.82,,n,noun,antonym,converse
abusers,victims,n,both,0.82,,0.67,,,noun,antonym-secondary,complementary
accept,deny,n,neitherX,0.52,,,,,verb,antonym-secondary,complementary
acceptance,rejection,y,neitherX,0.6,,,,n,noun,antonym,converse
accidental,intentional,n,both,0.63,,0.53,,n,adj,antonym,complementary
accidentally,intentionally,n,both,0.56,,0.59,,n,adv,antonym,complementary
accountability,transparency,n,neitherY,,,0.54,,,,other-related,
acids,bases,n,neitherX,0.59,,,,,,co-hyponym,
acknowled,deny,n,neitherX,0.5,,,,,partial token,x-none,
acknowledges,denies,n,neitherX,0.52,,,,,verb,antonym-secondary,complementary
acquaintances,friends,n,neitherY,,,0.73,,n,noun,nym-near-synonym,
acquisition,merger,n,neitherY,,,0.68,,,,co-hyponym,
acquitted,convicted,n,neitherX,0.89,,,,n,verb,antonym,converse
action,inaction,y,neitherX,0.51,,,,n,noun,antonym,complementary
actively,passively,y,both,0.54,paired,0.59,paired,n,adv,antonym,scalar
actress,actor,n,neitherY,,,0.69,,n,noun,antonym,complementary
actresses,actors,n,both,0.51,,0.91,,n,noun,antonym,complementary
acute,chronic,y,both,0.82,paired,0.7,paired,n,adj,antonym,complementary
add,subtract,y,neitherX,0.61,paired,,,,verb,antonym,complementary
added,removed,n,neitherX,0.55,,,,,verb,antonym,reversive
address,name,n,neitherY,,,0.55,,,,co-hyponym,
adjective,noun,n,both,0.73,,0.8,,n,noun,co-hyponym,
admit,deny,y,both,0.92,,0.67,,n,verb,antonym,complementary
admits,denies,n,both,0.98,,0.94,,n,verb,antonym,complementary
admitted,denied,n,both,0.97,,0.69,,n,verb,antonym,complementary
admitting,denying,n,both,0.98,,0.86,,n,verb,antonym,complementary
adolescence,childhood,n,neitherY,,,0.65,,n,noun,co-hyponym,multiple incompatibility
adolescents,children,n,neitherY,,,0.55,,,,co-hyponym,
adopted,born,n,neitherY,,,0.52,,,,other-related,
adoptive,foster,n,neitherX,0.59,,,,,,co-hyponym,
adult,child,n,both,0.51,paired,0.78,,n,noun,antonym,multiple incompatibility
adulthood,childhood,n,neitherY,,,0.57,,,noun,antonym,complementary
adults,children,n,both,0.57,,0.68,,n,noun,antonym,multiple incompatibility
advancing,retreating,n,neitherX,0.77,,,,n,verb,antonym,converse
advant,disadvantage,n,neitherX,0.83,,,,,partial token,x-none,
advantage,disadvantage,y,neitherX,0.79,paired,,,n,noun,antonym,complementary
advantages,disadvantages,n,neitherX,0.91,paired,,,n,noun,antonym,complementary
adversaries,friends,n,neitherY,,,0.52,,,noun,antonym-secondary,complementary
adversary,friend,n,neitherY,,,0.74,,n,noun,antonym,complementary
adversely,positively,n,both,0.61,,0.73,,n,adv,antonym-secondary,scalar
aerial,terrestrial,n,both,0.52,,0.73,,n,adj,co-hyponym,complementary
afar,near,n,both,0.87,,0.81,,,adv,antonym-secondary,scalar
affiliated,sponsored,n,both,0.53,,0.77,,,,co-hyponym,
affirm,deny,n,both,0.9,,0.61,,,verb,antonym-secondary,complementary
affirmation,denial,n,neitherX,0.58,,,,,noun,antonym-secondary,complementary
affirmative,negative,y,both,0.96,,0.74,,n,adj,antonym,complementary
affirmed,denied,n,neitherX,0.57,,,,,verb,antonym-secondary,complementary
affluent,poor,n,neitherY,,,0.62,,n,adj/noun,antonym-secondary,scalar
aft,fore,y,neitherY,,,0.97,,n,adj,antonym,complementary
after,before,n,both,0.89,,0.98,,n,adj/adv,antonym-temporal,complementary
afternoon,evening,n,neitherX,0.51,,,,,,co-hyponym-temporal,
afternoon,morning,n,neitherY,,,0.98,,n,noun,co-hyponym,
afterward,before,n,neitherY,,,0.84,,n,adv,antonym-temporal,complementary
afterwards,before,n,neitherY,,,0.53,,n,adv,antonym-temporal,complementary
against,for,n,both,0.73,paired,0.93,paired,n,adv,antonym,complementary
agility,speed,n,neitherY,,,0.57,,n,noun,co-hyponym,
ago,now,n,both,0.55,,0.64,,,,co-hyponym-temporal,
agree,disagree,y,both,0.81,paired,0.55,paired,n,verb,antonym,complementary
ahead,behind,n,neitherX,0.95,paired,,,n,adv,antonym,complementary
aided,hindered,n,neitherX,0.54,,,,,verb,antonym-secondary,scalar
air,water,n,both,0.56,,0.56,,,,co-hyponym,
alien,human,n,neitherY,,,0.6,,,,co-hyponym,
alike,different,n,both,0.53,,0.74,,n,adj,antonym,complementary
alive,dead,y,both,0.96,paired,0.98,paired,n,adj,antonym,complementary
allege,deny,n,neitherX,0.7,,,,,verb,antonym-secondary,complementary
alleges,denies,n,neitherX,0.55,,,,,verb,antonym-secondary,complementary
alleging,denying,n,neitherX,0.68,,,,,verb,antonym-secondary,complementary
alot,much,n,neitherY,,,0.51,,,,nym-near-synonym,
alpha,beta,n,both,0.6,,0.79,paired,n,adj,co-hyponym,
aluminum,steel,n,neitherY,,,0.51,,n,noun,co-hyponym,
amateur,professional,y,both,0.87,,0.79,,n,noun,antonym,complementary
amended,repealed,n,neitherX,0.63,,,,,,co-hyponym,
ample,insufficient,n,neitherX,0.51,,,,n,adj,antonym-secondary,complementary
amygdala,hippocampus,n,neitherX,0.7,,,,,,co-hyponym,
an,a,n,neitherX,0.55,,,,,,x-odd,
analog,digital,n,both,0.9,,0.78,paired,n,adj,antonym,complementary
analogue,digital,y,both,0.8,,0.7,,n,adj,antonym,complementary
angels,demons,n,neitherX,0.55,paired,,,,,co-hyponym,
animal,man,n,neitherY,,,0.64,,,,co-hyponym,
anime,manga,n,both,0.87,,0.7,paired,,,co-hyponym,
another,one,n,neitherY,,,0.85,,n,other/det,co-hyponym-numeric,
answer,question,y,neitherY,,,0.86,,n,noun/verb,antonym,complementary
answered,asked,n,neitherY,,,0.62,,n,verb,antonym,complementary
answers,questions,n,neitherY,,,0.83,,n,noun,antonym,complementary
antagonist,protagonist,n,neitherY,,,0.72,,n,noun,antonym,complementary
antagonists,protagonists,n,neitherY,,,0.67,,,noun,antonym,complementary
anterior,posterior,y,both,0.99,paired,0.85,paired,n,adj,antonym,complementary
anthem,flag,n,neitherY,,,0.71,,,,other-related,
anti,pro,y,both,0.89,,0.98,,n,adj,antonym,complementary
anybody,anything,n,neitherX,0.63,,,,,,co-hyponym,
anyone,anything,n,neitherX,0.79,,,,,,co-hyponym,
anywhere,here,n,neitherY,,,0.8,,,,co-hyponym,
apart,together,n,neitherY,,,0.7,,n,adv,antonym,complementary
ape,man,n,neitherY,,,0.75,,,,co-hyponym,
apologise,retract,n,neitherX,0.75,,,,,,other-related,
apologize,retract,n,neitherX,0.51,,,,,,other-related,
appear,appear,n,neitherX,0.55,paired,,,,,x-identical,
appellant,defendant,n,both,0.71,,0.63,,n,noun,co-hyponym,
appointed,elected,n,neitherY,,,0.82,,n,adj/verb,antonym,complementary
apprentice,master,n,both,0.92,,0.96,,,noun,antonym-secondary,complementary
approve,disapprove,y,neitherX,0.84,,,,n,verb,antonym,complementary
aquatic,terrestrial,n,both,0.93,,0.94,,n,adj,co-hyponym,multiple incompatibility
armored,armed,n,neitherY,,,0.54,,,,co-hyponym,
armoured,armed,n,neitherY,,,0.5,,,,co-hyponym,
arrested,charged,n,neitherX,0.7,,,,,,co-hyponym,
arrival,departure,n,neitherX,0.88,,,,n,noun,antonym,reversive
arrivals,departures,n,both,0.95,,0.69,paired,n,noun,antonym,reversive
arrive,depart,n,neitherX,0.77,,,,,verb,antonym,reversive
arrives,leaves,n,neitherX,0.75,,,,,verb,antonym,reversive
arriving,departing,n,neitherX,0.72,paired,,,,verb,antonym,reversive
arrow,bow,n,neitherY,,,0.76,,,,co-hyponym,
art,science,n,both,0.72,,0.64,,,,co-hyponym,
arteries,veins,n,both,0.82,paired,0.53,paired,n,noun,antonym,complementary
artif,natural,n,neitherX,0.53,,,,,partial token,x-none,
artificial,natural,y,both,0.82,,0.92,,n,adj,antonym,complementary
artificially,naturally,y,both,0.61,,0.75,,n,adv,antonym,complementary
ascended,descended,n,neitherX,0.74,,,,,verb,antonym,reversive
ascending,descending,y,both,0.95,paired,0.61,paired,n,adj/verb,antonym,complementary
ascent,descent,y,both,0.95,paired,0.62,paired,n,noun,antonym,complementary
asked,answered,n,neitherX,0.61,,,,,verb,antonym,complementary
asking,answering,n,neitherX,0.59,,,,,verb,antonym,complementary
asleep,awake,y,both,0.9,paired,0.98,paired,n,adj,antonym,complementary
assailant,victim,n,both,0.89,,0.92,,n,noun,antonym,complementary
assailants,victims,n,both,0.58,,0.61,,,noun,antonym-secondary,complementary
assault,battery,n,neitherX,0.62,,,,,,other-conventional,
assert,deny,n,neitherX,0.75,,,,,verb,antonym-secondary,complementary
asserted,denied,n,neitherX,0.6,,,,,verb,antonym-secondary,complementary
asserting,denying,n,neitherX,0.64,,,,,verb,antonym-secondary,complementary
asserts,denies,n,neitherX,0.7,,,,,verb,antonym-secondary,complementary
asset,liability,y,both,0.85,,0.69,,n,noun,antonym,complementary
assets,liabilities,n,neitherX,0.96,paired,,,n,noun,antonym,complementary
assigning,receiving,n,neitherX,0.54,,,,,,co-hyponym,
assigns,grants,n,neitherX,0.51,,,,,,co-hyponym,
assists,goals,n,both,0.82,,0.82,,n,noun,co-hyponym,complementary
associated,related,n,neitherY,,,0.51,,,,nym-near-synonym,
assured,guaranteed,n,neitherX,0.64,,,,,,nym-near-synonym,
asteroid,comet,n,both,0.63,,0.65,,n,noun,co-hyponym,
astonished,surprised,n,neitherY,,,0.5,,,,nym-near-synonym,
ate,drank,n,neitherX,0.77,,,,,,co-hyponym,
atop,below,n,neitherY,,,0.63,,n,adv,antonym-secondary,complementary
attacker,victim,n,both,0.9,,0.92,,n,noun,antonym,complementary
attackers,victims,n,both,0.58,,0.65,,n,noun,antonym,complementary
attest,deny,n,neitherX,0.8,,,,,verb,antonym-secondary,complementary
attic,basement,n,both,0.62,paired,0.54,paired,n,noun,antonym,complementary
audible,visible,n,neitherY,,,0.55,,,,co-hyponym,
audio,video,n,neitherX,0.76,,,,n,adj,co-hyponym,
auditory,visual,n,both,0.51,,0.65,,n,adj,co-hyponym,
aunt,uncle,y,both,0.95,,0.84,paired,,noun,antonym,
automatic,manual,y,both,0.6,paired,0.63,,n,adj,antonym,scalar
autumn,winter,n,neitherX,0.77,,,,n,noun,co-hyponym-temporal,multiple incompatibility
autumn,spring,n,neitherY,,,0.52,,,,co-hyponym,multile incompatibility
avenue,street,n,both,0.6,,0.5,,n,noun,co-hyponym,
aversion,attraction,n,neitherY,,,0.59,,n,noun,antonym,scalar
awake,asleep,y,both,0.82,paired,0.77,paired,n,adj,antonym,complementary
awaken,sleep,n,both,0.53,,0.59,,,verb,antonym-secondary,complementary
away,near,n,neitherY,,,0.65,,,,co-hyponym,
awe,fear,n,neitherY,,,0.71,,,,co-hyponym,
awoke,slept,n,neitherY,,,0.62,,n,verb,antonym,complementary
backend,front,n,neitherY,,,0.75,,n,adj/noun,antonym-secondary,complementary
backward,forward,y,both,0.92,paired,0.98,paired,n,adj/adv,antonym,complementary
backwards,forwards,n,both,0.94,paired,0.67,paired,n,adj/adv,antonym,complementary
bacterial,viral,n,neitherX,0.61,,,,n,adj,co-hyponym,
bad,good,y,both,0.95,,1,,n,adj,antonym,scalar
badly,well,y,neitherY,,,0.63,,n,adv,antonym,scalar
balances,checks,n,neitherY,,,0.98,,n,noun,other-conventional,
baptism,confirmation,n,neitherX,0.73,,,,,,co-hyponym,
baptized,confirmed,n,neitherX,0.53,,,,,,co-hyponym,
barley,wheat,n,both,0.79,paired,0.93,paired,n,noun,co-hyponym,
barren,fertile,n,neitherY,,,0.67,,n,adj,antonym,complementary
basement,attic,n,both,0.74,paired,0.87,paired,,noun,antonym,
battered,bruised,n,neitherY,,,0.63,,n,verb,co-hyponym,
batters,pitchers,n,both,0.69,,0.64,,n,noun,antonym,complementary
batting,fielding,n,neitherX,0.53,,,,,,co-hyponym,
batting,bowling,n,neitherY,,,0.5,,,verb,antonym,complementary
beast,man,n,both,0.74,,0.98,,n,noun,co-hyponym,
beasts,men,n,neitherY,,,0.5,,,,co-hyponym,
became,was,n,neitherY,,,0.58,,,,proform,
becomes,is,n,neitherY,,,0.65,,,,proform,
bedroom,bathroom,n,neitherX,0.71,,,,,,co-hyponym,
bedrooms,bathrooms,n,neitherX,0.72,,,,,,co-hyponym,
begin,end,y,neitherX,0.71,,,,n,verb,antonym,complementary
beginner,expert,n,both,0.57,,0.62,,,noun,antonym,scalar
beginners,experts,n,neitherX,0.53,,,,,noun,antonym,scalar
beginning,end,n,both,0.7,paired,0.66,paired,n,noun,antonym,complementary
beginnings,endings,n,both,0.62,paired,0.65,paired,,noun,antonym,complementary
begins,ends,n,both,0.96,,0.81,paired,n,verb,antonym,complementary
behind,ahead,n,both,0.96,paired,0.97,,n,other/preposition/adv,antonym,complementary
believers,skeptics,n,neitherX,0.68,,,,n,noun,antonym,complementary
below,above,y,both,0.97,paired,0.98,paired,n,adj/adv,antonym,complementary
beneath,above,n,both,0.92,,0.91,,n,adj/adv,antonym,complementary
benefits,costs,n,both,0.59,,0.69,,,noun,antonym,scalar
besides,before,n,neitherY,,,0.73,,,,x-odd,
best,worst,y,neitherX,0.68,paired,,,n,adj,antonym,scalar
beta,gamma,n,neitherX,0.6,,,,,,co-hyponym,
beta,alpha,n,neitherY,,,0.97,paired,n,adj,co-hyponym,
better,worse,y,both,0.98,paired,0.79,paired,n,adj,antonym,scalar
beverage,food,n,both,0.75,,0.97,,n,noun,antonym,complementary
beverages,food,n,neitherY,,,0.61,,n,noun,antonym,complementary
beyond,here,n,neitherY,,,0.64,,,,co-hyponym,
big,small,y,both,0.78,,0.68,,n,adj,antonym,scalar
bigger,smaller,n,both,0.88,,0.73,,n,adj,antonym,scalar
billion,million,n,neitherY,,,0.57,,,,co-hyponym-numeric,
birth,death,y,both,0.96,,0.53,,,noun,antonym,complementary
births,deaths,n,both,0.94,,0.58,paired,n,noun,antonym,complementary
bisexual,gay,n,neitherY,,,0.51,,,,co-hyponym,
bits,bytes,n,neitherX,0.6,,,,n,noun,co-hyponym,
black,white,y,both,0.96,paired,0.93,paired,n,adj,antonym,complementary
blacks,whites,n,both,0.91,paired,0.89,paired,n,noun,antonym,complementary
blah,blah,n,both,0.75,paired,0.6,paired,y,adj,x-identical,
bless,curse,y,both,0.94,,0.6,,n,verb,antonym,complementary
blessed,cursed,y,neitherX,0.6,paired,,,,adj,antonym,scalar
blessing,curse,n,neitherX,0.88,paired,,,n,noun,antonym,complementary
blessings,curses,n,neitherX,0.68,,,,n,noun,antonym,complementary
blood,flesh,n,neitherY,,,0.54,,,,other-conventional,
body,soul,n,neitherX,0.62,,,,,,contrast-conceptual,
bolts,nuts,n,neitherY,,,0.89,,,,co-hyponym,
bone,flesh,n,neitherY,,,0.58,,,,co-hyponym,
boom,bust,n,neitherX,0.98,,,,n,noun,antonym,complementary
boon,curse,n,neitherX,0.81,,,,n,noun,antonym,complementary
borough,city,n,neitherY,,,0.73,,n,noun,co-hyponym,
borrow,lend,y,neitherX,0.6,,,,,verb,antonym,converse
borrower,creditor,n,neitherX,0.66,,,,,noun,antonym,converse
borrower,lender,y,neitherY,,,0.59,paired,,noun,antonym,complementary
borrowers,lenders,n,both,0.68,paired,0.86,paired,,noun,antonym,converse
both,neither,n,neitherX,0.66,,,,,adj,antonym,complementary
both,one,n,neitherY,,,0.64,,,adj,antonym-secondary,
bottom,top,y,both,0.86,paired,0.96,paired,n,adj,antonym,scalar
bought,sold,n,both,0.94,,0.57,paired,,verb,antonym,complementary
bourgeoisie,proletariat,n,both,0.56,,0.62,,n,noun,antonym,complementary
bow,arrow,n,neitherX,0.72,,,,,,co-hyponym,
bow,sword,n,neitherY,,,0.57,,,,co-hyponym,
bows,arrows,n,neitherX,0.69,,,,n,noun,co-hyponym,
boy,man,n,neitherY,,,0.86,,,,co-hyponym,
boyfriend,girlfriend,n,both,0.99,paired,0.74,paired,n,noun,antonym,complementary
boys,girls,n,neitherX,0.83,paired,,,n,noun,antonym,complementary
boys,men,n,neitherY,,,0.63,,,,co-hyponym,
braking,acceleration,n,both,0.56,,0.53,,,noun,antonym,scalar
breadth,depth,n,neitherX,0.75,,,,,noun,antonym,complementary
break,bend,n,neitherY,,,0.59,,,,co-hyponym,
breaking,bending,n,neitherY,,,0.55,,,,co-hyponym,
brethren,sisters,n,neitherX,0.51,,,,,noun,antonym-secondary,complementary
brick,mortar,n,neitherX,0.62,,,,,,other-conventional,
bride,groom,n,both,0.97,paired,0.87,paired,n,noun,antonym,complementary
broad,narrow,n,neitherX,0.53,,,,n,adj,antonym,scalar
broader,narrower,n,neitherX,0.69,,,,n,adj,antonym,scalar
broadly,narrowly,y,both,0.51,,0.51,,,adv,antonym,scalar
brother,sister,y,neitherX,0.97,paired,,,n,noun,antonym,complementary
brothers,sisters,n,neitherX,0.9,paired,,,,noun,antonym,complementary
bug,feature,n,neitherY,,,0.57,,n,noun,antonym,converse
buggy,horse,n,neitherY,,,0.6,,,,other-related,
bush,tree,n,both,0.67,,0.61,,,,co-hyponym,
bushes,trees,n,neitherX,0.57,,,,n,noun,co-hyponym,
busiest,busiest,n,neitherX,0.51,paired,,,,,x-identical,
buy,sell,y,both,0.97,,0.92,paired,n,verb,antonym,converse
buyer,seller,n,both,1,paired,0.97,paired,n,noun,antonym,converse
buyers,sellers,n,both,0.96,paired,0.9,paired,n,noun,antonym,converse
buying,selling,n,both,0.99,paired,0.89,paired,n,verb,antonym,converse
buys,sells,n,both,0.99,paired,0.88,paired,n,verb,antonym,converse
bye,hello,n,neitherY,,,0.73,,,other/interjection,antonym,complementary
cable,satellite,n,neitherX,0.63,,,,n,adj,co-hyponym,
calorie,fat,n,both,0.63,,0.54,,n,noun,other-related,
calories,fat,n,both,0.67,,0.53,,n,noun,other-related,
came,went,n,both,0.74,paired,0.52,paired,,verb,antonym,
can,will,n,neitherX,0.59,,,,,,co-hyponym,
canine,human,n,neitherY,,,0.65,,n,adj,co-hyponym,
canned,bottled,n,both,0.7,,0.6,,n,adj,co-hyponym,
cans,bottles,n,both,0.77,,0.62,,n,noun,co-hyponym,
capitalism,socialism,y,both,0.56,paired,0.6,paired,n,noun,co-hyponym,
capitalist,socialist,n,both,0.55,,0.58,paired,n,adj,co-hyponym,
captive,free,n,neitherX,0.55,,,,n,adj,antonym,complementary
carbohydrate,protein,n,both,0.59,,0.55,,n,noun,co-hyponym,
cares,knows,n,neitherY,,,0.52,,,,opposition-indirect,
carriage,horse,n,neitherY,,,0.97,,n,noun,other-related,
cart,horse,n,neitherY,,,0.87,,,,other-related,
carts,horses,n,neitherY,,,0.66,,,,other-related,
cat,dog,n,both,0.7,paired,0.74,paired,n,noun,co-hyponym,
catcher,pitcher,n,both,0.73,,0.78,,n,noun,antonym,complementary
cats,dogs,n,both,0.67,paired,0.76,paired,n,noun,co-hyponym,
caucuses,primaries,n,both,0.68,paired,0.88,paired,n,noun,co-hyponym,
causation,correlation,n,both,0.54,paired,0.6,paired,n,noun,contrast-conceptual,
cause,effect,n,both,0.98,,0.64,paired,n,noun,antonym,complementary
causes,effects,n,neitherX,0.75,paired,,,,noun,antonym,complementary
cavalry,infantry,n,both,0.67,,0.71,,n,noun,co-hyponym,
ceiling,floor,n,both,0.75,paired,0.76,,n,noun,antonym,complementary
ceilings,walls,n,neitherY,,,0.62,,n,noun,co-hyponym,
celestial,terrestrial,n,neitherX,0.6,,,,n,adj,co-hyponym,multiple incompatibility
centralized,decentralized,y,neitherX,0.62,,,,n,adj/verb,antonym,complementary
cents,dollars,n,neitherY,,,0.51,,n,noun,co-hyponym,
certify,deny,n,neitherX,0.82,,,,,verb,antonym-secondary,complementary
chaos,order,n,both,0.67,,0.65,,,noun,antonym,scalar
charged,convicted,n,neitherX,0.53,,,,,,co-hyponym,
charged,arrested,n,neitherY,,,0.75,,,,co-hyponym,
cheat,lie,n,neitherY,,,0.62,,,,co-hyponym,
checks,balances,n,neitherX,0.69,,,,,,other-conventional,
chemistry,physics,n,neitherY,,,0.56,,,,co-hyponym,
chemotherapy,radiation,n,neitherX,0.76,,,,,,co-hyponym,
child,adult,n,neitherX,0.64,paired,,,n,noun,antonym,multiple incompatibility
child,man,n,neitherY,,,0.59,,,,co-hyponym,
chilled,hot,n,neitherY,,,0.56,,,adj,antonym-secondary,scalar
chilly,hot,n,neitherY,,,0.57,,n,adj,antonym-secondary,scalar
chronic,acute,y,both,0.58,paired,0.9,paired,n,adj,antonym,complementary
church,state,n,both,0.95,,0.68,,,,co-hyponym,
cider,beer,n,neitherY,,,0.52,,n,noun,co-hyponym,
circle,square,n,neitherY,,,0.53,,,,co-hyponym,
cis,trans,n,neitherX,0.67,,,,n,adj,antonym,complementary
civilian,military,y,both,0.77,,0.61,,n,adj,antonym,complementary
class,race,n,neitherY,,,0.68,,n,noun,co-hyponym,
claw,tooth,n,neitherY,,,0.77,,,,co-hyponym,
claws,teeth,n,neitherY,,,0.51,,,,co-hyponym,
clay,stone,n,neitherY,,,0.51,,,,co-hyponym,
clean,dirty,y,neitherX,0.52,,,,n,adj,antonym,scalar
close,far,n,both,0.55,,0.58,,,adj,antonym,scalar
closed,open,y,both,0.62,,0.86,,n,adj,antonym,scalar
closes,opens,n,both,0.78,paired,0.98,paired,n,verb,antonym,scalar
closing,opening,y,neitherY,,,0.93,paired,n,verb,antonym,scalar
cloud,sun,n,neitherY,,,0.79,,,,co-hyponym,
clouds,sun,n,neitherY,,,0.57,,n,noun,co-hyponym,
cloudy,sunny,n,both,0.84,paired,0.87,,n,adj,co-hyponym,
coffee,tea,n,both,0.73,paired,0.76,paired,n,noun,co-hyponym,
cold,hot,y,both,0.72,paired,0.9,paired,n,adj,antonym,scalar
colder,warmer,n,both,0.77,paired,0.69,paired,n,adj,antonym,scalar
colleague,friend,n,neitherY,,,0.53,,,,co-hyponym,
colleagues,friends,n,neitherY,,,0.53,,n,noun,co-hyponym,
collective,individual,n,both,0.65,,0.76,,n,adj,antonym,complementary
collectively,individually,n,both,0.78,paired,0.92,paired,n,adv,antonym,complementary
colleges,universities,n,neitherX,0.67,,,,,,co-hyponym,
collegiate,professional,n,neitherX,0.53,,,,,,co-hyponym,
collusion,conspiracy,n,neitherX,0.52,,,,,,nym-near-synonym,
colonel,major,n,neitherX,0.58,,,,,,co-hyponym,
colored,white,n,both,0.62,,0.89,,n,adj,co-hyponym,
column,row,n,neitherY,,,0.51,paired,,noun,antonym,complementary
columns,rows,n,neitherY,,,0.87,paired,,noun,antonym,complementary
come,go,y,neitherX,0.65,paired,,,n,verb,antonym,complementary
comedy,tragedy,y,neitherX,0.59,,,,,,co-hyponym,
comes,goes,n,both,0.93,,0.69,paired,n,verb,antonym,complementary
coming,going,n,neitherX,0.87,paired,,,n,verb,antonym,complementary
communism,capitalism,n,neitherX,0.59,,,,n,noun,co-hyponym,
communist,capitalist,n,neitherX,0.56,,,,n,adj/noun,co-hyponym,
compass,map,n,neitherY,,,0.52,,,,co-hyponym,
complex,simple,y,neitherY,,,0.84,,n,adj,antonym,scalar
comrades,friends,n,neitherY,,,0.53,,,,nym-near-synonym,
con,pro,y,neitherY,,,0.99,paired,n,noun,antonym,complementary
conced,score,n,neitherX,0.57,,,,,partial token,x-none,
confer,deny,n,neitherX,0.75,,,,,,opposition-indirect,
confess,deny,n,neitherX,0.62,,,,,verb,antonym-secondary,complementary
confirm,deny,n,both,1,,0.97,paired,n,verb,antonym,complementary
confirmed,denied,n,neitherX,0.84,,,,,verb,antonym,complementary
confirming,denying,n,both,0.99,,0.7,,,verb,antonym,complementary
confirms,denies,n,both,0.97,,0.72,paired,,verb,antonym,complementary
congressman,senator,n,neitherX,0.73,,,,,,co-hyponym,
cons,pros,n,neitherY,,,0.97,paired,n,noun,antonym,complementary
consciously,unconsciously,y,neitherX,0.68,paired,,,n,adv,antonym,complementary
consequence,cause,n,neitherY,,,0.54,,,noun,antonym-secondary,complementary
conservatism,liberalism,n,neitherY,,,0.52,,n,noun,antonym,scalar
conservative,liberal,y,both,0.84,paired,0.91,paired,n,noun,antonym,scalar
conservatives,liberals,n,both,0.72,paired,0.73,paired,n,noun,antonym,scalar
consulate,embassy,n,both,0.72,paired,0.8,,n,noun,co-hyponym,
consumer,producer,n,neitherY,,,0.58,,,noun,antonym,complementary
consumes,produces,n,both,0.55,,0.61,,,verb,antonym,complementary
consumption,production,n,neitherY,,,0.56,,,noun,antonym-secondary,
contends,denies,n,neitherX,0.53,,,,,verb,antonym-secondary,complementary
contra,pro,n,neitherY,,,0.95,,n,adv,antonym-secondary,complementary
contraception,abortion,n,neitherX,0.54,,,,,,other-related,
contracting,expanding,n,both,0.72,,0.94,,,verb,antonym,reversive
contraction,expansion,y,both,0.77,paired,0.88,paired,n,noun,antonym,scalar
contrasted,compared,n,neitherY,,,0.5,,,,other-conventional,
convicted,charged,n,neitherY,,,0.59,,,,co-hyponym,
cooked,raw,y,neitherY,,,0.58,,n,adj,antonym,scalar
cooled,heated,n,both,0.78,paired,0.84,,n,adj/verb,antonym,scalar
cooler,warmer,n,both,0.64,,0.7,,n,adj,antonym,scalar
cooling,heating,n,both,0.92,paired,0.94,,n,adj/verb,antonym,scalar
copyright,trademark,n,both,0.51,,0.58,,,,co-hyponym,
copyrighted,trademark,n,neitherY,,,0.65,,,,co-hyponym,
cornerback,safety,n,neitherX,0.53,,,,,,co-hyponym,
correlation,causation,n,both,0.53,paired,0.53,paired,n,noun,contrast-conceptual,
could,would,n,both,0.59,paired,0.59,,,,co-hyponym,
couldn,would,n,both,0.57,,0.6,,,partial token,x-none,
countryside,city,n,neitherY,,,0.72,,n,noun,antonym,complementary
county,city,n,neitherY,,,0.64,,n,noun,co-hyponym,
covert,overt,y,neitherY,,,0.62,,n,adj,antonym,complementary
crawl,walk,n,neitherY,,,0.5,,n,verb,co-hyponym,
crawled,walked,n,neitherY,,,0.52,,n,verb,co-hyponym,
crawling,walking,n,both,0.6,,0.69,,n,verb,co-hyponym,
creates,destroys,n,neitherX,0.51,,,,,verb,antonym,complementary
creation,destruction,n,neitherX,0.6,,,,,noun,antonym,complementary
creditor,debtor,y,both,0.84,paired,0.81,paired,n,noun,antonym,converse
creek,river,n,neitherY,,,0.58,,n,noun,co-hyponym,
crochet,knit,n,neitherY,,,0.86,,n,verb,co-hyponym,
crypto,fiat,n,neitherY,,,0.52,,n,adj,antonym-secondary,complementary
culp,liable,n,neitherX,0.58,,,,,partial token,x-none,
culprit,victim,n,both,0.65,,0.69,,n,noun,antonym,complementary
cure,cause,n,neitherY,,,0.52,,,,opposition-indirect,
curse,blessing,n,both,0.78,paired,0.82,,n,noun,antonym,complementary
cursed,blessed,y,both,0.88,paired,0.95,,n,adj/verb,antonym,complementary
curved,straight,y,neitherY,,,0.53,,n,adj,antonym,scalar
custody,visitation,n,neitherX,0.85,,,,,,other-related,
dad,mom,n,neitherY,,,0.72,paired,n,noun,antonym,complementary
dads,moms,n,neitherY,,,0.83,,n,noun,antonym,complementary
dagger,sword,n,neitherY,,,0.71,,,,co-hyponym,
daily,weekly,n,neitherX,0.54,,,,n,adv,co-hyponym-temporal,
dairy,meat,n,neitherY,,,0.52,,n,noun,co-hyponym,
damp,dry,n,neitherY,,,0.52,,n,adj,antonym-secondary,scalar
dances,sings,n,both,0.59,,0.5,,,,co-hyponym,
dark,light,y,both,0.86,,0.89,,n,adj/noun,antonym,scalar
darker,lighter,n,both,0.82,,0.61,,n,adj,antonym,scalar
darkest,brightest,n,both,0.8,,0.66,,n,adj,antonym,scalar
darkness,light,n,both,0.86,,0.9,,n,noun,antonym,scalar
dart,bullet,n,neitherY,,,0.53,,,,co-hyponym,
dat,this,n,neitherY,,,0.63,,,partial token,x-none,
daughter,son,y,neitherX,0.78,paired,,,,noun,antonym,complementary
daughters,sons,n,both,0.76,paired,0.97,paired,n,noun,antonym,complementary
dawn,dusk,n,neitherX,0.66,paired,,,n,noun,antonym,complementary
day,night,y,both,0.99,paired,0.99,paired,n,noun,antonym,complementary
days,nights,n,neitherX,0.68,paired,,,,noun,antonym,complementary
daytime,nighttime,n,neitherX,0.72,paired,,,n,noun,antonym,complementary
dead,alive,y,both,0.92,paired,0.76,paired,n,adj,antonym,complementary
deaf,blind,n,neitherY,,,0.71,,,,co-hyponym,
death,life,n,neitherY,,,0.73,paired,n,noun,antonym,complementary
deaths,births,n,neitherY,,,0.86,paired,,noun,antonym,complementary
debit,credit,y,both,0.97,,0.97,,n,noun,antonym,complementary
debt,equity,n,neitherX,0.51,paired,,,n,noun,antonym-secondary,complementary
debtor,creditor,y,both,0.96,paired,0.89,paired,n,noun,antonym,converse
decades,centuries,n,neitherX,0.79,,,,,,co-hyponym-temporal,
deceased,alive,n,both,0.9,,0.87,,n,adj,antonym,complementary
deceptive,misleading,n,both,0.94,paired,0.57,,n,adj,nym-near-synonym,
declare,deny,n,neitherX,0.65,,,,,verb,antonym-secondary,complementary
decline,growth,n,neitherY,,,0.54,,,noun,antonym-secondary,scalar
declined,increased,n,neitherY,,,0.64,,,verb,antonym,reversive
decode,encode,y,neitherY,,,0.73,,n,verb,antonym,reversive
decrease,increase,y,both,0.91,paired,0.96,paired,n,noun/verb,antonym,scalar
decreased,increased,y,both,0.99,paired,0.99,paired,n,adj/verb,antonym,scalar
decreases,increases,n,both,0.94,paired,0.98,paired,n,verb,antonym,scalar
decreasing,increasing,y,both,0.89,paired,0.93,paired,n,verb,antonym,scalar
deductible,payable,n,neitherX,0.57,,,,,,co-hyponym,
deeds,words,n,neitherY,,,0.75,,n,noun,contrast-conceptual,
defamation,libel,n,neitherY,,,0.55,,,,co-hyponym,
defeat,victory,y,both,0.89,paired,0.93,,n,noun,antonym,complementary
defence,attack,n,neitherY,,,0.55,,n,noun,antonym,reversive
defend,attack,y,neitherY,,,0.58,,n,verb,antonym,reversive
defendant,plaintiff,y,both,0.51,paired,0.69,paired,,noun,antonym,complementary
defending,attacking,n,both,0.52,,0.53,,n,adj/verb,antonym,reversive
defense,offense,y,both,0.91,paired,0.97,paired,n,noun,antonym,complementary
defenseman,forward,n,both,0.56,,0.55,,n,noun,antonym,complementary
defensive,offensive,y,both,0.91,paired,0.69,,n,adj,antonym,complementary
defensively,offensively,y,both,0.86,paired,0.97,paired,n,adv,antonym,complementary
deficient,surplus,n,neitherX,0.58,,,,,,opposition-indirect,
deficit,surplus,n,both,0.72,paired,0.92,paired,n,noun,antonym,complementary
deflation,inflation,y,both,0.91,paired,0.95,,n,noun,antonym,complementary
delet,adds,n,neitherY,,,0.6,,,partial token,x-none,
delete,insert,n,neitherY,,,0.5,,,verb,antonym,reversive
deliberate,accidental,n,neitherX,0.64,,,,n,adj,antonym,complementary
delinquent,delinquent,n,neitherY,,,0.66,paired,,,x-identical,
delivers,promises,n,neitherY,,,0.69,,,,co-hyponym,
delusions,hallucinations,n,neitherX,0.54,,,,,,co-hyponym,
demand,supply,y,both,0.94,paired,0.99,paired,n,noun,antonym,complementary
democrat,republican,n,both,0.83,,0.78,,n,noun,co-hyponym,complementary
demons,angels,n,both,0.75,paired,0.91,,,,co-hyponym,
denied,confirmed,n,neitherY,,,0.77,,n,verb,antonym,complementary
denies,confirms,n,neitherY,,,0.86,paired,,verb,antonym,complementary
denotes,indicates,n,neitherX,0.74,,,,,,nym-near-synonym,
deny,confirm,n,neitherY,,,0.93,paired,n,verb,antonym,complementary
departing,arriving,n,both,0.77,paired,0.87,,n,adj/verb,antonym,reversive
departures,arrivals,n,neitherY,,,0.51,paired,,noun,antonym,reversive
depreciation,inflation,n,neitherY,,,0.63,,n,noun,co-hyponym,
depressive,manic,n,both,0.66,,0.86,,n,adj,co-hyponym,
depths,heights,n,both,0.66,,0.83,,,noun,antonym,scalar
dere,here,n,neitherY,,,0.54,,,partial token,x-none,
desc,ascend,n,neitherX,0.54,,,,,partial token,x-none,
descend,ascend,y,neitherY,,,0.78,,,verb,antonym,reversive
descending,ascending,y,both,0.5,paired,0.64,paired,n,adj/verb,antonym,complementary
descent,ascent,y,both,0.71,paired,0.55,paired,,noun,antonym,reversive
desktop,laptop,n,both,0.55,,0.55,,,,co-hyponym,
destroying,creating,n,neitherY,,,0.57,,,verb,antonym,complementary
destruct,create,n,neitherY,,,0.71,,,verb,antonym,complementary
destruction,creation,n,neitherY,,,0.56,,,noun,antonym,complementary
detain,arrest,n,neitherY,,,0.67,,,,co-hyponym,
detract,add,n,neitherY,,,0.6,,n,verb,antonym-secondary,scalar
devil,angel,n,both,0.64,,0.6,,,,co-hyponym,
devils,angels,n,both,0.6,,0.87,,,noun,antonym,complementary
df,df,n,both,0.6,paired,0.54,paired,,,x-identical,
diagnosis,treatment,n,neitherX,0.54,,,,,,co-hyponym,
diamonds,gold,n,neitherY,,,0.71,,n,noun,co-hyponym,
didn,did,n,neitherY,,,0.51,,,partial token,x-none,
didnt,did,n,both,0.71,,0.91,,,verb,antonym,complementary
die,live,n,neitherY,,,0.71,paired,n,verb,antonym,complementary
died,lived,n,neitherY,,,0.65,paired,,verb,antonym,complementary
dies,lives,n,both,0.52,paired,0.7,paired,n,verb,antonym,complementary
diesel,gasoline,n,neitherX,0.5,paired,,,n,noun,co-hyponym,
diet,exercise,n,both,0.84,,0.64,,,,other-related,
differences,similarities,n,both,0.82,paired,0.79,paired,n,noun,antonym,scalar
difficult,easy,y,neitherY,,,0.65,,n,adj,antonym,scalar
digital,analog,n,neitherY,,,0.52,paired,,adj,antonym,complementary
digitally,physically,n,both,0.7,,0.89,,n,adv,antonym,complementary
diluted,whole,n,neitherY,,,0.91,,n,adj,antonym-secondary,reversive
dim,bright,n,neitherY,,,0.61,,n,adj,antonym-secondary,scalar
diminish,increase,n,neitherY,,,0.51,,,verb,antonym-secondary,reversive
direct,indirect,y,neitherX,0.98,paired,,,n,adj,antonym,complementary
directly,indirectly,y,both,1,paired,0.96,paired,n,adv,antonym,complementary
director,producer,n,neitherX,0.53,,,,,,co-hyponym,
directors,officers,n,both,0.84,,0.75,,,,co-hyponym,
dirty,clean,y,neitherY,,,0.71,,n,adj,antonym,scalar
dis,dis,n,neitherY,,,0.63,paired,,,x-identical,
disable,enable,y,both,0.65,paired,0.92,,n,verb,antonym,reversive
disadvantage,advantage,y,both,0.86,paired,0.95,,n,noun,antonym,complementary
disadvantages,advantages,n,both,0.74,paired,0.98,,n,noun,antonym,complementary
disagree,agree,y,both,0.83,paired,0.98,paired,n,verb,antonym,complementary
disagreed,agreed,n,both,0.53,,0.9,,n,verb,antonym,complementary
disagrees,agrees,n,both,0.79,,0.97,,n,verb,antonym,complementary
disappear,appear,y,both,0.57,,0.82,,,verb,antonym,reversive
disappears,appears,n,both,0.59,,0.81,,,verb,antonym,reversive
disapproval,approval,y,neitherY,,,0.75,,n,noun,antonym,scalar
disapprove,approve,y,neitherY,,,1,,n,verb,antonym,scalar
discord,peace,n,neitherY,,,0.54,,,noun,antonym-secondary,scalar
disembark,board,n,neitherY,,,0.68,,,verb,antonym-secondary,complementary
dislike,like,y,neitherY,,,0.72,,n,verb,antonym,scalar
disliked,liked,y,neitherY,,,0.68,,n,adj/verb,antonym,scalar
disorder,order,y,neitherY,,,0.71,,,noun,antonym,scalar
disputed,confirmed,n,neitherY,,,0.5,,,,opposition-indirect,
dissolved,solid,n,neitherX,0.65,,,,n,adj,antonym-secondary,scalar
distance,time,n,both,0.56,,0.71,,,,co-hyponym,
distant,near,n,neitherY,,,0.68,,,adj,antonym-secondary,scalar
diversity,inclusion,n,neitherX,0.61,,,,,,other-conventional,
divide,conquer,n,neitherX,0.85,,,,n,noun,other-conventional,
divorce,marriage,n,neitherY,,,0.81,,n,noun,antonym,complementary
divorced,separated,n,neitherX,0.63,paired,,,,,co-hyponym,
divorced,married,n,neitherY,,,0.91,,n,adj/verb,antonym,complementary
doesn,does,n,neitherX,0.53,,,,,partial token,x-none,complementary
doesnt,does,n,both,0.87,,0.8,,,verb,antonym,complementary
dog,cat,n,both,0.58,paired,0.58,paired,n,noun,co-hyponym,
dogs,cats,n,both,0.53,paired,0.7,paired,n,noun,co-hyponym,
dollar,euro,n,neitherX,0.61,,,,,,co-hyponym,
domestically,internationally,n,both,0.66,,0.65,,,adv,antonym-secondary,complementary
donating,volunteering,n,neitherX,0.54,,,,,,co-hyponym,
done,said,n,neitherY,,,0.72,,,,co-hyponym,complementary
donor,recipient,n,neitherX,0.53,,,,,noun,antonym,complementary
dont,do,n,neitherY,,,0.79,,,verb,antonym,complementary
doom,gloom,n,neitherX,0.8,,,,,,other-conventional,
door,window,n,both,0.51,paired,0.53,paired,n,noun,co-hyponym,
doors,windows,n,both,0.64,paired,0.74,paired,n,noun,co-hyponym,
dopamine,serotonin,n,both,0.82,paired,0.65,paired,n,noun,co-hyponym,
dormant,active,y,both,0.7,,0.84,,n,adj,antonym-secondary,complementary
double,single,y,neitherY,,,0.71,,n,adj,co-hyponym-numeric,complementary
doubled,tripled,n,both,0.8,paired,0.78,paired,n,adj/verb,co-hyponym-numeric,
doubles,singles,n,both,0.89,paired,0.96,,n,noun,co-hyponym-numeric,complementary
down,up,y,both,0.8,paired,0.99,paired,n,adj/adv,antonym,scalar
downgrade,upgrade,y,both,0.86,,0.57,,,verb/noun,antonym,complementary
downhill,uphill,n,both,0.84,paired,0.87,paired,n,adj,antonym,scalar
downs,ups,n,neitherY,,,0.81,,n,noun,antonym,scalar
downside,upside,n,both,0.75,paired,0.96,paired,n,noun,antonym,scalar
downstairs,upstairs,y,both,0.8,paired,0.95,paired,n,adj/adv/noun,antonym,complementary
downstream,upstream,y,both,0.93,paired,0.91,paired,n,adj/adv,antonym,complementary
downt,up,n,neitherY,,,0.87,,,partial token,x-none,
downward,upward,y,both,0.94,paired,0.92,paired,n,adj/adv,antonym,scalar
downwards,upwards,y,both,0.6,paired,0.81,paired,n,adj/adv,antonym,scalar
drank,ate,n,neitherY,,,0.86,,,,co-hyponym,
drawbacks,benefits,n,neitherY,,,0.63,,n,noun,antonym,scalar
dried,fresh,n,neitherY,,,0.57,,n,adj,antonym,scalar
drink,eat,n,neitherY,,,0.57,,,,co-hyponym,
drinks,eats,n,neitherY,,,0.58,,,,co-hyponym,
driver,passenger,n,both,0.83,,0.7,,n,noun,antonym,converse
dropping,rising,n,both,0.64,,0.7,,n,adj/verb,antonym,scalar
dry,wet,y,both,0.76,paired,0.94,paired,n,adj,antonym,scalar
duck,goose,n,neitherX,0.58,,,,,,co-hyponym,
duo,single,n,neitherY,,,0.66,,n,adj/noun,antonym,complementary
during,after,n,neitherX,0.94,,,,n,other/preposition,co-hyponym-temporal,
during,before,n,neitherY,,,0.97,,n,other/preposition,co-hyponym-temporal,
dusk,dawn,n,both,0.98,paired,0.97,,n,noun,antonym,complementary
duties,rights,n,neitherY,,,0.6,,,,other-related,
dynamic,static,n,neitherY,,,0.57,paired,n,adj,antonym,complementary
earlier,later,n,both,0.98,paired,0.9,,n,adj,antonym-temporal,scalar
earliest,latest,n,neitherX,0.65,,,,,adj,antonym-temporal,
early,late,y,both,0.98,paired,0.96,paired,n,adj,antonym-temporal,scalar
ears,eyes,n,both,0.6,paired,0.86,,n,noun,co-hyponym,
earth,heaven,n,both,0.7,,0.97,,,,co-hyponym,
easier,harder,n,neitherX,0.58,,,,n,adj,antonym,scalar
east,west,y,both,0.97,paired,0.72,paired,n,adj/noun,antonym,multiple incompatibility
eastern,western,y,both,0.9,paired,0.7,paired,n,adj,antonym,multiple incompatibility
eat,drink,n,neitherX,0.62,,,,,,co-hyponym,
eb,flow,n,neitherX,0.93,,,,,partial token,x-none,
ebook,print,n,neitherY,,,0.6,,n,adj,co-hyponym,
effect,cause,n,neitherY,,,0.99,paired,n,noun,antonym,complementary
effects,causes,n,both,0.67,paired,0.85,,n,noun,antonym,complementary
efficacy,safety,n,neitherX,0.7,,,,,,other-related,
eighteenth,nineteenth,n,neitherX,0.92,,,,n,adj,co-hyponym-numeric,
eighth,ninth,n,neitherX,0.64,,,,n,adj,co-hyponym-numeric,
eighth,seventh,n,neitherY,,,0.57,,,,co-hyponym-numeric,
elder,younger,n,both,0.88,,0.52,,,adj,antonym,scalar
elderly,young,n,neitherY,,,0.67,,n,adj,antonym,scalar
eldest,youngest,n,both,0.71,,0.64,,n,adj,antonym,scalar
electronically,physically,n,both,0.62,,0.86,,n,adv,antonym-secondary,complementary
eleven,twelve,n,neitherX,0.63,,,,,,co-hyponym-numeric,
eliminated,advanced,n,neitherX,0.72,,,,,verb,antonym-secondary,complementary
elsewhere,here,n,neitherY,,,0.72,,,,co-hyponym,
embassy,consulate,n,neitherX,0.79,paired,,,,,co-hyponym,
employee,employer,y,neitherY,,,0.85,paired,,noun,antonym,converse
employer,employee,y,both,0.97,,0.9,paired,n,noun,antonym,converse
employers,employees,n,both,0.84,,0.7,,n,noun,antonym,converse
empty,full,y,neitherY,,,0.6,,n,adj,antonym,complementary
enable,disable,y,neitherX,0.59,paired,,,n,verb,antonym,reversive
enabled,disabled,n,neitherX,0.81,,,,n,adj/verb,antonym,reversive
encode,decode,y,neitherX,0.98,,,,n,verb,antonym,complementary
encoding,decoding,n,neitherX,0.89,,,,,verb,antonym,reversive
end,beginning,n,both,0.85,paired,0.9,paired,n,noun,antonym,complementary
endangered,threatened,n,both,0.58,,0.51,,n,adj/verb,nym-near-synonym,
endemic,rare,n,neitherY,,,0.81,,,adj,antonym-secondary,scalar
ending,beginning,y,both,0.86,,0.93,,n,noun,antonym,complementary
endings,beginnings,n,both,0.5,paired,0.93,paired,n,noun,antonym,complementary
endorsed,sponsored,n,neitherY,,,0.63,paired,,,nym-near-synonym,
ends,begins,n,neitherY,,,0.52,paired,,verb,antonym,complementary
enemies,friends,n,neitherY,,,0.85,,n,noun,antonym,scalar
enemy,friend,n,both,0.54,,0.9,,n,noun,antonym,scalar
engaged,married,n,both,0.68,,0.79,,,,co-hyponym,
enormous,small,n,neitherY,,,0.55,,n,adj,antonym-secondary,scalar
enough,enough,n,both,0.66,paired,0.72,paired,y,adj/adv,x-identical,
enslaved,free,n,both,0.71,,0.85,,n,adj,antonym,complementary
entering,leaving,n,neitherX,0.53,,,,,verb,antonym,reversive
enters,leaves,n,neitherX,0.79,,,,,verb,antonym,reversive
entities,persons,n,neitherY,,,0.61,,,,contrast-group-individual ,
entrance,exit,n,both,0.9,,0.73,,n,noun,antonym,complementary
entrances,exits,n,both,0.87,,0.57,,n,noun,antonym,complementary
eq,eq,n,neitherY,,,0.53,paired,,,x-identical,
equals,exceeds,n,neitherX,0.5,,,,,,contrast-scalar,
equitable,just,n,both,0.65,,0.5,,,,nym-near-synonym,
equity,debt,n,neitherX,0.65,paired,,,n,noun,antonym-secondary,complementary
estrogen,testosterone,n,both,0.76,paired,0.85,paired,n,noun,antonym,complementary
ethnicity,race,n,neitherY,,,0.57,,n,noun,co-hyponym,
euros,dollars,n,both,0.55,,0.68,,n,noun,co-hyponym,
eve,day,n,neitherX,0.51,,,,,,co-hyponym-temporal,
evening,morning,n,both,0.85,,0.95,,n,noun,antonym,multiple incompatibility
evenings,mornings,n,both,0.68,paired,0.9,,n,noun,antonym,multiple incompatibility
ever,now,n,neitherY,,,0.73,,n,adv,co-hyponym-temporal,
everything,nothing,n,both,0.81,,0.53,,,noun/pronoun,antonym,complementary
evil,good,y,both,0.89,paired,0.98,paired,n,adj,antonym,scalar
exceed,meet,n,neitherY,,,0.7,,,,contrast-scalar,
exceeded,met,n,neitherY,,,0.65,,n,verb,contrast-scalar,multiple incompatibility
exceeds,meets,n,neitherY,,,0.71,,n,verb,contrast-scalar,multiple incompatibility
exclude,include,y,neitherY,,,0.88,,n,verb,antonym,scalar
excluded,included,n,neitherY,,,0.65,,n,adj/verb,antonym,scalar
excludes,includes,n,both,0.59,paired,0.88,,n,verb,antonym,scalar
excluding,including,n,both,0.53,paired,0.69,,n,verb,antonym,scalar
exclusion,inclusion,y,both,0.6,paired,0.92,,n,noun,antonym,complementary
execute,plan,n,neitherY,,,0.52,,,,co-hyponym,
exist,exist,n,neitherY,,,0.72,paired,,,x-identical,
existing,planned,n,neitherX,0.51,,,,,,co-hyponym,
expands,contracts,n,both,0.66,,0.58,,,verb,antonym,reversive
expansion,contraction,y,both,0.94,paired,0.65,paired,n,noun,antonym,scalar
expelled,suspended,n,both,0.72,,0.52,,,,co-hyponym,
expenditure,income,n,neitherY,,,0.51,,,noun,antonym,complementary
expenditures,revenues,n,both,0.67,,0.66,,,noun,antonym,complementary
expenses,income,n,neitherY,,,0.55,,,noun,antonym,complementary
experiment,hypothesis,n,neitherX,0.53,,,,,,co-hyponym,
explicit,implicit,y,both,0.81,paired,0.67,paired,n,adj,antonym,scalar
explicitly,implicitly,y,both,0.94,paired,0.88,paired,n,adv,antonym,scalar
exponential,linear,n,both,0.65,,0.8,,n,adj,co-hyponym,
export,import,y,both,0.9,paired,0.75,paired,n,noun,antonym,complementary
exported,imported,n,neitherX,0.73,paired,,,,adj/verb,antonym,complementary
exporting,importing,n,neitherX,0.87,paired,,,n,verb,antonym,complementary
exports,imports,n,neitherX,0.87,paired,,,n,noun,antonym,complementary
expressed,implied,n,both,0.98,,0.84,,n,adj/verb,antonym-secondary,complementary
expressly,implicitly,n,neitherX,0.79,,,,n,adv,antonym-secondary,scalar
exterior,interior,y,both,0.99,paired,0.99,paired,n,noun,antonym,complementary
external,internal,y,both,0.95,paired,0.97,paired,n,adj,antonym,complementary
externally,internally,y,both,0.92,paired,0.97,paired,n,adv,antonym,complementary
extremely,moderately,n,neitherX,0.75,,,,n,adv,contrast-scalar,scalar
eyes,ears,n,neitherX,0.61,paired,,,,,co-hyponym,
facebook,twitter,n,both,0.7,,0.59,,,,co-hyponym,
fact,fiction,n,neitherX,0.61,paired,,,n,noun,antonym,complementary
faculty,student,n,neitherY,,,0.6,,,noun,antonym,complementary
failed,succeeded,n,both,0.55,paired,0.55,,,verb,antonym,scalar
failing,succeeding,n,neitherX,0.59,,,,,verb,antonym,scalar
fails,succeeds,n,both,0.78,paired,0.81,paired,n,verb,antonym,scalar
failure,success,y,both,0.83,paired,0.91,,n,noun,antonym,scalar
failures,successes,n,both,0.62,paired,0.62,paired,n,noun,antonym,scalar
fairness,justice,n,both,0.52,,0.58,,,,nym-near-synonym,
fake,real,n,neitherY,,,0.84,,n,adj,antonym,scalar
fall,rise,y,both,0.74,paired,0.88,paired,,noun,antonym,reversive
fallen,risen,n,neitherY,,,0.65,paired,,adj,antonym,reversive
falling,rising,y,both,0.89,paired,0.9,,n,adj/verb,antonym,reversive
falls,rises,n,both,0.68,paired,0.88,paired,,verb,antonym,reversive
fals,TRUE,n,neitherY,,,0.58,,,partial token,x-none,
FALSE,TRUE,y,neitherY,,,0.99,,,adj,antonym,complementary
falsehood,truth,y,both,0.68,,0.96,,n,noun,antonym-secondary,complementary
famous,rich,n,neitherY,,,0.58,,,,co-hyponym,
far,near,y,both,0.95,paired,0.95,paired,n,adj,antonym,scalar
fascism,communism,n,neitherX,0.53,,,,,,co-hyponym,
fast,slow,y,neitherX,0.85,paired,,,n,adj,antonym,scalar
fatalities,injuries,n,both,0.65,,0.58,,n,noun,co-hyponym,
father,mother,y,neitherY,,,0.62,paired,,noun,antonym,complementary
fathers,mothers,n,both,0.64,paired,0.63,paired,n,noun,antonym,complementary
faux,real,n,neitherY,,,0.78,,n,adj,antonym,scalar
favor,fear,n,neitherY,,,0.65,,,,other-conventional,
favorable,unfavorable,y,neitherX,0.89,paired,,,n,adj,antonym,scalar
favorably,negatively,n,neitherX,0.75,,,,n,adv,antonym,scalar
favoring,opposing,n,neitherX,0.99,,,,n,adj/verb,antonym,scalar
favorite,disliked,n,neitherX,0.59,,,,,,opposition-indirect,
favour,fear,n,neitherY,,,0.75,,,,other-conventional,
favourable,unfavorable,n,neitherX,0.77,,,,n,adj,antonym,scalar
federal,state,n,both,0.89,,0.88,,n,noun,antonym,complementary
federally,locally,n,neitherY,,,0.64,,n,adv,antonym,complementary
feeble,strong,n,neitherY,,,0.53,,n,adj,antonym,scalar
feel,think,n,neitherY,,,0.65,,,,co-hyponym,
feeling,thought,n,neitherY,,,0.59,,,,co-hyponym,
feet,hands,n,neitherY,,,0.7,,n,noun,co-hyponym,
fell,rose,n,both,0.68,,0.9,,n,verb,antonym,reversive
felony,misdemeanor,n,both,0.95,paired,0.89,paired,n,noun,co-hyponym,
fem,bi,n,neitherX,0.53,,,,,,co-hyponym,
female,male,y,both,0.97,paired,1,paired,n,adj/noun,antonym,complementary
females,males,n,both,0.95,paired,0.99,paired,n,noun,antonym,complementary
feminine,masculine,y,both,0.99,paired,0.99,paired,n,adj,antonym,complementary
fentanyl,heroin,n,both,0.59,,0.83,,n,noun,co-hyponym,
fetus,embryo,n,both,0.59,,0.56,,,,co-hyponym,
few,many,y,both,0.77,paired,0.83,paired,n,adj,antonym,scalar
fewer,more,y,both,0.8,,0.96,,n,adj,antonym,scalar
fiction,fact,n,both,0.63,paired,0.84,,n,noun,antonym,scalar
fictitious,real,n,neitherY,,,0.69,,n,adj,antonym,scalar
fielding,hitting,n,both,0.63,,0.66,,,,co-hyponym,
fifth,fourth,n,neitherY,,,0.88,,n,noun,co-hyponym-numeric,
figures,facts,n,neitherY,,,0.63,,n,noun,co-hyponym,
filming,editing,n,neitherX,0.51,,,,,,co-hyponym,
findings,conclusions,n,neitherX,0.56,,,,,,other-related,
finish,start,y,neitherY,,,0.77,,n,verb,antonym,complementary
finished,started,n,neitherY,,,0.66,,,verb,antonym,complementary
finishes,starts,n,neitherY,,,0.83,,,verb,antonym,complementary
finishing,starting,n,neitherY,,,0.62,,,verb,antonym,complementary
finite,infinite,y,neitherY,,,0.56,paired,n,adj,antonym,complementary
first,last,y,both,0.65,,0.86,paired,,adj,antonym,complementary
fishing,hunting,n,neitherY,,,0.75,paired,,,co-hyponym,
five,four,n,neitherY,,,0.54,,n,noun,co-hyponym-numeric,
float,sink,y,neitherX,0.59,,,,,verb,antonym,complementary
floats,sinks,n,neitherX,0.62,,,,,verb,antonym,complementary
floor,ceiling,n,neitherX,0.54,paired,,,,noun,antonym,complementary
floors,ceilings,n,neitherX,0.53,,,,,noun,antonym,complementary
flu,cold,n,neitherY,,,0.78,,n,noun,co-hyponym,
fluid,solid,n,both,0.9,,0.76,,n,noun,antonym-secondary,multiple incompatibility
foe,friend,y,both,0.98,paired,0.99,paired,n,noun,antonym,complementary
foes,friends,n,both,0.94,,0.98,,n,noun,antonym,complementary
folder,file,n,neitherY,,,0.67,,n,noun,co-hyponym,
follow,lead,n,both,0.61,,0.89,,,verb,antonym,complementary
follower,leader,y,neitherY,,,0.74,,,verb,antonym,complementary
following,preceding,n,both,0.53,paired,0.9,,,verb,antonym-secondary,complementary
foot,hand,n,neitherY,,,0.67,,n,noun,co-hyponym,
for,against,n,both,0.99,paired,0.62,paired,n,adv,antonym,complementary
fore,aft,y,neitherX,0.75,,,,,adv,antonym,complementary
foreground,background,y,both,0.98,,0.85,,n,adj/noun,antonym,complementary
foreign,domestic,y,neitherX,0.52,,,,n,adj,antonym,complementary
foremost,first,n,neitherY,,,0.89,,n,adj,other-conventional,
forever,ever,n,neitherX,0.86,,,,,,other-conventional,
forfeit,guilty,n,neitherY,,,0.52,,,,other-related,
forget,forgive,n,both,0.8,paired,0.89,,,,other-conventional,
forgetting,forgetting,n,neitherX,0.51,paired,,,,,x-identical,
forgive,forget,n,neitherX,0.9,paired,,,,,other-conventional,
forgiven,forgotten,n,neitherX,0.68,,,,,,other-conventional,
formal,informal,y,neitherX,0.84,paired,,,n,adj,antonym,complementary
formerly,now,n,both,0.58,,0.78,,,,co-hyponym-temporal,
fortnight,day,n,neitherY,,,0.68,,,,nym-meronym,
fortunately,unfortunately,y,neitherX,0.55,paired,,,,adv,antonym,scalar
forward,backward,y,both,0.63,paired,0.52,paired,,adv,antonym,complementary
forwarded,received,n,neitherY,,,0.5,,,verb,antonym,converse
forwards,backwards,n,both,0.5,paired,0.6,paired,,adv,antonym,complementary
foster,adopt,n,neitherY,,,0.57,,,,co-hyponym,
foul,fair,y,neitherY,,,0.86,,n,adj,other-conventional,scalar
found,lost,y,neitherY,,,0.92,,n,adj,antonym,complementary
four,three,n,neitherY,,,0.72,,n,noun,co-hyponym-numeric,
fourteen,thirteen,n,neitherY,,,0.51,,n,noun,co-hyponym-numeric,
fourth,fifth,n,neitherX,0.56,,,,,,co-hyponym-numeric,
fourth,third,n,neitherY,,,0.81,,n,adj/noun,co-hyponym-numeric,
franc,euro,n,neitherX,0.91,,,,n,noun,co-hyponym,
freedoms,rights,n,neitherY,,,0.51,,,,nym-near-synonym,
freezer,fridge,n,neitherY,,,0.54,,n,noun,co-hyponym,
freezes,rains,n,neitherY,,,0.54,,,,co-hyponym,
freshman,sophomore,n,neitherX,0.72,,,,,,co-hyponym,
freshmen,seniors,n,neitherX,0.68,,,,n,noun,co-hyponym,
fridge,freezer,n,neitherX,0.5,,,,,,co-hyponym,
friend,foe,y,both,0.88,paired,0.68,paired,n,noun,antonym,complementary
fries,burgers,n,neitherY,,,0.62,,n,noun,co-hyponym,
fringe,mainstream,n,both,0.69,,0.69,,n,adj,antonym,scalar
fro,to,n,neitherY,,,0.99,,n,adv,antonym,complementary
from,to,n,both,0.66,,0.93,,n,adv,antonym,complementary
front,back,y,both,0.76,,0.73,,n,adj/noun,antonym,complementary
frown,smile,n,neitherY,,,0.52,,n,noun,antonym,scalar
froze,melted,n,neitherX,0.55,,,,,verb,antonym,scalar
fructose,glucose,n,both,0.81,,0.77,,n,noun,co-hyponym,
fruits,vegetables,n,neitherX,0.64,,,,n,noun,co-hyponym,
fry,bake,n,both,0.53,,0.63,,n,verb,co-hyponym,
function,form,n,neitherY,,,0.62,,n,noun,contrast-conceptual,
fundamentalist,liberal,n,both,0.53,,0.62,,n,adj,antonym-secondary,scalar
fungi,bacteria,n,both,0.71,,0.66,,n,noun,co-hyponym,
furthe,nearer,n,neitherX,0.54,,,,,partial token,x-none,
future,past,y,both,0.82,paired,0.91,,n,adj/noun,co-hyponym-temporal,multiple incompatibility
futures,options,n,neitherX,0.53,,,,,,co-hyponym,
fuzzy,warm,n,neitherY,,,0.92,,,,other-conventional,
gain,loss,y,both,0.92,paired,0.55,paired,n,noun,antonym-secondary,complementary
gained,lost,n,both,0.94,,0.87,,n,verb,antonym-secondary,complementary
gaining,losing,n,both,0.96,,0.9,,n,verb,antonym-secondary,complementary
gains,losses,n,both,0.97,,0.88,,n,noun,antonym-secondary,complementary
galaxies,stars,n,neitherX,0.51,,,,,,nym-meronym,
galleries,museums,n,neitherY,,,0.55,,,,co-hyponym,
gallon,liter,n,neitherX,0.56,,,,,,co-hyponym,
gamma,beta,n,neitherY,,,0.58,,,,co-hyponym,
gas,oil,n,neitherY,,,0.85,,n,noun,co-hyponym,
gases,liquids,n,both,0.67,paired,0.6,,n,noun,co-hyponym,multiple incompatibility
gasoline,diesel,n,neitherX,0.73,paired,,,n,noun,co-hyponym,
gays,lesbians,n,neitherX,0.55,,,,,,co-hyponym,
gentleman,lady,n,neitherX,0.53,paired,,,n,noun,antonym,complementary
gentlemen,ladies,n,both,0.92,paired,0.91,paired,n,noun,antonym,complementary
genus,species,n,neitherX,0.66,,,,n,noun,nym-meronym,
get,give,n,both,0.67,,0.78,,,verb,antonym,reversive
gets,gives,n,neitherY,,,0.53,,,verb,antonym,reversive
getting,giving,n,both,0.63,,0.84,,,verb,antonym,reversive
girl,boy,y,both,0.89,,0.98,,n,noun,antonym,complementary
girlfriend,boyfriend,n,both,0.76,paired,0.95,paired,n,noun,antonym,complementary
girls,boys,n,both,0.94,paired,0.98,,n,noun,antonym,complementary
gives,takes,n,neitherX,0.54,paired,,,,verb,antonym,reversive
giving,receiving,n,neitherX,0.57,,,,,verb,antonym,reversive
go,come,y,both,0.53,paired,0.91,,,verb,antonym,reversive
god,man,n,neitherY,,,0.71,,,,co-hyponym,
goddess,god,n,neitherY,,,0.79,,n,noun,antonym,complementary
goes,comes,n,neitherY,,,0.94,paired,,verb,antonym,reversive
going,coming,n,both,0.83,paired,0.96,,n,verb,antonym,reversive
gold,silver,n,both,0.88,paired,0.91,paired,n,noun,co-hyponym,
gone,here,n,neitherY,,,0.75,,,,other-conventional,
good,evil,y,both,0.83,paired,0.65,paired,,adj,antonym,scalar
goodbye,hello,n,both,0.82,paired,0.96,paired,n,other/interjection,antonym,complementary
goods,services,n,neitherX,0.75,,,,n,noun,antonym,complementary
gore,blood,n,neitherY,,,0.78,,,,co-hyponym,
got,gave,n,neitherY,,,0.58,,,verb,antonym,reversive
governed,governed,n,neitherY,,,0.72,paired,,,x-identical,
grandchildren,children,n,neitherY,,,0.92,,n,noun,co-hyponym,
grandfather,father,n,neitherY,,,0.76,,n,noun,co-hyponym,
grandmother,mother,n,neitherY,,,0.66,,n,noun,co-hyponym,
grandparents,parents,n,neitherY,,,0.76,,n,noun,co-hyponym,
grants,loans,n,neitherX,0.64,,,,n,noun,co-hyponym,
grat,favor,n,neitherX,0.78,,,,,partial token,x-none,
gravel,sand,n,both,0.6,,0.57,,n,noun,co-hyponym,
great,small,n,neitherX,0.7,,,,,adj,antonym-secondary,scalar
grievances,complaints,n,neitherX,0.52,,,,,,co-hyponym,
groom,bride,n,both,0.9,paired,0.98,paired,n,noun,antonym,complementary
gross,net,y,both,0.97,,0.5,paired,n,adj,antonym,complementary
group,individual,n,neitherY,,,0.77,,n,noun,antonym,complementary
groups,individuals,n,neitherY,,,0.65,,n,noun,antonym,complementary
guest,host,n,neitherY,,,0.81,paired,,,co-hyponym,
guilt,innocence,y,neitherX,0.8,paired,,,n,noun,antonym,complementary
guilty,innocent,y,both,0.87,paired,0.96,paired,n,adj,antonym,complementary
guitarist,singer,n,neitherY,,,0.57,,n,noun,co-hyponym,
gunman,victim,n,neitherY,,,0.55,,n,noun,antonym,complementary
half,whole,y,both,0.58,,0.83,,,,nym-meronym,
handgun,rifle,n,both,0.5,,0.69,,n,noun,co-hyponym,
handguns,rifles,n,neitherY,,,0.68,,n,noun,co-hyponym,
happy,sad,n,neitherX,0.5,paired,,,n,adj,antonym,scalar
harass,threaten,n,both,0.62,,0.6,,,,nym-near-synonym,
hard,soft,y,both,0.95,paired,0.93,paired,n,adj,antonym,scalar
harder,easier,n,neitherY,,,0.57,,n,adj,antonym,scalar
hardest,easiest,n,both,0.55,,0.56,,n,adj,antonym,scalar
hardware,software,y,both,0.91,paired,0.9,paired,n,noun,antonym,complementary
harmful,helpful,n,neitherY,,,0.57,,n,adj,antonym,scalar
harms,helps,n,neitherY,,,0.74,,n,verb,antonym,scalar
harvesting,planting,n,neitherY,,,0.65,,,verb,antonym-secondary,complementary
has,will,n,neitherX,0.68,,,,,,co-hyponym,
hasn,has,n,neitherY,,,0.71,,,partial token,x-none,
hate,love,y,both,0.51,,0.89,,n,verb,antonym,scalar
hated,loved,n,neitherY,,,0.56,,n,verb,antonym,scalar
hates,loves,n,both,0.78,paired,0.92,,n,verb,antonym,scalar
hating,loving,n,neitherY,,,0.63,,n,verb,antonym,scalar
hatred,love,n,neitherY,,,0.81,,n,noun,antonym,scalar
he,she,n,both,0.72,paired,0.57,paired,n,noun/pronoun,antonym,complementary
heads,tails,n,neitherX,0.53,,,,n,noun,antonym,complementary
hear,see,n,both,0.66,paired,0.91,,n,verb,co-hyponym,
heard,seen,n,both,0.54,paired,0.96,paired,n,verb,co-hyponym,
hearing,seeing,n,both,0.89,,0.74,,,,co-hyponym,
hears,sees,n,both,0.63,paired,0.94,paired,,,co-hyponym,
hearts,minds,n,neitherX,0.59,,,,,,other-conventional,
heat,cold,n,both,0.76,,0.66,,n,noun,antonym,scalar
heated,cooled,n,neitherX,0.9,paired,,,,adj,antonym-secondary,
heating,cooling,n,neitherX,0.96,paired,,,n,adj/verb,antonym,scalar
heaven,hell,n,both,0.56,paired,0.67,paired,n,noun,antonym,complementary
heavenly,earthly,y,both,0.7,,0.64,,n,adj,antonym,scalar
heavier,lighter,n,both,0.87,paired,0.95,paired,n,adj,antonym,scalar
heaviest,smallest,n,neitherX,0.5,,,,,,opposition-indirect,
heavy,light,y,both,0.85,,0.84,,n,adj,antonym,scalar
heck,heaven,n,neitherY,,,0.56,,,,x-odd,
height,weight,n,both,0.84,paired,0.73,,n,adj,co-hyponym,
helium,hydrogen,n,both,0.73,paired,0.85,,n,noun,co-hyponym,
hell,heaven,n,both,0.97,paired,0.99,paired,n,noun,antonym,complementary
hello,goodbye,n,both,0.92,paired,0.59,paired,,other/interjection,antonym,complementary
helped,hindered,n,neitherX,0.67,,,,,verb,antonym,scalar
helps,hurts,n,neitherX,0.82,paired,,,n,verb,antonym,scalar
hen,man,n,neitherY,,,0.54,,,,co-hyponym,
here,there,y,both,0.58,,0.72,paired,,adv,antonym,complementary
hereafter,now,n,neitherY,,,0.71,,n,adv,co-hyponym-temporal,complementary
hero,villain,n,neitherX,0.52,paired,,,n,noun,antonym,complementary
heroes,villains,n,both,0.65,paired,0.53,paired,n,noun,antonym,complementary
heroine,hero,n,both,0.63,,0.94,,,noun,antonym,complementary
hers,his,n,both,0.77,paired,0.96,,n,other/possessive,antonym,complementary
heterosexual,homosexual,n,neitherX,0.87,paired,,,n,adj,antonym,complementary
hig,low,n,neitherX,0.53,,,,,partial token,x-none,
high,low,y,both,0.98,paired,0.88,paired,n,adj,antonym,scalar
higher,lower,n,both,0.99,paired,0.97,paired,n,adj,antonym,scalar
highest,lowest,n,both,0.93,paired,0.76,paired,n,adj,antonym,scalar
highs,lows,n,both,0.98,paired,0.92,paired,n,noun,antonym,scalar
him,her,n,neitherX,0.64,,,,,noun/pronoun,antonym,complementary
hind,fore,n,neitherY,,,0.67,,,adj,antonym,complementary
hinder,help,n,neitherY,,,0.67,,n,verb,antonym,scalar
hire,fire,y,neitherX,0.76,,,,,,co-hyponym,
hired,fired,n,neitherX,0.76,,,,,,co-hyponym,
hires,fires,n,neitherX,0.56,,,,,,co-hyponym,
hiring,firing,n,neitherX,0.57,,,,,,co-hyponym,
his,hers,n,neitherX,0.56,paired,,,,other/possessive,antonym,complementary
hither,here,n,neitherY,,,0.52,,,,co-hyponym,
hits,misses,n,neitherX,0.89,,,,n,noun,antonym,complementary
hitter,pitcher,n,neitherY,,,0.5,,n,noun,antonym,complementary
hitters,pitchers,n,both,0.63,,0.76,,n,noun,antonym,complementary
homeowner,tenant,n,neitherX,0.57,,,,,,co-hyponym,
homeowners,renters,n,neitherX,0.67,,,,n,noun,antonym,complementary
homosexual,heterosexual,n,both,0.76,paired,0.82,,n,adj,antonym,complementary
honey,milk,n,neitherY,,,0.69,,,,other-conventional,
hook,line,n,neitherX,0.64,,,,n,noun,co-hyponym,
horizontal,vertical,n,both,0.99,paired,1,paired,n,adj,antonym,complementary
horizontally,vertically,n,both,0.99,paired,1,paired,n,adv,antonym,complementary
horse,man,n,neitherY,,,0.52,,,,co-hyponym,
host,guest,n,neitherY,,,0.64,paired,,,co-hyponym,
hostile,friendly,y,both,0.61,,0.64,,n,adv,antonym,scalar
hot,cold,y,both,0.96,paired,0.93,paired,n,adj,antonym,scalar
hotter,cooler,n,neitherY,,,0.58,,,adj,antonym,scalar
hottest,coolest,n,both,0.67,,0.51,,,adj,antonym,scalar
hour,day,n,both,0.53,,0.63,,n,noun,co-hyponym-temporal,
hourly,daily,n,both,0.74,,0.84,,n,adv,co-hyponym-temporal,
hours,days,n,both,0.6,,0.59,,n,noun,co-hyponym-temporal,
hp,torque,n,neitherX,0.67,,,,,,co-hyponym,
hrs,days,n,both,0.76,,0.5,,n,noun,co-hyponym-temporal,
hug,kiss,n,neitherX,0.51,,,,,,co-hyponym,
hugs,kisses,n,neitherX,0.58,,,,,,co-hyponym,
human,animal,n,neitherX,0.52,,,,,,co-hyponym,
humanoid,animal,n,both,0.69,,0.66,,,,co-hyponym,
humidity,temperature,n,neitherX,0.51,,,,n,noun,co-hyponym,
hundreds,thousands,n,neitherX,0.74,,,,n,noun,co-hyponym-numeric,
hunger,thirst,n,neitherX,0.67,paired,,,,,co-hyponym,
hunted,hunted,n,both,0.78,paired,0.86,paired,y,adj/verb,x-identical,
hunting,fishing,n,both,0.5,,0.59,paired,,,co-hyponym,
hurts,helps,n,both,0.51,paired,0.61,,n,verb,antonym,scalar
husband,wife,y,both,0.99,paired,0.68,paired,n,noun,antonym,complementary
husbands,wives,n,neitherX,0.94,,,,n,noun,antonym,complementary
hydrogen,helium,n,neitherX,0.56,paired,,,n,noun,co-hyponym,
hypertension,diabetes,n,neitherX,0.54,,,,n,noun,co-hyponym,
iOS,Android,n,both,0.85,,0.82,,n,noun,co-hyponym,
iPad,iPhone,n,neitherY,,,0.75,,n,noun,co-hyponym,
iPads,iPhones,n,both,0.71,paired,0.84,,n,noun,co-hyponym,
iPhone,Android,n,neitherY,,,0.52,,n,noun,co-hyponym,
iPhones,iPads,n,neitherX,0.7,paired,,,n,noun,co-hyponym,
iPod,iPhone,n,both,0.52,,0.7,,,,co-hyponym,
ice,fire,n,neitherY,,,0.56,,,noun,antonym-secondary,complementary
icy,warm,n,neitherY,,,0.5,,,adj,antonym-secondary,scalar
idle,busy,y,neitherY,,,0.52,,,adj,antonym,scalar
if,when,n,neitherY,,,0.5,,,,co-hyponym-temporal,
ii,iii,n,neitherX,0.8,,,,n,adj,co-hyponym-numeric,
ii,i,n,neitherY,,,0.88,,n,adj,co-hyponym-numeric,
iii,iv,n,neitherX,0.59,,,,,,co-hyponym-numeric,
iii,ii,n,neitherY,,,0.96,,n,adj,co-hyponym-numeric,
illegal,legal,y,neitherY,,,0.59,,n,adj,antonym,complementary
illegally,legally,n,neitherY,,,0.55,,n,adv,antonym,complementary
illustrating,writing,n,neitherY,,,0.54,,n,verb,co-hyponym,
image,text,n,neitherY,,,0.54,,,,co-hyponym,
imaginary,real,n,neitherY,,,0.88,,n,adj,antonym,complementary
immense,small,n,neitherY,,,0.51,,n,adj,antonym-secondary,scalar
imperfect,perfect,y,both,0.65,,0.78,,n,adj,antonym,scalar
implicit,explicit,y,both,0.98,paired,0.97,paired,n,adj,antonym,scalar
implicitly,explicitly,y,both,0.94,paired,0.88,paired,n,adv,antonym,scalar
imply,express,n,neitherY,,,0.63,,,verb,antonym-secondary,scalar
import,export,y,both,0.96,paired,0.88,paired,n,noun,antonym,complementary
imported,exported,n,both,0.93,paired,0.59,,,adj/verb,antonym,complementary
importing,exporting,n,both,0.98,paired,0.89,,n,verb,antonym,complementary
imports,exports,n,both,0.99,paired,0.95,,n,noun,antonym,complementary
impoverished,rich,n,neitherY,,,0.51,,n,adj,antonym-secondary,scalar
in,out,n,neitherX,0.88,paired,,,,other/preposition,antonym,complementary
inaction,action,y,neitherY,,,0.94,,n,noun,antonym,scalar
inactive,active,y,neitherY,,,0.92,,n,adj,antonym,scalar
inadvertently,intentionally,n,both,0.57,,0.69,,n,adv,antonym,complementary
incidental,consequential,n,neitherX,0.5,,,,,,other-related,
includ,exclude,n,neitherX,0.57,,,,,partial token,x-none,
include,exclude,y,neitherX,0.84,,,,n,verb,antonym,complementary
includes,excludes,n,neitherX,0.98,paired,,,n,verb,antonym,complementary
including,excluding,n,neitherX,0.76,paired,,,n,verb,antonym,scalar
inclusion,exclusion,y,neitherX,0.86,paired,,,n,noun,antonym,complementary
incoming,outgoing,y,both,1,,0.9,,n,adj,antonym,complementary
incorrectly,correctly,y,neitherY,,,0.72,,n,adv,antonym,complementary
increase,decrease,y,both,0.93,paired,0.56,paired,n,noun/verb,antonym,scalar
increased,decreased,y,both,0.97,paired,0.76,paired,n,adj/verb,antonym,scalar
increases,decreases,n,both,0.94,paired,0.74,paired,n,verb,antonym,scalar
increasing,decreasing,y,both,0.91,paired,0.53,paired,n,verb,antonym,scalar
incumbent,challenger,n,both,0.79,,0.65,,n,noun,antonym,complementary
indefinite,definite,y,neitherY,,,0.58,,,adj,antonym,complementary
indefinitely,immediately,n,neitherY,,,0.62,,,,opposition-indirect,
indicted,charged,n,neitherX,0.52,,,,,,co-hyponym,
indirect,direct,y,both,0.86,paired,1,,n,adj,antonym,complementary
indirectly,directly,y,both,0.95,paired,1,paired,n,adj,antonym,complementary
individually,collectively,n,both,0.79,paired,0.78,paired,n,adv,antonym,complementary
indoor,outdoor,y,both,0.93,paired,0.81,paired,n,adj,antonym,complementary
indoors,outdoors,y,both,0.61,paired,0.75,paired,n,noun/adv,antonym,complementary
induces,inhibits,n,neitherX,0.51,,,,,verb,antonym,scalar
ineligible,eligible,y,neitherY,,,0.8,,n,adj,antonym,complementary
inequ,equal,n,neitherY,,,0.66,,,partial token,x-none,
inert,active,n,both,0.54,,0.72,,,adj,antonym,scalar
infamous,famous,n,neitherY,,,0.72,,n,adj,antonym,complementary
infancy,childhood,n,neitherX,0.62,,,,,,co-hyponym,
infect,cure,n,neitherX,0.65,,,,,verb,antonym-secondary,complementary
inferior,superior,y,both,0.81,paired,0.89,,n,adj,antonym,scalar
inferred,proved,n,neitherX,0.5,,,,,,co-hyponym,
infield,outfield,y,both,0.66,,0.54,paired,n,adj/noun,antonym,complementary
infinite,finite,y,both,0.63,,0.6,paired,n,adj,antonym,complementary
inflation,deflation,y,neitherX,0.7,paired,,,,noun,antonym,scalar
informal,formal,y,both,0.89,paired,0.94,,n,adj,antonym,complementary
infrared,visible,n,both,0.5,,0.62,,n,adj,co-hyponym,
inhibit,stimulate,n,neitherY,,,0.58,,,verb,antonym,scalar
inhibits,stimulates,n,neitherY,,,0.55,,,verb,antonym,scalar
injure,kill,n,both,0.59,,0.82,,n,verb,co-hyponym,
injuring,killing,n,neitherY,,,0.81,,n,verb,co-hyponym,
inner,outer,y,both,0.89,paired,0.84,paired,n,adj,antonym,scalar
innings,runs,n,both,0.5,,0.68,,n,noun,co-hyponym,
innocence,guilt,y,both,0.78,paired,0.92,,n,noun,antonym,complementary
innocent,guilty,y,both,0.99,paired,0.99,paired,n,adj,antonym,complementary
input,output,n,both,0.99,paired,0.78,paired,n,adj/noun,antonym,complementary
inputs,outputs,n,both,0.9,paired,0.72,paired,n,noun,antonym,complementary
ins,outs,n,neitherX,0.91,,,,n,noun,antonym,complementary
inside,outside,y,both,0.51,paired,0.89,paired,n,adj/noun,antonym,complementary
install,download,n,neitherY,,,0.56,,,,co-hyponym,
instructor,student,n,both,0.78,,0.79,,n,noun,antonym-secondary,complementary
instructors,students,n,both,0.59,,0.54,,n,noun,antonym-secondary,complementary
insufficient,sufficient,y,neitherY,,,0.62,,,adj,antonym,scalar
insulin,glucose,n,neitherX,0.52,,,,,,co-hyponym,
intangible,tangible,y,neitherY,,,0.58,,n,adj,antonym,complementary
intentionally,knowingly,n,neitherY,,,0.59,,,,nym-near-synonym,
interceptions,touchdowns,n,neitherY,,,0.51,,n,noun,co-hyponym,
interior,exterior,y,both,0.97,paired,0.89,paired,n,noun,antonym,complementary
internal,external,y,both,0.99,paired,0.97,paired,n,adj,antonym,complementary
internally,externally,y,both,0.98,paired,0.98,paired,n,adv,antonym,complementary
internationally,nationally,n,both,0.53,paired,0.51,,,adv,antonym,complementary
interstellar,terrestrial,n,neitherY,,,0.6,,n,adj,co-hyponym,multiple incompatibility
intimid,threatens,n,neitherX,0.5,,,,,partial token,x-none,
into,out,n,neitherX,0.57,,,,,other/preposition,antonym,complementary
introduction,title,n,neitherY,,,0.54,,,,co-hyponym,
invisible,visible,y,both,0.68,,0.83,,n,adj,antonym,scalar
involuntary,voluntary,y,both,0.64,,0.84,,n,adj,antonym,complementary
inward,outward,y,both,0.98,paired,0.95,paired,n,adj,antonym,scalar
ions,electrons,n,both,0.55,,0.68,,,,co-hyponym,
irregular,regular,y,neitherY,,,0.56,,,adj,antonym,scalar
isn,is,n,both,0.68,,0.92,,n,partial token,x-none,
jails,prisons,n,neitherX,0.71,,,,,,nym-near-synonym,
joining,leaving,n,neitherX,0.54,,,,,verb,antonym,reversive
joins,leaves,n,neitherX,0.71,,,,,verb,antonym,reversive
journal,diary,n,neitherY,,,0.55,,,,nym-near-synonym,
judge,jury,n,neitherX,0.96,paired,,,,,co-hyponym,
jump,run,n,neitherY,,,0.52,,n,verb,co-hyponym,
jumped,ran,n,neitherY,,,0.54,,,,co-hyponym,
junior,senior,y,both,0.91,,0.83,paired,n,noun/adj,antonym,complementary
jurors,judges,n,neitherY,,,0.59,,n,noun,co-hyponym,
jury,judge,n,both,0.78,paired,0.98,,n,noun,co-hyponym,
juvenile,adult,y,both,0.86,,0.69,,n,noun,antonym,complementary
juveniles,adults,n,neitherX,0.58,,,,n,noun,antonym,complementary
key,lock,n,neitherY,,,0.61,paired,,,other-conventional,
keyboard,mouse,n,both,0.94,,0.9,,n,noun,co-hyponym,
keyboards,mice,n,neitherY,,,0.57,,n,noun,co-hyponym,
kid,adult,n,neitherX,0.55,,,,n,noun,antonym,complementary
killer,victim,n,neitherX,0.52,,,,n,noun,antonym,complementary
kilograms,pounds,n,both,0.68,,0.51,,n,noun,co-hyponym,
kilometers,miles,n,both,0.87,,0.75,,n,noun,co-hyponym,
kilometres,miles,n,neitherX,0.67,,,,n,noun,co-hyponym,
kins,kin,n,neitherX,0.68,,,,,partial token,x-none,
km,mi,n,neitherX,0.63,,,,,,co-hyponym,
kneeling,standing,n,both,0.62,,0.61,,n,adj/verb,co-hyponym,
knocked,called,n,neitherY,,,0.54,,,,nym-near-synonym,
knocking,calling,n,both,0.58,,0.54,,,,nym-near-synonym,
knockout,submission,n,neitherX,0.56,,,,,,co-hyponym,
labour,capital,n,neitherY,,,0.55,,n,noun,other-related,
lacked,had,n,neitherY,,,0.54,,,verb,antonym-secondary,complementary
lacks,has,n,neitherY,,,0.71,,,verb,antonym-secondary,complementary
lad,man,n,neitherY,,,0.61,,,,co-hyponym,
ladies,gentlemen,n,both,0.86,paired,0.61,paired,n,noun,antonym,complementary
lady,gentleman,n,neitherX,0.91,paired,,,n,noun,antonym,complementary
lakes,rivers,n,both,0.63,,0.66,,n,noun,co-hyponym,
landing,takeoff,n,neitherY,,,0.68,,n,noun,antonym,reversive
landlord,tenant,n,both,0.97,paired,0.94,paired,n,noun,antonym,converse
landlords,tenants,n,both,0.83,paired,0.78,paired,n,noun,antonym,converse
large,small,y,both,0.94,paired,0.87,,n,adj,antonym,scalar
larger,smaller,n,both,0.98,paired,0.95,,n,adj,antonym,scalar
largest,smallest,n,both,0.77,paired,0.75,paired,n,adj,antonym,scalar
last,first,y,neitherY,,,0.94,paired,n,adj/noun,antonym-numeric,complementary
lat,lat,n,neitherY,,,0.8,paired,,,x-identical,
late,early,y,both,0.75,paired,0.92,paired,n,adj,antonym-temporal,scalar
later,earlier,n,neitherX,0.69,paired,,,,adj,antonym-temporal,
later,sooner,n,neitherY,,,0.5,paired,n,adj/adv,antonym-temporal,scalar
lateral,vertical,n,neitherY,,,0.53,,n,adj,antonym-secondary,complementary
latter,former,y,both,0.87,,0.6,,n,adj,antonym,complementary
laugh,cry,y,neitherX,0.66,,,,n,verb,antonym,scalar
laughed,cried,n,neitherX,0.74,,,,,verb,antonym,complementary
laughing,crying,n,neitherX,0.64,,,,n,verb,antonym,scalar
laughs,cries,n,neitherX,0.51,,,,,verb,antonym,scalar
laying,rising,n,neitherX,0.55,,,,,verb,antonym-secondary,complementary
lays,rises,n,neitherY,,,0.51,,,verb,antonym-secondary,complementary
lb,kg,n,both,0.58,,0.58,,n,noun,co-hyponym,
leader,follower,y,neitherX,0.63,,,,n,noun,antonym,complementary
leading,following,y,neitherX,0.81,,,,n,verb,antonym,complementary
leads,follows,n,neitherX,0.7,,,,,verb,antonym,complementary
leaps,bounds,n,neitherX,0.73,,,,,,other-conventional,
leased,owned,n,neitherY,,,0.59,,n,adj/verb,co-hyponym,
left,right,y,both,0.99,,0.98,,n,adj/noun,antonym,complementary
leftist,conservative,n,both,0.71,,0.72,,n,noun,antonym,complementary
leg,arm,n,neitherY,,,0.72,,,,co-hyponym,
legs,arms,n,both,0.59,,0.88,,n,noun,co-hyponym,
lend,borrow,y,neitherY,,,0.61,,n,verb,antonym,converse
lender,borrower,y,both,0.93,,0.91,paired,,noun,antonym,complementary
lenders,borrowers,n,both,0.61,paired,0.66,paired,,noun,antonym,complementary
lending,borrowing,n,neitherX,0.56,,,,,verb,antonym,converse
leptin,insulin,n,both,0.79,,0.81,,n,noun,co-hyponym,
lesbian,gay,n,both,0.58,,0.89,,,,co-hyponym,
lesbians,gays,n,neitherY,,,0.88,,n,noun,antonym,complementary
less,more,y,both,0.97,paired,0.99,paired,n,adj,antonym,scalar
lessen,increase,n,neitherY,,,0.63,,n,verb,antonym-secondary,scalar
lesser,greater,y,both,0.85,,0.98,,n,adj,antonym,scalar
liabilities,assets,n,both,0.64,paired,0.93,,n,noun,antonym,complementary
liable,responsible,n,neitherY,,,0.53,,n,adj,nym-near-synonym,
libel,slander,n,both,0.94,paired,0.79,paired,n,noun,antonym,complementary
liberal,conservative,y,both,0.91,paired,0.88,paired,n,noun,antonym,scalar
liberals,conservatives,n,both,0.89,paired,0.81,paired,n,noun,antonym,scalar
liberties,rights,n,neitherY,,,0.64,,n,noun,nym-near-synonym,
lic,lic,n,neitherX,0.56,paired,,,,,x-identical,
lieutenant,captain,n,both,0.56,,0.78,,n,noun,co-hyponym,
life,death,n,both,0.98,,0.87,paired,n,noun,antonym,complementary
lifeless,alive,n,neitherY,,,0.76,,n,adj,antonym-secondary,complementary
lighter,heavier,n,both,0.79,paired,0.7,paired,n,adj,antonym,scalar
lightning,thunder,n,both,0.54,paired,0.69,paired,,,co-hyponym,
liked,disliked,y,neitherX,0.55,,,,n,adj/verb,antonym,scalar
likelihood,probability,n,both,0.75,,0.57,,n,noun,co-hyponym,
likes,hates,n,neitherX,0.62,,,,,verb/noun,antonym-secondary,scalar
limb,life,n,neitherY,,,0.79,,,,other-conventional,
liquid,solid,n,both,0.97,paired,0.96,paired,n,noun,antonym,multiple incompatibility
liquids,gases,n,neitherX,0.63,paired,,,,,co-hyponym,multiple incompatibility
listener,speaker,n,neitherY,,,0.57,,,,co-hyponym,
little,much,y,neitherX,0.54,,,,,adj,antonym,scalar
liv,die,n,neitherX,0.68,,,,,partial token,x-none,
live,die,n,both,0.96,,0.74,paired,,verb,antonym,complementary
lived,died,n,both,0.88,,0.58,paired,,verb,antonym,complementary
lives,dies,n,both,0.96,paired,0.66,paired,,verb,antonym,complementary
living,dead,y,both,0.85,,0.94,,n,adj,antonym,complementary
loaded,locked,n,neitherY,,,0.67,,,,other-conventional,
lock,key,n,both,0.92,,0.63,paired,n,noun,co-hyponym,
locked,unlocked,n,neitherX,0.62,,,,n,adj,antonym,reversive
locking,unlocking,n,neitherX,0.69,,,,,verb,antonym,complementary
locks,keys,n,both,0.75,,0.57,,n,noun,co-hyponym,
long,short,y,both,0.95,paired,0.86,paired,n,adj,antonym,scalar
longer,shorter,n,neitherX,0.79,paired,,,n,adj,antonym,scalar
longest,shortest,n,both,0.81,,0.62,paired,n,adj,antonym,scalar
lose,gain,n,neitherX,0.52,,,,,verb,antonym,scalar
lose,win,y,neitherY,,,0.77,,n,verb,antonym,converse
loser,winner,y,both,0.74,paired,0.95,,n,noun,antonym,converse
losers,winners,n,both,0.81,paired,0.97,,n,noun,antonym,converse
loses,wins,n,neitherY,,,0.79,,n,verb,antonym,converse
losing,winning,n,both,0.63,paired,0.92,,n,verb,antonym,converse
loss,gain,y,both,0.79,paired,0.74,paired,,noun,antonym,scalar
losses,profits,n,both,0.51,,0.51,,n,noun,antonym,scalar
lost,found,y,neitherX,0.83,,,,n,adj,antonym,reversive
loves,hates,n,neitherX,0.66,paired,,,,verb,antonym,scalar
low,high,y,both,0.95,paired,0.99,paired,n,adj,antonym,scalar
lower,higher,n,both,0.96,paired,0.99,paired,n,adj,antonym,scalar
lowered,raised,y,neitherY,,,0.69,,n,adj/verb,antonym,converse
lowers,raises,n,neitherY,,,0.65,,,verb,antonym,reversive
lowest,highest,n,both,0.84,paired,0.9,paired,n,adj,antonym,scalar
lowly,high,n,neitherY,,,0.57,,,adj,antonym-secondary,scalar
lows,highs,n,both,0.67,paired,0.81,paired,n,noun,antonym,scalar
lunch,dinner,n,neitherX,0.84,,,,n,noun,co-hyponym,
lunch,breakfast,n,neitherY,,,0.92,,n,noun,co-hyponym,
lung,heart,n,neitherY,,,0.74,,n,noun,co-hyponym,
lungs,heart,n,both,0.52,,0.67,,n,noun,co-hyponym,
lust,love,n,neitherY,,,0.58,,n,noun,nym-near-synonym,
mRNA,DNA,n,neitherY,,,0.59,,n,noun,co-hyponym,
machine,man,n,both,0.55,,0.84,,,,co-hyponym,
macro,micro,n,both,0.83,paired,0.73,paired,n,adj,antonym,complementary
magazine,newspaper,n,neitherY,,,0.53,,n,noun,co-hyponym,
magazines,newspapers,n,neitherY,,,0.57,,,,co-hyponym,
magic,science,n,neitherY,,,0.56,,n,noun,contrast-conceptual,
mainland,island,n,neitherY,,,0.56,,,,co-hyponym,
major,minor,y,both,0.97,paired,0.88,paired,n,adj,antonym,scalar
majority,minority,y,both,0.74,paired,0.64,paired,n,noun,antonym,scalar
majors,minors,n,neitherX,0.53,,,,n,noun,antonym,complementary
mal,mal,n,neitherY,,,0.71,paired,,,x-identical,
male,female,y,both,1,paired,0.98,paired,n,adj/noun,antonym,complementary
males,females,n,both,0.99,paired,0.94,paired,n,noun,antonym,complementary
mammal,bird,n,both,0.58,,0.52,,n,noun,co-hyponym,
manga,anime,n,neitherY,,,0.52,paired,,,co-hyponym,
mans,gods,n,neitherY,,,0.66,,,,co-hyponym,
manslaughter,murder,n,neitherY,,,0.63,,n,noun,co-hyponym,
manual,automatic,y,neitherX,0.61,paired,,,,,co-hyponym,
manually,automatically,n,both,0.61,,0.6,,,adv,antonym,scalar
many,few,y,both,0.69,paired,0.52,paired,n,adj,antonym,scalar
marine,terrestrial,n,both,0.59,,0.63,,n,adj,co-hyponym,multiple incompatibility
marriage,divorce,n,neitherX,0.73,,,,n,noun,antonym,complementary
married,divorced,n,neitherX,0.74,,,,,,co-hyponym,
mascara,lipstick,n,both,0.59,,0.6,,,,co-hyponym,
masculine,feminine,y,both,1,paired,0.97,paired,n,adj,antonym,complementary
master,slave,n,both,0.74,,0.5,paired,n,adj/noun,antonym,complementary
masters,slaves,n,both,0.82,,0.65,paired,n,adj/noun,antonym,complementary
maternal,paternal,y,neitherX,0.96,paired,,,n,adj,antonym,complementary
max,min,n,both,0.98,,0.95,paired,n,adj,antonym,complementary
maximum,minimum,y,both,0.94,paired,0.91,paired,n,noun,antonym,complementary
me,you,n,both,0.51,,0.93,,n,noun/pronoun,antonym,complementary
meant,said,n,neitherY,,,0.56,,,,co-hyponym,
meanwhile,now,n,neitherY,,,0.51,,,,co-hyponym-temporal,
medial,lateral,n,both,0.82,,0.54,,n,adj,co-hyponym,
median,mean,n,neitherY,,,0.59,,,,co-hyponym,
melt,freeze,n,neitherX,0.51,,,,,adj,antonym,scalar
men,gods,n,neitherY,,,0.74,,,,co-hyponym,
mental,physical,y,neitherY,,,0.72,,n,adj,antonym,complementary
mentally,physically,n,both,0.6,,0.81,,n,adv,antonym,complementary
mercy,justice,n,both,0.54,,0.6,,,,other-related,
methamphetamine,heroin,n,neitherY,,,0.55,,,,co-hyponym,
metres,yards,n,neitherX,0.62,,,,,,co-hyponym,
metric,imperial,n,neitherX,0.71,,,,,,co-hyponym,
micro,macro,n,both,0.91,paired,0.99,paired,n,adj,antonym,complementary
midday,morning,n,neitherY,,,0.5,,,,co-hyponym-temporal,
midnight,dawn,n,neitherX,0.54,,,,,,co-hyponym-temporal,
midterm,presidential,n,both,0.53,,0.5,,n,adj,co-hyponym,
millennia,centuries,n,neitherX,0.73,,,,,,co-hyponym-temporal,
millionaires,billionaires,n,both,0.73,,0.52,,,,co-hyponym-numeric,
millions,billions,n,neitherX,0.8,,,,n,noun,co-hyponym,
milliseconds,seconds,n,both,0.83,,0.65,,n,noun,co-hyponym-temporal,
min,max,n,neitherY,,,0.82,paired,n,adj,antonym,complementary
mine,yours,n,both,0.69,paired,0.86,paired,n,other/possessive,co-hyponym,
minimum,maximum,y,both,0.91,paired,0.98,paired,n,noun,antonym,complementary
minor,major,y,both,0.91,paired,0.9,paired,n,adj,antonym,scalar
minority,majority,y,both,0.87,paired,0.99,paired,n,noun,antonym,scalar
minors,adults,n,both,0.54,,0.78,,n,noun,antonym,complementary
mins,seconds,n,neitherX,0.62,,,,,,co-hyponym-temporal,
minus,plus,y,both,0.86,paired,1,paired,n,adj,antonym,scalar
minutes,seconds,n,neitherX,0.8,paired,,,,,co-hyponym-temporal,
misdemeanor,felony,n,both,0.96,paired,0.97,paired,n,noun,co-hyponym,
miserable,happy,n,neitherY,,,0.61,,,adj,antonym-secondary,scalar
misfortune,fortune,n,neitherY,,,0.66,,,noun,antonym,scalar
mislead,deceive,n,neitherX,0.6,,,,,,nym-near-synonym,
misleading,deceptive,n,neitherX,0.53,paired,,,,,nym-near-synonym,
misleading,FALSE,n,neitherY,,,0.81,,,,co-hyponym,
misses,hits,n,neitherY,,,0.79,,n,noun,antonym,complementary
mistress,slave,n,neitherX,0.55,,,,,noun,antonym-secondary,converse
mistress,master,n,neitherY,,,0.73,,,noun,antonym,complementary
mitochondrial,nuclear,n,both,0.79,,0.83,,n,adj,co-hyponym,
mod,mod,n,neitherY,,,0.54,paired,,,x-identical,
moist,dry,n,both,0.76,,0.73,,n,adj,antonym-secondary,scalar
molecules,atoms,n,neitherY,,,0.57,,,,co-hyponym,
molten,solid,n,both,0.78,,0.76,,n,adj,antonym-secondary,scalar
mom,dad,n,both,0.89,,0.71,paired,,noun,antonym,complementary
moms,dads,n,neitherX,0.81,,,,n,noun,antonym,complementary
monog,poly,n,neitherX,0.57,,,,,partial token,x-none,
monster,man,n,neitherY,,,0.63,,,,co-hyponym,
month,year,n,neitherX,0.87,,,,n,noun,co-hyponym-temporal,
month,day,n,neitherY,,,0.63,,,,nym-meronym,
monthly,weekly,n,neitherY,,,0.71,,n,adv,co-hyponym-temporal,
months,years,n,neitherX,0.81,,,,n,noun,co-hyponym-temporal,
moon,sun,n,both,0.55,paired,0.96,paired,n,noun,co-hyponym,
more,less,y,both,1,paired,0.96,paired,n,adj,antonym,scalar
morning,night,n,both,0.56,,0.65,,,,co-hyponym-temporal,
mornings,evenings,n,neitherX,0.59,paired,,,n,noun,antonym,multiple incompatibility
mortals,gods,n,both,0.51,,0.7,,,noun,antonym,complementary
most,least,y,neitherX,0.98,,,,,adj,antonym,scalar
most,all,n,neitherY,,,0.57,,n,other/det,co-hyponym,
mother,father,y,neitherY,,,0.92,paired,,noun,antonym,complementary
mothers,fathers,n,both,0.86,paired,0.78,paired,n,noun,antonym,complementary
movie,book,n,neitherY,,,0.56,,n,noun,co-hyponym,
movies,books,n,neitherY,,,0.53,,n,noun,co-hyponym,
much,little,y,neitherY,,,0.64,,n,adj/adv/pronoun,antonym,scalar
multi,single,n,neitherY,,,0.82,,n,adj,antonym,complementary
multiple,single,y,neitherY,,,0.51,,n,adj,antonym-numeric,complementary
multiplication,division,n,both,0.9,,0.59,,n,noun,antonym,complementary
multiplied,divided,n,both,0.74,,0.75,,,verb,antonym,complementary
multiply,divide,y,both,0.89,,0.79,,,verb,antonym,complementary
mum,dad,n,both,0.89,,0.78,,,noun,antonym,complementary
mummy,daddy,n,neitherX,0.73,,,,,noun,antonym,complementary
mute,deaf,n,neitherY,,,0.55,,,,co-hyponym,
myself,you,n,neitherY,,,0.61,,,noun/pronoun,antonym-secondary,complementary
nail,hammer,n,neitherY,,,0.58,,,,co-hyponym,
narrower,wider,n,neitherY,,,0.71,,n,adj,antonym,scalar
nationally,internationally,n,neitherX,0.62,paired,,,,adv,antonym,complementary
nationally,locally,n,neitherY,,,0.85,,n,adv,antonym,complementary
naughty,nice,n,both,0.85,paired,0.65,paired,n,adj,antonym,scalar
navy,army,n,both,0.63,,0.73,,,,co-hyponym,
near,far,y,both,0.84,paired,0.9,paired,n,adj,antonym,scalar
nearer,farther,n,both,0.6,,0.53,,,adj,antonym,scalar
necessary,desirable,n,neitherX,0.67,,,,,,co-hyponym,
need,want,n,neitherY,,,0.69,,,,co-hyponym,
needed,wanted,n,both,0.59,,0.74,,,,co-hyponym,
needing,wanting,n,neitherY,,,0.63,,,,co-hyponym,
needle,thread,n,neitherX,0.9,,,,,,co-hyponym,
needs,wants,n,both,0.81,paired,0.91,paired,n,noun,co-hyponym,
negative,positive,y,both,0.96,paired,0.99,paired,n,adj,antonym,scalar
negatively,positively,n,both,0.93,paired,1,paired,n,adv,antonym,scalar
negatives,positives,n,both,0.69,paired,0.91,paired,n,noun,antonym,scalar
negligent,reckless,n,neitherX,0.68,,,,n,noun,co-hyponym,
negro,white,n,neitherY,,,0.74,,n,adj,antonym-secondary,complementary
neighbor,friend,n,neitherY,,,0.57,,,,co-hyponym,
neighbors,friends,n,both,0.54,,0.64,,,,co-hyponym,
neighbour,friend,n,both,0.52,,0.67,,n,noun,co-hyponym,
neighbours,friends,n,both,0.58,,0.73,,n,noun,co-hyponym,
neither,nor,n,neitherY,,,0.76,,,,other-related,
nephew,uncle,n,neitherY,,,0.58,,n,noun,co-hyponym,
net,gross,y,neitherY,,,0.74,paired,n,adj,antonym,complementary
neutron,electron,n,both,0.74,,0.84,,,,co-hyponym,
never,now,n,neitherY,,,0.88,,n,adv,co-hyponym-temporal,complementary
new,old,y,both,0.89,,0.98,,n,adj,antonym,scalar
newer,older,n,both,0.72,,0.71,,n,adj,antonym,scalar
newest,oldest,n,neitherY,,,0.63,,n,adj,antonym,scalar
newly,old,n,neitherY,,,0.51,,,adj,antonym-secondary,scalar
nice,naughty,n,both,0.82,paired,0.57,paired,,adj,antonym,
nicer,worse,n,neitherX,0.7,,,,n,adj,antonym-secondary,scalar
niece,nephew,y,neitherX,0.87,,,,,noun,antonym,complementary
night,day,y,both,0.94,paired,0.99,paired,n,noun,antonym,complementary
nightly,daily,n,neitherY,,,0.56,,,,co-hyponym-temporal,
nightmare,dream,n,neitherY,,,0.54,,,noun,antonym,scalar
nights,days,n,both,0.9,paired,0.97,,n,noun,antonym,complementary
nighttime,daytime,n,both,0.61,paired,0.55,,n,noun,antonym,complementary
nineteen,twenty,n,neitherX,0.51,,,,,,co-hyponym-numeric,
nineteen,eighteen,n,neitherY,,,0.74,,n,noun,co-hyponym-numeric,
nineteenth,twentieth,n,neitherX,0.95,,,,n,noun/adj,co-hyponym-numeric,
nineteenth,eighteenth,n,neitherY,,,0.89,,n,noun/adj,co-hyponym-numeric,
ninety,eighty,n,neitherY,,,0.53,,,,co-hyponym-numeric,
ninth,tenth,n,neitherX,0.58,,,,n,noun/adj,co-hyponym-numeric,
ninth,eighth,n,neitherY,,,0.62,,n,noun/adj,co-hyponym-numeric,
no,yes,y,neitherY,,,0.99,paired,n,noun/adv,antonym,complementary
nominated,elected,n,neitherY,,,0.53,,n,adj/verb,co-hyponym,
nominee,candidate,n,neitherY,,,0.53,,,,co-hyponym,
nominees,candidates,n,neitherY,,,0.57,,n,noun,co-hyponym,
none,all,n,neitherX,0.58,,,,,noun/pronoun,antonym,complementary
noon,morning,n,neitherY,,,0.52,,,,co-hyponym-temporal,
nor,nor,n,neitherX,0.68,paired,,,,,x-identical,
normal,abnormal,y,neitherX,0.91,paired,,,,adj,antonym,scalar
north,south,y,both,0.97,paired,0.63,paired,n,adj,antonym,multiple incompatibility
northern,southern,y,both,0.86,paired,0.73,paired,n,adj,antonym,multiple incompatibility
nothing,something,n,neitherY,,,0.72,,,,co-hyponym,
notorious,famous,n,neitherY,,,0.52,,,,co-hyponym,
now,ever,n,neitherX,0.52,,,,,,co-hyponym-temporal,
now,then,n,neitherY,,,0.91,paired,n,adv/noun,co-hyponym-temporal,
nowadays,then,n,neitherY,,,0.56,,,,co-hyponym-temporal,
nowhere,here,n,neitherY,,,0.85,,,,co-hyponym,
nuclear,conventional,y,neitherY,,,0.55,,n,adj,antonym,complementary
nude,clothed,n,both,0.82,,0.62,,n,adj,antonym,complementary
nurses,doctors,n,neitherY,,,0.69,,,,co-hyponym,
nurture,nature,n,both,0.98,,1,,n,noun,contrast-conceptual,complementary
nut,seed,n,neitherX,0.51,,,,,,co-hyponym,
oats,barley,n,both,0.68,,0.52,,n,noun,co-hyponym,
obese,overweight,n,both,0.82,paired,0.69,paired,n,adj,co-hyponym,
object,subject,n,neitherY,,,0.8,,,,co-hyponym,
obligations,rights,n,neitherY,,,0.61,,,,opposition-indirect,
observer,participant,n,neitherX,0.65,paired,,,n,noun,antonym,complementary
obstruct,impede,n,neitherX,0.52,,,,,,nym-near-synonym,
of,of,n,neitherY,,,0.52,paired,y,other/preposition,x-identical,
off,on,y,both,0.73,paired,0.99,paired,n,adj/adv,antonym,complementary
offence,defence,y,both,0.7,,0.56,,n,noun,antonym,complementary
offender,victim,n,both,0.87,,0.93,,n,noun,antonym,complementary
offenders,victims,n,both,0.53,,0.76,,n,noun,antonym,complementary
offense,defense,y,both,1,paired,0.98,paired,n,noun,antonym,complementary
offensive,defensive,y,neitherX,0.65,paired,,,,adj,antonym,complementary
offensively,defensively,y,both,0.98,paired,0.93,paired,n,adv,antonym,complementary
offline,online,n,both,0.76,paired,0.57,paired,n,adj,antonym,complementary
oils,fats,n,neitherX,0.52,,,,,,co-hyponym,
old,young,y,both,0.83,paired,0.94,paired,n,adj,antonym,scalar
older,younger,n,both,0.97,paired,0.89,paired,n,adj,antonym,scalar
oldest,youngest,n,both,0.68,paired,0.87,paired,n,adj,antonym,scalar
omega,alpha,n,neitherY,,,0.99,,n,noun,antonym,complementary
omission,commission,n,neitherY,,,0.81,,,,opposition-indirect,
on,off,y,both,0.87,paired,0.62,paired,n,adj/adv,antonym,complementary
once,twice,n,both,0.7,paired,0.87,paired,n,adv,co-hyponym-numeric,
online,offline,n,both,0.94,paired,0.63,paired,n,adj,antonym,complementary
onstage,off,n,neitherX,0.52,,,,n,adj,antonym,complementary
onwards,downwards,n,neitherX,0.55,,,,,,co-hyponym,
opaque,transparent,n,both,0.74,,0.7,,n,adj,antonym,scalar
opened,closed,n,neitherX,0.86,,,,n,adj/verb,antonym,scalar
opening,closing,y,both,0.94,,0.6,paired,n,verb,antonym,scalar
opens,closes,n,both,0.8,paired,0.63,paired,n,verb,antonym,scalar
operate,own,n,neitherY,,,0.73,,,,co-hyponym,
operated,owned,n,neitherY,,,0.81,,n,adj/verb,co-hyponym,
operates,owns,n,neitherY,,,0.84,,,,co-hyponym,
opp,pro,n,neitherY,,,0.74,,,partial token,x-none,
oppose,support,n,neitherY,,,0.67,,n,verb,antonym,complementary
opposes,supports,n,neitherY,,,0.88,,n,verb,antonym,complementary
opposite,equal,n,neitherY,,,0.64,,,,co-hyponym,
optimistic,pessimistic,y,neitherX,0.57,paired,,,n,adj,antonym,scalar
optional,required,n,neitherX,0.77,,,,,adj,antonym,scalar
optionally,explicitly,n,neitherY,,,0.6,,,,opposition-indirect,
or,nor,n,neitherY,,,0.76,,,,co-hyponym,
oral,written,n,neitherX,0.69,,,,n,adj,antonym,complementary
oranges,apples,n,neitherY,,,0.69,,,,co-hyponym,
other,one,n,neitherY,,,0.7,,,,proform,
ounces,grams,n,neitherY,,,0.51,,,,co-hyponym,
ours,yours,n,both,0.53,,0.68,,,other/possessive,antonym,complementary
out,in,n,both,0.85,paired,0.96,,n,other/preposition,antonym,complementary
outdoor,indoor,y,both,0.71,paired,0.8,paired,n,adj,antonym,complementary
outdoors,indoors,y,both,0.71,paired,0.9,paired,n,noun/adv,antonym,complementary
outer,inner,y,both,0.76,paired,0.93,paired,n,adj,antonym,scalar
outfield,infield,y,neitherY,,,0.74,paired,n,adj/noun,antonym,complementary
outfielder,pitcher,n,neitherY,,,0.61,,n,noun,co-hyponym,
outl,in,n,neitherY,,,0.58,,,partial token,x-none,
output,input,n,both,0.84,paired,0.98,paired,n,adj/noun,antonym,complementary
outputs,inputs,n,both,0.95,paired,0.98,paired,n,noun,antonym,complementary
outside,inside,y,both,0.78,paired,0.9,paired,n,adj/noun,antonym,complementary
outsider,insider,n,both,0.81,,0.81,,n,noun,antonym,complementary
outsiders,insiders,n,both,0.85,,0.86,,n,noun,antonym,complementary
outward,inward,y,both,0.94,paired,0.97,paired,n,adj,antonym,scalar
outweigh,exceed,n,neitherX,0.71,,,,,,nym-near-synonym,
oval,round,n,neitherY,,,0.58,,,,co-hyponym,
over,under,n,neitherX,0.73,,,,n,adv,antonym,scalar
overboard,ashore,n,neitherY,,,0.54,,,,opposition-indirect,
overest,underestimate,n,neitherX,0.73,,,,,partial token,x-none,
overhead,below,n,both,0.8,,0.72,,n,adj/adv,antonym-secondary,complementary
overheard,seen,n,neitherY,,,0.66,,,,opposition-indirect,
overs,runs,n,neitherX,0.6,,,,,,co-hyponym,
oversized,small,n,neitherX,0.53,,,,,adj,antonym-secondary,scalar
overt,covert,y,neitherX,0.53,,,,,adj,antonym,scalar
overweight,obese,n,both,0.9,paired,0.61,paired,n,adj,co-hyponym,
owing,owing,n,neitherX,0.57,paired,,,y,verb,x-identical,
owns,controls,n,neitherX,0.83,,,,,,co-hyponym,
pagan,Christian,n,neitherY,,,0.55,,,,co-hyponym,
pal,foe,n,neitherX,0.61,,,,n,noun,antonym-secondary,complementary
pans,pots,n,neitherY,,,0.95,,n,noun,co-hyponym,
paradise,hell,n,both,0.8,,0.79,,n,noun,antonym,complementary
parasite,host,y,both,0.79,,0.7,,,noun,antonym,complementary
parcel,letter,n,neitherY,,,0.51,,,,co-hyponym,
parchment,ink,n,neitherX,0.64,,,,,,co-hyponym,
part,whole,n,both,0.71,paired,0.92,paired,n,noun,nym-meronym,
parted,met,n,neitherY,,,0.65,,,verb,antonym,reversive
participant,observer,n,neitherX,0.54,paired,,,n,noun,antonym,complementary
particular,general,y,neitherY,,,0.61,,n,adj,antonym,scalar
parts,whole,n,neitherY,,,0.78,,n,noun,nym-meronym,
passive,active,y,both,0.71,,0.63,,n,adj,antonym,scalar
passively,actively,y,both,0.59,paired,0.73,paired,n,adv,antonym,scalar
passport,visa,n,neitherX,0.51,,,,,,other-related,
passports,visas,n,neitherX,0.58,,,,,,other-related,
password,username,n,both,0.56,paired,0.89,,n,noun,co-hyponym,
past,future,y,neitherX,0.52,paired,,,,,co-hyponym-temporal,
past,present,n,neitherY,,,0.53,paired,n,noun,co-hyponym-temporal,
patent,copyright,n,both,0.66,,0.56,,,,co-hyponym,
paternal,maternal,y,both,0.91,paired,0.92,,n,adj,antonym,complementary
patients,doctors,n,neitherY,,,0.5,,,noun,antonym,converse
payable,due,n,neitherY,,,0.95,,n,noun,nym-near-synonym,
peace,war,y,both,0.91,paired,0.94,paired,n,noun,antonym,complementary
peak,trough,n,both,0.71,paired,0.67,paired,n,noun,antonym,scalar
peaks,valleys,n,both,0.76,,0.51,,n,noun,antonym,complementary
pear,apple,n,neitherY,,,0.58,,n,noun,co-hyponym,
penalty,warning,n,neitherX,0.51,,,,,,co-hyponym,
peninsula,island,n,both,0.75,,0.57,,n,noun,co-hyponym,
pepper,salt,n,both,0.82,paired,1,,n,noun,co-hyponym,
peppers,tomatoes,n,neitherY,,,0.51,,,,co-hyponym,
percent,percent,n,neitherX,0.53,paired,,,,,x-identical,
peripheral,central,y,neitherY,,,0.7,,n,adj,antonym,scalar
periphery,core,n,neitherY,,,0.72,,n,noun,antonym-secondary,scalar
perish,live,n,neitherY,,,0.7,,,verb,antonym-secondary,complementary
perished,lived,n,neitherY,,,0.52,,,verb,antonym-secondary,complementary
permanently,temporarily,y,both,0.59,paired,0.57,paired,n,adv,antonym,scalar
perpendicular,parallel,n,neitherY,,,0.76,,n,adj,antonym,complementary
perpetrator,victim,n,both,0.91,,0.96,,n,noun,antonym,complementary
perpetrators,victims,n,both,0.8,,0.87,,n,noun,antonym,complementary
pessimistic,optimistic,y,both,0.72,paired,0.75,,n,adj,antonym,scalar
pest,predator,n,both,0.53,,0.56,,n,noun,other-related,
petrol,diesel,n,neitherX,0.75,,,,n,noun,co-hyponym,
phrase,word,n,neitherY,,,0.5,,n,noun,nym-meronym,
phrases,words,n,neitherY,,,0.58,,n,noun,nym-meronym,
piece,part,n,neitherY,,,0.53,,,,nym-near-synonym,
pistol,rifle,n,neitherY,,,0.52,paired,n,noun,co-hyponym,
place,time,n,neitherY,,,0.72,,,,co-hyponym,
plaintiff,defendant,y,both,0.99,paired,0.96,paired,n,noun,antonym,complementary
plaintiffs,defendants,n,both,0.88,,0.67,,n,noun,antonym,complementary
planets,stars,n,neitherY,,,0.59,,,,co-hyponym,
plant,animal,n,both,0.74,,0.58,,n,noun,co-hyponym,
plants,animals,n,both,0.75,,0.61,,n,noun,co-hyponym,
platinum,gold,n,neitherY,,,0.57,,,,co-hyponym,
pleasure,pain,y,both,0.73,,0.64,,n,adj,antonym,scalar
plug,socket,n,neitherX,0.54,,,,,,co-hyponym,
plural,singular,y,both,0.88,paired,0.99,paired,n,adj,antonym,complementary
plus,minus,y,both,0.98,paired,0.95,paired,n,adj,antonym,scalar
plutonium,uranium,n,both,0.87,paired,0.93,paired,n,noun,co-hyponym,
pm,email,n,neitherX,0.56,,,,,,x-odd,
pomp,circumstance,n,neitherX,0.72,,,,n,noun,other-conventional,
poor,rich,y,both,0.92,paired,0.99,paired,n,adj,antonym,scalar
poorer,richer,n,both,0.9,paired,0.96,paired,n,adj,antonym,scalar
poorest,richest,n,both,0.78,paired,0.87,,n,adj,antonym,scalar
poorly,well,n,neitherY,,,0.63,,,adj,antonym-secondary,scalar
pork,beef,n,neitherY,,,0.54,,n,noun,co-hyponym,
portion,whole,n,both,0.81,,0.89,,n,noun,nym-meronym,
posit,neg,n,neitherX,0.52,,,,,partial token,x-none,
positive,negative,y,both,0.98,paired,0.92,paired,n,adj,antonym,scalar
positively,negatively,n,both,0.98,paired,0.94,paired,n,adv,antonym,scalar
positives,negatives,n,both,0.99,paired,0.93,paired,n,noun,antonym,scalar
possible,probable,n,both,0.63,,0.5,,n,adj,contrast-scalar,
post,comment,n,both,0.73,,0.62,,,,co-hyponym,
posterior,anterior,y,both,0.87,paired,0.98,paired,n,adj,antonym,complementary
posting,commenting,n,both,0.57,,0.53,,,,co-hyponym,
posts,comments,n,neitherX,0.52,,,,n,noun,co-hyponym,
potassium,sodium,n,both,0.77,,0.87,,n,noun,co-hyponym,
pound,ounce,n,neitherX,0.57,,,,,,co-hyponym,
pre,post,n,neitherX,0.97,,,,n,other/prefix,antonym-temporal,complementary
preceded,followed,n,neitherX,0.82,,,,,verb,antonym-secondary,complementary
preceding,following,n,neitherX,0.54,paired,,,,verb,antonym-secondary,complementary
predator,prey,n,both,0.99,paired,0.99,paired,n,noun,antonym,converse
predators,prey,n,both,0.98,,0.96,,n,noun,antonym,converse
predecessor,successor,n,neitherX,0.83,,,,n,noun,antonym,complementary
predecessors,successors,n,neitherX,0.55,,,,,noun,antonym,complementary
predominant,dominant,n,neitherX,0.55,,,,,,nym-near-synonym,
prefix,suffix,y,neitherX,0.77,,,,n,noun,antonym,complementary
pregnant,married,n,neitherY,,,0.65,,,,co-hyponym,
presence,absence,y,neitherX,0.83,paired,,,n,noun,antonym,complementary
present,past,n,neitherY,,,0.94,paired,n,noun,co-hyponym-temporal,
previously,now,n,neitherY,,,0.51,,,,co-hyponym-temporal,
prey,predator,n,both,0.97,paired,0.96,paired,n,noun,antonym,converse
primaries,caucuses,n,both,0.71,paired,0.52,paired,n,noun,co-hyponym,
prince,king,n,neitherY,,,0.62,,,,co-hyponym,
princes,kings,n,neitherY,,,0.56,,,,co-hyponym,
princess,prince,n,neitherY,,,0.85,,n,noun,antonym,complementary
private,public,y,both,0.89,paired,0.93,paired,n,noun,antonym,complementary
privately,publicly,y,both,0.87,paired,0.86,paired,n,adv,antonym,complementary
pro,con,y,both,0.94,,0.68,paired,n,noun,antonym,complementary
proactive,reactive,n,both,0.86,paired,0.51,paired,n,adj,antonym,scalar
problem,solution,n,both,0.82,,0.61,,n,noun,antonym,complementary
processor,memory,n,neitherX,0.53,,,,,,co-hyponym,
producer,consumer,n,neitherX,0.59,,,,n,noun,antonym,complementary
producers,consumers,n,neitherX,0.64,,,,n,noun,antonym,complementary
product,service,n,neitherX,0.7,,,,n,noun,antonym,complementary
products,services,n,neitherX,0.84,,,,n,noun,antonym,complementary
professor,student,n,neitherY,,,0.53,,n,noun,antonym,converse
profit,loss,n,neitherX,0.63,,,,,noun,antonym,scalar
prohibiting,permitting,n,both,0.53,,0.6,,,verb,antonym-secondary,scalar
pronoun,adjective,n,neitherX,0.52,,,,,,co-hyponym,
proponent,opponent,n,neitherX,0.52,,,,n,noun,antonym,complementary
pros,cons,n,both,0.98,,0.9,paired,n,noun,antonym,complementary
prose,poetry,n,both,0.55,,0.77,,n,noun,antonym,complementary
prosecuted,convicted,n,neitherX,0.56,,,,,,co-hyponym,
prosecuting,investigating,n,neitherY,,,0.53,,,,co-hyponym,
prosecutors,judges,n,both,0.73,,0.53,,n,noun,co-hyponym,
protagonist,antagonist,n,neitherX,0.76,,,,n,noun,antonym,complementary
protagonists,antagonists,n,neitherX,0.53,,,,n,noun,antonym,complementary
prove,deny,n,neitherX,0.82,,,,,verb,antonym-secondary,
province,state,n,neitherY,,,0.58,,n,noun,nym-meronym,
provinces,states,n,neitherY,,,0.79,,n,noun,nym-meronym,
provincial,federal,n,neitherX,0.59,,,,,,co-hyponym,
public,private,y,both,0.94,paired,0.91,paired,n,noun,antonym,complementary
publicly,privately,y,both,0.81,paired,0.53,paired,n,adv,antonym,complementary
pull,push,y,both,0.6,paired,0.84,paired,n,adj/verb,antonym,complementary
pulling,pushing,n,both,0.72,paired,0.91,,n,verb,antonym,complementary
pulls,pushes,n,both,0.67,paired,0.73,,n,verb,antonym,complementary
pupil,teacher,n,neitherY,,,0.72,,n,noun,antonym,converse
purchase,sell,n,neitherX,0.51,,,,,verb,antonym-secondary,converse
purchased,sold,n,neitherX,0.83,,,,,verb,antonym-secondary,converse
purchaser,seller,n,both,0.91,,0.76,,n,noun,antonym,converse
purchasing,selling,n,neitherX,0.58,,,,,verb,antonym-secondary,converse
push,pull,y,both,0.88,paired,0.54,paired,n,verb,antonym,reversive
pushes,pulls,n,neitherX,0.69,paired,,,,verb,antonym,reversive
pushing,pulling,n,neitherX,0.78,paired,,,,verb,antonym,scalar
qualitative,quantitative,y,both,0.98,paired,0.99,paired,n,adj,antonym,complementary
quality,quantity,n,both,0.75,paired,0.76,paired,n,noun,contrast-conceptual,
quantitative,qualitative,y,both,0.88,paired,0.86,paired,n,adj,antonym,complementary
quantity,quality,n,both,0.89,paired,0.84,paired,n,noun,contrast-conceptual,
quarterly,monthly,n,both,0.56,,0.8,,n,adv,co-hyponym-temporal,
queen,king,y,both,0.69,,0.98,,n,noun,antonym,complementary
queens,kings,n,both,0.64,,0.93,,n,noun,antonym,complementary
question,answer,y,neitherX,0.78,,,,n,noun,antonym,complementary
questions,answers,n,neitherX,0.83,,,,n,noun,antonym,complementary
quieter,louder,n,neitherY,,,0.56,,n,adj,antonym,scalar
quite,quite,n,neitherY,,,0.55,paired,,,x-identical,
racist,sexist,n,both,0.73,paired,0.61,paired,,,co-hyponym,
raft,boat,n,neitherY,,,0.5,,,,co-hyponym,
raised,born,n,neitherY,,,0.53,,,,co-hyponym,
ranch,farm,n,neitherY,,,0.72,,,,nym-near-synonym,
randomized,controlled,n,neitherX,0.65,,,,,,co-hyponym,
rape,murder,n,neitherY,,,0.61,,,,co-hyponym,
rapes,murders,n,neitherX,0.57,,,,,,co-hyponym,
rated,reviewed,n,neitherY,,,0.63,,,,co-hyponym,
rave,rant,n,neitherY,,,0.61,,,,other-conventional,
reaction,action,n,neitherY,,,0.56,,,noun,antonym-secondary,complementary
reactive,proactive,n,both,0.6,paired,0.74,paired,n,adj,antonym,scalar
reading,writing,n,both,0.8,,0.55,,,,co-hyponym,
reads,writes,n,neitherX,0.72,,,,,verb,antonym,converse
reap,sow,n,both,0.51,,0.97,,n,verb,other-conventional,
rear,front,y,neitherY,,,0.96,,n,noun,antonym,complementary
rebirth,death,n,both,0.54,,0.86,,n,noun,antonym-secondary,complementary
receive,give,n,neitherY,,,0.65,,n,verb,antonym,reversive
received,sent,n,neitherY,,,0.68,paired,n,verb,antonym,reversive
receivers,quarterbacks,n,neitherY,,,0.62,,n,noun,co-hyponym,
receives,gives,n,neitherY,,,0.52,,n,verb,antonym,reversive
recipient,sender,n,neitherY,,,0.82,,,noun,antonym,reversive
recruitment,retention,n,neitherX,0.54,,,,,,other-related,
rectangle,square,n,both,0.56,,0.76,,n,noun,co-hyponym,
rectangular,square,n,both,0.54,,0.61,,n,adj,co-hyponym,
recycle,reuse,n,neitherX,0.61,,,,,,co-hyponym,
red,blue,n,neitherX,0.6,,,,,,co-hyponym,
reduce,increase,n,neitherY,,,0.8,,,verb,antonym,reversive
reduces,increases,n,both,0.59,,0.87,,n,verb,antonym,scalar
reducing,increasing,n,both,0.63,,0.76,,,verb,antonym,reversive
regained,lost,n,neitherY,,,0.78,,n,adj/verb,antonym,reversive
registration,login,n,neitherY,,,0.71,,,,co-hyponym,
reject,accept,y,neitherY,,,0.89,,n,verb,antonym,converse
rejected,accepted,n,neitherY,,,0.54,,n,verb,antonym,converse
rejecting,accepting,n,neitherY,,,0.57,,,verb,antonym,scalar
rejects,accepts,n,neitherY,,,0.57,,n,verb,antonym,converse
relegated,promoted,n,neitherX,0.93,,,,n,adj/verb,antonym,scalar
relegation,promotion,n,both,0.97,,0.99,,n,noun,antonym,scalar
reliever,starter,n,both,0.93,,0.98,,n,noun,antonym-secondary,complementary
remission,relapse,n,neitherX,0.5,,,,,,co-hyponym,
removable,permanent,n,neitherY,,,0.56,,n,adj,antonym-secondary,complementary
remove,add,n,neitherY,,,0.79,,,verb,antonym,reversive
removed,added,n,neitherY,,,0.59,,,verb,antonym,reversive
removes,adds,n,neitherY,,,0.74,,,verb,antonym,reversive
removing,adding,n,neitherY,,,0.66,,,verb,antonym,reversive
rented,owned,n,neitherY,,,0.75,,n,adj/verb,antonym,complementary
renting,owning,n,neitherY,,,0.65,,n,adj/verb,antonym,complementary
reopened,closed,n,neitherX,0.54,,,,n,adj,antonym-secondary,complementary
repeal,replace,n,neitherX,0.61,,,,,,other-related,
replica,original,n,neitherY,,,0.85,,n,noun,antonym-secondary,complementary
resident,visitor,n,neitherX,0.56,,,,n,noun,antonym,complementary
residential,commercial,n,both,0.79,,0.79,,n,adj,antonym,complementary
residing,working,n,neitherX,0.6,,,,,,co-hyponym,
responsibilities,rights,n,neitherY,,,0.59,,,,other-related,
responsible,liable,n,neitherX,0.53,,,,,,nym-near-synonym,
resurrection,death,n,neitherY,,,0.76,,n,noun,antonym-secondary,complementary
retrieval,storage,n,neitherY,,,0.66,,n,noun,antonym-secondary,reversive
retweet,like,n,neitherY,,,0.63,,,,co-hyponym,
revenues,expenses,n,neitherX,0.63,,,,,noun,antonym-secondary,complementary
revered,feared,n,neitherY,,,0.67,,,,other-related,
reverse,forward,y,neitherY,,,0.59,,,verb/noun,antonym,reversive
reward,punishment,n,neitherX,0.77,,,,n,noun,antonym,complementary
rewards,punishments,n,neitherX,0.56,,,,n,noun,antonym,complementary
rice,wheat,n,both,0.51,,0.76,,n,noun,co-hyponym,
rich,poor,y,both,0.97,paired,0.95,paired,n,adj,antonym,scalar
richer,poorer,n,both,0.94,paired,0.75,paired,n,adj,antonym,scalar
richest,poorest,n,neitherX,0.68,paired,,,n,adj,antonym,scalar
rider,horse,n,neitherY,,,0.94,,,,other-related,
rifle,pistol,n,neitherY,,,0.56,paired,n,noun,co-hyponym,
right,wrong,y,neitherX,0.67,paired,,,n,adj,antonym,complementary
rightly,wrongly,n,neitherX,0.59,,,,n,adv,antonym,complementary
rise,fall,y,both,0.92,paired,0.78,paired,n,verb,antonym,reversive
risen,fallen,n,both,0.61,,0.56,paired,,adj/verb,antonym,converse
rises,falls,n,both,0.89,paired,0.78,paired,n,verb,antonym,reversive
rising,falling,y,neitherX,0.73,paired,,,n,verb,antonym,reversive
rival,friend,n,neitherY,,,0.55,,,noun,antonym-secondary,complementary
rivals,friends,n,neitherY,,,0.56,,,noun,antonym-secondary,complementary
rookie,veteran,n,both,0.56,,0.5,,n,noun,antonym,scalar
rookies,veterans,n,neitherY,,,0.52,,n,noun,antonym,scalar
rough,smooth,y,neitherX,0.6,,,,,adj,antonym,scalar
round,square,y,neitherY,,,0.78,paired,n,noun/adj,co-hyponym,
row,column,n,both,0.93,,0.76,paired,n,noun,antonym,complementary
rows,columns,n,both,0.95,,0.65,paired,n,noun,antonym,complementary
rule,exception,n,neitherX,0.83,,,,n,noun,antonym,complementary
ruled,ruled,n,neitherX,0.52,paired,,,,,x-identical,
rumor,fact,n,both,0.57,,0.58,,n,noun,antonym-secondary,complementary
rural,urban,y,both,0.8,paired,0.89,paired,n,adj,antonym,scalar
rye,barley,n,neitherX,0.61,,,,n,noun,co-hyponym,
sad,happy,n,both,0.64,paired,0.89,,n,adj,antonym,scalar
sadly,happily,y,neitherY,,,0.56,,,adv,antonym,scalar
salt,pepper,n,neitherX,0.74,paired,,,,,co-hyponym,
salty,sweet,n,both,0.58,,0.82,,n,adj,co-hyponym,
saw,heard,n,neitherX,0.66,,,,,,co-hyponym,
say,do,n,neitherY,,,0.53,,,,co-hyponym,
scarcity,abundance,y,both,0.55,paired,0.75,paired,,noun,antonym,scalar
sciences,arts,n,neitherY,,,0.7,,n,noun,co-hyponym,
sea,land,n,neitherY,,,0.66,,n,noun,antonym,complementary
seated,standing,y,both,0.98,,0.89,,n,adj/verb,antonym,multiple incompatibility
second,third,n,neitherX,0.7,,,,n,adj/noun,co-hyponym-numeric,
second,first,y,neitherY,,,0.99,,n,adj/noun,co-hyponym-numeric,
secondary,primary,y,both,0.68,,0.93,,n,adj,co-hyponym,
secondly,first,n,neitherY,,,0.91,,n,adj/adv,co-hyponym-numeric,
seconds,minutes,n,both,0.7,paired,0.61,,n,noun,co-hyponym-temporal,
secretly,openly,n,neitherY,,,0.54,,,adv,antonym-secondary,scalar
secular,religious,y,both,0.59,,0.61,,n,adj,antonym,complementary
secure,safe,n,neitherY,,,0.65,,,,nym-near-synonym,
secured,bound,n,neitherY,,,0.51,,,,nym-near-synonym,
see,hear,n,neitherX,0.61,paired,,,,,co-hyponym,
seeded,ranked,n,neitherY,,,0.55,,,,nym-near-synonym,
seen,heard,n,both,0.82,paired,0.81,paired,,,co-hyponym,
sees,hears,n,both,0.57,paired,0.55,paired,,,co-hyponym,
self,other,n,neitherX,0.62,,,,,noun/pronoun,antonym-secondary,complementary
sell,buy,y,neitherY,,,0.9,paired,n,verb,antonym,converse
seller,buyer,n,both,0.97,paired,0.99,paired,n,noun,antonym,converse
sellers,buyers,n,both,0.95,paired,0.99,paired,n,noun,antonym,converse
selling,buying,n,both,0.68,paired,0.9,paired,n,verb,antonym,converse
sells,buys,n,both,0.51,paired,0.89,paired,n,verb,antonym,converse
semi,final,n,neitherX,0.91,,,,n,noun,co-hyponym,
semif,final,n,neitherX,0.55,,,,,partial token,x-none,
semifinals,quarters,n,neitherY,,,0.87,,n,noun,co-hyponym,
senate,house,n,neitherY,,,0.71,,n,noun,co-hyponym,
send,receive,n,neitherX,0.95,,,,,verb,antonym,reversive
sender,receiver,n,both,0.89,,0.57,,n,noun,antonym,converse
sending,receiving,n,both,0.97,,0.59,,n,verb,antonym,converse
sends,receives,n,neitherX,0.94,,,,n,verb,antonym,converse
senior,junior,y,neitherY,,,0.64,paired,n,noun/adj,antonym,complementary
sent,received,n,both,0.97,,0.53,paired,n,adj/verb,antonym,converse
sentenced,convicted,n,both,0.68,,0.92,,n,adj/verb,co-hyponym,
separated,divorced,n,neitherX,0.63,paired,,,,,co-hyponym,
separately,together,n,both,0.78,,0.52,,n,adv,antonym,complementary
serotonin,dopamine,n,both,0.64,paired,0.79,paired,n,noun,co-hyponym,
servant,master,n,both,0.89,,0.8,,n,noun,antonym,converse
servants,masters,n,both,0.76,,0.81,,,noun,antonym,converse
served,died,n,neitherX,0.51,,,,,,co-hyponym,
server,client,n,both,0.65,,0.87,,n,noun,antonym,converse
services,goods,n,neitherY,,,0.79,,n,noun,antonym,complementary
seven,six,n,neitherY,,,0.58,,n,noun,co-hyponym-numeric,
seventeen,eighteen,n,neitherX,0.69,,,,,,co-hyponym-numeric,
seventeen,sixteen,n,neitherY,,,0.73,,,,co-hyponym-numeric,
seventh,eighth,n,neitherX,0.5,,,,,,co-hyponym-numeric,
seventh,sixth,n,neitherY,,,0.7,,n,noun/adj,co-hyponym-numeric,
seventy,sixty,n,neitherY,,,0.61,,,,co-hyponym-numeric,
several,one,n,neitherY,,,0.64,,n,adj/pronoun,co-hyponym-numeric,
severely,moderately,n,both,0.64,,0.58,,n,adv,contrast-scalar,
sexism,racism,n,both,0.55,,0.81,,n,noun,co-hyponym,
sexist,racist,n,both,0.72,paired,0.88,paired,n,adj,co-hyponym,
shadow,light,n,both,0.53,,0.61,,n,noun,antonym,scalar
shallow,deep,y,both,0.92,,0.86,,n,adj,antonym,scalar
shampoo,soap,n,both,0.5,,0.65,,n,noun,co-hyponym,
she,he,n,both,0.71,paired,0.95,paired,n,noun/pronoun,antonym,complementary
shield,sword,n,both,0.81,,0.92,,n,noun,co-hyponym,
shine,rain,n,neitherY,,,0.8,,n,noun,co-hyponym,
shipped,received,n,neitherX,0.55,,,,,verb,antonym-secondary,converse
shock,awe,n,neitherX,0.56,,,,,,other-conventional,
shocked,surprised,n,neitherY,,,0.63,,,,nym-near-synonym,
shooter,victim,n,neitherY,,,0.62,,n,noun,co-hyponym,
short,long,y,both,0.85,paired,0.77,paired,n,adj,antonym,scalar
shorter,longer,n,both,0.66,paired,0.71,,n,adj,antonym,scalar
shortest,longest,n,neitherY,,,0.66,paired,n,adj,antonym,scalar
shortfall,surplus,n,both,0.65,,0.71,,n,noun,antonym,scalar
shortly,now,n,neitherY,,,0.51,,,,co-hyponym-temporal,
shotgun,rifle,n,both,0.5,,0.59,,n,noun,co-hyponym,
shotguns,rifles,n,both,0.58,,0.72,,n,noun,co-hyponym,
should,can,n,neitherY,,,0.55,,,,co-hyponym,
shove,push,n,neitherY,,,0.59,,,,other-conventional,
shoved,pushed,n,neitherY,,,0.64,,n,verb,other-conventional,
show,tell,n,both,0.9,,0.66,paired,,,co-hyponym,
showers,storms,n,neitherX,0.54,,,,,,co-hyponym,
showing,telling,n,neitherX,0.5,,,,,,co-hyponym,
shrink,grow,n,neitherY,,,0.83,,n,verb,antonym,scalar
shrinking,growing,n,both,0.51,,0.73,,n,verb,antonym,scalar
shrunk,grew,n,neitherY,,,0.51,,,verb,antonym,scalar
shut,open,y,both,0.57,,0.9,,n,adj/verb,antonym,scalar
shuts,opens,n,both,0.53,,0.95,,,verb,antonym-secondary,scalar
shutting,opening,n,neitherY,,,0.72,,,verb,antonym,scalar
sibling,parent,n,neitherY,,,0.77,,n,noun,co-hyponym,
siblings,parents,n,neitherY,,,0.7,,,,co-hyponym,
sights,sounds,n,neitherX,0.57,,,,,,other-conventional,
signed,released,n,neitherX,0.58,,,,,,co-hyponym,
silver,gold,n,both,0.86,paired,0.98,paired,n,noun,co-hyponym,
similar,identical,n,both,0.71,,0.51,,,,nym-near-synonym,
similarities,differences,n,both,0.83,paired,0.71,paired,n,noun,antonym,scalar
simulated,real,n,neitherY,,,0.66,,n,adj,antonym,scalar
since,before,n,neitherY,,,0.9,,n,adv,antonym-temporal,
singles,doubles,n,neitherX,0.79,paired,,,,,co-hyponym-numeric,complementary
singular,plural,y,both,0.89,paired,0.8,paired,n,adj,antonym,complementary
sink,rise,n,neitherY,,,0.55,,,verb,antonym-secondary,reversive
sinking,rising,n,both,0.59,,0.6,,,verb,antonym-secondary,reversive
sinners,saints,n,both,0.67,,0.69,,n,noun,antonym,scalar
sister,brother,y,both,0.84,paired,0.98,,n,noun,antonym,complementary
sisters,brothers,n,both,0.66,paired,0.97,,n,noun,antonym,complementary
sit,stand,y,both,0.75,,0.73,,n,verb,antonym,multiple incompatibility
sitting,standing,n,both,0.88,paired,0.83,paired,n,verb,antonym,multiple incompatibility
six,five,n,neitherY,,,0.68,,n,noun,co-hyponym-numeric,
sixteen,fifteen,n,neitherY,,,0.52,,n,noun,co-hyponym-numeric,
sixth,seventh,n,neitherX,0.54,,,,,,co-hyponym-numeric,
sixth,fifth,n,neitherY,,,0.85,,,,co-hyponym-numeric,
skeptics,believers,n,neitherY,,,0.7,,n,noun,antonym,complementary
skinny,fat,n,both,0.76,,0.83,,n,adj,antonym,scalar
slander,libel,n,both,0.95,paired,0.98,paired,n,noun,antonym,complementary
slave,master,n,neitherY,,,0.64,paired,,noun,antonym,complementary
slaves,masters,n,neitherY,,,0.55,paired,,noun,antonym,complementary
sleeping,awake,n,neitherY,,,0.65,,n,adj,antonym-secondary,complementary
sleepy,awake,n,neitherY,,,0.59,,n,adj,antonym-secondary,complementary
slept,ate,n,neitherY,,,0.56,,,,co-hyponym,
sliced,diced,n,neitherX,0.52,,,,,,co-hyponym,
slow,fast,y,both,0.84,paired,0.92,,n,adj,antonym,scalar
slowed,accelerated,n,both,0.59,,0.71,,,verb,antonym,scalar
slower,faster,n,both,0.95,,0.97,,n,adj,antonym,scalar
slowing,accelerating,n,neitherX,0.54,,,,,verb,antonym,scalar
slowly,quickly,y,neitherY,,,0.68,,,adv,antonym,scalar
small,large,y,neitherX,0.58,paired,,,n,adj,antonym,scalar
smaller,larger,n,neitherX,0.73,paired,,,n,adj,antonym,scalar
smallest,largest,n,both,0.69,paired,0.59,paired,n,adj,antonym,scalar
smartphone,tablet,n,both,0.58,,0.53,,n,noun,co-hyponym,
smells,tastes,n,neitherX,0.57,,,,,,co-hyponym,
smokers,drinkers,n,both,0.63,,0.53,,n,noun,co-hyponym,
smokes,drinks,n,both,0.65,,0.76,,n,verb,co-hyponym,
smoking,drinking,n,both,0.61,,0.82,,n,verb,co-hyponym,
snow,rain,n,neitherY,,,0.73,,n,noun,co-hyponym,
so,so,n,neitherY,,,0.87,paired,,,x-identical,
sober,drunk,n,neitherY,,,0.67,,n,adj,antonym,scalar
socialism,capitalism,y,both,0.56,paired,0.64,paired,n,noun,co-hyponym,
socialist,capitalist,n,neitherY,,,0.53,paired,n,adj,co-hyponym,
soft,hard,y,both,0.73,paired,0.82,paired,n,adj,antonym,scalar
software,hardware,y,both,0.84,paired,0.93,paired,n,noun,antonym,complementary
sold,bought,n,neitherY,,,0.56,paired,,verb,antonym,converse
solicitation,offer,n,neitherY,,,0.52,,,,other-related,
solid,liquid,n,both,0.72,paired,0.86,paired,,adj,antonym,multiple incompatibility
solvent,solid,n,neitherX,0.54,,,,n,adj/noun,co-hyponym,
some,all,n,both,0.68,,0.72,,n,other/det,co-hyponym,
someday,now,n,neitherY,,,0.66,,n,adv,co-hyponym-temporal,
someone,something,n,both,0.66,,0.75,,n,noun/pronoun,co-hyponym,
something,nothing,n,neitherX,0.73,,,,,noun/pronoun,antonym,complementary
somewhere,here,n,neitherY,,,0.65,,,,co-hyponym,
son,daughter,y,neitherX,0.65,paired,,,,noun,antonym,complementary
son,father,n,neitherY,,,0.89,,n,noun,antonym,converse
sons,daughters,n,both,0.94,paired,0.55,paired,n,noun,antonym,complementary
soon,now,n,neitherY,,,0.53,,,,co-hyponym-temporal,
sooner,later,n,both,0.98,,0.86,paired,n,adj/adv,antonym-temporal,scalar
sophomore,senior,n,neitherX,0.6,,,,n,noun,co-hyponym,
sophomore,freshman,n,neitherY,,,0.74,,,,co-hyponym,
sorrow,joy,y,neitherY,,,0.59,,,noun,antonym,scalar
soul,body,n,neitherY,,,0.66,,n,noun,contrast-conceptual,
sour,sweet,y,both,0.87,,0.98,,n,adj,antonym,scalar
south,north,y,both,0.84,paired,0.99,paired,n,adj,antonym,multiple incompatibility
southern,northern,y,both,0.74,paired,0.89,paired,n,adj,antonym,multiple incompatibility
southwest,northeast,n,neitherY,,,0.58,,n,adj/noun,antonym,multiple incompatibility
soy,corn,n,both,0.5,,0.62,,n,noun,co-hyponym,
space,time,n,both,0.9,,0.91,,n,noun,co-hyponym,
spatial,temporal,n,both,0.79,,0.59,,n,adj,co-hyponym,
specific,general,y,neitherY,,,0.74,,n,adj,antonym,scalar
specifically,generally,y,neitherY,,,0.65,,n,adv,antonym,scalar
sperm,egg,n,both,0.75,,0.59,,n,noun,antonym,complementary
spicy,sweet,n,both,0.5,,0.68,,,,co-hyponym,
spiritually,physically,n,neitherY,,,0.54,,n,adv,contrast-conceptual,
spite,love,n,neitherY,,,0.51,,,,opposition-indirect,
sponsored,endorsed,n,both,0.8,,0.91,paired,,,nym-near-synonym,
spoof,parody,n,both,0.61,,0.56,,,,nym-near-synonym,
spouses,children,n,neitherX,0.75,,,,,,co-hyponym,
spring,winter,n,neitherY,,,0.67,,n,adj/noun,co-hyponym-temporal,multiple incompatibility
square,round,y,neitherY,,,0.67,paired,,,co-hyponym,
stabbed,shot,n,neitherY,,,0.56,,n,verb,co-hyponym,
standing,sitting,n,both,0.56,paired,0.59,paired,n,verb,antonym,multiple incompatibility
start,finish,y,neitherX,0.73,,,,n,noun/verb,antonym,complementary
starts,finishes,n,neitherX,0.56,,,,,verb,antonym,complementary
starts,stops,n,neitherY,,,0.56,paired,,verb,antonym,complementary
stated,implied,n,neitherX,0.55,,,,n,adj/verb,antonym-secondary,scalar
static,dynamic,n,both,0.58,,0.53,paired,n,adj,antonym,complementary
statically,dynamically,n,neitherY,,,0.61,,n,adv,antonym,complementary
stay,come,n,neitherY,,,0.51,,,verb,antonym,reversive
stayed,left,n,neitherX,0.62,,,,n,verb,antonym,complementary
staying,going,n,neitherX,0.5,,,,,verb,antonym,reversive
stays,goes,n,neitherX,0.55,,,,,verb,antonym,reversive
stems,leaves,n,neitherX,0.5,,,,,,co-hyponym,
stereo,mono,n,both,0.8,,0.81,,n,adj,antonym,complementary
sterling,euro,n,neitherX,0.56,,,,,,co-hyponym,
stimulates,inhibits,n,neitherX,0.54,,,,n,verb,antonym,scalar
stocks,bonds,n,neitherX,0.75,,,,n,noun,co-hyponym,
stops,starts,n,neitherY,,,0.64,paired,,verb,antonym,complementary
strangers,friends,n,neitherY,,,0.6,,n,noun,antonym,complementary
strengthen,weaken,y,neitherX,0.79,,,,,verb,antonym,scalar
strengthened,weakened,n,both,0.72,,0.51,paired,n,adj/verb,antonym,scalar
strengthening,weakening,y,both,0.8,paired,0.54,,n,noun/verb,antonym,scalar
strengths,weaknesses,n,both,0.92,paired,0.76,paired,n,noun,antonym,scalar
strikeouts,walks,n,neitherX,0.54,,,,n,noun,co-hyponym,
stripes,stars,n,neitherY,,,0.54,,,,other-conventional,
strong,weak,y,both,0.91,paired,0.7,paired,n,adj,antonym,scalar
stronger,weaker,n,both,0.98,paired,0.87,paired,n,adj,antonym,scalar
strongest,weakest,n,neitherX,0.76,paired,,,n,adj,antonym,scalar
student,teacher,n,neitherY,,,0.75,paired,,noun,antonym,converse
stuffing,turkey,n,neitherY,,,0.54,,,,co-hyponym,
stumble,fall,n,neitherX,0.74,,,,,,co-hyponym,
stumbled,fell,n,neitherX,0.67,,,,,,co-hyponym,
subcommittee,committee,n,both,0.81,,0.87,,n,noun,nym-meronym,
subconscious,conscious,n,both,0.86,,0.96,,n,adj/noun,co-hyponym,
subdiv,add,n,neitherY,,,0.56,,,partial token,x-none,
subject,object,n,neitherX,0.54,,,,,,co-hyponym,
subjective,objective,y,both,0.97,,0.97,,n,adj,antonym,scalar
submitted,received,n,neitherX,0.54,,,,,verb,antonym,reversive
subordinates,masters,n,neitherY,,,0.54,,,,co-hyponym,
subs,subs,n,neitherX,0.5,paired,,,,,x-identical,
subsidiary,parent,n,neitherY,,,0.89,,n,noun,nym-meronym,
subt,add,n,neitherY,,,0.58,,,partial token,x-none,
subtract,add,y,both,0.95,paired,0.98,,n,verb,antonym,complementary
suburb,city,n,both,0.5,,0.73,,n,noun,nym-meronym,
suburban,rural,n,both,0.51,,0.66,,,,co-hyponym,
succeed,fail,y,both,0.85,,0.58,,n,verb,antonym,scalar
succeeded,failed,n,neitherX,0.77,paired,,,,verb,antonym,scalar
succeeds,fails,n,both,0.84,paired,0.67,paired,n,verb,antonym,scalar
success,failure,y,neitherX,0.89,paired,,,n,noun,antonym,scalar
successes,failures,n,both,0.87,paired,0.5,paired,n,noun,antonym,scalar
such,such,n,neitherY,,,0.9,paired,,,x-identical,
sudo,root,n,neitherX,0.53,,,,n,noun,other-related,
suffix,prefix,y,neitherY,,,0.95,,n,noun,antonym,complementary
summer,winter,n,both,0.67,paired,0.58,paired,n,noun,antonym-temporal,multiple incompatibility
summers,winters,n,both,0.82,paired,0.83,paired,n,noun,antonym-temporal,multiple incompatibility
sun,moon,n,both,0.75,paired,0.8,paired,,,co-hyponym,
sunny,cloudy,n,neitherX,0.64,paired,,,n,adj,co-hyponym,
sunrise,sunset,y,both,0.99,paired,0.82,paired,n,noun,antonym,complementary
sunset,sunrise,y,both,0.96,paired,0.98,paired,n,noun,antonym,complementary
sunshine,rain,n,both,0.55,,0.51,,n,noun,co-hyponym,
superior,inferior,y,neitherX,0.9,paired,,,n,adj,antonym,scalar
superior,equal,n,neitherY,,,0.55,,,,contrast-scalar,
superiors,subordinates,n,neitherX,0.95,,,,n,noun,antonym,complementary
supper,breakfast,n,neitherY,,,0.69,,n,noun,co-hyponym,
supply,demand,y,both,0.99,paired,0.99,paired,n,noun,antonym,complementary
supporter,opponent,n,neitherY,,,0.53,,n,noun,antonym,scalar
supporting,opposing,n,neitherX,0.79,,,,n,adj/verb,antonym,scalar
supports,opposes,n,neitherX,0.78,,,,n,adj/verb,antonym,scalar
surplus,deficit,n,both,0.94,paired,0.77,paired,n,noun,antonym,complementary
survivor,victim,n,neitherY,,,0.76,,n,noun,co-hyponym,
survivors,victims,n,neitherY,,,0.6,,n,noun,co-hyponym,
suspects,witnesses,n,both,0.58,,0.65,,n,noun,co-hyponym,
sweet,bitter,n,neitherY,,,0.53,,,,co-hyponym,
swim,sink,n,neitherY,,,1,,,,other-conventional,
swings,misses,n,neitherX,0.73,,,,,,other-related,
symptom,cause,n,both,0.61,,0.9,,,,co-hyponym,
symptoms,signs,n,neitherY,,,0.73,,n,noun,nym-near-synonym,
synthetic,natural,n,neitherY,,,0.55,,n,adj,antonym-secondary,scalar
tacit,explicit,n,neitherX,0.56,,,,n,adj,antonym,scalar
tactical,strategic,n,both,0.54,,0.56,,n,adj,antonym,scalar
tail,head,y,neitherY,,,0.89,,n,noun,antonym,complementary
tails,heads,n,neitherY,,,0.94,,n,noun,antonym,complementary
take,give,y,both,0.6,,0.84,,n,verb,antonym,reversive
takeoff,landing,n,neitherX,0.89,,,,n,noun,antonym,reversive
takes,gives,n,both,0.84,paired,0.81,,,verb,antonym,reversive
taking,giving,n,both,0.78,,0.92,,n,verb,antonym,reversive
tall,short,y,both,0.76,,0.64,,n,adj,antonym,scalar
taller,shorter,n,neitherX,0.68,,,,n,adj,antonym,scalar
tart,sweet,n,neitherY,,,0.79,,n,adj,antonym-secondary,scalar
taste,smell,n,neitherX,0.51,,,,,,co-hyponym,
tasted,smelled,n,neitherX,0.52,,,,,,co-hyponym,
taxi,bus,n,neitherY,,,0.51,,,,co-hyponym,
tea,coffee,n,both,0.8,paired,0.85,paired,n,noun,co-hyponym,
teacher,student,n,both,0.71,,0.71,paired,n,noun,antonym,converse
teammate,friend,n,neitherY,,,0.54,,,,co-hyponym,
television,radio,n,both,0.51,,0.54,,,,co-hyponym,
tell,show,n,neitherY,,,0.82,paired,n,verb,co-hyponym,
temperature,pressure,n,neitherX,0.62,,,,,,co-hyponym,
temporarily,permanently,y,both,0.88,paired,0.7,paired,n,adv,antonym,scalar
temporary,permanent,n,both,0.89,,0.76,,n,adj,antonym,scalar
tenant,landlord,n,both,0.85,paired,0.97,paired,n,noun,antonym,converse
tenants,landlords,n,both,0.64,paired,0.72,paired,,noun,antonym,converse
tendon,muscle,n,neitherY,,,0.52,,n,noun,co-hyponym,
terminated,resigned,n,neitherX,0.5,,,,,,co-hyponym,
terms,conditions,n,neitherX,0.66,,,,,,other-conventional,
testament,will,n,neitherY,,,0.93,,n,noun,other-conventional,
testified,voted,n,neitherY,,,0.58,,,,co-hyponym,
testosterone,estrogen,n,both,0.77,paired,0.82,paired,n,noun,antonym,complementary
texted,called,n,both,0.57,,0.62,,,,co-hyponym,
that,this,n,neitherY,,,1,,n,other/det,antonym,complementary
thats,this,n,neitherY,,,0.96,,n,other/det,co-hyponym,
the,the,n,neitherX,0.89,paired,,,y,other/det,x-identical,
thee,I,n,neitherY,,,0.51,,n,noun/pronoun,antonym,complementary
them,us,n,neitherY,,,0.58,,n,noun/pronoun,antonym,complementary
then,now,n,both,0.77,,0.95,paired,n,adv,co-hyponym-temporal,complementary
thence,hither,n,neitherY,,,0.64,,,,co-hyponym,
ther,here,n,neitherY,,,0.95,,,partial token,x-none,
there,here,y,neitherY,,,0.99,paired,n,noun/adv,antonym,complementary
thereto,from,n,neitherY,,,0.51,,,other/preposition,antonym-secondary,complementary
these,these,n,neitherY,,,0.67,paired,,,x-identical,
thick,thin,y,both,0.93,,0.81,paired,n,adj,antonym,scalar
thicker,thinner,n,both,0.92,,0.86,,n,adj,antonym,scalar
thin,fat,y,neitherX,0.58,,,,n,adj,antonym,scalar
thin,thick,y,neitherY,,,0.67,paired,,adj,antonym,scalar
thinking,feeling,n,neitherX,0.51,,,,,,co-hyponym,
third,fourth,n,neitherX,0.62,,,,,,co-hyponym-numeric,
third,second,n,neitherY,,,0.74,,,,co-hyponym-numeric,
thirst,hunger,n,both,0.8,paired,0.88,,n,noun,co-hyponym,
thirsty,hungry,y,both,0.77,,0.78,,n,adj,co-hyponym,
thirteen,twelve,n,neitherY,,,0.57,,n,noun/adj,co-hyponym-numeric,
this,that,n,neitherX,0.7,,,,n,other/det,antonym,complementary
this,this,n,neitherY,,,0.71,paired,y,other/det,x-identical,
thou,I,n,neitherY,,,0.58,,n,noun/pronoun,antonym,complementary
thousand,hundred,n,neitherY,,,0.51,,,,co-hyponym-numeric,
thousands,millions,n,neitherX,0.81,,,,n,noun,co-hyponym-numeric,
thousands,hundreds,n,neitherY,,,0.65,,n,noun,co-hyponym-numeric,
three,four,n,neitherX,0.58,,,,,,co-hyponym-numeric,
three,two,n,neitherY,,,0.85,,n,noun,co-hyponym-numeric,
thrive,survive,n,neitherY,,,0.55,,,,other-conventional,
thumb,finger,n,both,0.59,,0.52,,n,noun,co-hyponym,
thunder,lightning,n,both,0.81,paired,0.55,paired,,,co-hyponym,
thy,mine,n,both,0.63,,0.54,,n,other/possessive,co-hyponym,
tiger,lion,n,neitherY,,,0.61,,,,co-hyponym,
tigers,lions,n,neitherY,,,0.65,,,,co-hyponym,
tight,loose,y,both,0.73,,0.6,,n,adj,antonym,scalar
tighten,loosen,n,neitherX,0.52,,,,,verb,antonym,scalar
tighter,tighter,n,both,0.76,paired,0.66,paired,,,x-identical,
tightly,loosely,n,neitherX,0.64,,,,n,adv,antonym,scalar
tips,tricks,n,neitherX,0.58,,,,,,other-conventional,
tobacco,alcohol,n,both,0.66,,0.64,,,,co-hyponym,
today,tomorrow,n,neitherX,0.84,paired,,,n,noun/adv,co-hyponym-temporal,
today,yesterday,n,neitherY,,,0.94,paired,n,noun/adv,co-hyponym-temporal,
toes,fingers,n,neitherY,,,0.86,,n,noun,co-hyponym,
toget,apart,n,neitherX,0.53,,,,,partial token,x-none,
tomorrow,today,n,both,0.59,paired,0.73,,n,noun/adv,co-hyponym-temporal,
tonight,tomorrow,n,neitherX,0.73,,,,n,noun/adv,co-hyponym-temporal,
tonight,today,n,neitherY,,,0.58,,,,co-hyponym-temporal,
took,gave,n,both,0.57,,0.54,,,verb,antonym,reversive
tooth,nail,n,neitherX,0.89,,,,,,co-hyponym,
top,bottom,y,both,0.88,paired,0.54,paired,n,adj,antonym,scalar
town,city,n,neitherX,0.64,,,,,,co-hyponym,
towns,cities,n,neitherX,0.51,,,,n,noun,co-hyponym,
township,borough,n,neitherX,0.8,,,,,,co-hyponym,
trailing,leading,n,both,0.78,,0.86,,,adj/verb,antonym-secondary,complementary
tram,bus,n,neitherY,,,0.52,,n,noun,co-hyponym,
transgender,gay,n,neitherY,,,0.6,,,,other-related,
transient,permanent,n,both,0.59,,0.53,,n,adj,antonym,scalar
transmit,receive,n,both,0.97,,0.67,,n,verb,antonym,complementary
transmitter,receiver,n,both,0.98,,0.68,,n,noun,antonym,complementary
transmitting,receiving,n,both,0.99,,0.85,,n,verb,antonym,complementary
transparency,accountability,n,neitherX,0.53,,,,,,other-related,
treatment,diagnosis,n,neitherY,,,0.62,,,,co-hyponym,
triangle,square,n,both,0.51,,0.61,,,,co-hyponym,
triangular,circular,n,neitherX,0.52,,,,,,co-hyponym,
tried,convicted,n,neitherX,0.93,,,,,,co-hyponym,
trillion,billion,n,neitherY,,,0.53,,n,noun,co-hyponym-numeric,
triple,double,n,neitherY,,,0.62,,,,co-hyponym-numeric,
tripled,doubled,n,both,0.84,paired,0.97,paired,n,adj/verb,co-hyponym-numeric,
trough,peak,n,both,0.91,paired,0.99,paired,n,noun,antonym,scalar
trout,salmon,n,neitherY,,,0.57,,n,noun,co-hyponym,
truck,car,n,neitherY,,,0.53,,n,noun,co-hyponym,
TRUE,FALSE,y,neitherX,0.84,,,,,adj,antonym,complementary
tsunami,earthquake,n,neitherY,,,0.72,,n,noun,co-hyponym,
tutor,pupil,n,neitherX,0.54,,,,,noun,antonym-secondary,converse
tw,one,n,neitherY,,,0.81,,,partial token,x-none,
twenties,teens,n,neitherY,,,0.7,,n,noun,co-hyponym-numeric,
twentieth,nineteenth,n,neitherY,,,0.7,,n,noun,co-hyponym-numeric,
twice,once,n,both,0.66,paired,0.99,paired,n,adv,co-hyponym-numeric,
twilight,dawn,n,neitherX,0.59,,,,,,co-hyponym-temporal,
twists,turns,n,neitherX,0.87,,,,n,noun,other-conventional,
two,three,n,neitherX,0.72,,,,,,co-hyponym-numeric,
two,one,n,neitherY,,,0.99,,n,noun,co-hyponym-numeric,
typo,error,n,neitherX,0.77,,,,,,co-hyponym,
uint,float,n,neitherX,0.62,,,,n,partial token,x-none,
ultraviolet,infrared,n,neitherX,0.53,,,,,,co-hyponym,
unable,unwilling,n,neitherX,0.76,,,,n,adj,co-hyponym,
unable,willing,n,neitherY,,,0.65,,,,opposition-indirect,
unarmed,armed,y,both,0.54,,0.93,,n,adj,antonym,complementary
unavailable,available,y,neitherY,,,0.7,,,adj,antonym,complementary
uncle,aunt,y,neitherY,,,0.83,paired,,noun,antonym,complementary
unconscious,awake,n,both,0.73,,0.62,,n,adj,antonym,scalar
unconsciously,consciously,y,both,0.9,paired,0.98,,n,adv,antonym,complementary
undead,living,n,neitherY,,,0.54,,n,adj,antonym,complementary
undefined,known,n,neitherY,,,0.5,,,,opposition-indirect,
under,over,n,neitherY,,,0.73,,n,adv,antonym,complementary
undergrad,grad,n,neitherX,0.67,,,,,,co-hyponym,
undergraduate,graduate,n,both,0.91,,0.69,,n,noun,co-hyponym,
underneath,above,n,both,0.76,,0.85,,n,adv,antonym,complementary
unders,above,n,neitherY,,,0.5,,,partial token,x-none,
underside,top,n,neitherY,,,0.51,,,,co-hyponym,
underwater,above,n,neitherY,,,0.57,,,adj,antonym-secondary,complementary
undesirable,desirable,y,both,0.75,,0.93,,n,adj,antonym,scalar
unemploy,employ,n,neitherY,,,0.61,,,partial token,x-none,
unequal,equal,y,neitherY,,,0.56,,,adj,antonym,complementary
unfairly,fairly,y,neitherY,,,0.52,,n,adv,antonym,scalar
unfavorable,favorable,y,both,0.94,paired,0.99,,n,adj,antonym,scalar
unfortunate,fortunate,y,neitherY,,,0.73,,,adj,antonym,scalar
unfortunately,fortunately,y,both,0.94,paired,0.94,,n,adv,antonym,complementary
unhappy,happy,y,neitherY,,,0.69,,n,adj,antonym,scalar
unhealthy,healthy,y,neitherY,,,0.74,,n,adj,antonym,scalar
unheard,seen,n,neitherY,,,0.66,,,,opposition-indirect,
uninstall,install,n,neitherY,,,0.6,,,verb,antonym,complementary
unintended,intended,y,neitherY,,,0.53,,n,adj/verb,antonym,scalar
unintentional,intentional,n,neitherY,,,0.6,,n,adj,antonym,complementary
unintentionally,intentionally,y,both,0.74,,0.88,,n,adv,antonym,complementary
university,college,n,neitherX,0.55,,,,,,co-hyponym,
unjust,just,y,neitherY,,,0.92,,n,adj,antonym,scalar
unknow,know,n,neitherY,,,0.54,,,partial token,x-none,
unknown,known,y,both,0.64,,0.97,,n,adj,antonym,scalar
unless,until,n,neitherX,0.73,,,,,,other-conventional,
unlike,like,y,neitherY,,,0.54,,n,adj/verb,antonym,scalar
unloaded,loaded,y,neitherY,,,0.86,,n,adj,antonym,reversive
unlocked,locked,n,neitherY,,,0.89,,n,adj,antonym,reversive
unlucky,lucky,y,both,0.59,,0.93,,n,adj,antonym,scalar
unmanned,manned,y,neitherY,,,0.63,,n,adj,antonym,complementary
unmarked,marked,y,neitherY,,,0.59,,n,adj,antonym,complementary
unmarried,married,y,both,0.51,,0.95,,n,adj,antonym,complementary
unnatural,natural,y,neitherY,,,0.85,,n,adj,antonym,scalar
unofficial,official,y,neitherY,,,0.99,,n,adj,antonym,complementary
unpaid,paid,y,neitherY,,,0.63,,n,adj,antonym,complementary
unpleasant,pleasant,y,neitherY,,,0.63,,n,adj,antonym,scalar
unpublished,published,y,neitherY,,,0.54,,n,adj,antonym,complementary
unreal,real,y,neitherY,,,0.93,,n,adj,antonym,complementary
unrestricted,restricted,y,neitherX,0.63,,,,n,adj,antonym,scalar
unsatisf,satisfied,n,both,0.52,,0.68,,,partial token,x-none,
unseen,seen,n,neitherY,,,0.75,,n,adj,antonym,scalar
unsigned,signed,y,neitherY,,,0.51,,n,adj,antonym,complementary
unsuccessful,successful,y,both,0.62,,0.81,,n,adj,antonym,scalar
unsuccessfully,successfully,y,both,0.66,,0.79,,n,adv,antonym,scalar
untold,known,n,neitherY,,,0.61,,n,adj,antonym,complementary
untrue,TRUE,n,both,0.64,,0.99,,,adj,antonym-secondary,complementary
unworthy,worthy,y,neitherY,,,0.53,,n,adj,antonym,complementary
up,down,y,both,0.97,paired,0.91,paired,n,adj/adv,antonym,scalar
upbeat,pessimistic,n,neitherX,0.55,,,,,adj,antonym-secondary,scalar
uphill,downhill,n,both,0.81,paired,0.71,paired,n,adj,antonym,scalar
upload,download,y,neitherX,0.65,,,,,verb,antonym,complementary
upper,lower,n,both,0.97,,0.96,,n,adj,antonym,scalar
ups,downs,n,neitherX,0.98,,,,n,noun,antonym,scalar
upside,downside,n,both,0.98,paired,0.92,paired,n,noun,antonym,scalar
upstairs,downstairs,y,both,0.82,paired,0.9,paired,n,adj/adv/noun,antonym,complementary
upstream,downstream,y,both,1,paired,0.83,paired,n,adj/adv,antonym,complementary
upward,downward,y,both,0.95,paired,0.8,paired,n,adj/adv,antonym,scalar
upwards,downwards,y,both,0.91,paired,0.84,paired,n,adj/adv,antonym,scalar
uranium,plutonium,n,both,0.86,paired,0.88,paired,n,noun,co-hyponym,
urban,rural,y,both,0.75,paired,0.83,paired,n,adj,antonym,scalar
urine,blood,n,neitherY,,,0.51,,n,noun,co-hyponym,
us,you,n,neitherY,,,0.72,,,noun/pronoun,antonym-secondary,complementary
username,password,n,neitherX,0.99,paired,,,n,noun,co-hyponym,
utmost,least,n,neitherX,0.57,,,,,adj,antonym-secondary,scalar
vacancy,vacancy,n,neitherY,,,0.5,paired,,,x-identical,
vagina,penis,n,neitherY,,,0.76,,n,noun,co-hyponym,
vaginal,oral,n,neitherY,,,0.58,,n,adj,co-hyponym,
vanilla,chocolate,n,neitherY,,,0.58,,n,noun,co-hyponym,
vanish,appear,n,neitherY,,,0.58,,,verb,antonym,complementary
vaping,smoking,n,neitherY,,,0.51,,n,verb,co-hyponym,
variable,constant,n,neitherX,0.55,,,,,adj,antonym,complementary
variable,fixed,n,neitherY,,,0.67,,n,adj,antonym,complementary
vegan,vegetarian,n,both,0.91,paired,0.92,paired,n,adj/noun,co-hyponym,
vegetable,animal,n,both,0.6,,0.63,,n,noun,co-hyponym,
vegetables,fruits,n,neitherY,,,0.72,,n,noun,co-hyponym,
vegetarian,vegan,n,both,0.8,paired,0.84,paired,n,adj,co-hyponym,
veggies,fruits,n,neitherY,,,0.68,,,,co-hyponym,
veins,arteries,n,both,0.76,paired,0.71,paired,,,co-hyponym,
verb,noun,n,neitherY,,,0.53,,n,noun,co-hyponym,
verbally,physically,n,both,0.58,,0.58,,,,co-hyponym,
verdict,sentence,n,neitherX,0.58,,,,,,co-hyponym,
verse,chapter,n,neitherY,,,0.75,,n,noun,nym-meronym,
vertical,horizontal,n,both,0.97,paired,0.94,paired,n,adj,antonym,complementary
vertically,horizontally,n,both,0.99,paired,0.99,paired,n,adj,antonym,complementary
vice,virtue,n,both,0.73,,0.94,,n,noun,antonym,complementary
vict,vanquished,n,neitherX,0.6,,,,,partial token,x-none,
victory,defeat,y,neitherX,0.63,paired,,,n,noun,antonym,complementary
village,town,n,both,0.53,,0.62,,,,co-hyponym,
villages,towns,n,both,0.56,,0.73,,n,noun,co-hyponym,
villain,hero,n,both,0.61,paired,0.91,,n,noun,antonym,complementary
villains,heroes,n,both,0.87,paired,0.96,paired,n,noun,antonym,complementary
virtual,real,n,neitherY,,,0.57,,n,adj,antonym,complementary
virus,bacteria,n,both,0.59,,0.58,,n,noun,co-hyponym,
viruses,bacteria,n,both,0.58,,0.59,,n,noun,co-hyponym,
visa,passport,n,neitherY,,,0.69,,,,co-hyponym,
visas,passports,n,neitherY,,,0.57,,,,co-hyponym,
visions,dreams,n,neitherY,,,0.51,,,,nym-near-synonym,
vitamin,mineral,n,both,0.94,,0.76,,n,noun,co-hyponym,
vitamins,minerals,n,neitherX,0.87,,,,,,co-hyponym,
void,valid,n,neitherY,,,0.72,,n,adj,antonym,complementary
voltage,current,n,both,0.91,,0.78,,n,noun,co-hyponym,
volume,weight,n,neitherX,0.52,,,,,,co-hyponym,
voted,registered,n,neitherY,,,0.59,,,,co-hyponym,
wagon,horse,n,neitherY,,,0.68,,,,other-related,
wake,sleep,y,both,0.79,,0.7,,,verb,antonym,complementary
wakes,sleeps,n,both,0.72,,0.74,,,verb,antonym,complementary
waking,dreaming,n,neitherX,0.58,,,,,,co-hyponym,
waking,sleeping,y,neitherY,,,0.53,,,verb,antonym,complementary
wants,needs,n,both,0.78,paired,0.74,paired,,,co-hyponym,
war,peace,y,both,0.92,paired,0.82,paired,n,noun,antonym,complementary
warm,cold,n,both,0.74,,0.68,,n,adj,antonym-secondary,scalar
warmed,cooled,n,both,0.9,,0.79,,,adj/verb,antonym,scalar
warmer,colder,n,both,0.67,paired,0.56,paired,n,adj,antonym,scalar
warming,cooling,n,neitherX,0.91,,,,n,adj/verb,antonym,scalar
warranties,representations,n,both,0.74,,0.92,,n,noun,other-related,
was,is,n,neitherX,0.57,,,,,,co-hyponym-temporal,
washed,dried,n,neitherX,0.52,,,,,,co-hyponym,
wasn,was,n,both,0.61,,0.64,,,partial token,x-none,complementary
watered,fed,n,neitherY,,,0.77,,,,co-hyponym,
ways,means,n,neitherX,0.57,,,,,,other-conventional,
we,you,n,neitherY,,,0.52,,,,co-hyponym,
weak,strong,y,both,0.72,paired,0.86,paired,n,adj,antonym,scalar
weakened,strengthened,n,neitherY,,,0.67,paired,,adj/verb,antonym,scalar
weakening,strengthening,y,neitherX,0.6,paired,,,,verb,antonym,scalar
weaker,stronger,n,both,0.89,paired,0.98,paired,n,adj,antonym,scalar
weakest,strongest,n,both,0.76,paired,0.9,,n,adj,antonym,scalar
weakness,strength,y,both,0.64,,0.88,,n,noun,antonym,scalar
weaknesses,strengths,n,both,0.8,paired,0.93,paired,n,noun,antonym,scalar
wealthier,poorer,n,neitherX,0.84,,,,n,adj,antonym-secondary,scalar
wealthiest,poorest,n,neitherX,0.74,,,,n,adj,antonym-secondary,scalar
wealthy,poor,n,neitherX,0.54,,,,n,noun,antonym-secondary,scalar
wear,tear,n,neitherX,0.84,,,,,,other-conventional,
week,month,n,neitherX,0.72,,,,,,co-hyponym-temporal,
week,day,n,neitherY,,,0.81,,n,noun,co-hyponym-temporal,
weekday,weekend,n,both,0.71,,0.56,,n,noun,co-hyponym-temporal,
weekends,holidays,n,neitherX,0.51,,,,,,co-hyponym-temporal,
weekly,monthly,n,neitherX,0.77,,,,n,adv,co-hyponym-temporal,
weekly,daily,n,neitherY,,,0.77,,n,adv,co-hyponym-temporal,
weeks,months,n,neitherX,0.72,,,,n,noun,co-hyponym-temporal,
weeks,days,n,neitherY,,,0.7,,n,noun,co-hyponym-temporal,
weigh,measure,n,neitherX,0.55,,,,,,co-hyponym,
weighed,measured,n,both,0.94,,0.65,,n,adj/verb,co-hyponym,
weighing,measuring,n,neitherX,0.54,,,,,,co-hyponym,
weight,height,n,neitherX,0.55,paired,,,n,adj,co-hyponym,
went,came,n,both,0.58,paired,0.97,paired,n,verb,antonym,reversive
west,east,y,both,0.96,paired,0.97,paired,n,adj/noun,antonym,multiple incompatibility
western,eastern,y,both,0.88,paired,0.75,paired,n,adj,antonym,multiple incompatibility
wet,dry,y,both,0.91,paired,0.79,paired,n,adj,antonym,scalar
what,who,n,neitherY,,,0.74,,,,co-hyponym,
wheat,barley,n,both,0.77,paired,0.58,paired,n,noun,co-hyponym,
when,where,n,neitherY,,,0.54,paired,,,co-hyponym,
whence,hither,n,neitherY,,,0.75,,,,co-hyponym,
where,when,n,neitherY,,,0.51,paired,,,co-hyponym,
wherever,here,n,neitherY,,,0.83,,,,co-hyponym,
while,after,n,neitherX,0.53,,,,,,co-hyponym-temporal,
while,before,n,neitherY,,,0.54,,n,adv,co-hyponym-temporal,
whilst,before,n,neitherY,,,0.77,,n,adv,co-hyponym-temporal,
white,black,y,both,0.78,paired,0.97,paired,n,adj,antonym,complementary
whites,blacks,n,both,0.85,paired,0.83,paired,n,noun,antonym,complementary
whole,part,n,both,0.65,paired,0.57,paired,n,noun,nym-meronym,
wholesale,retail,y,both,0.87,,0.66,,n,adj,antonym,complementary
whose,whose,n,neitherX,0.55,paired,,,,,x-identical,
why,how,n,both,0.86,,0.63,,,other/interrogative,co-hyponym,
wide,narrow,y,neitherX,0.59,,,,n,adj,antonym,scalar
widest,smallest,n,neitherX,0.5,,,,,,opposition-indirect,
widow,husband,n,neitherY,,,0.58,,n,noun,antonym,complementary
width,length,n,neitherY,,,0.55,,,,co-hyponym,
wife,husband,y,both,0.57,paired,0.9,paired,n,noun,antonym,complementary
wild,tame,y,both,0.57,,0.64,,,adj,antonym,scalar
willfully,knowingly,n,neitherY,,,0.61,,,,nym-near-synonym,
willing,able,n,both,0.82,paired,0.56,paired,,,other-conventional,
win,lose,y,neitherX,0.76,,,,n,verb,antonym,complementary
window,door,n,both,0.6,paired,0.67,paired,n,noun,co-hyponym,
windows,doors,n,both,0.67,paired,0.71,paired,n,noun,co-hyponym,
winner,loser,y,neitherX,0.83,paired,,,,noun,antonym,complementary
winners,losers,n,neitherX,0.92,paired,,,,noun,antonym,complementary
winning,losing,n,neitherX,0.88,paired,,,n,verb,antonym,complementary
wins,loses,n,neitherX,0.84,,,,n,verb,antonym,complementary
winter,summer,n,both,0.76,paired,0.81,paired,n,noun,antonym-temporal,multiple incompatibility
winters,summers,n,both,0.78,paired,0.78,paired,n,noun,antonym-temporal,multiple incompatibility
wireless,wired,y,both,0.56,,0.51,,n,adj,antonym,complementary
with,without,n,neitherX,0.64,paired,,,n,adv,antonym,complementary
withhold,give,n,neitherY,,,0.56,,n,verb,antonym-secondary,complementary
within,without,n,both,0.83,,0.6,,,other/preposition,antonym,complementary
without,with,n,both,0.83,paired,0.54,,n,adv,antonym,complementary
wives,husbands,n,neitherY,,,0.6,,n,noun,antonym,complementary
wizards,witches,n,neitherY,,,0.8,,n,noun,co-hyponym,
wolf,man,n,neitherY,,,0.54,,,,co-hyponym,
wom,man,n,both,0.61,,0.68,,,partial token,x-none,
woman,man,y,both,0.75,,0.99,,n,noun,antonym,complementary
women,men,n,both,0.57,,0.97,,n,noun,antonym,complementary
won,lost,y,neitherX,0.87,,,,n,adj/verb,antonym,complementary
worse,better,y,both,0.91,paired,0.99,paired,n,adj,antonym,scalar
worsen,improve,n,neitherY,,,0.62,,,verb,antonym,scalar
worsened,improved,n,neitherY,,,0.52,,,verb,antonym,scalar
worst,best,y,both,0.59,paired,0.83,,n,adj,antonym,scalar
worthless,valuable,y,neitherY,,,0.59,,,adj,antonym-secondary,scalar
would,could,n,neitherX,0.65,paired,,,,,co-hyponym,
wouldn,could,n,neitherX,0.59,,,,,partial token,x-none,
write,read,n,neitherY,,,0.54,,n,verb,antonym,converse
written,spoken,y,neitherY,,,0.55,,n,verb,antonym,complementary
wrong,right,y,both,0.75,paired,0.99,,n,adj,antonym,complementary
wrongly,rightly,n,neitherY,,,0.79,,n,adv,antonym,complementary
ya,me,n,both,0.63,,0.66,,,,x-odd,
yard,house,n,neitherY,,,0.54,,,,co-hyponym,
ye,I,n,neitherY,,,0.59,,,,co-hyponym,
yeah,no,n,both,0.57,,0.62,,n,noun/adv,antonym,complementary
year,month,n,neitherY,,,0.54,,n,noun,co-hyponym-temporal,
yearly,monthly,n,both,0.57,,0.57,,n,noun,co-hyponym-temporal,
yeast,bacteria,n,both,0.78,,0.64,,n,noun,co-hyponym,
yen,euro,n,both,0.62,,0.62,,,,co-hyponym,
yes,no,y,both,0.99,,0.97,paired,n,noun/adv,antonym,complementary
yesterday,today,n,both,0.77,,0.83,paired,n,adv,co-hyponym-temporal,
young,old,y,both,0.98,paired,0.98,paired,n,adj,antonym,scalar
younger,older,n,both,0.95,paired,0.9,paired,n,adj,antonym,scalar
youngest,oldest,n,both,0.86,paired,0.74,paired,n,adj,antonym,scalar
your,mine,n,neitherY,,,0.64,,,other/possessive,antonym,complementary
yours,mine,n,both,0.52,paired,0.8,paired,,other/possessive,antonym,complementary
zero,one,n,both,0.85,,0.77,,,,co-hyponym-numeric,
zinc,lead,n,neitherY,,,0.58,,n,noun,co-hyponym,