Seed,Mask,InWordNet,Cxn,ProbX,HasPairX,ProbY,HasPairY,WordsMatch,POS,NymType,AntonymType
able,willing,n,bothY,,,0.81,,n,adj,co-hyponym,
abnormal,normal,y,both,0.69,,0.93,,n,adj,antonym,scalar
aboard,off,n,both,0.6,,0.55,,,,opposition-indirect,
about,out,n,bothY,,,0.9,,,,other-conventional,
above,below,y,bothX,0.91,,,,n,adj/adv,antonym,complementary
absence,presence,y,bothY,,,0.93,,n,noun,antonym,complementary
absent,present,y,bothY,,,0.7,,n,adj,antonym,complementary
absolute,relative,y,both,0.97,paired,0.97,paired,n,adj,antonym,complementary
abundance,scarcity,y,bothX,0.68,,,,n,noun,antonym,scalar
abuser,victim,n,both,0.74,,0.53,,n,noun,antonym,converse
abusers,victims,n,bothX,0.71,,,,,noun,antonym-secondary,complementary
accepted,rejected,n,bothX,0.66,,,,n,verb,antonym,converse
accidental,intentional,n,bothY,,,0.53,paired,n,adj,antonym,complementary
accidentally,intentionally,n,bothY,,,0.6,,n,adv,antonym,complementary
accustomed,new,n,bothY,,,0.5,,,,co-hyponym,
acquaintances,friends,n,bothY,,,0.73,,n,noun,nym-near-synonym,
active,passive,y,both,0.67,paired,0.89,paired,n,adj,antonym,scalar
actively,passively,y,bothY,,,0.78,paired,n,adv,antonym,scalar
actresses,actors,n,bothY,,,0.95,,n,noun,antonym,complementary
acute,chronic,y,both,0.79,paired,0.85,paired,n,adj,antonym,complementary
adapted,original,n,bothY,,,0.51,,n,adj,antonym,complementary
addresses,names,n,bothY,,,0.53,,,,co-hyponym,
adjective,noun,n,both,0.76,paired,0.88,paired,n,noun,co-hyponym,
admit,deny,y,bothX,0.68,,,,n,verb,antonym,complementary
admits,denies,n,bothX,0.51,,,,n,verb,antonym,complementary
admitting,denying,n,bothX,0.62,,,,n,verb,antonym,complementary
ado,conclusion,n,bothX,0.5,,,,,,x-odd,
adolescence,childhood,n,bothY,,,0.86,,n,noun,co-hyponym,multiple incompatibility
adolescents,children,n,bothY,,,0.67,,,,co-hyponym,
adopted,natural,n,bothY,,,0.55,,n,adj,antonym-secondary,complementary
adopting,fostering,n,bothX,0.54,,,,,,co-hyponym,
adoptive,biological,y,bothY,,,0.65,,n,adj,antonym,complementary
adulthood,childhood,n,bothY,,,0.59,,,noun,antonym,complementary
adults,children,n,both,0.58,paired,0.69,paired,n,noun,antonym,multiple incompatibility
advancing,retreating,n,bothX,0.52,,,,n,verb,antonym,converse
advantage,disadvantage,y,bothX,0.7,,,,n,noun,antonym,complementary
advantages,disadvantages,n,both,0.9,paired,0.51,paired,n,noun,antonym,complementary
adverse,positive,n,bothY,,,0.66,,,adj,antonym-secondary,scalar
adversely,positively,n,both,0.65,,0.85,,n,adv,antonym-secondary,scalar
affirmative,negative,y,both,0.79,,0.86,,n,adj,antonym,complementary
affluent,poor,n,bothY,,,0.64,,n,adj/noun,antonym-secondary,scalar
afore,after,n,bothX,0.72,,,,n,adj/adv,antonym-temporal,converse
aft,fore,y,bothY,,,0.99,,n,adj,antonym,complementary
after,before,n,both,0.65,paired,0.97,paired,n,adj/adv,antonym-temporal,complementary
afternoon,morning,n,bothY,,,0.97,,n,noun,co-hyponym-temporal,
afterward,before,n,bothY,,,0.67,,n,adv,antonym-temporal,complementary
afterwards,before,n,bothY,,,0.69,,n,adv,antonym-temporal,complementary
again,again,n,bothX,0.82,paired,,,,,x-identical,
against,for,n,bothY,,,0.97,paired,n,adv,antonym,complementary
aged,young,y,bothY,,,0.53,,n,adj,antonym,scalar
ages,genders,n,bothX,0.53,,,,,,co-hyponym,
agility,speed,n,bothY,,,0.66,,n,noun,co-hyponym,
ago,now,n,bothY,,,0.64,,,,co-hyponym-temporal,
agree,disagree,y,bothX,0.68,,,,n,verb,antonym,complementary
air,water,n,bothX,0.55,,,,,,co-hyponym,
albums,singles,n,bothY,,,0.77,,n,noun,nym-meronym,
aliens,humans,n,bothY,,,0.61,,n,noun,co-hyponym,
alike,different,n,bothX,0.67,,,,n,adj,antonym,complementary
alive,dead,y,both,0.93,paired,0.99,,n,adj,antonym,complementary
ally,foe,n,bothX,0.54,,,,n,noun,antonym,complementary
alpha,omega,n,bothX,0.62,,,,,noun,antonym,complementary
alpha,beta,n,bothY,,,0.74,paired,n,adj,co-hyponym,
amateur,professional,y,both,0.71,,0.58,,n,noun,antonym,complementary
amen,amen,n,bothX,0.69,paired,,,,,x-identical,
amended,original,n,bothY,,,0.51,,,,co-hyponym,
amygdala,hippocampus,n,bothX,0.59,,,,,,co-hyponym,
analog,digital,n,both,0.69,,0.92,,n,adj,antonym,complementary
analogue,digital,y,both,0.69,,0.9,,n,adj,antonym,complementary
anatomy,physiology,n,bothX,0.58,,,,,,co-hyponym,
ancient,modern,n,both,0.62,,0.71,,n,adj,antonym,complementary
and,and,n,bothX,0.67,paired,,,,,x-identical,
angels,demons,n,bothX,0.57,,,,,,co-hyponym,
animal,human,n,both,0.55,,0.72,,n,noun,nym-hyponym,conceptual contrast
anime,manga,n,bothX,0.69,,,,,,co-hyponym,
annually,monthly,n,bothY,,,0.6,,n,adv,co-hyponym-temporal,
anonymously,publicly,n,bothY,,,0.55,,n,adv,antonym,complementary
answer,question,y,bothY,,,0.93,,n,noun/verb,antonym,complementary
answered,asked,n,bothY,,,0.9,,n,verb,antonym,complementary
answering,asking,n,bothY,,,0.79,,n,verb,antonym,complementary
answers,questions,n,bothY,,,0.97,,n,noun,antonym,complementary
antagonist,protagonist,n,bothY,,,0.77,,n,noun,antonym,complementary
antagonists,protagonists,n,bothY,,,0.69,,,noun,antonym,complementary
ante,post,n,bothX,0.7,,,,,adj,antonym-temporal,
anterior,posterior,y,both,0.96,paired,0.57,paired,n,adj,antonym,complementary
anti,pro,y,both,0.9,,0.96,,n,adj,antonym,complementary
antique,modern,n,both,0.54,,0.56,,n,adj,antonym,complementary
anus,vagina,n,bothX,0.68,,,,,,co-hyponym,
any,all,n,bothX,0.59,,,,,adj,antonym-secondary,complementary
anything,everything,n,both,0.88,,0.54,,,,co-hyponym,
anytime,anywhere,n,bothX,0.83,,,,,,co-hyponym,
anywhere,everywhere,n,bothX,0.75,,,,,,co-hyponym,
anywhere,here,n,bothY,,,0.61,,,,co-hyponym,
apart,together,n,both,0.54,,0.93,,n,adv,antonym,complementary
apartments,houses,n,bothY,,,0.57,,n,noun,co-hyponym,
ape,human,n,bothY,,,0.59,,n,noun,co-hyponym,
apes,humans,n,bothY,,,0.53,,n,noun,co-hyponym,
appellant,respondent,n,bothX,0.63,,,,,noun,antonym,converse
appellate,trial,n,bothY,,,0.5,,n,adj,co-hyponym,
apple,pear,n,bothX,0.51,,,,,,co-hyponym,
appointed,elected,n,both,0.84,,0.95,,n,adj/verb,antonym,complementary
apprentice,master,n,both,0.7,,0.77,,,noun,antonym-secondary,complementary
aquatic,terrestrial,n,both,0.9,,0.92,,n,adj,co-hyponym,multiple incompatibility
archaic,modern,n,bothY,,,0.66,,n,adj,antonym-secondary,complementary
arms,legs,n,both,0.7,,0.73,paired,,,co-hyponym,
around,in,n,bothY,,,0.74,,n,other/preposition,co-hyponym,
arrival,departure,n,both,0.69,,0.52,paired,n,noun,antonym,reversive
arrivals,departures,n,both,0.98,,0.95,paired,n,noun,antonym,reversive
arriving,departing,n,bothX,0.79,,,,,verb,antonym,reversive
arrow,bow,n,bothY,,,0.85,,,,co-hyponym,
arteries,veins,n,both,0.72,paired,0.75,paired,n,noun,antonym,complementary
articles,books,n,bothY,,,0.54,,n,noun,co-hyponym,
artificial,natural,y,both,0.68,,0.77,,n,adj,antonym,complementary
artificially,naturally,y,both,0.58,paired,0.84,,n,adv,antonym,complementary
as,as,n,both,0.52,paired,0.79,paired,,,x-identical,
ascending,descending,y,both,0.95,paired,0.77,paired,n,adj/verb,antonym,complementary
ascent,descent,y,both,0.93,paired,0.76,paired,n,noun,antonym,complementary
asked,answered,n,bothX,0.77,,,,,verb,antonym,complementary
asleep,awake,y,both,0.88,paired,0.98,paired,n,adj,antonym,complementary
assailant,victim,n,both,0.73,,0.75,,n,noun,antonym,complementary
assets,liabilities,n,bothX,0.96,paired,,,n,noun,antonym,complementary
assist,goal,n,bothY,,,0.69,,,,co-hyponym,
assists,goals,n,both,0.86,paired,0.99,paired,n,noun,co-hyponym,complementary
asteroid,comet,n,both,0.58,,0.64,,n,noun,co-hyponym,
asteroids,planets,n,bothY,,,0.7,,n,noun,co-hyponym,
atmospheric,terrestrial,n,bothY,,,0.54,,n,adj,co-hyponym,multiple incompatibility
atop,below,n,both,0.69,,0.7,,n,adv,antonym-secondary,complementary
attack,defense,n,both,0.77,,0.77,,,noun,antonym,converse
attacker,victim,n,both,0.58,,0.68,,n,noun,antonym,complementary
attacking,defending,n,bothX,0.52,,,,n,adj/verb,antonym,complementary
attic,basement,n,bothX,0.51,,,,n,noun,antonym,complementary
audible,visual,n,bothY,,,0.73,,,,co-hyponym,
audio,video,n,both,0.64,,0.54,,n,adj,co-hyponym,
auditory,visual,n,both,0.52,,0.85,,n,adj,co-hyponym,
augmented,real,n,bothY,,,0.75,,n,adj,antonym,scalar
aunt,uncle,y,bothX,0.61,,,,,noun,antonym,
automatic,manual,y,both,0.7,,0.98,,n,adj,antonym,scalar
automatically,manually,n,bothY,,,0.55,paired,,adv,antonym-secondary,scalar
autumn,winter,n,bothX,0.7,,,,n,noun,co-hyponym,multiple incompatibility
awake,asleep,y,both,0.79,paired,0.82,paired,n,adj,antonym,complementary
away,home,y,both,0.96,,1,,n,adj/adv,antonym,complementary
awhile,once,n,bothY,,,0.82,,,,co-hyponym-temporal,
back,front,y,bothY,,,0.62,,,adj/noun,antonym,complementary
backend,front,n,bothY,,,0.9,,n,adj/noun,antonym-secondary,complementary
backs,forwards,n,both,0.63,,0.66,,,noun,antonym,complementary
backward,forward,y,both,0.82,,0.92,,n,adj/adv,antonym,complementary
backwards,forwards,n,both,0.94,,0.93,,n,adj/adv,antonym,complementary
backyard,front,n,bothY,,,0.64,,,noun,antonym-secondary,complementary
bacterial,viral,n,bothY,,,0.61,,n,adj,co-hyponym,
bad,good,y,both,0.7,paired,0.99,paired,n,adj,antonym,scalar
baking,cooking,n,bothY,,,0.61,,n,verb,co-hyponym,
balances,checks,n,bothY,,,0.96,,n,noun,other-conventional,
ball,bat,n,both,0.55,paired,0.83,,,,co-hyponym,
balls,bats,n,bothY,,,0.84,,,,co-hyponym,
baptism,confirmation,n,both,0.65,,0.54,,,,co-hyponym,
bar,restaurant,n,bothY,,,0.59,,n,noun,co-hyponym,
barley,wheat,n,both,0.59,paired,0.85,paired,n,noun,co-hyponym,
barn,house,n,bothY,,,0.59,,,,co-hyponym,
bars,restaurants,n,both,0.56,,0.56,,,,co-hyponym,
basic,advanced,n,bothY,,,0.55,,,,co-hyponym,
bat,ball,n,bothX,0.78,paired,,,n,noun,co-hyponym,
bathroom,kitchen,n,bothX,0.57,,,,,,co-hyponym,
baths,showers,n,bothX,0.8,,,,n,noun,co-hyponym,
batted,pitched,n,bothY,,,0.52,,,verb,antonym,complementary
batter,pitcher,n,bothY,,,0.8,,n,noun,antonym,complementary
batters,pitchers,n,both,0.8,,0.88,,n,noun,antonym,complementary
batting,bowling,n,bothY,,,0.71,,,verb,antonym,complementary
beans,rice,n,bothY,,,0.75,,n,noun,co-hyponym,
beard,hair,n,bothY,,,0.6,,,,co-hyponym,
beast,man,n,both,0.57,,0.84,,n,noun,co-hyponym,
beck,call,n,bothX,0.67,,,,,,other-conventional,
bedroom,bathroom,n,bothX,0.57,,,,,,co-hyponym,
bedrooms,bathrooms,n,both,0.59,,0.68,,,,co-hyponym,
beef,pork,n,both,0.55,,0.6,paired,,,co-hyponym,
beer,wine,n,both,0.51,,0.68,paired,n,noun,co-hyponym,
beers,wines,n,bothY,,,0.83,paired,,,co-hyponym,
before,after,n,both,0.91,paired,0.65,paired,n,adv,antonym-temporal,complementary
begin,end,y,both,0.85,,0.63,,n,verb,antonym,complementary
beginner,advanced,n,bothX,0.55,,,,,,co-hyponym,
beginners,experts,n,bothX,0.57,,,,,noun,antonym,scalar
beginning,end,n,both,0.7,,0.69,paired,n,noun,antonym,complementary
begins,ends,n,both,0.78,,0.76,,n,verb,antonym,complementary
behind,ahead,n,both,0.84,,0.61,,n,other/preposition/adv,antonym,complementary
believers,skeptics,n,both,0.67,paired,0.58,paired,n,noun,antonym,complementary
below,above,y,bothY,,,0.98,,n,adj/adv,antonym,complementary
bench,starters,n,bothY,,,0.6,,,,opposition-indirect,
beneath,above,n,both,0.87,,0.96,,n,adj/adv,antonym,complementary
benefit,cost,n,both,0.63,,0.59,,,noun,antonym,scalar
best,worst,y,bothX,0.75,paired,,,n,adj,antonym,scalar
beta,alpha,n,bothY,,,0.92,paired,n,adj,co-hyponym,
better,worse,y,bothX,0.92,paired,,,n,adj,antonym,scalar
between,within,n,bothY,,,0.59,,,,co-hyponym,
beverage,food,n,both,0.56,,0.95,,n,noun,antonym,complementary
beverages,food,n,bothY,,,0.59,,n,noun,antonym,complementary
bicycles,cars,n,bothY,,,0.54,,,,co-hyponym,
big,small,y,both,0.89,,0.74,paired,n,adj,antonym,scalar
bigger,smaller,n,both,0.82,,0.73,,n,adj,antonym,scalar
bikes,cars,n,bothY,,,0.79,,n,noun,co-hyponym,
bilateral,regional,n,bothY,,,0.56,,,,co-hyponym,
billion,million,n,bothY,,,0.51,,,,co-hyponym-numeric,
birth,death,y,bothX,0.65,,,,,noun,antonym,complementary
births,deaths,n,both,0.86,,0.54,,n,noun,antonym,complementary
bishops,priests,n,bothX,0.59,,,,,,co-hyponym,
bits,bytes,n,both,0.69,,0.53,,n,noun,co-hyponym,
bitter,sweet,n,bothY,,,0.83,,,,co-hyponym,
black,white,y,both,0.83,,0.8,paired,n,adj,antonym,complementary
blacks,whites,n,both,0.92,paired,0.95,paired,n,noun,antonym,complementary
blah,blah,n,both,0.74,paired,0.7,paired,y,adj,x-identical,
bless,curse,y,bothX,0.58,,,,n,verb,antonym,complementary
blessing,curse,n,bothX,0.77,,,,n,noun,antonym,complementary
blind,deaf,n,bothX,0.61,,,,n,adj,co-hyponym,
boats,cars,n,bothY,,,0.5,,n,noun,co-hyponym,
bodies,minds,n,bothY,,,0.55,paired,,noun,antonym-secondary,complementary
body,mind,n,both,0.73,paired,0.71,paired,n,noun,antonym,complementary
boiled,frozen,n,bothX,0.6,,,,n,verb,co-hyponym,
bolts,nuts,n,bothY,,,0.51,,,,co-hyponym,
bombers,fighters,n,bothX,0.59,,,,,,co-hyponym,
bombings,shootings,n,both,0.56,,0.73,,n,noun,co-hyponym,
bond,stock,n,bothY,,,0.57,,,,co-hyponym,
bonds,stocks,n,bothY,,,0.81,paired,n,noun,co-hyponym,
boom,bust,n,bothX,0.98,,,,n,noun,antonym,complementary
boon,curse,n,bothX,0.6,,,,n,noun,antonym,complementary
borrower,lender,y,both,0.62,paired,0.63,paired,,noun,antonym,complementary
borrowers,lenders,n,both,0.7,paired,0.88,,,noun,antonym,converse
bot,human,n,bothY,,,0.57,,n,noun,co-hyponym,
bothered,hot,n,bothY,,,0.69,,,,other-conventional,
bottles,cans,n,both,0.78,paired,0.84,paired,n,noun,co-hyponym,
bottom,top,y,both,0.77,paired,0.96,paired,n,adj,antonym,scalar
bought,sold,n,bothX,0.62,,,,,verb,antonym,complementary
bourgeoisie,proletariat,n,bothY,,,0.66,,n,noun,antonym,complementary
bow,arrow,n,bothX,0.7,,,,,,co-hyponym,
bows,arrows,n,bothX,0.93,,,,n,noun,co-hyponym,
boy,girl,y,both,0.92,paired,0.91,paired,n,noun,antonym,complementary
boyfriend,girlfriend,n,bothX,0.96,paired,,,n,noun,antonym,complementary
boys,girls,n,both,0.96,paired,0.97,paired,n,noun,antonym,complementary
bra,panties,n,bothX,0.52,,,,,,co-hyponym,
braking,acceleration,n,both,0.77,,0.87,,,noun,antonym,scalar
bras,panties,n,bothX,0.56,,,,,,co-hyponym,
breadth,depth,n,bothX,0.56,,,,,noun,antonym,complementary
breakfast,dinner,n,both,0.52,,0.64,,n,noun,co-hyponym,
breaking,bending,n,bothY,,,0.52,,,,co-hyponym,
bricks,mortar,n,bothX,0.52,,,,,,other-conventional,
bride,groom,n,both,0.99,paired,0.97,paired,n,noun,antonym,complementary
bronze,silver,n,bothY,,,0.63,,,,co-hyponym,
brother,sister,y,bothX,0.92,,,,n,noun,antonym,complementary
brothers,sisters,n,both,0.84,paired,0.66,paired,,noun,antonym,complementary
brunch,dinner,n,bothX,0.74,,,,n,noun,co-hyponym,
bumps,bruises,n,bothX,0.72,,,,,,co-hyponym,
bushes,trees,n,both,0.74,,0.78,,n,noun,co-hyponym,
business,personal,n,bothY,,,0.5,,,,co-hyponym,
businesses,individuals,n,bothY,,,0.58,,n,noun,contrast-group-individual ,
bust,boom,n,bothY,,,0.52,,n,noun,antonym,complementary
buy,sell,y,bothX,0.84,paired,,,n,verb,antonym,converse
buyer,seller,n,both,0.96,paired,0.93,paired,n,noun,antonym,converse
buyers,sellers,n,both,0.92,paired,0.86,paired,n,noun,antonym,converse
buying,selling,n,both,0.92,paired,0.69,paired,n,verb,antonym,converse
buys,sells,n,both,0.9,,0.6,paired,n,verb,antonym,converse
cable,satellite,n,both,0.65,,0.52,,n,adj,co-hyponym,
cafes,restaurants,n,both,0.51,,0.5,,,,co-hyponym,
calf,cow,n,bothY,,,0.75,,,noun,antonym,converse
calorie,fat,n,bothY,,,0.59,,n,noun,other-related,
calories,fat,n,bothX,0.64,,,,n,noun,other-related,
came,went,n,bothX,0.6,,,,,verb,antonym,
canine,human,n,both,0.54,,0.79,,n,adj,co-hyponym,
cannot,can,n,bothY,,,0.66,,,verb,antonym,complementary
cans,bottles,n,both,0.88,paired,0.97,paired,n,noun,co-hyponym,
cant,can,n,bothY,,,0.9,,n,verb,antonym,complementary
capitalism,socialism,y,bothY,,,0.62,paired,n,noun,co-hyponym,
caps,goals,n,bothX,0.5,,,,,,co-hyponym,
carbohydrate,protein,n,both,0.75,,0.64,,n,noun,co-hyponym,
carriage,horse,n,bothY,,,0.83,,n,noun,other-related,
cast,crew,n,bothX,0.9,,,,,,co-hyponym,
casual,formal,n,bothY,,,0.63,,n,adj,antonym,scalar
cat,dog,n,both,0.59,paired,0.75,paired,n,noun,co-hyponym,
catch,throw,n,bothY,,,0.68,paired,n,verb,antonym,converse
catcher,pitcher,n,both,0.61,,0.75,,n,noun,antonym,complementary
catching,throwing,n,both,0.62,,0.89,,n,verb,antonym,converse
cats,dogs,n,both,0.85,paired,0.93,paired,n,noun,co-hyponym,
caucuses,primaries,n,both,0.76,paired,0.96,paired,n,noun,co-hyponym,
cause,effect,n,both,0.96,,0.6,paired,n,noun,antonym,complementary
cavalry,infantry,n,both,0.56,,0.87,,n,noun,co-hyponym,
ceiling,walls,n,bothY,,,0.54,,,,co-hyponym,
ceilings,walls,n,bothY,,,0.78,,n,noun,co-hyponym,
celestial,terrestrial,n,both,0.71,,0.72,,n,adj,co-hyponym,multiple incompatibility
center,left,n,bothY,,,0.52,,,,co-hyponym,
centrally,locally,n,bothY,,,0.57,,n,adv,antonym,scalar
cents,dollars,n,bothY,,,0.7,,n,noun,co-hyponym,
chairs,tables,n,bothY,,,0.58,,,,co-hyponym,
challenges,opportunities,n,bothX,0.59,,,,,noun,antonym-secondary,complementary
chances,goals,n,bothY,,,0.69,,,,co-hyponym,
checks,balances,n,bothX,0.78,,,,,,other-conventional,
chemical,physical,n,bothY,,,0.55,,,,co-hyponym,
chemically,physically,n,bothY,,,0.53,,,,co-hyponym,
chemotherapy,radiation,n,both,0.68,,0.59,,,,co-hyponym,
child,parent,y,bothY,,,0.56,paired,,noun,antonym,converse
childbirth,pregnancy,n,bothY,,,0.66,,,,other-related,
childhood,adolescence,n,bothX,0.55,,,,,,co-hyponym,
childhood,infancy,n,bothY,,,0.54,,,,co-hyponym,
children,adults,n,both,0.6,paired,0.63,paired,n,noun,antonym,multiple incompatibility
chilled,hot,n,bothY,,,0.63,,,adj,antonym-secondary,scalar
chimpanzees,humans,n,bothY,,,0.57,,,,co-hyponym,
choose,pick,n,bothY,,,0.8,,,,other-conventional,
chronic,acute,y,both,0.72,paired,0.96,paired,n,adj,antonym,complementary
cider,beer,n,bothY,,,0.69,,n,noun,co-hyponym,
cis,trans,n,bothX,0.77,paired,,,n,adj,antonym,complementary
civilian,military,y,both,0.73,,0.85,,n,adj,antonym,complementary
classical,modern,n,both,0.63,,0.6,,n,adj,antonym,scalar
clone,original,n,bothY,,,0.57,,n,noun,antonym-secondary,complementary
closed,open,y,bothY,,,0.85,,n,adj,antonym,scalar
closes,opens,n,bothY,,,0.6,,n,verb,antonym,scalar
clothed,naked,n,bothY,,,0.58,paired,,adj,antonym,complementary
cloudy,sunny,n,bothY,,,0.78,,n,adj,co-hyponym,
coach,player,n,both,0.52,,0.83,,n,noun,co-hyponym,
coaches,players,n,both,0.62,,0.74,,n,noun,co-hyponym,
coarse,fine,y,bothY,,,0.59,,,adj,antonym,scalar
coastal,inland,y,bothY,,,0.51,paired,n,adj,antonym,complementary
cock,balls,n,bothX,0.53,,,,,,co-hyponym,
cocoa,coffee,n,bothY,,,0.58,,,,co-hyponym,
coffee,tea,n,both,0.86,paired,0.86,paired,n,noun,co-hyponym,
cold,hot,y,bothY,,,0.76,paired,n,adj,antonym,scalar
colder,warmer,n,both,0.65,paired,0.72,paired,n,adj,antonym,scalar
collective,individual,n,both,0.75,,0.69,,n,adj,antonym,complementary
collectively,individually,n,both,0.84,paired,0.94,paired,n,adv,antonym,complementary
colleges,universities,n,bothX,0.83,,,,,,co-hyponym,
column,row,n,bothY,,,0.5,paired,,noun,antonym,complementary
columns,rows,n,both,0.52,paired,0.72,paired,,noun,antonym,complementary
come,go,y,bothX,0.91,,,,n,verb,antonym,complementary
comedy,drama,n,bothY,,,0.56,,n,noun,co-hyponym,
comes,goes,n,bothX,0.61,,,,n,verb,antonym,complementary
coming,going,n,bothX,0.56,paired,,,n,verb,antonym,complementary
coming,up,n,bothY,,,0.86,,,,other-conventional,
communism,capitalism,n,both,0.7,,0.58,,n,noun,co-hyponym,
companies,individuals,n,bothY,,,0.6,,n,noun,contrast-group-individual ,
complete,incomplete,y,bothX,0.63,,,,n,adj,antonym,complementary
complete,partial,n,bothY,,,0.65,,n,adj,antonym,complementary
complex,simple,y,bothY,,,0.71,,n,adj,antonym,scalar
compressed,raw,n,bothY,,,0.56,,,adj,antonym-secondary,complementary
con,pro,y,both,0.65,,0.97,,n,noun,antonym,complementary
condos,apartments,n,bothX,0.63,,,,,,co-hyponym,
confidential,public,n,bothY,,,0.61,,n,adj,antonym,scalar
confirm,deny,n,bothX,0.86,,,,n,verb,antonym,complementary
confirms,denies,n,bothX,0.52,,,,,verb,antonym,complementary
conglomerate,individual,n,bothY,,,0.52,,n,noun,contrast-group-individual ,
congressional,state,n,bothY,,,0.5,,,,co-hyponym,
cons,pros,n,both,0.86,paired,1,,n,noun,antonym,complementary
conscious,unconscious,y,bothX,0.55,,,,,adj,antonym,scalar
consciously,unconsciously,y,both,0.72,paired,0.61,paired,n,adv,antonym,complementary
conservatism,liberalism,n,both,0.55,paired,0.79,paired,n,noun,antonym,scalar
conservative,liberal,y,both,0.68,paired,0.87,paired,n,noun,antonym,scalar
conservatives,liberals,n,both,0.74,paired,0.86,paired,n,noun,antonym,scalar
console,PC,n,both,0.63,,0.76,,n,noun,co-hyponym,
consulate,embassy,n,bothY,,,0.7,,n,noun,co-hyponym,
consumption,production,n,bothY,,,0.63,,,noun,antonym-secondary,
contra,pro,n,bothY,,,0.88,,n,adv,antonym-secondary,complementary
contracting,expanding,n,bothY,,,0.55,,,verb,antonym,reversive
cooked,raw,y,both,0.61,,0.84,,n,adj,antonym,scalar
cooled,heated,n,bothY,,,0.65,,n,adj/verb,antonym,scalar
cooler,warmer,n,both,0.6,,0.57,,n,adj,antonym,scalar
cooling,heating,n,both,0.54,paired,0.88,,n,adj/verb,antonym,scalar
copy,paste,n,bothX,0.54,,,,,,co-hyponym,
cornerback,safety,n,bothX,0.55,,,,,,co-hyponym,
corporation,individual,n,bothY,,,0.71,,n,noun,contrast-group-individual ,
corporations,individuals,n,bothY,,,0.54,,n,noun,contrast-group-individual ,
counterfeit,real,n,bothY,,,0.61,,n,adj,antonym-secondary,complementary
counties,cities,n,bothY,,,0.77,,n,noun,co-hyponym,
countryside,city,n,bothY,,,0.51,,n,noun,antonym,complementary
county,state,n,bothX,0.54,,,,n,noun,co-hyponym,
county,city,n,bothY,,,0.67,,n,noun,co-hyponym,
coupled,single,n,both,0.58,,0.65,,n,adj,antonym,complementary
couples,singles,n,bothY,,,0.74,,n,noun,antonym,complementary
courses,books,n,bothY,,,0.57,,,,other-related,
covert,overt,y,bothY,,,0.7,,n,adj,antonym,complementary
cpu,memory,n,bothX,0.65,,,,,,co-hyponym,
crafts,arts,n,bothY,,,0.6,,,,other-conventional,
crawled,walked,n,bothY,,,0.5,,n,verb,co-hyponym,
crawling,walking,n,both,0.63,,0.56,,n,verb,co-hyponym,
creates,destroys,n,bothX,0.67,,,,,verb,antonym,complementary
creditor,debtor,y,both,0.6,paired,0.56,paired,n,noun,antonym,converse
cried,laughed,n,bothY,,,0.54,,n,verb,antonym,scalar
criminal,civil,n,bothY,,,0.61,,n,adj,antonym,complementary
crypto,fiat,n,bothY,,,0.52,,n,adj,antonym-secondary,complementary
cub,adult,n,bothX,0.63,,,,n,noun,antonym,complementary
culprit,victim,n,both,0.65,,0.68,,n,noun,antonym,complementary
cultivated,wild,n,bothY,,,0.67,,n,adj,antonym,scalar
cups,plates,n,bothY,,,0.5,paired,,,co-hyponym,
curly,straight,y,both,0.55,,0.85,,n,adj,antonym,scalar
currently,historically,n,bothY,,,0.65,,n,adv,antonym,complementary
curse,blessing,n,bothY,,,0.71,,n,noun,antonym,complementary
cursed,blessed,y,both,0.56,,0.54,,n,adj/verb,antonym,complementary
cut,paste,n,bothX,0.79,,,,,,co-hyponym,
cyber,physical,n,bothY,,,0.55,,n,adj,antonym-secondary,complementary
cyclists,pedestrians,n,bothX,0.51,,,,,,co-hyponym,
dad,mom,n,bothY,,,0.75,,n,noun,antonym,complementary
dads,moms,n,bothY,,,0.92,paired,n,noun,antonym,complementary
daily,weekly,n,both,0.51,,0.69,paired,n,adv,co-hyponym-temporal,
dairy,meat,n,bothY,,,0.72,,n,noun,co-hyponym,
danced,sang,n,bothY,,,0.6,,,,co-hyponym,
dark,light,y,both,0.69,,0.95,,n,adj/noun,antonym,scalar
darker,lighter,n,both,0.56,,0.69,,n,adj,antonym,scalar
darkest,brightest,n,bothX,0.72,,,,n,adj,antonym,scalar
darkness,light,n,both,0.85,,0.91,,n,noun,antonym,scalar
dash,walk,n,bothY,,,0.7,,,,co-hyponym,
date,time,n,bothX,0.52,,,,,,co-hyponym,
daughter,mother,n,bothY,,,0.51,,,,co-hyponym,
daughters,sons,n,both,0.6,paired,0.8,,n,noun,antonym,complementary
dawn,dusk,n,both,0.77,paired,0.53,paired,n,noun,antonym,complementary
day,night,y,both,0.91,paired,0.95,paired,n,noun,antonym,complementary
daytime,nighttime,n,both,0.66,paired,0.6,paired,n,noun,antonym,complementary
dead,alive,y,bothX,0.62,paired,,,n,adj,antonym,complementary
dear,near,n,bothY,,,0.71,,,,other-conventional,
death,life,n,bothY,,,0.73,,n,noun,antonym,complementary
debit,credit,y,both,0.91,,0.97,,n,noun,antonym,complementary
debt,equity,n,both,0.67,paired,0.5,paired,n,noun,antonym-secondary,complementary
debtor,creditor,y,both,0.86,paired,0.75,paired,n,noun,antonym,converse
deceased,living,n,bothY,,,0.9,,n,adj,antonym,complementary
decline,growth,n,bothY,,,0.57,,,noun,antonym-secondary,scalar
decode,encode,y,bothY,,,0.8,,n,verb,antonym,reversive
decoding,encoding,n,bothY,,,0.87,,n,verb,antonym,reversive
decrease,increase,y,both,0.66,paired,0.79,,n,noun/verb,antonym,scalar
decreased,increased,y,both,0.65,paired,0.84,,n,adj/verb,antonym,scalar
decreases,increases,n,both,0.57,paired,0.95,,n,verb,antonym,scalar
decreasing,increasing,y,both,0.64,paired,0.58,,n,verb,antonym,scalar
deeds,words,n,bothY,,,0.91,,n,noun,contrast-conceptual,complementary
defeat,victory,y,both,0.51,paired,0.84,,n,noun,antonym,complementary
defence,attack,n,bothY,,,0.51,,n,noun,antonym,reversive
defences,attacks,n,bothY,,,0.75,,,noun,antonym,complementary
defend,attack,y,both,0.55,,0.77,,n,verb,antonym,reversive
defended,attacked,n,bothY,,,0.7,,n,verb,antonym,reversive
defender,attacker,n,bothY,,,0.54,,n,noun,antonym,reversive
defending,attacking,n,bothY,,,0.81,,n,adj/verb,antonym,reversive
defends,attacks,n,both,0.57,,0.65,,,verb,antonym,converse
defense,offense,y,both,0.94,paired,0.99,paired,n,noun,antonym,complementary
defenses,offenses,n,both,0.54,paired,0.86,paired,n,noun,antonym,complementary
defensive,offensive,y,both,0.81,paired,0.96,paired,n,adj,antonym,complementary
defensively,offensively,y,both,0.97,paired,1,paired,n,adv,antonym,complementary
deficiencies,strengths,n,bothY,,,0.55,,,noun,antonym-secondary,scalar
deflation,inflation,y,both,0.61,,0.56,,n,noun,antonym,complementary
delet,add,n,bothY,,,0.56,,,partial token,x-none,
deliberately,accidentally,y,bothY,,,0.54,,n,adv,antonym,complementary
demand,supply,y,both,0.88,paired,0.95,paired,n,noun,antonym,complementary
democrat,republican,n,both,0.9,paired,0.81,,n,noun,co-hyponym,
demolition,construction,n,bothY,,,0.56,,,noun,antonym,complementary
demon,human,n,bothY,,,0.67,,n,noun,co-hyponym,
demons,angels,n,bothY,,,0.66,,,,co-hyponym,
depart,return,n,bothX,0.52,,,,,verb,antonym,reversive
departing,arriving,n,bothY,,,0.88,,n,adj/verb,antonym,reversive
departure,arrival,n,bothY,,,0.57,paired,,noun,antonym,reversive
departures,arrivals,n,bothY,,,0.69,paired,,noun,antonym,reversive
dependent,independent,y,both,0.68,,0.5,,,adj,antonym,scalar
depos,cash,n,bothY,,,0.6,,,partial token,x-none,
deposits,loans,n,bothY,,,0.71,,n,noun,co-hyponym,
depression,anxiety,n,bothY,,,0.51,,n,noun,co-hyponym,
derby,league,n,bothY,,,0.76,,,,co-hyponym,
descending,ascending,y,both,0.67,paired,0.84,paired,n,adj/verb,antonym,complementary
descent,ascent,y,both,0.51,paired,0.79,paired,,noun,antonym,reversive
desktop,mobile,n,bothY,,,0.72,paired,,,co-hyponym,
destroyer,cruiser,n,bothY,,,0.72,,n,noun,co-hyponym,
detractors,supporters,n,both,0.53,,0.56,,n,noun,antonym,scalar
detriment,benefit,n,bothY,,,0.53,,,noun,antonym,scalar
deviation,mean,n,bothY,,,0.93,,,,co-hyponym,
diagnoses,symptoms,n,bothY,,,0.55,,,,co-hyponym,
diagnosis,treatment,n,bothX,0.65,,,,,,co-hyponym,
diamonds,gold,n,bothY,,,0.63,,n,noun,co-hyponym,
diapers,wipes,n,bothX,0.54,,,,,,co-hyponym,
diarrhea,vomiting,n,bothY,,,0.58,,n,noun/verb,co-hyponym,
diced,sliced,n,bothY,,,0.68,,,,co-hyponym,
didnt,did,n,bothY,,,0.56,,,verb,antonym,complementary
die,live,n,bothY,,,0.76,,n,verb,antonym,complementary
dies,lives,n,bothY,,,0.67,,n,verb,antonym,complementary
diet,exercise,n,bothX,0.68,,,,,,other-related,
difference,similarity,n,bothY,,,0.53,,,noun,antonym,scalar
differences,similarities,n,both,0.91,paired,0.98,paired,n,noun,antonym,scalar
different,similar,n,both,0.54,,0.59,,n,adj,antonym,scalar
digital,physical,n,bothY,,,0.55,,,adj,antonym-secondary,complementary
digitally,physically,n,both,0.76,,0.93,,n,adv,antonym,complementary
digits,letters,n,bothY,,,0.55,,n,noun,co-hyponym,
diluted,whole,n,bothY,,,0.57,,n,adj,antonym-secondary,reversive
dim,bright,n,bothY,,,0.65,,n,adj,antonym-secondary,scalar
dinner,lunch,n,bothY,,,0.74,,n,noun,co-hyponym,
direct,indirect,y,both,0.94,paired,0.81,paired,n,adj,antonym,complementary
directly,indirectly,y,both,0.96,paired,0.92,paired,n,adv,antonym,complementary
director,producer,n,bothX,0.54,,,,,,co-hyponym,
directs,writes,n,bothY,,,0.59,,,,co-hyponym,
dirty,clean,y,bothY,,,0.81,,n,adj,antonym,scalar
disable,enable,y,bothY,,,0.94,paired,n,verb,antonym,reversive
disadvantage,advantage,y,bothY,,,0.66,,n,noun,antonym,complementary
disadvantages,advantages,n,both,0.55,paired,0.95,paired,n,noun,antonym,complementary
disagree,agree,y,bothY,,,0.91,,n,verb,antonym,complementary
disappear,appear,y,bothY,,,0.55,,,verb,antonym,reversive
disappears,returns,n,bothX,0.54,,,,,verb,antonym-secondary,complementary
disapproval,approval,y,bothY,,,0.58,,n,noun,antonym,scalar
disapprove,approve,y,bothY,,,0.98,,n,verb,antonym,scalar
discs,tapes,n,bothY,,,0.53,,n,noun,co-hyponym,
disembark,board,n,bothY,,,0.6,,,verb,antonym-secondary,complementary
dislike,like,y,bothY,,,0.54,,n,verb,antonym,scalar
disliked,liked,y,bothY,,,0.86,,n,adj/verb,antonym,scalar
dissolved,solid,n,bothY,,,0.58,,n,adj,antonym-secondary,scalar
distance,time,n,bothY,,,0.62,,,,co-hyponym,
divide,conquer,n,bothX,0.7,,,,n,noun,other-conventional,
divorce,marriage,n,bothY,,,0.74,,n,noun,antonym,complementary
divorced,married,n,bothY,,,0.76,,n,adj/verb,antonym,complementary
do,say,n,bothY,,,0.54,,,,co-hyponym,
doctoral,undergraduate,n,bothY,,,0.56,,n,adj/noun,co-hyponym,
doesnt,dos,n,bothY,,,0.6,,,verb,antonym-secondary,complementary
dog,cat,n,both,0.65,paired,0.66,paired,n,noun,co-hyponym,
dogs,cats,n,both,0.84,paired,0.78,paired,n,noun,co-hyponym,
dollar,euro,n,bothX,0.51,,,,,,co-hyponym,
domestically,internationally,n,bothY,,,0.58,,,adv,antonym-secondary,
donkey,horse,n,bothY,,,0.63,,n,noun,co-hyponym,
donor,recipient,n,bothX,0.58,,,,,noun,antonym,complementary
doom,gloom,n,bothX,0.79,,,,,,other-conventional,
doors,windows,n,bothY,,,0.94,paired,n,noun,co-hyponym,
dopamine,serotonin,n,both,0.65,,0.52,paired,n,noun,co-hyponym,
dormant,active,y,bothY,,,0.77,,n,adj,antonym-secondary,complementary
dorsal,lateral,n,both,0.52,,0.57,,n,adj,antonym,complementary
double,single,y,both,0.67,,0.92,,n,adj,co-hyponym-numeric,complementary
doubled,tripled,n,both,0.63,,0.71,paired,n,adj/verb,co-hyponym-numeric,
doubles,singles,n,both,0.91,paired,0.98,paired,n,noun,co-hyponym-numeric,complementary
dow,up,n,bothY,,,0.56,,,partial token,x-none,
down,up,y,bothY,,,0.98,paired,n,adj/adv,antonym,scalar
downhill,uphill,n,bothY,,,0.62,paired,n,adj,antonym,scalar
download,print,n,bothY,,,0.76,,,,co-hyponym,
downs,ups,n,bothY,,,0.95,paired,n,noun,antonym,scalar
downside,upside,n,both,0.66,paired,0.94,paired,n,noun,antonym,scalar
downstairs,upstairs,y,both,0.6,paired,0.97,paired,n,adj/adv/noun,antonym,complementary
downstream,upstream,y,both,0.89,paired,0.98,paired,n,adj/adv,antonym,complementary
downt,up,n,both,0.55,,0.96,,,partial token,x-none,
downward,upward,y,both,0.8,paired,0.77,,n,adj/adv,antonym,scalar
downwards,upwards,y,bothY,,,0.57,,n,adj/adv,antonym,scalar
dracon,human,n,bothY,,,0.6,,,,co-hyponym,
draw,win,n,bothY,,,0.61,,n,noun,antonym,multiple incompatibility
drawbacks,benefits,n,bothY,,,0.5,,n,noun,antonym,scalar
draws,wins,n,bothY,,,0.85,,n,noun,antonym,multiple incompatibility
dream,reality,n,bothX,0.62,,,,,noun,antonym,scalar
dreamed,real,n,bothY,,,0.56,,n,adj/noun/verb,antonym,complementary
dreaming,waking,n,bothY,,,0.7,,,,co-hyponym,
dried,fresh,n,bothY,,,0.94,,n,adj,antonym,scalar
drink,food,n,bothY,,,0.97,,n,noun,co-hyponym,
drinks,food,n,bothY,,,0.83,,n,noun,co-hyponym,
driver,passenger,n,both,0.8,,0.79,paired,n,noun,antonym,converse
drivers,passengers,n,bothY,,,0.65,,,noun,antonym,converse
droid,human,n,bothY,,,0.55,,n,noun,co-hyponym,
drunk,sober,n,bothY,,,0.87,paired,n,adj,antonym,scalar
drunken,sober,n,bothY,,,0.53,,n,adj,antonym-secondary,scalar
dry,wet,y,both,0.57,paired,0.97,paired,n,adj,antonym,scalar
duplicate,original,n,bothY,,,0.78,,,,co-hyponym,
during,after,n,bothX,0.75,,,,n,other/preposition,co-hyponym-temporal,
during,before,n,bothY,,,0.95,,n,other/preposition,co-hyponym-temporal,
dusk,dawn,n,both,0.97,paired,0.96,paired,n,noun,antonym,complementary
dyed,natural,n,bothY,,,0.57,,n,adj,antonym-secondary,complementary
dying,living,n,bothY,,,0.55,,,adj/verb,antonym,scalar
eBay,Amazon,n,both,0.54,,0.64,,n,noun,co-hyponym,
eBook,Print,n,bothY,,,0.66,,,,co-hyponym,
earlier,later,n,both,0.89,,0.71,,n,adj,antonym-temporal,scalar
early,late,y,both,0.58,paired,0.78,paired,n,adj,antonym-temporal,scalar
ears,eyes,n,bothY,,,0.74,,n,noun,co-hyponym,
earthquake,tsunami,n,bothX,0.61,,,,,,co-hyponym,
east,west,y,both,0.83,paired,0.75,paired,n,adj/noun,antonym,multiple incompatibility
eastern,western,y,both,0.8,paired,0.81,paired,n,adj,antonym,multiple incompatibility
ebook,print,n,both,0.6,,0.9,,n,adj,co-hyponym,complementary
effect,cause,n,bothY,,,0.99,paired,n,noun,antonym,complementary
effects,causes,n,bothY,,,0.91,,n,noun,antonym,complementary
efficacy,safety,n,bothX,0.5,,,,,,other-related,
effort,time,n,bothY,,,0.58,,,,other-conventional,
eighteen,seventeen,n,bothY,,,0.51,,,,co-hyponym-numeric,
eighteenth,nineteenth,n,bothX,0.51,,,,n,adj,co-hyponym-numeric,
eighth,ninth,n,bothX,0.73,,,,n,adj,co-hyponym-numeric,
eighth,seventh,n,bothY,,,0.57,,,,co-hyponym-numeric,
eighty,seventy,n,bothY,,,0.7,,,,co-hyponym-numeric,
elder,younger,n,both,0.71,,0.68,,,adj,antonym,scalar
elderly,young,n,bothY,,,0.51,,n,adj,antonym,scalar
eldest,youngest,n,both,0.7,,0.56,,n,adj,antonym,scalar
electronically,physically,n,both,0.68,,0.88,,n,adv,antonym-secondary,complementary
elementary,middle,n,bothY,,,0.63,,,,co-hyponym,
eleven,twelve,n,bothX,0.54,,,,,,co-hyponym-numeric,
eleven,ten,n,bothY,,,0.81,,n,adj/noun,co-hyponym-numeric,
elf,human,n,both,0.56,,0.71,,n,noun,co-hyponym,
elves,humans,n,bothY,,,0.61,,,,co-hyponym,
embryo,fetus,n,bothX,0.6,,,,,,co-hyponym,
employee,employer,y,bothY,,,0.57,paired,,noun,antonym,converse
employer,employee,y,both,0.89,,0.91,paired,n,noun,antonym,converse
employers,employees,n,both,0.88,,0.83,,n,noun,antonym,converse
enable,disable,y,both,0.7,,0.59,paired,n,verb,antonym,reversive
enabled,disabled,n,bothX,0.8,,,,n,adj/verb,antonym,reversive
enacted,proposed,n,bothY,,,0.63,,n,adj/verb,co-hyponym,
encode,decode,y,bothX,0.88,,,,n,verb,antonym,complementary
encoding,decoding,n,bothX,0.86,,,,,verb,antonym,reversive
end,beginning,n,bothY,,,0.68,paired,n,noun,antonym,complementary
ending,beginning,y,bothY,,,0.61,,n,noun,antonym,complementary
endings,beginnings,n,bothY,,,0.71,,n,noun,antonym,complementary
endogenous,synthetic,n,both,0.59,,0.52,,n,adj,co-hyponym,
ends,beginnings,n,bothY,,,0.61,,,noun,antonym,complementary
endurance,speed,n,bothY,,,0.51,,n,noun,co-hyponym,
enemies,friends,n,bothY,,,0.73,,n,noun,antonym,scalar
enemy,friend,n,bothY,,,0.73,,n,noun,antonym,scalar
enlisted,officers,n,bothY,,,0.69,,,,co-hyponym,
ensemble,solo,n,bothY,,,0.7,,n,adj/noun,antonym,complementary
enslaved,free,n,both,0.61,,0.86,,n,adj,antonym,complementary
enterprises,individuals,n,bothY,,,0.73,,n,noun,contrast-group-individual ,
entirely,partially,n,bothX,0.51,,,,,,nym-meronym,
entrance,exit,n,both,0.85,,0.58,,n,noun,antonym,complementary
entrances,exits,n,both,0.88,,0.74,paired,n,noun,antonym,complementary
equity,debt,n,both,0.86,paired,0.85,paired,n,noun,antonym-secondary,complementary
established,new,n,bothY,,,0.59,,,,co-hyponym,
estrogen,testosterone,n,both,0.79,paired,0.92,paired,n,noun,antonym,complementary
ethanol,gasoline,n,bothY,,,0.54,,,,co-hyponym,
ether,bitcoin,n,bothY,,,0.58,,,partial token,x-none,
euros,dollars,n,both,0.73,,0.9,,n,noun,co-hyponym,
evening,morning,n,bothY,,,0.63,,n,noun,antonym,multiple incompatibility
evenings,weekends,n,bothX,0.59,,,,,,co-hyponym-temporal,
evenings,mornings,n,bothY,,,0.82,paired,n,noun,antonym,multiple incompatibility
evil,good,y,both,0.51,,0.92,,n,adj,antonym,scalar
ex,current,n,bothY,,,0.56,,n,adj,antonym,complementary
exceeds,meets,n,bothY,,,0.64,,n,verb,contrast-scalar,multiple incompatibility
excellent,good,n,bothY,,,0.67,,n,adj,contrast-scalar,scalar
exclude,include,y,bothY,,,0.83,,n,verb,antonym,scalar
excluded,included,n,bothY,,,0.53,,n,adj/verb,antonym,scalar
excludes,includes,n,bothY,,,0.68,,n,verb,antonym,scalar
excluding,including,n,bothY,,,0.66,,n,verb,antonym,scalar
exclusion,inclusion,y,bothY,,,0.53,,n,noun,antonym,complementary
exhaust,intake,n,bothY,,,0.58,,,,opposition-indirect,
exit,entry,n,bothY,,,0.69,,,noun,antonym,reversive
exits,entrances,n,bothY,,,0.76,paired,,noun,antonym,reversive
expenditure,income,n,bothY,,,0.57,,,noun,antonym,complementary
expenditures,revenues,n,bothY,,,0.64,,,noun,antonym,complementary
explicit,implicit,y,both,0.94,paired,0.88,paired,n,adj,antonym,scalar
explicitly,implicitly,y,both,0.95,paired,0.97,paired,n,adv,antonym,scalar
exponential,linear,n,bothY,,,0.6,,n,adj,co-hyponym,
export,import,y,bothX,0.76,paired,,,n,noun,antonym,complementary
export,domestic,n,bothY,,,0.73,,n,adj,antonym-secondary,complementary
exported,domestic,n,bothY,,,0.54,,n,adj,antonym-secondary,complementary
exporting,importing,n,bothX,0.57,paired,,,n,verb,antonym,complementary
exports,imports,n,both,0.87,paired,0.73,paired,n,noun,antonym,complementary
expressed,implied,n,bothX,0.68,,,,n,adj/verb,antonym-secondary,complementary
expressly,implicitly,n,both,0.81,,0.88,,n,adv,antonym-secondary,scalar
exterior,interior,y,both,0.98,paired,1,paired,n,noun,antonym,complementary
external,internal,y,both,0.95,paired,0.99,paired,n,adj,antonym,complementary
externally,internally,y,both,0.9,paired,0.99,paired,n,adv,antonym,complementary
extraordinary,ordinary,y,bothY,,,0.5,,n,adj/noun,antonym,scalar
extremists,moderates,n,bothX,0.56,,,,,,co-hyponym,
facade,interior,n,both,0.5,,0.72,,n,noun,antonym-secondary,complementary
facebook,twitter,n,both,0.58,,0.53,,,,co-hyponym,
fact,fiction,n,bothX,0.65,,,,n,noun,antonym,complementary
faculty,students,n,both,0.66,,0.87,,,,co-hyponym,
fail,succeed,y,bothY,,,0.51,,n,verb,antonym,scalar
failing,succeeding,n,bothY,,,0.52,,,verb,antonym,scalar
failure,success,y,both,0.6,paired,0.86,,n,noun,antonym,scalar
failures,successes,n,both,0.67,paired,0.86,paired,n,noun,antonym,scalar
fake,real,n,both,0.52,,0.91,,n,adj,antonym,scalar
faked,real,n,bothY,,,0.94,,n,adj,antonym,scalar
fall,winter,n,bothX,0.61,,,,n,adj/noun,co-hyponym,multiple incompatibility
fall,spring,n,bothY,,,0.67,,n,adj/noun,co-hyponym,multiple incompatibility
falling,rising,y,both,0.74,paired,0.72,,n,adj/verb,antonym,reversive
FALSE,TRUE,y,bothY,,,0.96,,,adj,antonym,complementary
falsehood,truth,y,bothY,,,0.84,,n,noun,antonym-secondary,complementary
fam,friends,n,bothX,0.55,,,,,,co-hyponym,
family,friends,n,both,0.81,,0.84,paired,n,noun,co-hyponym,
far,near,y,both,0.87,paired,0.98,paired,n,adj,antonym,scalar
fat,muscle,n,bothY,,,0.62,,,,co-hyponym,
fatalities,injuries,n,both,0.77,,0.75,,n,noun,co-hyponym,
father,son,n,bothX,0.64,,,,,,co-hyponym,
fathers,mothers,n,bothY,,,0.85,paired,n,noun,antonym,complementary
faux,real,n,both,0.76,,0.91,,n,adj,antonym,scalar
favorable,unfavorable,y,both,0.81,paired,0.6,paired,n,adj,antonym,scalar
favorably,negatively,n,bothX,0.73,,,,n,adv,antonym,scalar
favorite,favorite,n,bothX,0.65,paired,,,,,x-identical,
fears,hopes,n,bothY,,,0.54,,,,other-conventional,
feces,urine,n,bothX,0.7,paired,,,,,co-hyponym,
federal,state,n,both,0.75,,0.82,,n,noun,antonym,complementary
federally,locally,n,bothY,,,0.81,,n,adv,antonym,complementary
feet,hands,n,bothY,,,0.85,paired,n,noun,co-hyponym,
fell,rose,n,bothY,,,0.51,,n,verb,antonym,reversive
felony,misdemeanor,n,both,0.9,paired,0.88,paired,n,noun,co-hyponym,
female,male,y,both,0.94,paired,0.99,paired,n,adj/noun,antonym,complementary
females,males,n,both,0.97,paired,0.99,paired,n,noun,antonym,complementary
feminine,masculine,y,both,0.87,paired,0.95,paired,n,adj,antonym,complementary
fentanyl,heroin,n,bothY,,,0.78,,n,noun,co-hyponym,
fetal,maternal,n,bothY,,,0.61,,,,other-related,
few,many,y,bothY,,,0.55,,n,adj,antonym,scalar
fictional,real,n,bothY,,,0.65,,n,adj,antonym,scalar
fictitious,real,n,bothY,,,0.68,,n,adj,antonym,scalar
field,track,n,bothY,,,0.87,,,,co-hyponym,
fielding,hitting,n,both,0.54,,0.53,,,,co-hyponym,
fifth,sixth,n,bothX,0.57,,,,,,co-hyponym-numeric,
fifth,fourth,n,bothY,,,0.74,,n,noun,co-hyponym-numeric,
fifty,forty,n,bothY,,,0.7,,,,co-hyponym-numeric,
figures,facts,n,bothY,,,0.68,,n,noun,co-hyponym,
films,books,n,bothY,,,0.5,,n,noun,co-hyponym,
finale,pilot,n,bothY,,,0.55,,,,co-hyponym,
finals,semifinals,n,bothY,,,0.58,,,,co-hyponym,
fingers,toes,n,bothX,0.66,paired,,,,,co-hyponym,
finish,start,y,bothY,,,0.76,,n,verb,antonym,complementary
finished,unfinished,y,bothX,0.55,,,,,adj,antonym,scalar
finite,infinite,y,bothY,,,0.61,paired,n,adj,antonym,complementary
firms,individuals,n,bothY,,,0.75,,n,noun,antonym,complementary
fishing,hunting,n,bothY,,,0.51,,,,co-hyponym,
five,four,n,bothY,,,0.87,,n,noun,co-hyponym-numeric,
flashback,present,n,both,0.6,,0.52,,,,co-hyponym-temporal,
floor,walls,n,bothY,,,0.56,,,,co-hyponym,
floors,walls,n,bothY,,,0.57,,n,noun,co-hyponym,
flu,cold,n,bothY,,,0.84,,n,noun,co-hyponym,
fluid,solid,n,bothY,,,0.58,,n,noun,antonym-secondary,multiple incompatibility
foe,friend,y,both,0.87,,0.98,,n,noun,antonym,complementary
foes,friends,n,both,0.74,,0.97,,n,noun,antonym,complementary
folder,file,n,bothY,,,0.61,,n,noun,co-hyponym,
folders,files,n,bothY,,,0.62,,n,noun,co-hyponym,
font,color,n,bothY,,,0.53,,,,co-hyponym,
for,against,n,bothY,,,0.79,paired,n,adv,antonym,complementary
fore,aft,y,bothX,0.99,,,,,adv,antonym,complementary
foreground,background,y,both,0.96,,0.9,,n,adj/noun,antonym,complementary
foreign,domestic,y,both,0.8,,0.8,,n,adj,antonym,complementary
foremost,first,n,bothY,,,0.99,,n,adj,other-conventional,
forever,ever,n,bothX,0.6,,,,,,other-conventional,
forget,forgive,n,bothY,,,0.76,,,,other-conventional,
form,function,n,bothX,0.61,,,,,,contrast-conceptual,
formal,informal,y,both,0.85,paired,0.65,paired,n,adj,antonym,complementary
former,current,n,both,0.57,,0.87,,n,adj,antonym,complementary
forth,back,n,bothY,,,0.98,,n,adv,antonym,complementary
fortunately,unfortunately,y,bothX,0.77,,,,,adv,antonym,scalar
forty,thirty,n,bothY,,,0.71,,,,co-hyponym-numeric,
forward,back,n,bothY,,,0.51,,,adj,antonym,complementary
fostering,adoption,n,both,0.55,,0.68,,,,co-hyponym,
found,lost,y,bothY,,,0.87,,n,adj,antonym,complementary
four,three,n,bothY,,,0.85,,n,noun,co-hyponym-numeric,
fourteen,thirteen,n,bothY,,,0.67,,n,noun,co-hyponym-numeric,
fourth,fifth,n,bothX,0.77,,,,,,co-hyponym-numeric,
fourth,third,n,bothY,,,0.62,,n,adj/noun,co-hyponym-numeric,
franc,euro,n,bothX,0.68,,,,n,noun,co-hyponym,
freezer,fridge,n,bothY,,,0.63,,n,noun,co-hyponym,
french,english,n,both,0.62,,0.85,,,,co-hyponym,
freshmen,seniors,n,both,0.75,,0.62,,n,noun,co-hyponym,
fridge,freezer,n,bothX,0.89,,,,,,co-hyponym,
friends,family,n,bothY,,,0.56,paired,,,co-hyponym,
fries,burgers,n,bothY,,,0.85,,n,noun,co-hyponym,
frig,freezer,n,bothX,0.63,,,,,,co-hyponym,
frig,stove,n,bothY,,,0.53,,,,co-hyponym,
fringe,mainstream,n,both,0.62,,0.75,,n,adj,antonym,scalar
fro,to,n,bothY,,,0.99,,n,adv,antonym,complementary
from,to,n,bothY,,,0.96,,n,adv,antonym,complementary
front,rear,y,both,0.61,paired,0.62,paired,,noun,antonym,complementary
fronts,sides,n,bothY,,,0.57,,,,co-hyponym,
frozen,fresh,n,bothY,,,0.9,,n,adj,co-hyponym,
fructose,glucose,n,both,0.59,,0.8,,n,noun,co-hyponym,
fruits,vegetables,n,both,0.85,paired,0.65,paired,n,noun,co-hyponym,
fry,bake,n,both,0.53,,0.69,,n,verb,co-hyponym,
full,partial,n,both,0.58,,0.5,paired,n,adj,antonym,scalar
fully,partially,n,bothY,,,0.52,,n,adv,antonym,scalar
function,form,n,bothY,,,0.72,,n,noun,contrast-conceptual,
fundamentalist,liberal,n,bothY,,,0.61,,n,adj,antonym-secondary,scalar
fungi,bacteria,n,both,0.58,,0.56,,n,noun,co-hyponym,
future,past,y,both,0.61,,0.7,,n,adj/noun,co-hyponym-temporal,multiple incompatibility
futures,options,n,bothX,0.95,,,,,,co-hyponym,
fuzzy,warm,n,bothY,,,0.87,,,,other-conventional,
gain,loss,y,both,0.92,,0.79,,n,noun,antonym-secondary,complementary
gained,lost,n,both,0.94,,0.97,,n,verb,antonym-secondary,complementary
gaining,losing,n,both,0.82,,0.51,,n,verb,antonym-secondary,complementary
gains,losses,n,both,0.95,,0.83,,n,noun,antonym-secondary,complementary
gallon,liter,n,bothY,,,0.62,,,,co-hyponym,
gas,oil,n,bothY,,,0.9,,n,noun,co-hyponym,
gases,liquids,n,both,0.67,,0.75,,n,noun,co-hyponym,multiple incompatibility
gasoline,diesel,n,both,0.9,,0.84,,n,noun,co-hyponym,
gave,took,n,both,0.51,,0.52,,,verb,antonym,reversive
gay,straight,n,both,0.65,paired,0.89,paired,n,adj,antonym,complementary
gays,lesbians,n,bothX,0.93,,,,,,co-hyponym,
gender,race,n,bothY,,,0.65,,n,noun,co-hyponym,
genders,races,n,bothY,,,0.51,,,,co-hyponym,
generalized,specific,n,bothX,0.54,,,,n,adj,antonym,scalar
generally,specifically,y,bothX,0.61,,,,n,adv,antonym,scalar
generic,branded,n,both,0.7,,0.69,,n,adj,antonym,complementary
gentleman,ladies,n,bothY,,,0.97,,,noun,antonym,complementary
gentlemen,ladies,n,bothY,,,1,paired,n,noun,antonym,complementary
genus,species,n,both,0.84,,0.87,,n,noun,nym-meronym,
getting,giving,n,bothY,,,0.61,,,verb,antonym,reversive
gin,vodka,n,bothY,,,0.6,,n,noun,co-hyponym,
girl,boy,y,both,0.8,paired,0.91,paired,n,noun,antonym,complementary
girlfriend,boyfriend,n,both,0.54,paired,0.82,,n,noun,antonym,complementary
girlfriends,wives,n,bothY,,,0.5,,,,co-hyponym,
girls,boys,n,both,0.9,paired,0.99,paired,n,noun,antonym,complementary
give,take,y,both,0.89,,0.52,paired,,verb,antonym,reversive
gives,takes,n,bothX,0.54,,,,,verb,antonym,reversive
giving,receiving,n,bothX,0.58,,,,,verb,antonym,reversive
global,local,n,bothY,,,0.57,,n,adj,antonym,complementary
glossy,matte,n,both,0.69,,0.68,,n,adj,antonym,multiple incompatibility
goals,assists,n,both,0.84,paired,0.56,paired,,,co-hyponym,
goats,sheep,n,both,0.71,,0.69,,n,noun,co-hyponym,
goddess,god,n,bothY,,,0.51,,n,noun,antonym,complementary
goes,comes,n,bothY,,,0.81,,,verb,antonym,reversive
going,coming,n,both,0.68,paired,0.98,,n,verb,antonym,reversive
gold,silver,n,both,0.88,paired,0.92,paired,n,noun,co-hyponym,
good,bad,y,both,0.82,paired,0.76,paired,n,adj,antonym,scalar
goodbye,hello,n,both,0.57,paired,0.81,,n,other/interjection,antonym,complementary
goods,services,n,bothX,0.91,,,,n,noun,antonym,complementary
goose,duck,n,bothY,,,0.53,,n,noun,co-hyponym,
governed,governed,n,bothX,0.7,paired,,,,,x-identical,
governmental,private,n,both,0.64,,0.55,,n,noun,antonym,complementary
grad,undergrad,n,bothY,,,0.62,,n,noun,co-hyponym,
graduate,undergraduate,n,bothY,,,0.73,paired,n,noun,co-hyponym,
graduates,students,n,bothY,,,0.58,,n,noun,co-hyponym,
grandchildren,children,n,bothY,,,0.89,,n,noun,co-hyponym,
grandfather,father,n,bothY,,,0.56,,n,noun,co-hyponym,
grandparents,parents,n,bothY,,,0.71,,n,noun,co-hyponym,
grants,loans,n,both,0.52,,0.54,,n,noun,co-hyponym,
graphical,textual,n,bothY,,,0.5,,,,co-hyponym,
gravel,sand,n,both,0.65,,0.76,,n,noun,co-hyponym,
gravy,biscuits,n,bothY,,,0.58,,,,other-conventional,
great,good,n,bothY,,,0.8,,n,adj/noun,contrast-scalar,
green,blue,n,bothY,,,0.52,,,,co-hyponym,
greet,meet,n,bothY,,,0.94,,n,verb,other-conventional,
greets,meet,n,bothY,,,0.71,,,,other-conventional,
groom,bride,n,both,0.88,paired,0.99,paired,n,noun,antonym,complementary
gross,net,y,bothY,,,0.92,paired,n,adj,antonym,complementary
grounds,buildings,n,bothY,,,0.54,,,,co-hyponym,
group,individual,n,both,0.55,,0.82,,n,noun,antonym,complementary
groups,individuals,n,bothY,,,0.84,,n,noun,antonym,complementary
guard,center,n,both,0.66,,0.59,,,,co-hyponym,
gubernatorial,legislative,n,bothY,,,0.54,,,,co-hyponym,
guilty,innocent,y,bothY,,,0.72,paired,n,adj,antonym,complementary
guy,girl,n,both,0.61,,0.67,,n,noun,antonym,complementary
guys,girls,n,bothY,,,0.76,,n,noun,antonym,complementary
hair,skin,n,bothY,,,0.54,,,,co-hyponym,
handgun,rifle,n,bothY,,,0.56,,n,noun,co-hyponym,
handguns,rifles,n,both,0.7,,0.9,paired,n,noun,co-hyponym,
hands,feet,n,both,0.56,,0.65,paired,,,co-hyponym,
hard,soft,y,bothX,0.72,,,,n,adj,antonym,scalar
harder,easier,n,bothY,,,0.55,,n,adj,antonym,scalar
hardest,easiest,n,both,0.63,,0.53,,n,adj,antonym,scalar
hardware,software,y,both,0.95,paired,0.95,paired,n,noun,antonym,complementary
harms,benefits,n,both,0.58,,0.88,,,noun,antonym,scalar
hate,love,y,bothY,,,0.83,,n,verb,antonym,scalar
hated,loved,n,bothY,,,0.77,,n,verb,antonym,scalar
hates,loves,n,bothY,,,0.6,,n,verb,antonym,scalar
hating,loving,n,bothY,,,0.58,,n,verb,antonym,scalar
hatred,love,n,bothY,,,0.62,,n,noun,antonym,scalar
hear,see,n,bothY,,,0.78,,n,verb,co-hyponym,
heard,seen,n,bothY,,,0.85,,n,verb,co-hyponym,
hearts,minds,n,bothX,0.7,,,,,,other-conventional,
heated,cooled,n,bothX,0.6,,,,,adj,antonym-secondary,
heating,cooling,n,bothX,0.94,paired,,,n,adj/verb,antonym,scalar
heaven,hell,n,bothX,0.77,paired,,,n,noun,antonym,complementary
heavenly,earthly,y,bothY,,,0.63,,n,adj,antonym,scalar
heavier,lighter,n,bothY,,,0.74,,n,adj,antonym,scalar
heavyweight,light,n,bothY,,,0.66,,n,adj,antonym,scalar
hectares,acres,n,bothY,,,0.66,,n,noun,co-hyponym,
heel,toe,n,both,0.59,,0.57,,,,co-hyponym,
heels,flats,n,bothY,,,0.65,,n,noun,co-hyponym,scalar
height,weight,n,both,0.83,paired,0.86,paired,n,adj,co-hyponym,
helium,hydrogen,n,both,0.54,,0.8,,n,noun,co-hyponym,
hell,heaven,n,both,0.59,paired,0.93,,n,noun,antonym,complementary
hello,goodbye,n,bothX,0.57,paired,,,,other/interjection,antonym,complementary
helped,hindered,n,bothX,0.56,,,,,verb,antonym,scalar
helping,hurting,n,bothX,0.61,,,,,,opposition-indirect,
helps,hurts,n,both,0.72,,0.68,,n,verb,antonym,scalar
hepatitis,HIV,n,bothY,,,0.57,,,,co-hyponym,
here,here,n,both,0.76,paired,0.99,paired,,,x-identical,
hereafter,here,n,bothY,,,0.67,,,,co-hyponym-temporal,
hero,villain,n,bothX,0.63,paired,,,n,noun,antonym,complementary
heroes,villains,n,both,0.87,paired,0.54,paired,n,noun,antonym,complementary
heroine,hero,n,bothY,,,0.78,,,noun,antonym,complementary
hers,his,n,bothY,,,0.93,,n,other/possessive,antonym,complementary
heterosexual,homosexual,n,both,0.85,paired,0.63,paired,n,adj,antonym,complementary
hidden,visible,n,bothY,,,0.51,,,adj,antonym,scalar
hide,seek,n,bothX,0.62,,,,,verb,antonym,complementary
high,low,y,both,0.89,paired,0.88,paired,n,adj,antonym,scalar
higher,lower,n,both,0.92,,0.8,,n,adj,antonym,scalar
highest,lowest,n,both,0.88,paired,0.88,paired,n,adj,antonym,scalar
highs,lows,n,both,0.98,paired,0.87,paired,n,noun,antonym,scalar
hills,valleys,n,bothX,0.55,,,,,noun,antonym,complementary
hind,front,n,bothY,,,0.55,,,adj,antonym-secondary,complementary
hinder,help,n,bothY,,,0.77,,n,verb,antonym,scalar
hires,departures,n,bothX,0.7,,,,,noun,antonym-secondary,complementary
hits,misses,n,bothX,0.93,,,,n,noun,antonym,complementary
hitter,pitcher,n,bothY,,,0.68,,n,noun,antonym,complementary
hitters,pitchers,n,both,0.85,,0.91,paired,n,noun,antonym,complementary
hitting,pitching,n,bothY,,,0.68,,n,verb,antonym,complementary
hog,cattle,n,bothY,,,0.69,,n,noun,co-hyponym,
homeowners,renters,n,both,0.84,,0.71,,n,noun,antonym,complementary
homers,doubles,n,both,0.53,,0.65,,n,noun,co-hyponym,
homosexual,heterosexual,n,both,0.63,paired,0.92,paired,n,adj,antonym,complementary
hook,line,n,bothX,0.64,,,,n,noun,co-hyponym,
horizontal,vertical,n,both,0.97,paired,1,paired,n,adj,antonym,complementary
horizontally,vertically,n,both,0.98,paired,1,paired,n,adv,antonym,complementary
horsepower,torque,n,bothX,0.79,,,,,,other-related,
hostile,friendly,y,bothY,,,0.73,,n,adv,antonym,scalar
hot,cold,y,both,0.87,,0.69,paired,n,adj,antonym,scalar
hots,cold,n,bothX,0.51,,,,,adj,antonym-secondary,scalar
hour,day,n,bothY,,,0.71,,n,noun,co-hyponym-temporal,
hourly,daily,n,bothY,,,0.82,,n,adv,co-hyponym-temporal,
hours,days,n,bothY,,,0.66,,n,noun,co-hyponym-temporal,
how,why,n,both,0.69,paired,0.5,,n,other/interrogative,co-hyponym,
hrs,days,n,both,0.75,,0.58,,n,noun,co-hyponym-temporal,
https,http,n,bothY,,,0.69,,n,other/acronym,co-hyponym,
humans,animals,n,bothX,0.57,,,,,,co-hyponym,
humidity,temperature,n,both,0.58,,0.7,,n,noun,co-hyponym,
hundreds,thousands,n,bothX,0.56,,,,n,noun,co-hyponym-numeric,
hunted,hunted,n,bothX,0.73,paired,,,y,adj/verb,x-identical,
husband,wife,y,both,0.9,,0.6,paired,n,noun,antonym,complementary
husbands,wives,n,both,0.93,,0.9,paired,n,noun,antonym,complementary
hydrogen,oxygen,n,bothX,0.53,,,,,,co-hyponym,
hypertension,diabetes,n,both,0.57,,0.69,,n,noun,co-hyponym,
iOS,Android,n,both,0.95,,0.84,,n,noun,co-hyponym,
iPad,iPhone,n,both,0.59,paired,0.84,,n,noun,co-hyponym,
iPads,iPhones,n,both,0.75,paired,0.86,paired,n,noun,co-hyponym,
iPhone,iPad,n,bothX,0.64,paired,,,,,co-hyponym,
iPhone,Android,n,bothY,,,0.76,,n,noun,co-hyponym,
iPhones,iPads,n,both,0.9,paired,0.66,paired,n,noun,co-hyponym,
iPod,iPhone,n,bothY,,,0.66,,,,co-hyponym,
iTunes,Android,n,bothX,0.67,,,,,,co-hyponym,
icons,text,n,bothY,,,0.64,,n,noun,co-hyponym,
idle,active,n,both,0.66,,0.81,,,adj,antonym,scalar
ii,iii,n,bothX,0.65,,,,n,adj,co-hyponym-numeric,
ii,i,n,bothY,,,0.55,,n,adj,co-hyponym-numeric,
iii,ii,n,bothY,,,0.9,,n,adj,co-hyponym-numeric,
ill,healthy,n,bothY,,,0.54,,n,adj,antonym,scalar
illegal,legal,y,bothY,,,0.94,,n,adj,antonym,complementary
illegally,legally,n,bothY,,,0.94,,n,adv,antonym,complementary
illicit,legal,n,both,0.52,,0.6,,n,adj,antonym,complementary
illustrating,writing,n,bothY,,,0.59,,n,verb,co-hyponym,
image,text,n,bothY,,,0.75,,,,co-hyponym,
images,text,n,bothY,,,0.72,,,,co-hyponym,
imaginary,real,n,both,0.56,,0.78,,n,adj,antonym,complementary
imagined,real,n,both,0.55,,0.79,,n,adj/verb,antonym,complementary
implicit,explicit,y,both,0.97,paired,0.97,paired,n,adj,antonym,scalar
implicitly,explicitly,y,both,0.91,paired,0.92,paired,n,adv,antonym,scalar
implied,explicit,n,both,0.75,,0.61,,n,adj,antonym,scalar
import,export,y,both,0.95,paired,0.88,,n,noun,antonym,complementary
imported,domestic,n,bothY,,,0.65,,,adj,antonym-secondary,complementary
importing,exporting,n,both,0.93,paired,0.75,,n,verb,antonym,complementary
imports,exports,n,both,0.96,paired,0.96,paired,n,noun,antonym,complementary
inaction,action,y,bothY,,,0.83,,n,noun,antonym,scalar
inactive,active,y,both,0.51,,0.98,,n,adj,antonym,scalar
inadvertently,intentionally,n,bothY,,,0.63,,n,adv,antonym,complementary
inches,feet,n,bothY,,,0.53,,,,nym-meronym,
include,include,n,bothX,0.55,paired,,,,,x-identical,
incoming,outgoing,y,both,0.92,,0.97,,n,adj,antonym,complementary
incorrect,correct,y,bothY,,,0.77,,n,adj,antonym,complementary
incorrectly,correctly,y,bothY,,,0.58,,n,adv,antonym,complementary
increase,decrease,y,bothX,0.68,paired,,,n,noun/verb,antonym,scalar
increased,decreased,y,bothX,0.78,paired,,,n,adj/verb,antonym,scalar
increases,decreases,n,bothX,0.82,paired,,,n,verb,antonym,scalar
increasing,decreasing,y,bothX,0.62,paired,,,n,verb,antonym,scalar
incumbent,challenger,n,both,0.56,,0.68,,n,noun,antonym,complementary
independents,Democrats,n,bothY,,,0.61,,n,noun,co-hyponym,
indirect,direct,y,both,0.69,paired,0.98,paired,n,adj,antonym,complementary
indirectly,directly,y,both,0.86,paired,0.99,paired,n,adj,antonym,complementary
individually,collectively,n,both,0.87,paired,0.86,paired,n,adv,antonym,complementary
indoor,outdoor,y,both,0.88,paired,0.93,paired,n,adj,antonym,complementary
indoors,outdoors,y,both,0.74,paired,0.9,paired,n,noun/adv,antonym,complementary
induced,natural,n,bothY,,,0.9,,n,adj,antonym-secondary,complementary
infancy,childhood,n,bothX,0.74,,,,,,co-hyponym,
inferior,superior,y,bothY,,,0.85,,n,adj,antonym,scalar
infield,outfield,y,both,0.87,paired,0.97,paired,n,adj/noun,antonym,complementary
infinite,finite,y,both,0.64,,0.68,paired,n,adj,antonym,complementary
informal,formal,y,both,0.83,paired,0.96,paired,n,adj,antonym,complementary
infrared,visible,n,bothY,,,0.63,,n,adj,co-hyponym,
initials,names,n,bothY,,,0.57,,,,nym-meronym,
injections,pills,n,bothY,,,0.64,,n,noun,co-hyponym,
injure,kill,n,both,0.62,,0.77,,n,verb,co-hyponym,
injuring,killing,n,bothY,,,0.76,,n,verb,co-hyponym,
inland,coastal,y,bothY,,,0.54,paired,n,adj,antonym,complementary
inner,outer,y,both,0.69,paired,0.61,paired,n,adj,antonym,scalar
innings,runs,n,bothY,,,0.59,,n,noun,co-hyponym,
innoc,guilty,n,bothY,,,0.64,,n,partial token,x-none,
innocence,guilt,y,bothY,,,0.88,,n,noun,antonym,complementary
innocent,guilty,y,both,0.89,,0.99,paired,n,adj,antonym,complementary
input,output,n,both,0.93,paired,0.68,paired,n,adj/noun,antonym,complementary
inputs,outputs,n,both,0.87,paired,0.77,paired,n,noun,antonym,complementary
ins,outs,n,both,0.85,,0.69,,n,noun,antonym,complementary
inside,outside,y,both,0.51,paired,0.88,paired,n,adj/noun,antonym,complementary
installing,downloading,n,bothY,,,0.52,,,,co-hyponym,
instinctively,consciously,n,bothY,,,0.6,,n,adv,antonym,complementary
institutions,individuals,n,bothY,,,0.65,,n,noun,contrast-group-individual ,
instructor,student,n,both,0.56,,0.7,,n,noun,antonym-secondary,complementary
instructors,students,n,both,0.8,,0.82,,n,noun,antonym-secondary,complementary
instrumental,vocal,y,both,0.51,,0.64,,n,adj,antonym,complementary
intangible,tangible,y,bothY,,,0.88,,n,adj,antonym,complementary
intentional,accidental,n,bothY,,,0.62,paired,n,adj,antonym,complementary
intentionally,unintentionally,y,bothX,0.59,paired,,,,adv,antonym,scalar
interceptions,touchdowns,n,bothY,,,0.72,,n,noun,co-hyponym,
interior,exterior,y,both,0.97,paired,0.99,paired,n,noun,antonym,complementary
internal,external,y,both,0.97,paired,0.98,paired,n,adj,antonym,complementary
internally,externally,y,both,0.57,paired,0.66,paired,n,adv,antonym,complementary
international,domestic,n,both,0.6,,0.78,,n,adj,antonym-secondary,complementary
interstate,local,n,bothY,,,0.59,,n,adj,co-hyponym,complementary
interstellar,terrestrial,n,both,0.6,,0.88,,n,adj,co-hyponym,multiple incompatibility
intoxicated,sober,y,bothY,,,0.58,,n,adj,antonym-secondary,scalar
invalid,valid,y,bothY,,,0.63,,n,adj,antonym,complementary
invis,visible,n,bothY,,,0.69,,,partial token,x-none,
invisible,visible,y,bothY,,,0.93,,n,adj,antonym,scalar
involuntary,voluntary,y,bothY,,,0.75,,n,adj,antonym,complementary
inward,outward,y,both,0.91,paired,0.94,paired,n,adj,antonym,scalar
ions,electrons,n,bothY,,,0.65,,,,co-hyponym,
irrational,rational,y,bothY,,,0.53,,n,adj,antonym,scalar
island,mainland,n,bothY,,,0.51,,,,co-hyponym,
iv,iii,n,bothY,,,0.74,,,,co-hyponym-numeric,
jails,prisons,n,bothX,0.61,,,,,,nym-near-synonym,
jars,bottles,n,bothY,,,0.54,,,,co-hyponym,
jog,walk,n,both,0.61,,0.8,,n,verb,co-hyponym,
jointly,individually,n,bothY,,,0.64,,,adv,antonym-secondary,complementary
joking,serious,n,both,0.57,,0.81,,n,adj/verb,antonym-secondary,scalar
journals,books,n,bothY,,,0.66,,n,noun,co-hyponym,
journey,destination,n,bothX,0.85,,,,n,noun,co-hyponym,
joystick,keyboard,n,bothX,0.5,,,,,,co-hyponym,
jumping,running,n,bothY,,,0.54,,,,co-hyponym,
junior,senior,y,bothX,0.81,,,,n,noun/adj,antonym,complementary
jury,judge,n,bothY,,,0.56,,n,noun,co-hyponym,
juvenile,adult,y,both,0.76,,0.96,,n,noun,antonym,complementary
juveniles,adults,n,both,0.89,,0.88,,n,noun,antonym,complementary
kW,tons,n,bothY,,,0.55,,,,other-related,
kale,spinach,n,bothY,,,0.74,,n,noun,co-hyponym,
keyboard,mouse,n,both,0.98,paired,0.94,paired,n,noun,co-hyponym,
keyboards,mice,n,both,0.69,,0.8,,n,noun,co-hyponym,
kidding,serious,n,bothY,,,0.63,,n,verb,antonym-secondary,scalar
kidney,liver,n,bothY,,,0.61,,,,co-hyponym,
kidneys,liver,n,bothY,,,0.62,,,,co-hyponym,
killed,shot,n,bothY,,,0.7,,,,co-hyponym,
kills,assists,n,bothX,0.59,,,,,,co-hyponym,
kilograms,pounds,n,both,0.5,,0.82,,n,noun,co-hyponym,
kilometers,miles,n,both,0.64,,0.69,,n,noun,co-hyponym,
kindergarten,preschool,n,bothY,,,0.62,,,,co-hyponym,
kissed,hugged,n,bothY,,,0.58,,n,verb,co-hyponym,
kisses,hugs,n,bothY,,,0.62,,n,noun,co-hyponym,
kitten,adult,n,bothY,,,0.67,,n,noun,antonym,complementary
kittens,adults,n,bothX,0.62,,,,,noun,antonym-secondary,complementary
km,miles,n,both,0.54,,0.67,,n,noun,co-hyponym,
kneeling,standing,n,both,0.63,,0.7,,n,adj/verb,co-hyponym,
knit,crochet,n,both,0.78,,0.75,,n,verb,co-hyponym,
knitting,crochet,n,bothX,0.7,,,,,,co-hyponym,
known,unknown,y,bothX,0.65,,,,n,adj,antonym,complementary
labour,capital,n,bothY,,,0.84,,n,noun,other-related,
ladies,gentlemen,n,bothY,,,0.65,paired,n,noun,antonym,complementary
lady,gentleman,n,both,0.64,,0.76,,n,noun,antonym,complementary
lakes,rivers,n,both,0.51,,0.74,,n,noun,co-hyponym,
land,sea,n,bothX,0.61,paired,,,n,noun,antonym,complementary
landing,takeoff,n,both,0.61,paired,0.96,paired,n,noun,antonym,reversive
landlord,tenant,n,both,0.92,paired,0.83,paired,n,noun,antonym,converse
landlords,tenants,n,both,0.9,paired,0.81,paired,n,noun,antonym,converse
laptop,desktop,n,bothY,,,0.83,,n,noun,co-hyponym,
laptops,tablets,n,bothX,0.54,,,,,,co-hyponym,
large,small,y,both,0.91,paired,0.89,,n,adj,antonym,scalar
larger,smaller,n,both,0.91,paired,0.78,paired,n,adj,antonym,scalar
largest,smallest,n,bothX,0.5,paired,,,n,adj,antonym,scalar
larvae,adults,n,bothX,0.63,,,,,noun,antonym-secondary,complementary
last,first,y,bothY,,,0.83,,n,adj/noun,antonym-numeric,complementary
late,early,y,both,0.67,paired,0.95,paired,n,adj,antonym-temporal,scalar
latter,former,y,bothY,,,0.78,,n,adj,antonym,complementary
laughing,crying,n,bothX,0.75,,,,n,verb,antonym,scalar
laughs,tears,n,bothY,,,0.52,,,noun,antonym,complementary
laughter,tears,n,bothY,,,0.51,,n,noun,antonym,scalar
leaps,bounds,n,bothX,0.8,,,,,,other-conventional,
leased,owned,n,both,0.53,,0.85,,n,adj/verb,co-hyponym,
least,most,y,both,0.55,paired,0.74,,n,adj,antonym,scalar
leaving,returning,n,bothX,0.59,,,,,verb,antonym,reversive
left,right,y,both,0.95,paired,0.98,paired,n,adj/noun,antonym,complementary
leftist,conservative,n,both,0.51,,0.61,,n,noun,antonym,complementary
leftists,conservatives,n,both,0.72,,0.64,,n,noun,antonym,complementary
leg,arm,n,bothY,,,0.52,,,,co-hyponym,
legends,myths,n,bothY,,,0.52,,,,co-hyponym,
legs,arms,n,bothY,,,0.83,paired,n,noun,co-hyponym,
lend,borrow,y,bothY,,,0.71,,n,verb,antonym,converse
lender,borrower,y,both,0.87,paired,0.81,paired,,noun,antonym,complementary
lenders,borrowers,n,bothX,0.55,paired,,,,noun,antonym,complementary
lens,camera,n,bothY,,,0.71,,n,noun,nym-meronym,
lenses,cameras,n,bothY,,,0.67,,n,noun,nym-meronym,
leptin,insulin,n,both,0.85,,0.8,,n,noun,co-hyponym,
lesbian,gay,n,bothY,,,0.59,,,,co-hyponym,
lesbians,gays,n,bothY,,,0.81,,n,noun,antonym,complementary
less,more,y,both,0.86,paired,0.82,,n,adj,antonym,scalar
lesser,greater,y,both,0.67,,0.83,,n,adj,antonym,scalar
letters,numbers,n,bothX,0.55,,,,,,co-hyponym,
liabilities,assets,n,both,0.6,paired,0.94,,n,noun,antonym,complementary
libel,slander,n,bothX,0.61,,,,n,noun,antonym,complementary
liberal,conservative,y,both,0.91,paired,0.85,paired,n,noun,antonym,scalar
liberalism,conservatism,n,both,0.53,paired,0.77,paired,n,noun,antonym,scalar
liberals,conservatives,n,both,0.95,paired,0.92,paired,n,noun,antonym,scalar
liberties,rights,n,bothY,,,0.64,,n,noun,nym-near-synonym,
lich,human,n,bothY,,,0.54,,,partial token,x-none,
lie,truth,n,bothY,,,0.8,,n,noun,antonym,scalar
lieutenant,captain,n,bothY,,,0.61,,n,noun,co-hyponym,
life,death,n,bothX,0.91,,,,n,noun,antonym,complementary
lifting,running,n,bothY,,,0.6,,,,co-hyponym,
liked,disliked,y,bothX,0.83,,,,n,adj/verb,antonym,scalar
likes,comments,n,bothY,,,0.59,,,,co-hyponym,
lil,big,n,bothY,,,0.51,,n,adj,antonym-secondary,scalar
lime,lemon,n,bothY,,,0.51,,n,noun,co-hyponym,
linen,cotton,n,bothY,,,0.67,,n,noun,co-hyponym,
lipid,protein,n,bothX,0.67,,,,,,co-hyponym,
liquid,solid,n,both,0.87,,0.92,,n,noun,antonym,multiple incompatibility
listeners,readers,n,bothY,,,0.52,,n,noun,co-hyponym,
litres,gallons,n,bothY,,,0.6,,n,noun,co-hyponym,
little,big,y,both,0.75,,0.93,,n,adj,antonym,scalar
localized,global,n,bothY,,,0.53,,,adj,antonym-secondary,complementary
locally,nationally,n,bothY,,,0.56,paired,,adv,antonym,complementary
locals,tourists,n,bothY,,,0.52,paired,n,noun,antonym,complementary
locked,unlocked,n,both,0.83,,0.63,paired,n,adj,antonym,reversive
login,password,n,bothX,0.82,,,,,,co-hyponym,
long,short,y,both,0.95,paired,0.99,paired,n,adj,antonym,scalar
longer,shorter,n,both,0.74,paired,0.65,paired,n,adj,antonym,scalar
longest,shortest,n,both,0.58,paired,0.67,paired,n,adj,antonym,scalar
lose,win,y,both,0.67,,0.97,,n,verb,antonym,converse
loser,winner,y,both,0.58,paired,0.95,,n,noun,antonym,converse
losers,winners,n,both,0.84,paired,0.98,,n,noun,antonym,converse
loses,wins,n,bothY,,,0.96,,n,verb,antonym,converse
losing,winning,n,both,0.65,paired,0.96,,n,verb,antonym,converse
loss,win,n,bothY,,,0.8,,,noun,antonym,complementary
losses,wins,n,bothY,,,0.87,,,noun,antonym,complementary
lost,found,y,bothX,0.6,,,,n,adj,antonym,reversive
lost,won,y,bothY,,,0.82,,,verb,antonym,complementary
low,high,y,both,0.59,paired,0.96,paired,n,adj,antonym,scalar
lower,upper,n,both,0.56,paired,0.51,paired,,adj,antonym,scalar
lowered,raised,y,bothY,,,0.59,,n,adj/verb,antonym,converse
lowers,upper,n,bothY,,,0.55,,,adj,antonym-secondary,complementary
lowest,highest,n,both,0.67,paired,0.94,paired,n,adj,antonym,scalar
lows,highs,n,both,0.81,paired,0.94,paired,n,noun,antonym,scalar
luckily,unfortunately,n,bothX,0.52,,,,,adv,antonym-secondary,scalar
lunch,dinner,n,bothX,0.81,,,,n,noun,co-hyponym,
lunch,breakfast,n,bothY,,,0.93,,n,noun,co-hyponym,
lung,heart,n,bothY,,,0.66,,n,noun,co-hyponym,
lungs,heart,n,bothY,,,0.78,,n,noun,co-hyponym,
lust,love,n,bothY,,,0.55,,n,noun,nym-near-synonym,
ma,pa,n,bothX,0.7,,,,,noun,antonym,complementary
mac,windows,n,both,0.57,,0.59,,,,co-hyponym,
macOS,Windows,n,bothY,,,0.71,,n,noun,co-hyponym,
machine,man,n,bothY,,,0.61,,,,co-hyponym,
macro,micro,n,both,0.89,paired,0.86,paired,n,adj,antonym,complementary
magically,physically,n,bothY,,,0.62,,n,adv,co-hyponym,
mainland,islands,n,bothY,,,0.76,,,,co-hyponym,
maj,minor,n,bothX,0.62,,,,,adj,antonym-secondary,scalar
major,minor,y,both,0.88,paired,0.9,paired,n,adj,antonym,scalar
majority,minority,y,both,0.59,,0.55,paired,n,noun,antonym,scalar
majors,minors,n,bothY,,,0.69,,n,noun,antonym,complementary
makes,models,n,bothX,0.61,,,,,,co-hyponym,
makeup,hair,n,both,0.6,,0.81,,,,co-hyponym,
male,female,y,both,0.99,paired,0.98,paired,n,adj/noun,antonym,complementary
males,females,n,both,0.99,paired,0.99,paired,n,noun,antonym,complementary
mammals,birds,n,bothY,,,0.58,,n,noun,co-hyponym,
manager,player,n,bothY,,,0.77,,n,noun,co-hyponym,
managers,players,n,bothY,,,0.56,,,,co-hyponym,
mandatory,optional,n,bothX,0.65,,,,n,adj,antonym,complementary
manned,unmanned,y,bothX,0.69,paired,,,,adj,antonym,complementary
manslaughter,murder,n,bothY,,,0.56,,n,noun,co-hyponym,
manually,automatically,n,bothY,,,0.63,paired,,adv,antonym,scalar
manufactured,natural,n,bothY,,,0.66,,n,adj,antonym-secondary,complementary
marine,terrestrial,n,both,0.75,,0.77,,n,adj,co-hyponym,multiple incompatibility
maritime,terrestrial,n,bothY,,,0.52,,,,co-hyponym,
married,divorced,n,bothX,0.61,,,,,,co-hyponym,
married,single,n,bothY,,,0.66,,n,adj,antonym,complementary
marrying,dating,n,bothY,,,0.53,,n,verb,antonym-secondary,complementary
masculine,feminine,y,both,0.94,paired,0.93,paired,n,adj,antonym,complementary
matching,mixing,n,bothY,,,0.92,,,,contrast-conceptual,
matte,gloss,n,bothX,0.51,,,,,,co-hyponym,
max,min,n,both,0.91,paired,0.98,paired,n,adj,antonym,complementary
maximum,minimum,y,both,0.62,paired,0.8,paired,n,noun,antonym,complementary
meals,snacks,n,bothX,0.58,,,,n,noun,co-hyponym,
means,ends,n,bothY,,,0.6,,,,other-conventional,
medial,lateral,n,both,0.72,,0.78,,n,adj,co-hyponym,
median,mean,n,bothY,,,0.89,,,,co-hyponym,
medieval,modern,n,bothX,0.53,,,,,,co-hyponym-temporal,
medium,small,n,bothY,,,0.54,,,,contrast-scalar,
meet,greet,n,bothX,0.87,,,,n,verb,other-conventional,
melee,ranged,n,both,0.8,,0.82,,n,adj/noun,co-hyponym,
men,women,n,both,0.94,paired,0.96,paired,n,noun,antonym,complementary
mental,physical,y,both,0.64,,0.83,,n,adj,antonym,complementary
mentally,physically,n,both,0.64,,0.85,,n,adv,antonym,complementary
metres,yards,n,bothY,,,0.52,,,,co-hyponym,
micro,macro,n,both,0.99,paired,0.99,paired,n,adj,antonym,complementary
microphones,cameras,n,bothY,,,0.51,,,,co-hyponym,
midday,morning,n,bothY,,,0.54,,,,co-hyponym-temporal,
millionaires,billionaires,n,bothX,0.58,,,,,,co-hyponym-numeric,
min,max,n,both,0.74,paired,0.84,paired,n,adj,antonym,complementary
mind,body,n,both,0.69,paired,0.88,paired,n,noun,antonym,complementary
minds,bodies,n,bothY,,,0.56,paired,,,co-hyponym,
mine,yours,n,both,0.71,paired,0.71,paired,n,other/possessive,co-hyponym,
minimum,maximum,y,both,0.57,paired,0.73,paired,n,noun,antonym,complementary
minor,major,y,both,0.88,paired,0.98,paired,n,adj,antonym,scalar
minorities,whites,n,bothY,,,0.75,,n,noun,co-hyponym,
minority,majority,y,bothY,,,0.51,paired,n,noun,antonym,scalar
minus,plus,y,both,0.73,paired,0.99,paired,n,adj,antonym,scalar
minutes,hours,n,bothY,,,0.64,,n,noun,co-hyponym-temporal,
misdemeanor,felony,n,both,0.86,paired,0.98,paired,n,noun,co-hyponym,
misleading,FALSE,n,bothY,,,0.76,,,,co-hyponym,
miss,hit,y,bothY,,,0.95,,n,noun,antonym,complementary
misses,hits,n,bothY,,,0.92,,n,noun,antonym,complementary
missing,dead,n,bothY,,,0.55,,,,co-hyponym,
mitochondrial,nuclear,n,bothY,,,0.8,,n,adj,co-hyponym,
mobile,desktop,n,both,0.6,,0.89,paired,n,adj,co-hyponym,
mock,real,n,bothY,,,0.55,,,adj,antonym-secondary,scalar
moderates,conservatives,n,bothX,0.53,,,,,,co-hyponym,
modified,original,n,bothY,,,0.75,,n,adj,antonym-secondary,complementary
molten,solid,n,bothY,,,0.57,,n,adj,antonym-secondary,scalar
mom,dad,n,bothX,0.61,,,,,noun,antonym,complementary
moms,dads,n,both,0.75,,0.61,paired,n,noun,antonym,complementary
mono,stereo,n,both,0.85,paired,0.82,paired,,,co-hyponym,
month,year,n,bothX,0.58,,,,n,noun,co-hyponym-temporal,
monthly,weekly,n,bothY,,,0.68,,n,adv,co-hyponym-temporal,
months,years,n,bothX,0.75,,,,n,noun,co-hyponym-temporal,
moon,sun,n,bothY,,,0.7,,n,noun,co-hyponym,
moons,planets,n,both,0.52,,0.84,,n,noun,co-hyponym,
more,less,y,bothX,0.92,paired,,,n,adj,antonym,scalar
mornings,evenings,n,both,0.9,,0.78,paired,n,noun,antonym,multiple incompatibility
mortal,immortal,y,bothX,0.51,,,,,adj,antonym,complementary
mortals,gods,n,bothY,,,0.53,,,noun,antonym,complementary
most,least,y,bothX,0.52,paired,,,,adj,antonym,scalar
mothers,fathers,n,bothY,,,0.7,paired,n,noun,antonym,complementary
motorcycle,car,n,bothY,,,0.58,,n,noun,co-hyponym,
motorcycles,cars,n,bothY,,,0.74,,n,noun,co-hyponym,
motorists,pedestrians,n,bothX,0.51,,,,,,co-hyponym,
mouse,keyboard,n,both,0.94,paired,0.92,paired,,,co-hyponym,
movie,book,n,bothY,,,0.54,,n,noun,co-hyponym,
movies,books,n,bothY,,,0.66,,n,noun,co-hyponym,
much,little,y,bothX,0.51,,,,n,adj/adv/pronoun,antonym,scalar
multi,single,n,bothY,,,0.85,,n,adj,antonym,complementary
multiplication,division,n,bothX,0.87,,,,n,noun,antonym,complementary
multiplication,addition,n,bothY,,,0.64,,,,co-hyponym,
mum,dad,n,bothX,0.66,,,,,noun,antonym,complementary
muttered,spoken,n,both,0.56,,0.71,,n,adj/verb,nym-hyponym,
nail,hair,n,bothY,,,0.51,,,,co-hyponym,
nails,hair,n,bothY,,,0.6,,,,co-hyponym,
naked,clothed,n,both,0.61,,0.86,paired,n,adj,antonym,complementary
narrated,written,n,bothY,,,0.55,,n,adj/verb,co-hyponym,
national,local,y,bothY,,,0.54,,n,adj,antonym,complementary
nationally,internationally,n,bothX,0.57,,,,,adv,antonym,complementary
nationally,locally,n,bothY,,,0.93,paired,n,adv,antonym,complementary
nationwide,locally,n,bothY,,,0.65,,,adv,antonym-secondary,complementary
naturally,artificially,y,bothX,0.56,paired,,,,adv,antonym,scalar
navy,army,n,bothY,,,0.6,,,,co-hyponym,
near,far,y,both,0.94,paired,0.92,paired,n,adj,antonym,scalar
needing,wanting,n,bothY,,,0.59,,,,co-hyponym,
needs,wants,n,bothY,,,0.63,paired,n,noun,co-hyponym,
negative,positive,y,both,0.88,paired,0.99,paired,n,adj,antonym,scalar
negatively,positively,n,both,0.97,paired,1,paired,n,adv,antonym,scalar
negatives,positives,n,both,0.76,paired,0.95,paired,n,noun,antonym,scalar
negro,white,n,bothY,,,0.6,,n,adj,antonym-secondary,complementary
neighbors,friends,n,bothY,,,0.5,,,,co-hyponym,
neighbours,friends,n,bothY,,,0.51,,n,noun,co-hyponym,
neither,,n,bothY,,,0.6,,,,x-odd,
nephew,niece,y,bothY,,,0.77,paired,,noun,antonym,complementary
nerve,muscle,n,bothY,,,0.73,,n,noun,co-hyponym,
net,gross,y,bothY,,,0.8,paired,n,adj,antonym,complementary
neutron,electron,n,bothY,,,0.56,,,,co-hyponym,
never,now,n,bothY,,,0.54,,n,adv,co-hyponym-temporal,complementary
new,old,y,both,0.8,paired,0.98,,n,adj,antonym,scalar
newer,older,n,both,0.66,,0.51,,n,adj,antonym,scalar
newest,oldest,n,bothY,,,0.59,,n,adj,antonym,scalar
newspapers,magazines,n,bothX,0.51,,,,,,co-hyponym,
nicotine,caffeine,n,bothY,,,0.54,,,,co-hyponym,
niece,nephew,y,both,0.85,,0.54,paired,,noun,antonym,complementary
night,day,y,both,0.72,paired,0.96,paired,n,noun,antonym,complementary
nightly,daily,n,bothY,,,0.53,,,,co-hyponym-temporal,
nightmare,reality,n,bothX,0.65,,,,n,noun,contrast-conceptual,complementary
nightmares,dreams,n,bothY,,,0.51,,,noun,antonym,scalar
nights,days,n,bothY,,,0.94,,n,noun,antonym,complementary
nighttime,daytime,n,both,0.64,paired,0.66,paired,n,noun,antonym,complementary
nine,ten,n,bothX,0.59,,,,,,co-hyponym-numeric,
nine,eight,n,bothY,,,0.81,,n,noun,co-hyponym-numeric,
nineteen,eighteen,n,bothY,,,0.92,,n,noun,co-hyponym-numeric,
nineteenth,twentieth,n,bothX,0.9,,,,n,noun/adj,co-hyponym-numeric,
nineteenth,eighteenth,n,bothY,,,0.9,,n,noun/adj,co-hyponym-numeric,
ninth,eighth,n,bothY,,,0.66,,n,noun/adj,co-hyponym-numeric,
nitrogen,phosphorus,n,bothX,0.66,,,,,,co-hyponym,
no,yes,y,both,0.87,paired,0.97,paired,n,noun/adv,antonym,complementary
nominees,candidates,n,bothY,,,0.68,,n,noun,co-hyponym,
norm,exception,n,bothY,,,0.5,,n,noun,antonym,complementary
north,south,y,both,0.91,,0.9,paired,n,adj,antonym,multiple incompatibility
northern,southern,y,both,0.58,,0.71,paired,n,adj,antonym,multiple incompatibility
nos,yes,n,bothY,,,0.76,,n,noun/adv,antonym,complementary
nothing,everything,n,both,0.81,,0.7,,,noun/pronoun,antonym,complementary
noun,adjective,n,both,0.57,paired,0.69,paired,n,noun,co-hyponym,
now,then,n,bothY,,,0.95,,n,adv/noun,co-hyponym-temporal,
nowhere,everywhere,n,both,0.64,,0.63,,,noun/pronoun,antonym,complementary
nuclear,conventional,y,both,0.66,,0.9,,n,adj,antonym,complementary
nude,clothed,n,both,0.81,,0.84,,n,adj,antonym,complementary
nurse,doctor,n,bothY,,,0.52,,,,co-hyponym,
nurses,doctors,n,bothY,,,0.62,,,,co-hyponym,
nurture,nature,n,both,0.88,,0.99,,n,noun,contrast-conceptual,complementary
nuts,fruits,n,bothY,,,0.54,,,,co-hyponym,
oak,maple,n,bothY,,,0.53,,,,co-hyponym,
obese,overweight,n,bothX,0.64,paired,,,n,adj,co-hyponym,
objective,subjective,y,both,0.9,paired,0.87,paired,n,adj,antonym,scalar
observational,experimental,n,bothY,,,0.5,,,,co-hyponym,
observer,participant,n,both,0.58,,0.66,,n,noun,antonym,complementary
occupants,vehicles,n,bothY,,,0.56,,,,other-related,
ocean,land,n,bothY,,,0.75,,n,noun,antonym-secondary,complementary
of,of,n,both,0.61,paired,0.67,paired,y,other/preposition,x-identical,
off,on,y,both,0.86,paired,0.81,paired,n,adj/adv,antonym,complementary
offence,defence,y,both,0.81,,0.63,,n,noun,antonym,complementary
offender,victim,n,both,0.83,,0.9,,n,noun,antonym,complementary
offenders,victims,n,both,0.63,,0.8,,n,noun,antonym,complementary
offense,defense,y,both,0.99,paired,0.99,paired,n,noun,antonym,complementary
offenses,defenses,n,both,0.8,paired,0.83,paired,,noun,antonym,complementary
offensive,defensive,y,both,0.95,paired,0.97,paired,,adj,antonym,complementary
offensively,defensively,y,both,0.97,paired,0.99,paired,n,adv,antonym,complementary
official,unofficial,y,both,0.93,,0.81,paired,n,adj,antonym,complementary
officially,privately,n,both,0.6,,0.52,,,,opposition-indirect,
offline,online,n,both,0.71,paired,0.85,,n,adj,antonym,complementary
offseason,season,n,bothY,,,0.52,,,noun,antonym,complementary
offshore,on,n,bothY,,,0.75,,n,adj,antonym,complementary
ogre,human,n,bothY,,,0.66,,,,co-hyponym,
oil,gas,n,bothX,0.79,,,,n,noun,co-hyponym,
oils,fats,n,both,0.53,,0.53,,,,co-hyponym,
old,new,y,bothX,0.83,paired,,,,adj,antonym,scalar
old,young,y,bothY,,,0.66,paired,n,adj,antonym,scalar
older,younger,n,both,0.76,paired,0.61,paired,n,adj,antonym,scalar
oldest,youngest,n,both,0.82,paired,0.87,paired,n,adj,antonym,scalar
omega,alpha,n,bothY,,,0.75,,n,noun,antonym,complementary
on,off,y,both,0.72,paired,0.81,paired,n,adj/adv,antonym,complementary
onboard,off,n,bothX,0.69,,,,,adj,antonym,complementary
once,twice,n,bothY,,,0.68,paired,n,adv,co-hyponym-numeric,
oneself,others,n,both,0.81,,0.56,,,,co-hyponym,
onion,garlic,n,both,0.57,,0.56,,,,co-hyponym,
onions,garlic,n,bothX,0.54,,,,,,co-hyponym,
online,offline,n,bothX,0.86,paired,,,n,adj,antonym,complementary
onstage,off,n,bothX,0.85,,,,n,adj,antonym,complementary
open,closed,y,bothX,0.68,,,,n,adj,antonym,scalar
opened,closed,n,bothX,0.85,,,,n,adj/verb,antonym,scalar
opening,closing,y,bothX,0.86,,,,n,verb,antonym,scalar
opens,closes,n,bothX,0.58,,,,n,verb,antonym,scalar
operated,owned,n,bothY,,,0.93,,n,adj/verb,co-hyponym,
operates,owns,n,bothY,,,0.69,,,,co-hyponym,
opinions,facts,n,bothY,,,0.64,,n,noun,antonym,scalar
opposition,government,n,bothY,,,0.61,,,noun,antonym-secondary,complementary
orc,human,n,both,0.67,,0.81,,n,noun,co-hyponym,
orcs,humans,n,both,0.56,,0.76,,n,noun,co-hyponym,
organic,conventional,n,both,0.55,,0.68,,n,adj,antonym,complementary
organisations,individuals,n,both,0.57,,0.83,,n,noun,contrast-group-individual ,
organizations,individuals,n,both,0.54,,0.78,,n,noun,contrast-group-individual ,
ours,yours,n,bothX,0.74,,,,,other/possessive,antonym,complementary
ourselves,others,n,bothX,0.59,,,,n,noun/pronoun,antonym,complementary
out,inside,n,bothY,,,0.82,,,other/preposition,antonym-secondary,complementary
outdoor,indoor,y,both,0.72,paired,0.94,paired,n,adj,antonym,complementary
outdoors,indoors,y,both,0.75,paired,0.92,paired,n,noun/adv,antonym,complementary
outer,inner,y,both,0.79,paired,0.95,paired,n,adj,antonym,scalar
outfield,infield,y,both,0.64,paired,0.97,paired,n,adj/noun,antonym,complementary
outfielder,pitcher,n,bothY,,,0.53,,n,noun,co-hyponym,
output,input,n,both,0.7,paired,0.98,paired,n,adj/noun,antonym,complementary
outputs,inputs,n,both,0.72,paired,0.98,paired,n,noun,antonym,complementary
outside,inside,y,both,0.73,paired,0.95,paired,n,adj/noun,antonym,complementary
outsider,insider,n,both,0.67,,0.79,,n,noun,antonym,complementary
outsiders,insiders,n,both,0.86,,0.9,,n,noun,antonym,complementary
outward,inward,y,both,0.8,paired,0.91,paired,n,adj,antonym,scalar
oven,microwave,n,bothX,0.6,,,,n,noun,co-hyponym,
over,under,n,bothX,0.61,paired,,,n,adv,antonym,scalar
overt,covert,y,bothX,0.56,,,,,adj,antonym,scalar
overtime,regulation,n,bothY,,,0.6,,,,co-hyponym,
overweight,obese,n,bothX,0.72,paired,,,n,adj,co-hyponym,
owning,renting,n,bothY,,,0.65,paired,n,verb,co-hyponym,
packs,singles,n,bothY,,,0.51,,n,noun,contrast-group-individual ,complementary
paid,unpaid,y,bothX,0.59,,,,,adj,antonym,complementary
pair,single,n,bothY,,,0.71,,n,noun,antonym,complementary
pairs,singles,n,bothY,,,0.77,,n,noun,antonym,complementary
pans,pots,n,bothY,,,0.95,,n,noun,co-hyponym,
panties,bras,n,bothY,,,0.59,,,,co-hyponym,
papers,books,n,bothY,,,0.62,,n,noun,co-hyponym,
paragraphs,sentences,n,bothY,,,0.53,,n,noun,nym-meronym,
parasite,host,y,both,0.68,,0.8,,,noun,antonym,converse
parent,child,y,both,0.83,,0.78,paired,n,noun,antonym,converse
part,whole,n,bothY,,,0.83,,n,noun,nym-meronym,
partial,full,n,bothY,,,0.55,paired,,,nym-meronym,
particular,general,y,bothY,,,0.76,,n,adj,antonym,scalar
pass,run,n,both,0.82,,0.95,,,,co-hyponym,
passenger,driver,n,bothY,,,0.75,paired,n,noun,antonym,converse
passer,receiver,n,bothX,0.63,,,,n,noun,antonym,complementary
passers,receivers,n,bothX,0.56,,,,,noun,antonym,converse
passing,running,y,bothY,,,0.73,,,,co-hyponym,
passive,active,y,both,0.63,paired,0.8,paired,n,adj,antonym,scalar
passively,actively,y,both,0.59,,0.76,paired,n,adv,antonym,scalar
password,username,n,bothY,,,0.9,,n,noun,co-hyponym,
past,present,n,both,0.72,,0.79,paired,n,noun,co-hyponym-temporal,
paste,copy,n,bothY,,,0.68,,,,co-hyponym,
paternal,maternal,y,both,0.72,,0.91,,n,adj,antonym,complementary
payable,due,n,bothY,,,0.89,,n,noun,nym-near-synonym,
payoff,risk,n,bothY,,,0.54,,,noun,antonym-secondary,scalar
peace,war,y,both,0.8,paired,0.9,paired,n,noun,antonym,complementary
peak,trough,n,bothX,0.58,paired,,,n,noun,antonym,scalar
peaks,valleys,n,both,0.93,,0.92,paired,n,noun,antonym,complementary
pediatric,adult,n,both,0.54,,0.74,,n,adj,antonym-secondary,complementary
pen,ink,n,bothX,0.55,,,,,,co-hyponym,
pencil,ink,n,bothX,0.83,,,,,,co-hyponym,
pepper,salt,n,both,0.61,,0.98,,n,noun,co-hyponym,
perceived,real,n,bothY,,,0.63,,n,adj,antonym,complementary
perennial,annual,n,bothY,,,0.88,,n,adj,co-hyponym-temporal,
perimeter,interior,n,both,0.73,,0.87,,n,noun,antonym-secondary,complementary
permanent,temporary,n,both,0.66,paired,0.88,paired,n,adj,antonym,scalar
permanently,temporarily,y,bothY,,,0.88,paired,n,adv,antonym,scalar
perpendicular,parallel,n,bothY,,,0.62,,n,adj,antonym,complementary
perpetrator,victim,n,both,0.86,,0.91,,n,noun,antonym,complementary
perpetrators,victims,n,both,0.85,,0.88,,n,noun,antonym,complementary
perpetually,temporarily,n,bothY,,,0.5,,n,adv,antonym-secondary,complementary
personally,professionally,n,bothY,,,0.64,paired,n,adv,antonym,complementary
pessimistic,optimistic,y,both,0.57,,0.74,,n,adj,antonym,scalar
pest,predator,n,bothY,,,0.59,,n,noun,other-related,
pet,human,n,bothY,,,0.62,,n,noun,co-hyponym,
petrol,diesel,n,both,0.95,,0.93,,n,noun,co-hyponym,
phantom,real,n,bothY,,,0.75,,n,adj,antonym-secondary,scalar
phones,tablets,n,bothX,0.7,,,,,,co-hyponym,
phony,real,n,bothY,,,0.56,,n,adj,antonym-secondary,scalar
phosphorus,nitrogen,n,bothY,,,0.55,,n,noun,co-hyponym,
photo,text,n,bothY,,,0.56,,,,co-hyponym,
phrases,words,n,bothY,,,0.68,,n,noun,nym-meronym,
pickup,sedan,n,bothY,,,0.57,,,,co-hyponym,
pickups,cars,n,bothY,,,0.76,,n,noun,co-hyponym,
picture,text,n,bothY,,,0.66,,,,co-hyponym,
pictures,text,n,bothY,,,0.59,,,,co-hyponym,
pies,cakes,n,bothY,,,0.61,,,,co-hyponym,
pine,oak,n,bothY,,,0.58,,n,noun,co-hyponym,
pistols,rifles,n,both,0.53,,0.75,,n,noun,co-hyponym,
pitchers,hitters,n,bothY,,,0.62,paired,n,noun,antonym,complementary
place,time,n,bothY,,,0.66,,,,co-hyponym,
places,people,n,bothY,,,0.54,,n,noun,co-hyponym,
plaintiff,defendant,y,both,0.92,,0.75,,n,noun,antonym,complementary
plaintiffs,defendants,n,both,0.9,,0.79,,n,noun,antonym,complementary
planets,stars,n,bothY,,,0.57,paired,,,co-hyponym,
plant,animal,n,both,0.88,,0.93,,n,noun,co-hyponym,
planting,harvesting,n,bothX,0.51,,,,,verb,antonym,complementary
plants,animals,n,both,0.83,,0.84,,n,noun,co-hyponym,
plasma,blood,n,bothY,,,0.65,,n,noun,co-hyponym,
plastics,metals,n,bothY,,,0.63,,,,co-hyponym,
plates,cups,n,bothY,,,0.57,paired,n,noun,co-hyponym,
playoff,regular,n,bothY,,,0.73,,,,co-hyponym,
playoffs,season,n,bothY,,,0.6,,,,co-hyponym,
pleasure,pain,y,both,0.76,,0.73,,n,adj,antonym,scalar
plumbing,electrical,n,bothY,,,0.54,,,,co-hyponym,
plural,singular,y,both,0.9,,0.99,paired,n,adj,antonym,complementary
plus,minus,y,both,0.96,paired,0.71,paired,n,adj,antonym,scalar
plutonium,uranium,n,both,0.69,paired,0.82,paired,n,noun,co-hyponym,
pomp,circumstance,n,bothX,0.71,,,,n,noun,other-conventional,
ponds,lakes,n,bothY,,,0.53,,n,noun,co-hyponym,
poor,rich,y,both,0.52,paired,0.97,paired,n,adj,antonym,scalar
poorer,richer,n,bothY,,,0.93,paired,n,adj,antonym,scalar
poorest,richest,n,both,0.55,paired,0.86,paired,n,adj,antonym,scalar
pork,beef,n,bothY,,,0.72,paired,n,noun,co-hyponym,
ported,original,n,bothY,,,0.51,,,,co-hyponym,
positive,negative,y,both,0.93,paired,0.93,paired,n,adj,antonym,scalar
positively,negatively,n,both,0.97,paired,0.93,paired,n,adv,antonym,scalar
positives,negatives,n,both,0.95,paired,0.95,paired,n,noun,antonym,scalar
posted,archived,n,bothX,0.71,,,,,,co-hyponym,
posterior,anterior,y,both,0.71,paired,0.93,paired,n,adj,antonym,complementary
postseason,regular,n,bothY,,,0.85,,n,adj,co-hyponym,
potassium,sodium,n,both,0.6,paired,0.69,paired,n,noun,co-hyponym,
pots,pans,n,bothX,0.51,,,,,,co-hyponym,
powdered,liquid,n,bothY,,,0.62,,n,noun,co-hyponym,
practices,games,n,both,0.9,,0.86,,,,co-hyponym,
practise,theory,n,bothY,,,0.7,,,noun,antonym,complementary
pre,post,n,both,0.98,,0.89,,n,other/prefix,co-hyponym-temporal,complementary
precept,practice,n,bothX,0.53,,,,,,co-hyponym,
precipitation,temperature,n,both,0.6,,0.53,,,,co-hyponym,
predator,prey,n,both,0.99,paired,0.97,paired,n,noun,antonym,converse
predators,prey,n,both,0.98,,0.95,,n,noun,antonym,converse
predecessor,successor,n,bothX,0.78,,,,n,noun,antonym,complementary
predecessors,successors,n,bothX,0.54,,,,,noun,antonym,complementary
prefix,suffix,y,bothX,0.51,,,,n,noun,antonym,complementary
prehistoric,modern,n,bothY,,,0.66,,n,adj,antonym,complementary
present,future,n,bothX,0.65,,,,,,co-hyponym-temporal,
present,past,n,bothY,,,0.94,paired,n,noun,co-hyponym-temporal,
presently,historically,n,bothY,,,0.8,,,,co-hyponym-temporal,
pretend,real,n,both,0.74,,0.89,,n,adj,antonym,scalar
pretended,real,n,both,0.6,,0.76,,n,adj,antonym-secondary,scalar
pretending,real,n,bothY,,,0.6,,n,adj/verb,antonym-secondary,scalar
previous,current,n,bothY,,,0.67,,,,co-hyponym,
prey,predator,n,both,0.76,paired,0.77,paired,n,noun,antonym,converse
primaries,caucuses,n,both,0.86,paired,0.68,paired,n,noun,co-hyponym,
primary,secondary,y,bothX,0.76,,,,,,co-hyponym,
primates,humans,n,bothX,0.5,,,,,,co-hyponym,
princess,prince,n,bothY,,,0.58,,n,noun,antonym,complementary
print,online,n,bothX,0.51,,,,,,co-hyponym,
privat,public,n,bothY,,,0.52,,n,partial token,x-none,
private,public,y,both,0.91,paired,0.97,paired,n,noun,antonym,complementary
privately,publicly,y,both,0.8,paired,0.95,paired,n,adv,antonym,complementary
pro,amateur,n,both,0.79,,0.63,,,adj/noun,antonym,scalar
proactive,reactive,n,both,0.69,,0.52,paired,n,adj,antonym,scalar
problem,solution,n,both,0.92,,0.59,paired,n,noun,antonym,complementary
problems,solutions,n,bothX,0.82,,,,,noun,antonym,complementary
processed,raw,n,both,0.55,,0.76,,n,adj,antonym,scalar
processor,memory,n,bothX,0.75,,,,,,co-hyponym,
processors,memory,n,bothX,0.67,,,,,,co-hyponym,
producer,consumer,n,both,0.67,,0.65,,n,noun,antonym,complementary
producers,consumers,n,both,0.68,,0.66,,n,noun,antonym,complementary
products,services,n,bothX,0.79,,,,n,noun,antonym,complementary
professional,personal,n,both,0.91,,0.96,,n,adj,antonym,complementary
professionally,personally,n,both,0.68,,0.94,paired,n,adv,antonym,complementary
professors,students,n,both,0.75,,0.79,,n,noun,antonym,complementary
profit,loss,n,bothX,0.65,,,,,noun,antonym,scalar
progressive,conservative,n,bothX,0.63,,,,n,adj,antonym,scalar
progressives,conservatives,n,both,0.8,,0.79,,n,noun,antonym,scalar
prone,standing,n,both,0.56,,0.71,,,,co-hyponym,
proponent,opponent,n,bothX,0.61,,,,n,noun,antonym,complementary
pros,cons,n,bothX,0.79,paired,,,n,noun,antonym,complementary
prose,poetry,n,both,0.72,,0.84,,n,noun,antonym,complementary
prosecuting,investigating,n,bothY,,,0.61,,,,co-hyponym,
prosecution,defense,y,bothX,0.72,,,,,noun,antonym,complementary
prosecutors,judges,n,bothX,0.57,,,,n,noun,co-hyponym,
protagonist,antagonist,n,bothX,0.69,,,,n,noun,antonym,complementary
protagonists,antagonists,n,bothX,0.63,,,,n,noun,antonym,complementary
proteins,fats,n,bothY,,,0.53,,n,noun,co-hyponym,
provinces,states,n,bothY,,,0.76,,n,noun,nym-meronym,
public,private,y,both,0.97,paired,0.93,paired,n,noun,antonym,complementary
publicly,privately,y,both,0.93,paired,0.88,paired,n,adv,antonym,complementary
published,unpublished,y,bothX,0.64,,,,,adj,antonym,complementary
pull,push,y,bothY,,,0.84,paired,n,adj/verb,antonym,complementary
pulling,pushing,n,bothY,,,0.85,,n,verb,antonym,complementary
punish,reward,n,bothY,,,0.51,,,verb,antonym,converse
pupil,teacher,n,bothY,,,0.68,,n,noun,antonym,converse
pupils,teachers,n,bothY,,,0.51,,,noun,antonym,converse
purchaser,seller,n,both,0.83,,0.73,,n,noun,antonym,converse
purported,real,n,bothY,,,0.59,,n,adj,antonym-secondary,complementary
purposefully,accidentally,n,bothY,,,0.55,,n,adv,antonym,complementary
pus,blood,n,bothY,,,0.66,,,,co-hyponym,
push,pull,y,both,0.92,,0.84,paired,n,verb,antonym,reversive
pushed,pulled,n,both,0.6,,0.51,,,verb,antonym,reversive
pushes,pulls,n,bothX,0.88,,,,,verb,antonym,reversive
pushing,pulling,n,bothX,0.83,,,,,verb,antonym,scalar
puts,calls,n,bothY,,,0.96,,n,noun,antonym-secondary,complementary
putting,driving,n,bothY,,,0.56,,,,co-hyponym,
qualifier,final,n,bothX,0.72,,,,,,co-hyponym,
qualitative,quantitative,y,both,0.93,paired,0.95,paired,n,adj,antonym,complementary
quantitative,qualitative,y,both,0.92,paired,0.88,paired,n,adj,antonym,complementary
quantity,quality,n,both,0.89,,0.94,,n,noun,contrast-conceptual,
quarterbacks,receivers,n,bothX,0.56,,,,,,co-hyponym,
quarterly,monthly,n,bothY,,,0.84,,n,adv,co-hyponym-temporal,
queen,king,y,bothY,,,0.85,,n,noun,antonym,complementary
queens,kings,n,both,0.72,,0.97,,n,noun,antonym,complementary
question,answer,y,bothX,0.8,,,,n,noun,antonym,complementary
questions,answers,n,bothX,0.86,,,,n,noun,antonym,complementary
quiet,loud,n,bothY,,,0.5,,n,adj,antonym,scalar
rail,road,n,bothY,,,0.54,,,,co-hyponym,
rainfall,temperature,n,both,0.52,,0.5,,,,co-hyponym,
rapper,actor,n,bothY,,,0.5,,,,co-hyponym,
rare,common,n,bothY,,,0.84,,n,adj,antonym,scalar
reactive,proactive,n,bothY,,,0.59,paired,n,adj,antonym,scalar
reading,writing,n,bothX,0.65,,,,,,co-hyponym,
realism,fantasy,n,bothY,,,0.54,,n,noun,antonym,scalar
rear,front,y,both,0.58,paired,0.97,paired,n,noun,antonym,complementary
rebirth,death,n,bothY,,,0.87,,n,noun,antonym-secondary,complementary
rebounds,points,n,bothY,,,0.78,,,,co-hyponym,
receive,give,n,bothY,,,0.85,,n,verb,antonym,reversive
received,sent,n,bothY,,,0.81,paired,n,verb,antonym,reversive
receivers,quarterbacks,n,bothY,,,0.69,,n,noun,co-hyponym,
receives,gives,n,bothY,,,0.56,,n,verb,antonym,reversive
receiving,giving,n,bothY,,,0.62,,,verb,antonym,reversive
recipient,sender,n,bothY,,,0.69,,,noun,antonym,reversive
recipients,donors,n,bothY,,,0.64,,n,noun,antonym,converse
recovered,lost,n,bothY,,,0.56,,n,adj/verb,antonym,reversive
recruitment,retention,n,bothX,0.56,,,,,,other-related,
recycle,reuse,n,bothX,0.55,,,,,,co-hyponym,
reddit,Twitter,n,bothY,,,0.51,,n,noun,co-hyponym,
refrigerator,freezer,n,bothX,0.78,,,,n,noun,co-hyponym,
regained,lost,n,bothY,,,0.92,,n,adj/verb,antonym,reversive
regulated,unregulated,y,bothX,0.54,,,,,adj,antonym,complementary
relative,absolute,y,both,0.79,paired,0.86,paired,,adj,antonym,complementary
relatives,friends,n,bothY,,,0.65,,n,noun,co-hyponym,
relay,individual,n,bothY,,,0.67,,,,contrast-group-individual ,
relegated,promoted,n,bothY,,,0.92,,n,adj/verb,antonym,scalar
relegation,promotion,n,both,0.78,,0.97,,n,noun,antonym,scalar
reliever,starter,n,both,0.86,,0.97,,n,noun,antonym-secondary,complementary
remake,original,n,bothY,,,0.9,,n,noun,antonym,complementary
remix,original,n,bothY,,,0.63,,n,noun,antonym-secondary,complementary
remote,local,n,bothY,,,0.77,,,adj,antonym,scalar
remotely,locally,n,bothY,,,0.85,,n,adv,antonym,scalar
remove,add,n,bothY,,,0.67,,,verb,antonym,reversive
removing,adding,n,bothY,,,0.56,,,verb,antonym,reversive
renovated,new,n,bothY,,,0.63,,n,adj/verb,antonym-secondary,complementary
rented,owned,n,bothY,,,0.73,,n,adj/verb,antonym,complementary
renting,owning,n,bothY,,,0.59,paired,n,adj/verb,antonym,complementary
reopened,closed,n,both,0.6,,0.57,,n,adj,antonym-secondary,complementary
repeal,replace,n,bothX,0.59,,,,,,other-related,
reporters,editors,n,bothX,0.5,,,,,,co-hyponym,
representatives,senators,n,bothX,0.56,,,,,,co-hyponym,
reprinted,original,n,bothY,,,0.6,,n,adj/verb,antonym-secondary,complementary
republican,democrat,n,bothX,0.51,paired,,,,,co-hyponym,
rescue,search,n,bothY,,,0.83,,,,other-conventional,
residential,commercial,n,both,0.78,,0.91,,n,adj,antonym,complementary
residents,visitors,n,bothX,0.6,,,,n,noun,antonym,complementary
resurrection,death,n,bothY,,,0.83,,n,noun,antonym-secondary,complementary
retention,recruitment,n,bothY,,,0.75,,,,other-related,
retired,active,n,bothY,,,0.88,,n,adj/verb,antonym-secondary,scalar
retirees,students,n,bothY,,,0.5,,n,noun,antonym,complementary
retrieval,storage,n,bothY,,,0.54,,n,noun,antonym-secondary,reversive
reverse,forward,y,bothY,,,0.56,,,verb/noun,antonym,reversive
reviewers,readers,n,bothY,,,0.57,,,,co-hyponym,
revised,original,n,bothY,,,0.67,,n,adj,antonym-secondary,complementary
reward,risk,n,bothY,,,0.61,,,,other-conventional,
rich,poor,y,both,0.96,paired,0.97,paired,n,adj,antonym,scalar
richer,poorer,n,both,0.65,,0.76,paired,n,adj,antonym,scalar
richest,poorest,n,both,0.6,paired,0.5,paired,n,adj,antonym,scalar
rifles,handguns,n,bothY,,,0.55,paired,,,co-hyponym,
right,left,y,both,0.89,paired,0.99,paired,n,adj/noun,antonym,complementary
rightly,wrongly,n,both,0.93,,0.54,paired,n,adv,antonym,complementary
rigid,flexible,n,both,0.53,,0.52,,n,adj,antonym,scalar
rise,fall,y,bothX,0.75,,,,n,verb,antonym,reversive
rises,falls,n,bothX,0.78,,,,n,verb,antonym,reversive
rising,falling,y,bothX,0.59,paired,,,n,verb,antonym,reversive
roaming,local,n,bothY,,,0.75,,n,adj/verb,antonym-secondary,complementary
robot,human,n,bothY,,,0.62,,n,noun,co-hyponym,
rock,roll,n,bothX,0.72,,,,,,other-conventional,
rodent,human,n,bothX,0.5,,,,n,noun,co-hyponym,
rookie,veteran,n,bothY,,,0.62,,n,noun,antonym,scalar
rookies,veterans,n,both,0.79,,0.75,,n,noun,antonym,scalar
row,column,n,both,0.85,,0.93,paired,n,noun,antonym,complementary
rows,columns,n,both,0.94,paired,0.93,paired,n,noun,antonym,complementary
runoff,primary,n,bothY,,,0.56,,,,co-hyponym,
rural,urban,y,both,0.89,paired,0.92,paired,n,adj,antonym,scalar
rushing,passing,n,both,0.52,,0.79,,,,co-hyponym,
rye,barley,n,bothX,0.82,,,,n,noun,co-hyponym,
sad,happy,n,bothY,,,0.54,,n,adj,antonym,scalar
saliva,blood,n,bothY,,,0.52,,n,noun,co-hyponym,
salmon,trout,n,bothY,,,0.55,paired,n,noun,co-hyponym,
salty,sweet,n,both,0.55,,0.78,,n,adj,co-hyponym,
same,different,y,both,0.79,,0.65,,n,adj,antonym,scalar
save,load,n,bothY,,,0.54,,,,co-hyponym,
saves,goals,n,bothY,,,0.76,,,,co-hyponym,
sciences,arts,n,bothY,,,0.85,,n,noun,co-hyponym,
scissors,knives,n,bothY,,,0.7,,,,co-hyponym,
scrolls,books,n,bothY,,,0.61,,,,co-hyponym,
sculptures,paintings,n,bothY,,,0.57,,n,noun,co-hyponym,
sea,land,n,both,0.68,paired,0.97,,n,noun,antonym,complementary
seafood,meat,n,bothY,,,0.67,,n,noun,co-hyponym,
sealed,open,n,bothY,,,0.54,,n,adj/verb,antonym-secondary,complementary
seated,standing,y,both,0.97,,0.99,,n,adj/verb,antonym,multiple incompatibility
second,third,n,bothX,0.84,,,,n,adj/noun,co-hyponym-numeric,
second,first,y,bothY,,,0.95,,n,adj/noun,co-hyponym-numeric,
secondly,first,n,bothY,,,0.58,,n,adj/adv,co-hyponym-numeric,
seconds,minutes,n,both,0.63,,0.76,,n,noun,co-hyponym-temporal,
secret,open,n,bothY,,,0.59,,n,adj/noun,antonym,scalar
secretly,openly,n,bothY,,,0.54,,,adv,antonym-secondary,scalar
seen,unseen,n,bothX,0.52,,,,,adj,antonym,scalar
sell,buy,y,both,0.55,paired,0.85,,n,verb,antonym,converse
seller,buyer,n,both,0.96,paired,0.97,paired,n,noun,antonym,converse
sellers,buyers,n,both,0.96,paired,0.99,paired,n,noun,antonym,converse
selling,buying,n,both,0.57,paired,0.96,paired,n,verb,antonym,converse
sells,buys,n,bothY,,,0.96,paired,n,verb,antonym,converse
semi,finals,n,bothX,0.6,,,,,,co-hyponym,
semifinals,finals,n,bothX,0.86,,,,n,noun,co-hyponym,
semifinals,quarters,n,bothY,,,0.88,,n,noun,co-hyponym,
senate,house,n,bothY,,,0.91,,n,noun,co-hyponym,
send,receive,n,bothX,0.61,,,,,verb,antonym,reversive
sender,receiver,n,both,0.91,,0.63,,n,noun,antonym,converse
sending,receiving,n,both,0.97,,0.74,,n,verb,antonym,converse
sends,receives,n,bothX,0.9,,,,n,verb,antonym,converse
senior,junior,y,bothY,,,0.7,,n,noun/adj,antonym,complementary
sent,received,n,both,0.96,,0.57,paired,n,adj/verb,antonym,converse
sentenced,convicted,n,bothY,,,0.87,,n,adj/verb,co-hyponym,
separately,together,n,bothY,,,0.58,,n,adv,antonym,complementary
sequel,original,n,bothY,,,0.57,,,,co-hyponym,
serotonin,dopamine,n,bothY,,,0.68,paired,n,noun,co-hyponym,
servant,master,n,both,0.82,,0.73,,n,noun,antonym,converse
server,client,n,both,0.93,,0.97,,n,noun,antonym,converse
sets,games,n,bothY,,,0.7,,,,co-hyponym,
seven,six,n,bothY,,,0.83,,n,noun,co-hyponym-numeric,
seventeen,eighteen,n,bothX,0.62,,,,,,co-hyponym-numeric,
seventeen,sixteen,n,bothY,,,0.8,,,,co-hyponym-numeric,
seventh,eighth,n,bothX,0.63,,,,,,co-hyponym-numeric,
seventh,sixth,n,bothY,,,0.68,,n,noun/adj,co-hyponym-numeric,
seventy,sixty,n,bothY,,,0.63,,,,co-hyponym-numeric,
severely,moderately,n,bothY,,,0.83,,n,adv,contrast-scalar,
sewer,water,n,bothY,,,0.61,,,,other-related,
sexism,racism,n,bothY,,,0.58,,n,noun,co-hyponym,
sexist,racist,n,bothY,,,0.58,,n,adj,co-hyponym,
shade,light,n,bothY,,,0.73,,,noun,antonym-secondary,scalar
shadow,light,n,both,0.58,,0.85,,n,noun,antonym,scalar
shadows,light,n,bothY,,,0.58,,,noun,antonym-secondary,scalar
shallow,deep,y,both,0.62,,0.88,,n,adj,antonym,scalar
sham,real,n,bothY,,,0.59,,n,adj,antonym-secondary,complementary
shampoo,soap,n,bothY,,,0.5,,n,noun,co-hyponym,
shared,private,n,both,0.67,,0.67,,n,adj,antonym-secondary,complementary
shave,wash,n,bothY,,,0.57,,,,co-hyponym,
she,he,n,bothY,,,0.59,,n,noun/pronoun,antonym,complementary
shelter,food,n,bothY,,,0.63,,,,co-hyponym,
shields,weapons,n,bothY,,,0.61,,,,co-hyponym,
shoot,point,n,bothY,,,0.9,,,,other-conventional,
shore,sea,n,bothX,0.55,,,,,,co-hyponym,
short,long,y,both,0.91,paired,0.99,paired,n,adj,antonym,scalar
shortcomings,strengths,n,bothY,,,0.66,,,noun,antonym-secondary,complementary
shorter,longer,n,both,0.64,paired,0.74,paired,n,adj,antonym,scalar
shortest,longest,n,both,0.64,paired,0.63,paired,n,adj,antonym,scalar
shortly,now,n,bothY,,,0.53,,,,co-hyponym-temporal,
shortstop,outfield,n,bothY,,,0.55,,,,co-hyponym,
shotgun,rifle,n,bothY,,,0.55,,n,noun,co-hyponym,
shotguns,rifles,n,both,0.71,,0.83,,n,noun,co-hyponym,
should,can,n,bothY,,,0.61,,,,co-hyponym,
show,tell,n,bothX,0.79,paired,,,,,co-hyponym,
shower,bath,n,bothY,,,0.54,,,,co-hyponym,
showers,baths,n,bothY,,,0.69,,,,co-hyponym,
shrink,grow,n,bothY,,,0.56,,n,verb,antonym,scalar
shut,open,y,both,0.61,,0.93,,n,adj/verb,antonym,scalar
shutting,opening,n,bothY,,,0.6,,,verb,antonym,scalar
sibling,parent,n,bothY,,,0.61,,n,noun,co-hyponym,
siblings,parents,n,bothY,,,0.68,,,,co-hyponym,
sick,healthy,n,bothY,,,0.7,,,adj,antonym,scalar
side,front,n,bothY,,,0.51,,,,co-hyponym,
sideline,field,n,bothY,,,0.57,,,,co-hyponym,
sight,hearing,n,bothY,,,0.55,,,,co-hyponym,
silver,gold,n,both,0.84,paired,0.93,paired,n,noun,co-hyponym,
similarities,differences,n,both,0.95,paired,0.89,paired,n,noun,antonym,scalar
simulate,real,n,bothY,,,0.51,,n,adj/verb,x-odd,
simulated,real,n,both,0.72,,0.81,,n,adj,antonym,scalar
since,before,n,bothY,,,0.82,,n,adv,antonym-temporal,
singles,doubles,n,both,0.59,paired,0.66,paired,,,co-hyponym-numeric,complementary
singular,plural,y,bothY,,,0.71,paired,n,adj,antonym,complementary
sinners,saints,n,both,0.53,,0.59,,n,noun,antonym,scalar
sister,brother,y,bothY,,,0.66,,n,noun,antonym,complementary
sisters,brothers,n,both,0.62,paired,0.95,paired,n,noun,antonym,complementary
sit,stand,y,both,0.72,,0.87,,n,verb,antonym,multiple incompatibility
sits,stands,n,bothY,,,0.57,,n,verb,antonym,multiple incompatibility
sitting,standing,n,both,0.86,paired,0.94,paired,n,verb,antonym,multiple incompatibility
six,five,n,bothY,,,0.79,,n,noun,co-hyponym-numeric,
sixteen,fifteen,n,bothY,,,0.59,,n,noun,co-hyponym-numeric,
sixth,seventh,n,bothX,0.67,,,,,,co-hyponym-numeric,
sixth,fifth,n,bothY,,,0.65,,,,co-hyponym-numeric,
sixty,fifty,n,bothY,,,0.58,,,,co-hyponym-numeric,
skeptics,believers,n,both,0.78,paired,0.69,paired,n,noun,antonym,complementary
slave,master,n,both,0.73,,0.78,,,noun,antonym,complementary
sleeping,waking,y,bothX,0.52,,,,,verb,antonym,scalar
slender,tall,n,bothY,,,0.5,,,,other-related,
slow,fast,y,both,0.68,,0.96,,n,adj,antonym,scalar
slower,faster,n,both,0.81,,0.95,,n,adj,antonym,scalar
small,large,y,bothX,0.67,paired,,,n,adj,antonym,scalar
small,big,y,bothY,,,0.59,paired,n,adj,antonym,scalar
smaller,larger,n,both,0.72,paired,0.52,paired,n,adj,antonym,scalar
smallest,largest,n,both,0.75,paired,0.77,,n,adj,antonym,scalar
smartphone,tablet,n,bothX,0.68,,,,n,noun,co-hyponym,
smartphones,tablets,n,both,0.82,,0.65,,n,noun,co-hyponym,
smokers,drinkers,n,bothY,,,0.69,,n,noun,co-hyponym,
smoking,drinking,n,bothY,,,0.5,,n,verb,co-hyponym,
snacks,meals,n,bothY,,,0.72,,n,noun,co-hyponym,
snow,ice,n,bothX,0.62,,,,,,co-hyponym,
snow,rain,n,bothY,,,0.76,,n,noun,co-hyponym,
so,so,n,both,0.77,paired,0.55,paired,,,x-identical,
sober,drunk,n,bothY,,,0.75,paired,n,adj,antonym,scalar
socialism,capitalism,y,both,0.74,,0.78,paired,n,noun,co-hyponym,
sodium,potassium,n,both,0.64,paired,0.65,paired,n,noun,co-hyponym,
soft,hard,y,bothY,,,0.71,,n,adj,antonym,scalar
software,hardware,y,both,0.92,paired,0.97,paired,n,noun,antonym,complementary
sold,bought,n,bothY,,,0.67,,,verb,antonym,converse
solution,problem,n,bothY,,,0.56,paired,,noun,antonym,complementary
someday,now,n,bothY,,,0.78,,n,adv,co-hyponym-temporal,
something,nothing,n,bothX,0.58,,,,,noun/pronoun,antonym,complementary
son,father,n,bothY,,,0.71,,n,noun,antonym,converse
sons,daughters,n,bothX,0.84,paired,,,n,noun,antonym,complementary
sons,fathers,n,bothY,,,0.61,,,,co-hyponym,
soon,now,n,bothY,,,0.65,,,,co-hyponym-temporal,
sooner,later,n,both,0.93,,0.84,,n,adj/adv,antonym-temporal,scalar
sophomore,freshman,n,bothY,,,0.56,,,,co-hyponym,
soul,body,n,bothY,,,0.8,,n,noun,contrast-conceptual,
souls,bodies,n,bothY,,,0.62,,,,contrast-conceptual,
sour,sweet,y,both,0.64,,0.97,,n,adj,antonym,scalar
south,north,y,bothY,,,0.99,paired,n,adj,antonym,multiple incompatibility
southern,northern,y,bothY,,,0.7,paired,n,adj,antonym,multiple incompatibility
soy,corn,n,both,0.58,,0.76,,n,noun,co-hyponym,
space,time,n,both,0.61,,0.81,paired,n,noun,co-hyponym,
spatial,temporal,n,bothX,0.65,paired,,,n,adj,co-hyponym,
specific,general,y,bothY,,,0.68,,n,adj,antonym,scalar
specifically,generally,y,bothY,,,0.68,,n,adv,antonym,scalar
spelling,grammar,n,both,0.61,,0.62,,,,co-hyponym,
spend,save,n,both,0.6,,0.67,,n,verb,antonym,scalar
sperm,eggs,n,both,0.67,,0.71,,,,co-hyponym,
spices,herbs,n,bothY,,,0.62,,n,noun,co-hyponym,
spicy,sweet,n,bothY,,,0.61,,,,co-hyponym,
spoken,written,y,both,0.78,,0.91,,n,adj,antonym,complementary
spoon,fork,n,both,0.52,,0.52,,n,noun,co-hyponym,
spouses,children,n,bothX,0.73,,,,,,co-hyponym,
squid,fish,n,bothY,,,0.71,,n,noun,co-hyponym,
stabbed,shot,n,bothY,,,0.69,,n,verb,co-hyponym,
staff,students,n,bothY,,,0.61,,,noun,antonym,complementary
stagnation,growth,n,bothY,,,0.5,,n,noun,antonym,scalar
stainless,aluminum,n,bothY,,,0.56,,n,noun,co-hyponym,
standing,sitting,n,both,0.55,paired,0.7,paired,n,verb,antonym,multiple incompatibility
stars,planets,n,bothY,,,0.61,paired,,,co-hyponym,
starter,reserve,n,bothX,0.52,,,,,noun,antonym-secondary,complementary
starters,reserves,n,bothX,0.5,,,,,noun,antonym-secondary,complementary
stated,implied,n,bothX,0.56,,,,n,adj/verb,antonym-secondary,scalar
statewide,locally,n,bothY,,,0.54,,,,co-hyponym,
static,dynamic,n,both,0.86,,0.92,,n,adj,antonym,complementary
statically,dynamically,n,both,0.73,,0.93,,n,adv,antonym,complementary
stationary,moving,n,bothY,,,0.64,,n,adj,antonym,complementary
steer,horse,n,bothY,,,0.56,,,,co-hyponym,
stems,leaves,n,bothY,,,0.58,,,,co-hyponym,
stereo,mono,n,both,0.77,paired,0.87,paired,n,adj,antonym,complementary
sterling,dollars,n,bothY,,,0.53,,,,co-hyponym,
stocks,bonds,n,both,0.61,,0.83,paired,n,noun,co-hyponym,
stops,starts,n,both,0.71,,0.82,,,verb,antonym,complementary
store,online,n,bothX,0.75,,,,n,adj/noun,antonym-secondary,complementary
stores,online,n,bothX,0.62,,,,n,adj/noun,antonym-secondary,complementary
straight,gay,n,both,0.63,paired,0.9,paired,n,adj,antonym,complementary
stranger,friend,n,bothY,,,0.54,,n,noun,antonym,complementary
strangers,friends,n,both,0.54,,0.81,,n,noun,antonym,complementary
strengths,weaknesses,n,both,0.91,paired,0.82,paired,n,noun,antonym,scalar
strikeouts,walks,n,bothX,0.89,,,,n,noun,co-hyponym,
strikers,defenders,n,both,0.8,,0.81,,n,noun,co-hyponym,
stripes,stars,n,bothY,,,0.55,,,,other-conventional,
stronger,weaker,n,both,0.61,paired,0.5,paired,n,adj,antonym,scalar
subcommittee,committee,n,bothY,,,0.77,,n,noun,nym-meronym,
subconscious,conscious,n,both,0.58,,0.96,,n,adj/noun,co-hyponym,
subjective,objective,y,both,0.83,paired,0.9,paired,n,adj,antonym,scalar
submerged,surface,n,bothY,,,0.53,,,adj,antonym-secondary,complementary
subs,starters,n,both,0.51,,0.78,,n,noun,antonym-secondary,complementary
subsidiary,parent,n,bothY,,,0.57,,n,noun,nym-meronym,
substitute,starter,n,bothY,,,0.71,,,noun,antonym-secondary,complementary
substitutes,starters,n,bothY,,,0.8,,,noun,antonym-secondary,complementary
subtract,add,y,bothY,,,0.92,,n,verb,antonym,complementary
suburb,city,n,bothY,,,0.61,,n,noun,nym-meronym,
suburban,urban,n,bothY,,,0.68,,,,co-hyponym,
suburbs,cities,n,bothY,,,0.7,,,,nym-meronym,
succeed,fail,y,bothX,0.89,,,,n,verb,antonym,scalar
succeeding,failing,n,bothX,0.71,,,,,verb,antonym,scalar
succeeds,fails,n,bothX,0.84,,,,n,verb,antonym,scalar
success,failure,y,bothX,0.72,paired,,,n,noun,antonym,scalar
successes,failures,n,both,0.83,paired,0.56,paired,n,noun,antonym,scalar
sudo,root,n,both,0.67,,0.62,,n,noun,other-related,
suffix,prefix,y,bothY,,,0.74,,n,noun,antonym,complementary
sugars,fats,n,bothY,,,0.53,,,,co-hyponym,
suits,dresses,n,bothY,,,0.55,,,,co-hyponym,
summer,spring,n,bothY,,,0.79,,,,co-hyponym,multiple incompatibility
summers,winters,n,both,0.68,paired,0.84,paired,n,noun,antonym-temporal,multiple incompatibility
sung,spoken,n,both,0.7,,0.74,,n,adj,antonym-secondary,complementary
sunrise,sunset,y,both,0.99,paired,0.93,paired,n,noun,antonym,complementary
sunset,sunrise,y,both,0.97,paired,0.98,paired,n,noun,antonym,complementary
superheroes,villains,n,bothX,0.66,,,,,noun,antonym-secondary,complementary
superiors,subordinates,n,bothX,0.94,,,,n,noun,antonym,complementary
supply,demand,y,both,0.94,paired,0.95,paired,n,noun,antonym,complementary
supposed,real,n,bothY,,,0.58,,,,co-hyponym,
sur,ski,n,bothY,,,0.6,,,partial token,x-none,
surgeon,patient,n,bothY,,,0.78,,n,noun,antonym,complementary
surgeons,patients,n,bothY,,,0.61,,,noun,antonym-secondary,converse
surplus,deficit,n,bothX,0.72,,,,n,noun,antonym,complementary
survivor,victim,n,bothY,,,0.63,,n,noun,co-hyponym,
survivors,victims,n,bothY,,,0.51,,n,noun,co-hyponym,
suspect,victim,n,both,0.56,,0.67,,,,co-hyponym,
suspects,witnesses,n,bothX,0.6,,,,n,noun,co-hyponym,
swallowing,chewing,n,bothY,,,0.5,,,,co-hyponym,
swings,misses,n,bothX,0.83,,,,,,other-related,
symptoms,signs,n,bothY,,,0.72,,n,noun,nym-near-synonym,
synthetic,natural,n,both,0.71,,0.76,,n,adj,antonym-secondary,scalar
tables,chairs,n,bothX,0.55,,,,,,co-hyponym,
tacit,explicit,n,bothX,0.63,,,,n,adj,antonym,scalar
tactical,strategic,n,bothY,,,0.56,,n,adj,antonym,scalar
tails,heads,n,bothY,,,0.7,,n,noun,antonym,complementary
take,give,y,bothY,,,0.9,paired,n,verb,antonym,reversive
takeoff,landing,n,both,0.93,paired,0.68,paired,n,noun,antonym,reversive
taking,giving,n,both,0.8,,0.94,,n,verb,antonym,reversive
tall,short,y,bothY,,,0.5,,n,adj,antonym,scalar
taller,shorter,n,bothY,,,0.67,,n,adj,antonym,scalar
tangible,intangible,y,bothX,0.51,,,,n,adj,antonym,scalar
tank,infantry,n,bothY,,,0.51,,,,other-related,
tanks,infantry,n,bothY,,,0.58,,,,other-related,
taped,live,n,bothY,,,0.67,,n,adj/verb,antonym-secondary,complementary
tart,sweet,n,bothY,,,0.77,,n,adj,antonym-secondary,scalar
taxis,buses,n,bothY,,,0.53,,,,co-hyponym,
tea,coffee,n,both,0.84,paired,0.96,paired,n,noun,co-hyponym,
teacher,student,n,both,0.66,,0.68,,n,noun,antonym,converse
teachers,students,n,both,0.61,,0.62,,n,noun,antonym,converse
team,individual,n,bothY,,,0.7,,n,noun,contrast-group-individual ,
teams,individuals,n,bothY,,,0.53,,n,noun,contrast-group-individual ,
tear,wear,n,bothY,,,0.99,,n,verb,other-conventional,
teen,adult,n,bothX,0.55,,,,,,co-hyponym,
teens,adults,n,bothX,0.55,,,,,,co-hyponym,
telescopes,cameras,n,bothY,,,0.52,,,,co-hyponym,
tell,show,n,both,0.71,paired,0.92,,n,verb,co-hyponym,
temporal,spatial,n,both,0.58,paired,0.82,,,,co-hyponym,
temporarily,permanently,y,both,0.71,,0.89,paired,n,adv,antonym,scalar
temporary,permanent,n,both,0.71,paired,0.69,paired,n,adj,antonym,scalar
ten,nine,n,bothY,,,0.74,,,,co-hyponym-numeric,
tenant,landlord,n,both,0.64,paired,0.93,paired,n,noun,antonym,converse
tenants,landlords,n,both,0.57,paired,0.76,paired,,noun,antonym,converse
tendon,muscle,n,bothY,,,0.59,,n,noun,co-hyponym,
tenth,ninth,n,bothY,,,0.63,,,,co-hyponym-numeric,
terms,conditions,n,bothX,0.59,,,,,,other-conventional,
territories,states,n,bothY,,,0.62,,n,noun,co-hyponym,
testament,will,n,bothY,,,0.89,,n,noun,other-conventional,
testosterone,estrogen,n,both,0.51,paired,0.64,paired,n,noun,antonym,complementary
that,this,n,bothY,,,0.91,,n,other/det,antonym,complementary
thats,this,n,bothY,,,0.94,,n,other/det,co-hyponym,
the,the,n,both,0.75,paired,0.55,paired,y,other/det,x-identical,
them,us,n,bothY,,,0.55,,n,noun/pronoun,antonym,complementary
then,now,n,bothX,0.85,,,,n,adv,co-hyponym-temporal,complementary
thence,hither,n,bothY,,,0.64,,,,co-hyponym,
theoretical,practical,n,both,0.63,,0.54,,n,adj,antonym,scalar
theorists,practitioners,n,bothX,0.52,,,,,noun,antonym,complementary
theory,practice,n,bothX,0.81,,,,,noun,antonym,complementary
there,here,y,bothY,,,0.95,,n,noun/adv,antonym,complementary
these,these,n,bothY,,,0.54,paired,,,x-identical,
thick,thin,y,both,0.55,,0.71,paired,n,adj,antonym,scalar
thicker,thinner,n,both,0.5,,0.72,,n,adj,antonym,scalar
thin,thick,y,bothY,,,0.75,paired,,adj,antonym,scalar
thing,person,n,bothY,,,0.55,,n,noun,co-hyponym,
things,people,n,bothY,,,0.78,,n,noun,co-hyponym,
third,fourth,n,bothX,0.72,,,,,,co-hyponym-numeric,
third,second,n,bothY,,,0.65,,,,co-hyponym-numeric,
thirteen,fourteen,n,bothX,0.57,,,,,,co-hyponym-numeric,
thirteen,twelve,n,bothY,,,0.71,,n,noun/adj,co-hyponym-numeric,
this,this,n,bothY,,,0.8,paired,y,other/det,x-identical,
thousand,hundred,n,bothY,,,0.52,,,,co-hyponym-numeric,
thousands,millions,n,bothX,0.77,,,,n,noun,co-hyponym-numeric,
thousands,hundreds,n,bothY,,,0.83,,n,noun,co-hyponym-numeric,
three,two,n,bothY,,,0.86,,n,noun,co-hyponym-numeric,
thrive,survive,n,bothY,,,0.53,,,,other-conventional,
through,through,n,both,0.95,paired,0.77,paired,,,x-identical,
throw,catch,n,bothY,,,0.63,paired,,verb,antonym,reversive
thrown,caught,n,bothX,0.51,,,,,verb,antonym,reversive
thru,through,n,bothX,0.76,,,,,,nym-near-synonym,
thumbs,fingers,n,both,0.6,,0.77,,,,co-hyponym,
thunder,lightning,n,bothX,0.75,,,,,,co-hyponym,
thy,mine,n,bothY,,,0.84,,n,other/possessive,co-hyponym,
tiger,lion,n,bothY,,,0.66,,,,co-hyponym,
tigers,lions,n,bothY,,,0.65,,,,co-hyponym,
tight,loose,y,bothY,,,0.56,,n,adj,antonym,scalar
time,space,n,bothY,,,0.55,paired,,,co-hyponym,
tiny,big,n,bothY,,,0.53,,,adj,antonym-secondary,scalar
tips,tricks,n,bothX,0.53,,,,,,other-conventional,
today,tomorrow,n,bothX,0.56,,,,n,noun/adv,co-hyponym-temporal,
today,yesterday,n,bothY,,,0.93,paired,n,noun/adv,co-hyponym-temporal,
toes,fingers,n,both,0.59,paired,0.96,,n,noun,co-hyponym,
tomatoes,peppers,n,bothX,0.54,,,,,,co-hyponym,
tomorrow,today,n,bothY,,,0.8,,n,noun/adv,co-hyponym-temporal,
tonight,yesterday,n,bothY,,,0.64,,,,co-hyponym-temporal,
top,bottom,y,both,0.77,paired,0.56,paired,n,adj,antonym,scalar
torque,power,n,bothY,,,0.7,,n,noun,other-related,
tourists,locals,n,bothY,,,0.59,paired,,noun,antonym,complementary
towels,sheets,n,bothY,,,0.6,,,,co-hyponym,
township,city,n,bothY,,,0.54,,n,noun,co-hyponym,
track,field,n,bothX,0.9,,,,,,co-hyponym,
tracts,books,n,bothY,,,0.54,,,,co-hyponym,
trailing,leading,n,bothY,,,0.71,,,adj/verb,antonym-secondary,complementary
trails,roads,n,bothY,,,0.69,,n,noun,co-hyponym,
tram,bus,n,both,0.54,,0.64,,n,noun,co-hyponym,
trans,cis,n,both,0.72,paired,0.68,,n,adj,antonym,complementary
transient,permanent,n,bothY,,,0.63,,n,adj,antonym,scalar
transmission,engine,n,bothY,,,0.86,,,,co-hyponym,
transmissions,engines,n,bothY,,,0.92,,,,co-hyponym,
transmit,receive,n,both,0.97,,0.93,,n,verb,antonym,complementary
transmitted,received,n,both,0.71,,0.54,,,verb,antonym,reversive
transmitter,receiver,n,both,0.94,,0.8,,n,noun,antonym,complementary
transmitting,receiving,n,both,0.97,,0.85,,n,verb,antonym,complementary
treated,untreated,y,bothX,0.57,,,,,adj,antonym,scalar
tricks,tips,n,bothY,,,0.84,,,,other-conventional,
tried,tested,n,bothX,0.5,,,,,,other-conventional,
triple,single,n,bothY,,,0.54,,n,adj/noun,co-hyponym-numeric,
tripled,doubled,n,bothY,,,0.95,paired,n,adj/verb,co-hyponym-numeric,
tripod,camera,n,bothY,,,0.59,,,,co-hyponym,
trough,peak,n,both,0.51,paired,0.91,,n,noun,antonym,scalar
trout,salmon,n,both,0.51,,0.82,paired,n,noun,co-hyponym,
truck,car,n,bothY,,,0.61,,n,noun,co-hyponym,
trucks,cars,n,bothY,,,0.89,,n,noun,co-hyponym,
TRUE,FALSE,y,bothX,0.77,,,,,adj,antonym,complementary
tsunami,earthquake,n,bothY,,,0.73,,n,noun,co-hyponym,
tuna,salmon,n,bothY,,,0.73,,n,noun,co-hyponym,
turkey,chicken,n,bothY,,,0.51,,n,noun,co-hyponym,
tutor,student,n,bothY,,,0.51,,n,noun,antonym-secondary,converse
twenties,teens,n,bothY,,,0.99,,n,noun,co-hyponym-numeric,
twentieth,nineteenth,n,bothY,,,0.94,,n,noun,co-hyponym-numeric,
twice,once,n,bothY,,,0.97,paired,n,adv,co-hyponym-numeric,
twists,turns,n,bothX,0.95,,,,n,noun,other-conventional,
two,one,n,bothY,,,0.94,,n,noun,co-hyponym-numeric,
ultraviolet,visible,n,bothY,,,0.53,,n,adj,co-hyponym,
unable,unwilling,n,bothX,0.72,,,,n,adj,co-hyponym,
unarmed,armed,y,both,0.8,,0.99,,n,adj,antonym,complementary
unauthorized,authorized,y,bothY,,,0.66,,n,adj,antonym,complementary
uncle,aunt,y,bothY,,,0.57,,,noun,antonym,complementary
uncommon,rare,n,both,0.74,,0.61,,,,contrast-scalar,
unconscious,awake,n,bothX,0.5,,,,n,adj,antonym,scalar
unconscious,conscious,y,bothY,,,0.82,,n,adj,antonym,complementary
unconsciously,consciously,y,both,0.72,paired,0.98,paired,n,adv,antonym,complementary
uncontrolled,controlled,y,bothY,,,0.57,,n,adj,antonym,scalar
undead,living,n,bothY,,,0.78,,n,adj,antonym,complementary
under,over,n,bothX,0.54,paired,,,n,adv,antonym,complementary
undergraduate,graduate,n,both,0.6,,0.67,paired,n,noun,co-hyponym,
underneath,above,n,bothY,,,0.72,,n,adv,antonym,complementary
undesirable,desirable,y,bothY,,,0.91,,n,adj,antonym,scalar
undisclosed,known,n,bothY,,,0.78,,n,adj,antonym,complementary
undocumented,documented,y,bothY,,,0.66,,n,adj,antonym,complementary
unemployed,employed,y,bothY,,,0.67,,n,adj/verb,antonym,complementary
unfairly,fairly,y,bothY,,,0.51,,n,adv,antonym,scalar
unfamiliar,familiar,y,bothY,,,0.91,,n,adj,antonym,scalar
unfavorable,favorable,y,both,0.71,paired,0.98,paired,n,adj,antonym,scalar
unhappy,happy,y,bothY,,,0.55,,n,adj,antonym,scalar
unhealthy,healthy,y,bothY,,,0.79,,n,adj,antonym,scalar
unidentified,known,n,bothY,,,0.57,,,adj,antonym-secondary,complementary
uninstall,install,n,bothY,,,0.54,,,verb,antonym,complementary
uninsured,insured,y,bothY,,,0.76,,n,adj,antonym,complementary
unintended,intended,y,bothY,,,0.61,,n,adj/verb,antonym,scalar
unintentional,intentional,n,bothY,,,0.81,,n,adj,antonym,complementary
unintentionally,intentionally,y,both,0.5,paired,0.84,,n,adv,antonym,complementary
unjust,just,y,bothY,,,0.78,,n,adj,antonym,scalar
unknow,known,n,bothY,,,0.84,,n,partial token,x-none,
unknown,known,y,bothY,,,0.81,,n,adj,antonym,scalar
unlawful,lawful,y,bothY,,,0.66,,n,adj,antonym,complementary
unlike,like,y,bothY,,,0.59,,n,adj/verb,antonym,scalar
unloaded,loaded,y,both,0.61,,0.97,,n,adj,antonym,reversive
unlocked,locked,n,bothY,,,0.5,paired,n,adj,antonym,reversive
unlucky,lucky,y,bothY,,,0.81,,n,adj,antonym,scalar
unmanned,manned,y,both,0.86,paired,0.97,,n,adj,antonym,complementary
unmarked,marked,y,bothY,,,0.92,,n,adj,antonym,complementary
unmarried,married,y,bothY,,,0.94,,n,adj,antonym,complementary
unnatural,natural,y,bothY,,,0.9,,n,adj,antonym,scalar
unofficial,official,y,bothY,,,0.94,paired,n,adj,antonym,complementary
unpaid,paid,y,bothY,,,0.88,,n,adj,antonym,complementary
unpopular,popular,y,bothY,,,0.65,,n,adj,antonym,scalar
unpublished,published,y,bothY,,,0.68,,n,adj,antonym,complementary
unreal,real,y,bothY,,,0.68,,n,adj,antonym,complementary
unrelated,related,y,bothY,,,0.58,,n,adj,antonym,scalar
unseen,seen,n,bothY,,,0.79,,n,adj,antonym,scalar
unsigned,signed,y,bothY,,,0.71,,n,adj,antonym,complementary
unsuccessful,successful,y,bothY,,,0.68,,n,adj,antonym,scalar
unsuccessfully,successfully,y,bothY,,,0.54,,n,adv,antonym,scalar
unsupported,supported,y,bothY,,,0.62,,,adj,antonym,complementary
untrue,TRUE,n,bothY,,,0.93,,,adj,antonym-secondary,complementary
unwilling,willing,y,bothY,,,0.61,,,adj,antonym,scalar
unwittingly,knowingly,n,bothY,,,0.61,,,adj,antonym-secondary,scalar
unworthy,worthy,y,bothY,,,0.79,,n,adj,antonym,complementary
up,down,y,both,0.84,,0.82,paired,n,adj/adv,antonym,scalar
uphill,downhill,n,both,0.83,,0.91,paired,n,adj,antonym,scalar
upload,download,y,bothX,0.57,,,,,verb,antonym,complementary
upper,lower,n,both,0.95,paired,0.96,paired,n,adj,antonym,scalar
ups,downs,n,both,0.98,,0.87,paired,n,noun,antonym,scalar
upside,downside,n,both,0.85,paired,0.83,paired,n,noun,antonym,scalar
upstairs,downstairs,y,both,0.71,paired,0.91,paired,n,adj/adv/noun,antonym,complementary
upstream,downstream,y,both,0.99,paired,0.92,paired,n,adj/adv,antonym,complementary
upt,down,n,bothX,0.64,,,,,partial token,x-none,
upward,downward,y,bothX,0.86,paired,,,n,adj/adv,antonym,scalar
upwards,downwards,y,bothX,0.73,,,,n,adj/adv,antonym,scalar
uranium,plutonium,n,both,0.54,paired,0.68,paired,n,noun,co-hyponym,
urban,rural,y,both,0.81,paired,0.84,paired,n,adj,antonym,scalar
urine,feces,n,bothX,0.51,paired,,,,,co-hyponym,
urine,blood,n,bothY,,,0.7,,n,noun,co-hyponym,
username,password,n,bothX,0.95,,,,n,noun,co-hyponym,
uttered,written,n,bothY,,,0.61,,n,adj/verb,co-hyponym,
vacation,work,n,bothY,,,0.54,,n,noun,antonym,complementary
vagina,penis,n,bothY,,,0.57,,n,noun,co-hyponym,
vaginal,oral,n,bothY,,,0.72,,n,adj,co-hyponym,
valleys,peaks,n,bothY,,,0.63,paired,,noun,antonym-secondary,complementary
van,car,n,bothY,,,0.51,,,,co-hyponym,
vanilla,chocolate,n,bothY,,,0.78,,n,noun,co-hyponym,
vans,cars,n,bothY,,,0.79,,n,noun,co-hyponym,
vaping,smoking,n,bothY,,,0.62,,n,verb,co-hyponym,
ve,meat,n,bothY,,,0.79,,,partial token,x-none,
vegan,vegetarian,n,both,0.78,paired,0.82,paired,n,adj/noun,co-hyponym,
vegetable,animal,n,bothY,,,0.62,,n,noun,co-hyponym,
vegetables,fruits,n,both,0.57,paired,0.77,paired,n,noun,co-hyponym,
vegetarian,vegan,n,both,0.82,paired,0.78,paired,n,adj,co-hyponym,
veggies,fruits,n,bothY,,,0.69,,,,co-hyponym,
veins,arteries,n,both,0.65,paired,0.66,paired,,,co-hyponym,
verb,noun,n,both,0.69,,0.72,,n,noun,co-hyponym,
verbal,written,n,bothY,,,0.5,,n,adj,co-hyponym,
verbally,physically,n,bothY,,,0.51,,,,co-hyponym,
verse,chapter,n,both,0.51,,0.89,,n,noun,nym-meronym,
verses,chapters,n,bothY,,,0.64,,n,noun,nym-meronym,
vertical,horizontal,n,both,0.95,paired,0.98,paired,n,adj,antonym,complementary
vertically,horizontally,n,both,0.99,paired,0.99,paired,n,adj,antonym,complementary
victories,defeats,n,bothX,0.6,,,,,noun,antonym,complementary
victory,defeat,y,bothX,0.66,paired,,,n,noun,antonym,complementary
villages,towns,n,both,0.52,,0.73,,n,noun,co-hyponym,
villain,hero,n,both,0.53,paired,0.79,,n,noun,antonym,complementary
villains,heroes,n,both,0.72,paired,0.89,paired,n,noun,antonym,complementary
vinyl,CD,n,bothY,,,0.7,,n,noun,co-hyponym,
violet,blue,n,bothY,,,0.51,,n,noun/adj,co-hyponym,
virtual,real,n,bothY,,,0.53,,n,adj,antonym,complementary
virtually,physically,n,both,0.58,,0.88,,n,adv,antonym,complementary
virus,bacteria,n,bothY,,,0.56,,n,noun,co-hyponym,
viruses,bacteria,n,both,0.7,,0.76,,n,noun,co-hyponym,
visa,passport,n,bothY,,,0.51,,,,co-hyponym,
visas,passports,n,bothY,,,0.54,,,,co-hyponym,
vitamin,mineral,n,both,0.78,,0.62,,n,noun,co-hyponym,
vitamins,minerals,n,both,0.88,,0.54,,,,co-hyponym,
voiced,written,n,bothY,,,0.62,,,,co-hyponym,
void,null,n,bothY,,,0.94,,,,other-conventional,
voltage,current,n,bothY,,,0.79,,n,noun,co-hyponym,
vomiting,nausea,n,bothY,,,0.56,,,,co-hyponym,
voucher,cash,n,bothY,,,0.55,,n,noun,co-hyponym,
vouchers,cash,n,bothY,,,0.63,,n,noun,co-hyponym,
waist,hips,n,both,0.63,,0.54,,,,co-hyponym,
wake,sleep,y,both,0.71,,0.67,,,verb,antonym,complementary
walk,run,n,bothY,,,0.69,,n,verb,co-hyponym,
walks,runs,n,bothY,,,0.71,,n,verb,co-hyponym,
want,need,n,bothY,,,0.59,,,,co-hyponym,
wants,needs,n,both,0.72,,0.81,paired,,,co-hyponym,
war,peace,y,both,0.84,paired,0.53,paired,n,noun,antonym,complementary
warheads,missiles,n,bothY,,,0.54,,,,co-hyponym,
warm,cold,n,bothX,0.56,,,,n,adj,antonym-secondary,scalar
warmed,cooled,n,bothX,0.64,,,,,adj,antonym,scalar
warmer,colder,n,both,0.62,paired,0.61,paired,n,adj,antonym,scalar
warming,cooling,n,bothX,0.87,,,,n,adj/verb,antonym,scalar
washed,dried,n,bothX,0.67,,,,,,co-hyponym,
washing,drying,n,bothX,0.67,,,,,,co-hyponym,
watching,reading,n,bothY,,,0.51,,,,co-hyponym,
weak,strong,y,bothY,,,0.9,,n,adj,antonym,scalar
weaker,stronger,n,both,0.71,paired,0.92,paired,n,adj,antonym,scalar
weakest,strongest,n,both,0.66,,0.94,,n,adj,antonym,scalar
weakness,strength,y,bothY,,,0.84,,n,noun,antonym,scalar
weaknesses,strengths,n,both,0.91,paired,0.98,paired,n,noun,antonym,scalar
wealthier,poorer,n,both,0.59,,0.59,,n,adj,antonym-secondary,scalar
wealthiest,poorest,n,both,0.53,,0.6,,n,adj,antonym-secondary,scalar
wealthy,poor,n,bothY,,,0.8,,n,noun,antonym-secondary,scalar
wear,tear,n,bothX,0.98,,,,,,other-related,
wedding,reception,n,bothX,0.74,,,,,,other-related,
week,day,n,bothY,,,0.67,,n,noun,co-hyponym-temporal,
weekday,weekend,n,both,0.5,,0.73,,n,noun,co-hyponym-temporal,
weekends,holidays,n,bothX,0.72,,,,,,co-hyponym,
weekly,monthly,n,bothX,0.67,,,,n,adv,co-hyponym-temporal,
weekly,daily,n,bothY,,,0.72,paired,n,adv,co-hyponym-temporal,
weeks,days,n,bothY,,,0.8,,n,noun,co-hyponym-temporal,
weigh,height,n,bothY,,,0.65,,,,co-hyponym,
weight,height,n,both,0.78,paired,0.92,paired,n,adj,co-hyponym,
well,alive,n,bothY,,,0.73,,,,other-conventional,
went,came,n,bothY,,,0.98,,n,verb,antonym,reversive
west,east,y,both,0.8,paired,0.99,paired,n,adj/noun,antonym,multiple incompatibility
western,eastern,y,both,0.78,paired,0.84,paired,n,adj,antonym,multiple incompatibility
wet,dry,y,both,0.92,paired,0.89,paired,n,adj,antonym,scalar
whales,dolphins,n,bothX,0.51,,,,,,co-hyponym,
wheat,barley,n,both,0.84,paired,0.67,paired,n,noun,co-hyponym,
whenever,wherever,n,bothX,0.79,paired,,,,,co-hyponym,
wherever,whenever,n,bothX,0.77,paired,,,n,adv,co-hyponym,
while,before,n,bothY,,,0.58,,n,adv,co-hyponym-temporal,
whilst,before,n,bothY,,,0.63,,n,adv,co-hyponym-temporal,
whispered,spoken,n,bothY,,,0.6,,,,nym-hyponym,
white,black,y,bothY,,,0.87,paired,n,adj,antonym,complementary
whites,blacks,n,both,0.75,paired,0.88,paired,n,noun,antonym,complementary
wholesale,retail,y,both,0.69,,0.78,,n,adj,antonym,complementary
why,how,n,bothX,0.85,paired,,,,other/interrogative,co-hyponym,
widow,husband,n,bothY,,,0.56,,n,noun,antonym,complementary
width,height,n,both,0.93,,0.95,,n,adj,co-hyponym,
wife,husband,y,bothY,,,0.89,paired,n,noun,antonym,complementary
windows,doors,n,both,0.69,,0.91,paired,n,noun,co-hyponym,
wine,beer,n,bothY,,,0.7,paired,n,noun,co-hyponym,
wines,beers,n,bothY,,,0.68,paired,n,noun,co-hyponym,
winger,striker,n,bothY,,,0.51,,n,noun,co-hyponym,
winner,loser,y,bothX,0.77,paired,,,,noun,antonym,complementary
winners,losers,n,bothX,0.95,paired,,,,noun,antonym,complementary
winning,losing,n,bothX,0.88,paired,,,n,verb,antonym,complementary
wins,losses,n,bothX,0.86,,,,,noun,antonym,complementary
winter,summer,n,both,0.67,,0.81,,n,noun,antonym-temporal,multiple incompatibility
winters,summers,n,both,0.88,paired,0.98,paired,n,noun,antonym-temporal,multiple incompatibility
wired,wireless,y,both,0.88,paired,0.8,paired,n,adj,antonym,complementary
wireless,wired,y,both,0.87,paired,0.98,paired,n,adj,antonym,complementary
wiser,older,n,bothY,,,0.57,,,,other-conventional,
with,without,n,bothX,0.97,paired,,,n,adv,antonym,complementary
withhold,give,n,bothY,,,0.66,,n,verb,antonym-secondary,complementary
within,without,n,bothX,0.5,,,,,other/preposition,antonym,complementary
without,with,n,bothX,0.63,paired,,,n,adv,antonym,complementary
without,within,n,bothY,,,0.51,,,other/preposition,antonym,complementary
wives,children,n,bothX,0.56,,,,,,co-hyponym,
wives,husbands,n,bothY,,,0.8,paired,n,noun,antonym,complementary
wizards,witches,n,bothY,,,0.7,,n,noun,co-hyponym,
wom,men,n,bothY,,,0.58,,,partial token,x-none,
woman,man,y,both,0.53,,0.94,,n,noun,antonym,complementary
women,men,n,both,0.83,paired,0.99,paired,n,noun,antonym,complementary
won,lost,y,bothX,0.87,,,,n,adj/verb,antonym,complementary
worldly,spiritual,n,bothX,0.52,,,,n,adv,antonym,scalar
worn,new,y,bothY,,,0.56,,n,adj,antonym,scalar
worse,better,y,both,0.77,paired,0.94,,n,adj,antonym,scalar
worst,best,y,both,0.68,paired,0.93,,n,adj,antonym,scalar
wrist,hand,n,bothY,,,0.54,,,,co-hyponym,
write,read,n,bothY,,,0.67,,n,verb,antonym,converse
wrong,right,y,bothY,,,0.95,,n,adj,antonym,complementary
wrongly,rightly,n,bothY,,,0.84,paired,n,adv,antonym,complementary
yard,house,n,bothY,,,0.69,,,,co-hyponym,
yea,no,n,bothX,0.6,,,,n,noun/adv,antonym,complementary
yearly,monthly,n,bothY,,,0.77,,n,noun,co-hyponym-temporal,
yeast,bacteria,n,both,0.51,,0.6,,n,noun,co-hyponym,
yen,dollars,n,bothY,,,0.56,,,,co-hyponym,
yes,no,y,both,0.98,paired,0.94,paired,n,noun/adv,antonym,complementary
yesterday,today,n,both,0.8,,0.54,paired,n,adv,co-hyponym-temporal,
yield,price,n,bothY,,,0.55,,,,co-hyponym,
yields,prices,n,bothY,,,0.58,,,,co-hyponym,
yoga,meditation,n,bothX,0.58,,,,,,co-hyponym,
young,old,y,both,0.95,,0.98,paired,n,adj,antonym,scalar
younger,older,n,both,0.79,paired,0.9,paired,n,adj,antonym,scalar
youngest,oldest,n,both,0.81,paired,0.92,paired,n,adj,antonym,scalar
yours,mine,n,both,0.52,paired,0.79,paired,,other/possessive,antonym,complementary
yourself,others,n,bothX,0.56,,,,,,co-hyponym,
yuan,dollars,n,bothY,,,0.62,,,,co-hyponym,
zero,one,n,bothX,0.52,,,,,,co-hyponym-numeric,
zinc,lead,n,bothY,,,0.6,,n,noun,co-hyponym,
zip,city,n,bothY,,,0.68,,n,noun,other-related,