Seed,Mask,InWordNet,Cxn,ProbX,HasPairX,ProbY,HasPairY,WordsMatch,POS,NymType,AntonymType
abnormal,normal,y,both,0.71,,0.78,,n,adj,antonym,scalar
aboard,off,n,alikeX,0.8,,,,,,opposition-indirect,
abolition,slavery,n,alikeY,,,0.54,,,,other-related,
above,below,y,both,0.93,paired,0.57,paired,n,adj/adv,antonym,complementary
abroad,home,n,alikeX,0.53,,,,,noun,antonym-secondary,complementary
absence,presence,y,alikeY,,,0.91,,n,noun,antonym,complementary
absent,present,y,alikeY,,,0.78,,n,adj,antonym,complementary
absolute,relative,y,both,0.81,,0.7,paired,n,adj,antonym,complementary
abundance,scarcity,y,alikeX,0.75,,,,n,noun,antonym,scalar
abuser,victim,n,both,0.69,,0.58,,n,noun,antonym,converse
abusers,victims,n,alikeX,0.69,,,,,noun,antonym-secondary,complementary
academia,industry,n,alikeX,0.53,,,,,,co-hyponym,
accepted,rejected,n,alikeX,0.69,,,,n,verb,antonym,converse
accepts,rejects,n,alikeX,0.6,,,,,verb,antonym,scalar
accidental,intentional,n,alikeY,,,0.53,paired,n,adj,antonym,complementary
accompanied,alone,n,alikeY,,,0.76,,n,adj,antonym-secondary,complementary
acoustic,electric,n,both,0.69,,0.82,,,,co-hyponym,
acquaintances,friends,n,alikeY,,,0.66,,n,noun,nym-near-synonym,
acquainted,strangers,n,both,0.53,,0.56,,,noun,antonym-secondary,
acquisition,merger,n,alikeY,,,0.64,,,,co-hyponym,
acquitted,convicted,n,alikeX,0.65,,,,n,verb,antonym,converse
actions,words,n,alikeY,,,0.62,,n,noun,antonym,complementary
active,passive,y,both,0.83,paired,0.79,paired,n,adj,antonym,scalar
actively,passively,y,both,0.94,paired,0.85,paired,n,adv,antonym,scalar
actress,actor,n,alikeY,,,0.8,,n,noun,antonym,complementary
actresses,actors,n,alikeY,,,0.94,,n,noun,antonym,complementary
acute,chronic,y,alikeX,0.6,paired,,,n,adj,antonym,complementary
adjective,noun,n,both,0.81,paired,0.86,paired,n,noun,co-hyponym,
admit,deny,y,alikeX,0.53,,,,n,verb,antonym,complementary
admits,denies,n,alikeX,0.56,,,,n,verb,antonym,complementary
admitting,denying,n,alikeX,0.62,,,,n,verb,antonym,complementary
adolescence,adulthood,n,alikeX,0.58,,,,,,co-hyponym,
adolescence,childhood,n,alikeY,,,0.78,,n,noun,co-hyponym,multiple incompatibility
adolescent,adult,n,both,0.74,,0.66,,n,noun,antonym,multiple incompatibility
adolescents,adults,n,alikeX,0.66,,,,,,co-hyponym,
adopt,foster,n,alikeX,0.61,,,,,,co-hyponym,
adult,child,n,both,0.77,paired,0.73,,n,noun,antonym,multiple incompatibility
adulthood,childhood,n,alikeY,,,0.57,,,noun,antonym,complementary
adults,children,n,both,0.67,paired,0.56,paired,n,noun,antonym,multiple incompatibility
advancing,retreating,n,alikeX,0.68,,,,n,verb,antonym,converse
advantage,disadvantage,y,alikeX,0.78,,,,n,noun,antonym,complementary
advantages,disadvantages,n,alikeX,0.84,paired,,,n,noun,antonym,complementary
adversaries,allies,n,alikeX,0.53,,,,n,noun,antonym,complementary
adversary,friend,n,alikeY,,,0.5,,n,noun,antonym,complementary
adversely,positively,n,both,0.79,,0.77,,n,adv,antonym-secondary,scalar
afar,near,n,both,0.52,,0.86,,,adj,antonym-secondary,scalar
affirmative,negative,y,both,0.9,,0.89,,n,adj,antonym,complementary
affluent,poor,n,both,0.81,,0.89,,n,adj/noun,antonym-secondary,scalar
afore,after,n,alikeX,0.64,,,,n,adj/adv,antonym-temporal,converse
aforementioned,others,n,alikeX,0.54,,,,,,co-hyponym,
aft,fore,y,alikeY,,,0.99,,n,adj,antonym,complementary
after,before,n,both,0.86,paired,0.95,,n,adj/adv,antonym-temporal,complementary
afternoon,morning,n,alikeY,,,0.94,,n,noun,co-hyponym-temporal,
afterward,before,n,both,0.76,,0.73,,n,adv,antonym-temporal,complementary
afterwards,before,n,both,0.73,,0.51,,n,adv,antonym-temporal,complementary
again,again,n,both,0.98,paired,0.79,paired,,,x-identical,
against,for,n,both,0.86,paired,0.95,,n,adv,antonym,complementary
aged,young,y,both,0.64,,0.63,,n,adj,antonym,scalar
agent,client,n,both,0.53,,0.52,,,,co-hyponym,
aggregate,individual,n,both,0.62,,0.81,,,noun,antonym-secondary,complementary
agility,speed,n,alikeY,,,0.69,,n,noun,co-hyponym,
ago,now,n,alikeX,0.57,,,,,,co-hyponym-temporal,
agree,disagree,y,alikeX,0.9,paired,,,n,verb,antonym,complementary
agrees,disagrees,n,alikeX,0.83,paired,,,n,verb,antonym,complementary
ahead,behind,n,alikeX,0.69,,,,n,adv,antonym,complementary
airborne,ground,n,alikeY,,,0.51,,,,co-hyponym,
albums,singles,n,both,0.64,,0.68,,n,noun,nym-meronym,complementary
alien,human,n,alikeY,,,0.56,,,,co-hyponym,
aliens,humans,n,both,0.54,,0.64,,n,noun,co-hyponym,
alive,dead,y,both,0.96,,0.96,,n,adj,antonym,complementary
ally,foe,n,alikeX,0.74,,,,n,noun,antonym,complementary
alpha,beta,n,alikeX,0.53,paired,,,n,adj,co-hyponym,
also,",",n,alikeY,,,0.71,,,,x-odd,
alternative,mainstream,n,both,0.7,,0.54,,,,co-hyponym,
aluminum,steel,n,alikeY,,,0.54,,n,noun,co-hyponym,
amateur,professional,y,both,0.85,,0.74,,n,noun,antonym,complementary
amen,amen,n,alikeX,0.54,paired,,,,,x-identical,
amended,original,n,alikeY,,,0.55,,,,co-hyponym,
analog,digital,n,both,0.87,,0.9,,n,adj,antonym,complementary
analogue,digital,y,both,0.86,,0.87,,n,adj,antonym,complementary
ancient,modern,n,both,0.81,,0.71,paired,n,adj,antonym,complementary
and,and,n,alikeY,,,0.72,paired,,,x-identical,
angel,devil,n,both,0.62,,0.53,,,noun,antonym,scalar
angels,demons,n,both,0.8,,0.62,paired,,,co-hyponym,
animal,human,n,both,0.51,,0.52,,n,noun,nym-hyponym,conceptual contrast
animals,humans,n,alikeY,,,0.51,,n,noun,nym-hyponym,
anime,manga,n,alikeY,,,0.5,,,,co-hyponym,
anonymously,publicly,n,alikeY,,,0.56,,n,adv,antonym,complementary
answer,question,y,alikeY,,,0.91,,n,noun/verb,antonym,complementary
answered,asked,n,alikeY,,,0.86,,n,verb,antonym,complementary
answering,asking,n,alikeY,,,0.82,,n,verb,antonym,complementary
answers,questions,n,both,0.64,paired,0.93,,n,noun,antonym,complementary
antagonist,protagonist,n,alikeY,,,0.63,,n,noun,antonym,complementary
anterior,posterior,y,both,0.95,paired,0.82,paired,n,adj,antonym,complementary
anti,pro,y,both,0.93,,0.98,,n,adj,antonym,complementary
antiqu,modern,n,alikeY,,,0.61,,,partial token,x-none,
antique,modern,n,both,0.65,,0.72,,n,adj,antonym,complementary
any,all,n,alikeX,0.85,,,,,adj,antonym-secondary,complementary
anybody,everybody,n,alikeX,0.79,,,,,,co-hyponym,
anyone,everyone,n,alikeX,0.9,,,,,,co-hyponym,
anything,everything,n,alikeX,0.86,,,,,,co-hyponym,
anytime,anywhere,n,both,0.65,,0.84,,,,co-hyponym,
apart,together,n,both,0.54,paired,0.76,,n,adv,antonym,complementary
ape,man,n,alikeY,,,0.65,,,,co-hyponym,
apes,humans,n,both,0.69,,0.59,,n,noun,co-hyponym,
appellate,trial,n,alikeY,,,0.64,,n,adj,co-hyponym,
apples,oranges,n,alikeX,0.71,,,,,,co-hyponym,
appointed,elected,n,both,0.8,,0.89,,n,adj/verb,antonym,complementary
apprentice,master,n,both,0.88,,0.91,,,noun,antonym-secondary,complementary
approval,disapproval,y,alikeX,0.54,,,,,noun,antonym,scalar
approve,disapprove,y,alikeX,0.73,,,,n,verb,antonym,complementary
aquatic,terrestrial,n,both,0.92,,0.81,,n,adj,co-hyponym,multiple incompatibility
archaic,modern,n,both,0.56,,0.69,,n,adj,antonym-secondary,complementary
are,are,n,alikeX,0.53,paired,,,,,x-identical,
are,",",n,alikeY,,,0.74,,,,x-odd,
armed,unarmed,y,both,0.87,paired,0.62,paired,n,adj,antonym,complementary
around,in,n,alikeY,,,0.64,,n,other/preposition,co-hyponym,
arrival,departure,n,alikeX,0.7,,,,n,noun,antonym,reversive
arrivals,departures,n,both,0.83,,0.59,paired,n,noun,antonym,reversive
arrive,depart,n,alikeX,0.75,,,,,verb,antonym,reversive
arriving,departing,n,both,0.86,paired,0.63,paired,,verb,antonym,reversive
arrow,bow,n,alikeY,,,0.61,,,,co-hyponym,
artificially,naturally,y,alikeY,,,0.58,,n,adv,antonym,complementary
ascend,fall,n,alikeX,0.64,,,,,verb,antonym-secondary,reversive
ascending,descending,y,both,0.97,paired,0.79,paired,n,adj/verb,antonym,complementary
ascent,descent,y,both,0.95,,0.69,paired,n,noun,antonym,complementary
asked,answered,n,alikeX,0.63,,,,,verb,antonym,complementary
asks,answers,n,alikeX,0.55,,,,,verb,antonym,complementary
asleep,awake,y,both,0.92,paired,0.98,paired,n,adj,antonym,complementary
assailant,victim,n,both,0.77,,0.83,,n,noun,antonym,complementary
assailants,victims,n,both,0.57,,0.66,,,noun,antonym-secondary,complementary
assets,liabilities,n,alikeX,0.87,paired,,,n,noun,antonym,complementary
assists,goals,n,both,0.74,,0.98,,n,noun,co-hyponym,complementary
atmospheric,terrestrial,n,both,0.57,,0.52,,n,adj,co-hyponym,multiple incompatibility
atop,below,n,alikeX,0.57,,,,n,adv,antonym-secondary,complementary
attack,defense,n,both,0.82,,0.82,,,noun,antonym,converse
attacked,defended,n,alikeX,0.65,paired,,,,adj/verb,antonym,converse
attacker,victim,n,both,0.73,,0.8,,n,noun,antonym,complementary
attacking,defending,n,both,0.86,,0.87,,n,adj/verb,antonym,complementary
auditory,visual,n,both,0.71,,0.78,,n,adj,co-hyponym,
augmented,real,n,alikeY,,,0.8,,n,adj,antonym,scalar
auth,password,n,alikeX,0.52,,,,,,co-hyponym,
author,reader,n,alikeY,,,0.52,,,noun,antonym,complementary
authorized,unauthorized,y,alikeX,0.62,paired,,,,adj/verb,antonym,complementary
automated,human,n,alikeX,0.52,,,,,,co-hyponym,
automatic,manual,y,both,0.86,,0.95,,n,adj,antonym,scalar
autumn,spring,n,alikeY,,,0.6,,,,co-hyponym,multile incompatibility
avenues,streets,n,alikeY,,,0.61,,,,co-hyponym,
avid,casual,n,alikeX,0.56,,,,,adj,antonym-secondary,scalar
awake,asleep,y,both,0.76,paired,0.75,paired,n,adj,antonym,complementary
away,home,y,both,0.98,,0.68,,n,adj/adv,antonym,complementary
back,front,y,alikeX,0.59,paired,,,,adj/noun,antonym,complementary
backend,front,n,alikeY,,,0.71,,n,adj/noun,antonym-secondary,complementary
backs,forwards,n,both,0.67,,0.71,,,noun,antonym,complementary
backward,forward,y,both,0.85,,0.93,,n,adj/adv,antonym,complementary
backwards,forwards,n,both,0.96,,0.83,,n,adj/adv,antonym,complementary
bad,good,y,both,0.74,,0.99,,n,adj,antonym,scalar
balanced,fair,n,alikeY,,,0.88,,,,nym-near-synonym,
balances,checks,n,alikeY,,,0.99,,n,noun,other-conventional,
barley,wheat,n,both,0.66,paired,0.86,,n,noun,co-hyponym,
barren,fertile,n,alikeY,,,0.82,,n,adj,antonym,complementary
basic,advanced,n,alikeX,0.51,,,,,,co-hyponym,
basically,",",n,alikeY,,,0.81,,,,x-odd,
bass,drum,n,alikeY,,,0.54,,,,other-conventional,
baths,showers,n,both,0.56,,0.66,,n,noun,co-hyponym,
bats,pitchers,n,alikeY,,,0.63,,,,other-related,
batter,pitcher,n,both,0.85,,0.88,,n,noun,antonym,complementary
batters,pitchers,n,both,0.87,,0.84,,n,noun,antonym,complementary
batting,pitching,n,both,0.53,,0.57,,n,verb,antonym,complementary
beast,man,n,both,0.63,,0.88,,n,noun,co-hyponym,
bedrooms,bathrooms,n,alikeX,0.68,,,,,,co-hyponym,
beers,wines,n,alikeY,,,0.57,,,,co-hyponym,
before,after,n,alikeX,0.93,paired,,,n,adv,antonym-temporal,complementary
began,ended,n,alikeX,0.61,,,,n,verb,antonym,complementary
begin,end,y,alikeX,0.85,,,,n,verb,antonym,complementary
beginner,expert,n,alikeX,0.56,,,,,noun,antonym,scalar
beginners,experts,n,alikeX,0.57,,,,,noun,antonym,scalar
beginning,end,n,both,0.51,paired,0.62,paired,n,noun,antonym,complementary
beginnings,endings,n,both,0.59,paired,0.84,paired,,noun,antonym,complementary
begins,ends,n,both,0.96,,0.52,,n,verb,antonym,complementary
behaves,looks,n,both,0.61,,0.85,,,,contrast-conceptual,
behind,front,n,alikeY,,,0.54,,,adj,antonym,complementary
believer,atheist,n,both,0.59,,0.6,,n,noun,antonym,complementary
believers,skeptics,n,both,0.88,paired,0.65,paired,n,noun,antonym,complementary
below,above,y,both,0.87,paired,0.96,paired,n,adj/adv,antonym,complementary
bench,starters,n,both,0.72,,0.71,,,,opposition-indirect,
beneath,above,n,both,0.93,,0.96,,n,adj/adv,antonym,complementary
benefit,cost,n,alikeY,,,0.54,,,noun,antonym,scalar
best,worst,y,both,0.91,paired,0.77,paired,n,adj,antonym,scalar
beta,alpha,n,both,0.84,paired,0.95,,n,adj,co-hyponym,
better,worse,y,both,0.95,paired,0.67,paired,n,adj,antonym,scalar
beverage,food,n,both,0.59,,0.94,,n,noun,antonym,complementary
beverages,food,n,alikeY,,,0.68,,n,noun,antonym,complementary
big,small,y,both,0.91,,0.78,paired,n,adj,antonym,scalar
bigger,smaller,n,both,0.69,,0.71,,n,adj,antonym,scalar
biggest,smallest,n,both,0.68,,0.77,,n,adj,antonym,scalar
bikes,cars,n,both,0.56,,0.72,,n,noun,co-hyponym,
billions,millions,n,both,0.64,,0.61,,n,noun,co-hyponym-numeric,
birth,death,y,both,0.86,,0.77,,,noun,antonym,complementary
births,deaths,n,both,0.92,,0.74,paired,n,noun,antonym,complementary
bisexual,straight,n,alikeY,,,0.6,,,,co-hyponym,
bite,bark,n,alikeY,,,0.59,,,,contrast-conceptual,
black,white,y,both,0.94,paired,0.94,paired,n,adj,antonym,complementary
blacks,whites,n,both,0.98,paired,0.94,paired,n,noun,antonym,complementary
blah,blah,n,alikeY,,,0.63,paired,y,adj,x-identical,
bless,curse,y,alikeX,0.58,,,,n,verb,antonym,complementary
blessing,curse,n,alikeX,0.6,,,,n,noun,antonym,complementary
blind,blind,n,alikeY,,,0.54,paired,,,x-identical,
blood,flesh,n,alikeY,,,0.84,,,,other-conventional,
body,mind,n,both,0.54,paired,0.71,paired,n,noun,antonym,complementary
bolts,nuts,n,alikeY,,,0.82,,,,co-hyponym,
bombings,shootings,n,alikeY,,,0.59,,n,noun,co-hyponym,
bonds,stocks,n,alikeY,,,0.72,,n,noun,co-hyponym,
boom,bust,n,both,0.98,,0.54,paired,n,noun,antonym,complementary
borough,city,n,alikeY,,,0.53,,n,noun,co-hyponym,
borrower,lender,y,both,0.61,paired,0.71,paired,,noun,antonym,complementary
borrowers,lenders,n,both,0.71,paired,0.84,,,noun,antonym,converse
bot,human,n,both,0.58,,0.84,,n,noun,co-hyponym,
bother,friend,n,alikeY,,,0.51,,,,opposition-indirect,
bothers,friends,n,alikeY,,,0.81,,,,opposition-indirect,
bots,humans,n,both,0.59,,0.64,,,,co-hyponym,
bottles,cans,n,alikeY,,,0.74,paired,n,noun,co-hyponym,
bottom,top,y,both,0.9,paired,0.97,paired,n,adj,antonym,scalar
bought,sold,n,alikeX,0.54,,,,,adj/verb,antonym,complementary
bourgeoisie,proletariat,n,both,0.56,,0.52,,n,noun,antonym,complementary
bow,arrow,n,alikeX,0.73,,,,,,co-hyponym,
bows,arrows,n,alikeX,0.9,,,,n,noun,co-hyponym,
boyfriend,girlfriend,n,both,0.74,,0.63,paired,n,noun,antonym,complementary
boys,girls,n,both,0.89,paired,0.76,paired,n,noun,antonym,complementary
braking,acceleration,n,both,0.64,,0.68,,,noun,antonym,scalar
breadth,depth,n,alikeX,0.54,,,,,noun,antonym,complementary
breakfast,dinner,n,both,0.61,,0.59,,n,noun,co-hyponym,
bred,born,n,alikeY,,,0.8,,,,other-conventional,
brethren,sisters,n,alikeX,0.6,,,,,noun,antonym-secondary,complementary
bride,groom,n,both,0.99,paired,0.94,paired,n,noun,antonym,complementary
brief,long,n,alikeY,,,0.64,,n,adj,antonym,scalar
brightest,best,n,alikeY,,,0.89,,n,adj,other-conventional,
broad,narrow,n,both,0.65,,0.62,,n,adj,antonym,scalar
broadcast,print,n,alikeY,,,0.75,,,,co-hyponym,
broke,rich,n,alikeY,,,0.57,,,adj,antonym-secondary,scalar
brother,sister,y,both,0.9,,0.59,paired,n,noun,antonym,complementary
brothers,sisters,n,both,0.92,paired,0.71,paired,,noun,antonym,complementary
brown,white,n,both,0.56,,0.8,,,,co-hyponym,
brunch,dinner,n,alikeX,0.74,,,,n,noun,co-hyponym,
bullied,bullied,n,alikeY,,,0.52,paired,,,x-identical,
bumps,bruises,n,alikeX,0.82,,,,,,co-hyponym,
burglary,theft,n,alikeY,,,0.52,,n,noun,co-hyponym,
bushes,trees,n,alikeY,,,0.58,,n,noun,co-hyponym,
bust,boom,n,alikeY,,,0.97,paired,n,noun,antonym,complementary
butter,bread,n,alikeY,,,0.56,,,,co-hyponym,
buy,sell,y,both,0.92,,0.58,paired,n,verb,antonym,converse
buyer,seller,n,both,0.97,paired,0.72,paired,n,noun,antonym,converse
buyers,sellers,n,both,0.97,paired,0.79,paired,n,noun,antonym,converse
buying,selling,n,both,0.88,paired,0.57,paired,n,verb,antonym,converse
buys,sells,n,alikeX,0.87,,,,n,verb,antonym,converse
by,large,n,alikeX,0.6,,,,,,other-conventional,
bye,hello,n,alikeX,0.57,,,,,other/interjection,antonym,complementary
cable,satellite,n,alikeX,0.6,,,,n,adj,co-hyponym,
came,went,n,alikeX,0.65,,,,,verb,antonym,
canine,human,n,both,0.86,,0.89,,n,adj,co-hyponym,
canned,bottled,n,both,0.64,,0.53,,n,adj,co-hyponym,
cans,bottles,n,both,0.88,,0.93,paired,n,noun,co-hyponym,
cant,can,n,alikeY,,,0.67,,n,verb,antonym,complementary
capitalism,socialism,y,alikeY,,,0.63,paired,n,noun,co-hyponym,
carbohydrate,protein,n,both,0.63,,0.63,,n,noun,co-hyponym,
carbohydrates,proteins,n,alikeY,,,0.56,,,,co-hyponym,
cargo,passengers,n,alikeY,,,0.53,,,,co-hyponym,
carriage,horse,n,alikeY,,,0.94,,n,noun,other-related,
carrot,stick,n,alikeX,0.51,,,,n,noun,other-conventional,
cast,crew,n,alikeX,0.93,,,,,,co-hyponym,
casual,professional,n,both,0.51,,0.59,,,,co-hyponym,
cat,dog,n,alikeY,,,0.73,,n,noun,co-hyponym,
catcher,pitcher,n,both,0.73,,0.79,,n,noun,antonym,complementary
catching,throwing,n,both,0.51,,0.73,,n,verb,antonym,converse
cats,dogs,n,both,0.8,paired,0.9,paired,n,noun,co-hyponym,
caucuses,primaries,n,both,0.54,paired,0.71,paired,n,noun,co-hyponym,
cause,effect,n,alikeX,0.9,paired,,,n,noun,antonym,complementary
cavalry,infantry,n,both,0.9,,0.91,,n,noun,co-hyponym,
cease,des,n,alikeX,0.67,,,,,partial token,x-none,
ceiling,floor,n,alikeX,0.62,,,,n,noun,antonym,complementary
ceilings,walls,n,alikeY,,,0.7,,n,noun,co-hyponym,
celestial,terrestrial,n,both,0.54,,0.51,,n,adj,co-hyponym,multiple incompatibility
center,left,n,alikeY,,,0.61,,,,co-hyponym,
centralized,decentralized,y,alikeX,0.55,,,,n,adj/verb,antonym,complementary
centrally,locally,n,both,0.54,,0.65,,n,adv,antonym,scalar
centre,left,n,alikeY,,,0.53,,,,co-hyponym,
cents,dollars,n,alikeX,0.59,,,,n,noun,co-hyponym,
chained,free,n,alikeY,,,0.55,,,adj,antonym-secondary,complementary
challenges,opportunities,n,alikeX,0.52,,,,,noun,antonym-secondary,complementary
chances,goals,n,alikeY,,,0.52,,,,co-hyponym,
chaos,order,n,both,0.53,paired,0.59,,,noun,antonym,scalar
charged,acquitted,n,alikeX,0.74,,,,,,co-hyponym,
cheaper,more,n,alikeX,0.58,,,,,,proform,
cheek,tongue,n,alikeY,,,0.88,,,,co-hyponym,
chemistry,physics,n,alikeY,,,0.52,,,,co-hyponym,
chemotherapy,radiation,n,alikeX,0.54,,,,,,co-hyponym,
child,adult,n,alikeX,0.72,paired,,,n,noun,antonym,multiple incompatibility
childhood,adulthood,n,alikeX,0.66,,,,,noun,antonym,complementary
children,adults,n,both,0.77,paired,0.53,paired,n,noun,antonym,multiple incompatibility
chimpanzees,humans,n,both,0.55,,0.51,,,,co-hyponym,
choose,pick,n,alikeY,,,0.91,,,,other-conventional,
chronic,acute,y,both,0.88,paired,0.89,,n,adj,antonym,complementary
church,state,n,alikeX,0.72,,,,,,co-hyponym,
cider,beer,n,both,0.51,,0.63,,n,noun,co-hyponym,
cis,trans,n,both,0.78,paired,0.72,paired,n,adj,antonym,complementary
civil,military,n,alikeY,,,0.62,,,adj,antonym-secondary,complementary
civilian,military,y,both,0.85,,0.8,,n,adj,antonym,complementary
class,race,n,alikeY,,,0.79,,n,noun,co-hyponym,
classic,modern,n,alikeX,0.52,,,,,adj,antonym-secondary,complementary
classical,modern,n,both,0.67,,0.75,,n,adj,antonym,scalar
clean,dirty,y,both,0.61,paired,0.74,paired,n,adj,antonym,scalar
closed,open,y,both,0.57,paired,0.89,paired,n,adj,antonym,scalar
closing,opening,y,both,0.51,paired,0.9,,n,verb,antonym,scalar
clothed,naked,n,both,0.57,paired,0.6,paired,,adj,antonym,complementary
cloudy,sunny,n,both,0.53,,0.79,,n,adj,co-hyponym,
coach,player,n,both,0.79,,0.88,paired,n,noun,co-hyponym,
coaches,players,n,both,0.8,,0.78,,n,noun,co-hyponym,
coastal,inland,y,both,0.64,,0.66,paired,n,adj,antonym,complementary
cocoa,coffee,n,alikeY,,,0.56,,,,co-hyponym,
cold,hot,y,alikeY,,,0.74,paired,n,adj,antonym,scalar
colder,warmer,n,both,0.51,paired,0.75,paired,n,adj,antonym,scalar
collective,individual,n,both,0.93,,0.93,,n,adj,antonym,complementary
collectively,individually,n,both,0.95,paired,0.97,paired,n,adv,antonym,complementary
collegiate,professional,n,both,0.6,,0.57,,,,co-hyponym,
colored,white,n,both,0.82,,0.94,,n,adj,co-hyponym,
combo,single,n,alikeY,,,0.57,,n,adj/noun,contrast-group-individual ,
come,go,y,alikeX,0.92,,,,n,verb,antonym,complementary
comedic,serious,n,alikeY,,,0.54,,n,adj,antonym,scalar
comes,goes,n,alikeX,0.65,,,,n,verb,antonym,complementary
coming,going,n,alikeX,0.89,paired,,,n,verb,antonym,complementary
communism,capitalism,n,both,0.7,,0.55,,n,noun,co-hyponym,
communist,capitalist,n,alikeX,0.65,,,,n,adj/noun,co-hyponym,
complex,simple,y,alikeY,,,0.83,,n,adj,antonym,scalar
complicated,simple,n,alikeY,,,0.77,,n,adj,antonym,scalar
compliment,insult,n,alikeX,0.54,,,,,noun,antonym,scalar
compulsory,voluntary,n,both,0.6,,0.55,,,adj,antonym,scalar
con,pro,y,alikeY,,,0.99,,n,noun,antonym,complementary
conditions,terms,n,alikeY,,,0.65,,,,other-conventional,
confess,deny,n,alikeX,0.5,,,,,verb,antonym-secondary,complementary
confirm,deny,n,alikeX,0.96,,,,n,verb,antonym,complementary
confirming,denying,n,alikeX,0.87,,,,,verb,antonym,complementary
confirms,denies,n,alikeX,0.8,,,,,verb,antonym,complementary
confirms,rumors,n,alikeY,,,0.64,,,,other-related,
cons,pros,n,both,0.98,,0.99,,n,noun,antonym,complementary
conscious,unconscious,y,both,0.72,paired,0.58,paired,,adj,antonym,scalar
consciously,unconsciously,y,both,0.88,paired,0.56,paired,n,adv,antonym,complementary
conservatism,liberalism,n,both,0.71,paired,0.81,paired,n,noun,antonym,scalar
conservative,liberal,y,both,0.88,paired,0.94,paired,n,noun,antonym,scalar
conservatives,liberals,n,both,0.8,paired,0.87,paired,n,noun,antonym,scalar
considerable,small,n,alikeY,,,0.58,,,adj,antonym-secondary,scalar
console,PC,n,both,0.75,,0.57,,n,noun,co-hyponym,
constructive,destructive,y,both,0.72,,0.5,,,adj,antonym,scalar
consulate,embassy,n,alikeY,,,0.55,,n,noun,co-hyponym,
consumption,production,n,alikeY,,,0.52,,,noun,antonym-secondary,
contaminated,clean,n,alikeY,,,0.59,,,adj,antonym-secondary,scalar
contra,pro,n,both,0.79,,0.96,,n,adv,antonym-secondary,complementary
contraction,expansion,y,both,0.64,,0.81,,n,noun,antonym,scalar
contrast,compare,n,alikeY,,,0.82,,,,other-conventional,
contributor,reader,n,alikeY,,,0.64,,,,co-hyponym,
contributors,readers,n,both,0.62,,0.53,,,,co-hyponym,
convertible,sedan,n,alikeY,,,0.52,,,,co-hyponym,
cooked,raw,y,both,0.77,,0.92,,n,adj,antonym,scalar
cooled,heated,n,alikeY,,,0.51,,n,adj/verb,antonym,scalar
cooling,heating,n,alikeY,,,0.85,,n,adj/verb,antonym,scalar
copies,originals,n,alikeX,0.5,,,,n,noun,antonym,complementary
copy,paste,n,alikeX,0.68,,,,,,co-hyponym,
copy,original,n,alikeY,,,0.63,,n,noun,antonym,complementary
cornerback,receiver,n,both,0.61,,0.7,,n,noun,co-hyponym,
corporation,individual,n,both,0.57,,0.79,,n,noun,contrast-group-individual ,
correct,incorrect,y,alikeX,0.68,paired,,,,adj,antonym,complementary
correctly,incorrectly,y,alikeX,0.84,paired,,,,adv,antonym,complementary
corrupt,honest,n,alikeY,,,0.54,,,adj,antonym-secondary,scalar
counties,cities,n,alikeY,,,0.73,,n,noun,co-hyponym,
countryside,city,n,both,0.6,,0.73,,n,noun,antonym,complementary
county,city,n,alikeY,,,0.72,,n,noun,co-hyponym,
coupled,single,n,both,0.51,,0.59,,n,adj,antonym,complementary
couples,singles,n,both,0.53,paired,0.75,,n,noun,antonym,complementary
covert,overt,y,alikeY,,,0.74,paired,n,adj,antonym,complementary
cowardly,brave,y,alikeY,,,0.62,,,adj,antonym,scalar
crafts,arts,n,alikeY,,,0.71,,,,other-conventional,
crawling,walking,n,both,0.53,,0.64,,n,verb,co-hyponym,
crazy,sane,n,alikeX,0.5,,,,,adj,antonym,scalar
creates,destroys,n,alikeX,0.58,,,,,verb,antonym,complementary
creditor,debtor,y,alikeX,0.66,paired,,,n,noun,antonym,converse
creed,race,n,alikeY,,,0.5,,,,co-hyponym,
criticism,praise,n,both,0.53,,0.83,paired,n,noun,antonym,scalar
criticisms,praise,n,alikeY,,,0.57,,,noun,antonym,scalar
critique,praise,n,alikeY,,,0.72,,n,noun,antonym,scalar
critiques,praise,n,alikeY,,,0.55,,,noun,antonym-secondary,scalar
crying,laughing,n,both,0.64,paired,0.82,paired,n,verb,antonym,scalar
crypto,fiat,n,both,0.64,,0.65,,n,adj,antonym-secondary,complementary
culprit,victim,n,both,0.72,,0.76,,n,noun,antonym,complementary
curly,straight,y,both,0.69,,0.87,,n,adj,antonym,scalar
current,past,n,alikeY,,,0.53,,,,co-hyponym-temporal,
curse,blessing,n,alikeY,,,0.55,,n,noun,antonym,complementary
cursed,blessed,y,both,0.81,,0.87,,n,adj/verb,antonym,complementary
curved,straight,y,alikeY,,,0.56,,n,adj,antonym,scalar
cyclist,pedestrian,n,both,0.66,paired,0.51,,n,noun,co-hyponym,
cyclists,pedestrians,n,both,0.63,paired,0.52,,,,co-hyponym,
dad,mom,n,alikeY,,,0.68,,n,noun,antonym,complementary
dads,moms,n,alikeY,,,0.79,,n,noun,antonym,complementary
dagger,sword,n,alikeY,,,0.6,,,,co-hyponym,
dairy,meat,n,both,0.58,,0.72,,n,noun,co-hyponym,
damp,dry,n,both,0.66,,0.72,,n,adj,antonym-secondary,scalar
dark,light,y,both,0.9,,0.95,,n,adj/noun,antonym,scalar
darker,lighter,n,both,0.7,,0.58,,n,adj,antonym,scalar
darkest,brightest,n,both,0.85,,0.74,,n,adj,antonym,scalar
darkness,light,n,both,0.91,,0.9,,n,noun,antonym,scalar
daughters,sons,n,both,0.63,paired,0.63,,n,noun,antonym,complementary
dawn,dusk,n,both,0.75,paired,0.57,paired,n,noun,antonym,complementary
day,night,y,both,0.99,paired,0.97,paired,n,noun,antonym,complementary
days,nights,n,alikeX,0.58,paired,,,,noun,antonym,complementary
daytime,nighttime,n,both,0.62,,0.72,paired,n,noun,antonym,complementary
dead,living,y,both,0.7,paired,0.78,paired,,adj,antonym-secondary,complementary
dear,near,n,alikeY,,,0.97,,,,other-conventional,
death,life,n,alikeY,,,0.66,,n,noun,antonym,complementary
deaths,births,n,alikeY,,,0.73,paired,,noun,antonym,complementary
deb,pro,n,alikeY,,,0.52,,,partial token,x-none,
debit,credit,y,both,0.94,,0.95,,n,noun,antonym,complementary
debtor,creditor,y,both,0.91,paired,0.84,,n,noun,antonym,converse
deceased,living,n,both,0.79,,0.88,,n,adj,antonym,complementary
decentralized,centralized,y,alikeY,,,0.86,,n,adj/verb,antonym,complementary
decode,encode,y,alikeY,,,0.57,,n,verb,antonym,reversive
decoding,encoding,n,alikeY,,,0.64,,n,verb,antonym,reversive
decrease,increase,y,alikeY,,,0.8,,n,noun/verb,antonym,scalar
decreases,increases,n,both,0.6,paired,0.91,,n,verb,antonym,scalar
deed,word,n,alikeY,,,0.78,,,,contrast-conceptual,
deeds,words,n,both,0.61,,0.9,,n,noun,contrast-conceptual,complementary
defeat,victory,y,alikeY,,,0.83,paired,n,noun,antonym,complementary
defeats,victories,n,alikeY,,,0.62,,,noun,antonym,complementary
defence,offence,y,both,0.57,paired,0.62,paired,,noun,antonym,complementary
defend,attack,y,alikeY,,,0.66,,n,verb,antonym,reversive
defended,attacked,n,both,0.66,paired,0.65,,n,verb,antonym,reversive
defender,attacker,n,alikeX,0.57,,,,n,noun,antonym,reversive
defenders,attackers,n,both,0.68,,0.53,,n,noun,antonym,reversive
defense,offense,y,both,0.98,paired,0.99,paired,n,noun,antonym,complementary
defenses,offenses,n,both,0.82,paired,0.77,paired,n,noun,antonym,complementary
defensive,offensive,y,both,0.84,paired,0.94,paired,n,adj,antonym,complementary
defensively,offensively,y,both,0.99,paired,0.99,paired,n,adv,antonym,complementary
deflation,inflation,y,alikeY,,,0.61,,n,noun,antonym,complementary
deliberately,accidentally,y,alikeY,,,0.6,,n,adv,antonym,complementary
demand,supply,y,both,0.94,paired,0.97,paired,n,noun,antonym,complementary
democrat,republican,n,alikeX,0.66,paired,,,n,noun,co-hyponym,complementary
demolition,construction,n,alikeY,,,0.6,,,noun,antonym,complementary
demon,human,n,alikeY,,,0.61,,n,noun,co-hyponym,
demonic,human,n,both,0.71,,0.63,,,,co-hyponym,
demons,angels,n,alikeY,,,0.71,paired,,,co-hyponym,
dental,medical,n,alikeY,,,0.54,,,,co-hyponym,
departing,arriving,n,both,0.64,paired,0.87,paired,n,adj/verb,antonym,reversive
departure,arrival,n,alikeY,,,0.78,,,noun,antonym,reversive
departures,arrivals,n,alikeY,,,0.62,paired,,noun,antonym,reversive
deposit,loan,n,alikeY,,,0.63,,,,co-hyponym,
deposits,loans,n,alikeY,,,0.55,,n,noun,co-hyponym,
depreciation,inflation,n,both,0.58,,0.52,,n,noun,co-hyponym,
deprived,rich,n,alikeY,,,0.56,,,adj,antonym-secondary,scalar
derived,original,n,alikeY,,,0.56,,,,co-hyponym,
descending,ascending,y,both,0.84,paired,0.85,paired,n,adj/verb,antonym,complementary
descent,ascent,y,alikeY,,,0.51,paired,,noun,antonym,reversive
descriptor,noun,n,alikeY,,,0.57,,,,x-odd,
destroyer,cruiser,n,alikeY,,,0.8,,n,noun,co-hyponym,
detractors,supporters,n,both,0.51,,0.52,,n,noun,antonym,scalar
detriment,benefit,n,alikeY,,,0.66,,,noun,antonym,scalar
devils,angels,n,alikeY,,,0.68,,,noun,antonym,complementary
diagnoses,symptoms,n,alikeY,,,0.5,,,,co-hyponym,
diced,sliced,n,alikeY,,,0.88,,,,co-hyponym,
dictatorship,democracy,n,alikeY,,,0.59,,n,noun,antonym,scalar
die,live,n,alikeY,,,0.66,,n,verb,antonym,complementary
dies,lives,n,alikeY,,,0.63,,n,verb,antonym,complementary
diesel,gasoline,n,both,0.53,paired,0.5,,n,noun,co-hyponym,
differences,similarities,n,both,0.81,paired,0.97,paired,n,noun,antonym,scalar
difficult,easy,y,alikeY,,,0.7,,n,adj,antonym,scalar
digitally,physically,n,both,0.87,,0.93,,n,adv,antonym,complementary
digits,letters,n,alikeY,,,0.6,,n,noun,co-hyponym,
diluted,whole,n,alikeY,,,0.51,,n,adj,antonym-secondary,reversive
dim,bright,n,alikeY,,,0.62,,n,adj,antonym-secondary,scalar
direct,indirect,y,both,0.96,paired,0.89,paired,n,adj,antonym,complementary
directing,acting,n,alikeY,,,0.51,,,,co-hyponym,
directly,indirectly,y,both,0.99,paired,0.91,paired,n,adv,antonym,complementary
directors,shareholders,n,alikeY,,,0.55,,n,noun,co-hyponym,
dirty,clean,y,both,0.65,paired,0.9,paired,n,adj,antonym,scalar
disable,enable,y,alikeY,,,0.85,,n,verb,antonym,reversive
disadvantage,advantage,y,alikeY,,,0.85,,n,noun,antonym,complementary
disadvantaged,privileged,n,alikeX,0.61,,,,,adj,antonym-secondary,scalar
disadvantages,advantages,n,both,0.57,paired,0.93,,n,noun,antonym,complementary
disagree,agree,y,both,0.64,paired,0.89,,n,verb,antonym,complementary
disagrees,agrees,n,alikeX,0.55,paired,,,n,verb,antonym,complementary
disapprove,approve,y,alikeY,,,0.96,,n,verb,antonym,scalar
disbel,believers,n,alikeY,,,0.53,,,partial token,x-none,
disconnected,connected,n,alikeY,,,0.7,,,adj,antonym,scalar
disembark,board,n,alikeY,,,0.64,,,verb,antonym-secondary,complementary
disorder,order,y,alikeY,,,0.69,,,noun,antonym,scalar
distance,time,n,alikeY,,,0.52,,,,co-hyponym,
distant,near,n,alikeY,,,0.52,,,adj,antonym-secondary,scalar
divide,conquer,n,alikeX,0.88,,,,n,noun,other-conventional,
divided,united,y,alikeY,,,0.64,,n,adj/verb,antonym,scalar
divorce,marriage,n,alikeY,,,0.63,,n,noun,antonym,complementary
divorced,married,n,alikeY,,,0.56,,n,adj/verb,antonym,complementary
doctor,patient,n,alikeY,,,0.62,,,noun,antonym,converse
doctoral,undergraduate,n,alikeY,,,0.59,,n,adj/noun,co-hyponym,
documentary,fiction,n,alikeY,,,0.67,,n,noun,antonym,complementary
dogs,cats,n,both,0.58,paired,0.62,paired,n,noun,co-hyponym,
domestic,foreign,y,both,0.65,paired,0.85,paired,n,adj,antonym,complementary
domestically,internationally,n,alikeX,0.56,,,,,adv,antonym-secondary,
done,said,n,alikeY,,,0.74,,,,co-hyponym,complementary
donor,recipient,n,alikeX,0.59,,,,,noun,antonym,complementary
doom,gloom,n,alikeX,0.56,,,,,,other-conventional,
doors,windows,n,both,0.64,,0.73,paired,n,noun,co-hyponym,
dormant,active,y,alikeY,,,0.67,,n,adj,antonym-secondary,complementary
double,single,y,alikeY,,,0.72,,n,adj,co-hyponym-numeric,complementary
doubled,single,n,alikeY,,,0.58,,,,co-hyponym-numeric,
doubles,singles,n,both,0.95,,0.94,,n,noun,co-hyponym-numeric,complementary
down,up,y,both,0.7,paired,0.97,paired,n,adj/adv,antonym,scalar
downhill,uphill,n,both,0.55,paired,0.96,paired,n,adj,antonym,scalar
download,print,n,alikeY,,,0.66,,,,co-hyponym,
downs,ups,n,both,0.61,paired,0.96,paired,n,noun,antonym,scalar
downside,upside,n,both,0.86,paired,0.87,paired,n,noun,antonym,scalar
downstairs,upstairs,y,both,0.92,paired,0.99,paired,n,adj/adv/noun,antonym,complementary
downstream,upstream,y,both,0.99,paired,1,paired,n,adj/adv,antonym,complementary
downt,up,n,alikeY,,,0.64,,,partial token,x-none,
downtown,suburbs,n,both,0.65,,0.51,,,,co-hyponym,
downturn,boom,n,alikeY,,,0.7,,n,noun,antonym-secondary,complementary
downward,upward,y,both,0.87,paired,0.81,paired,n,adj/adv,antonym,scalar
downwards,upwards,y,both,0.73,paired,0.73,paired,n,adj/adv,antonym,scalar
dracon,human,n,both,0.73,,0.69,,,,co-hyponym,
draws,wins,n,alikeY,,,0.92,,n,noun,antonym,multiple incompatibility
dreaming,waking,n,both,0.51,,0.64,,,,co-hyponym,
dreams,nightmares,n,alikeX,0.64,,,,,noun,antonym,scalar
dried,fresh,n,both,0.74,,0.95,,n,adj,antonym,scalar
drink,food,n,alikeY,,,0.91,,n,noun,co-hyponym,
drinks,food,n,alikeY,,,0.84,,n,noun,co-hyponym,
driver,passenger,n,both,0.79,,0.75,,n,noun,antonym,converse
drivers,passengers,n,alikeX,0.59,,,,,noun,antonym,converse
droid,human,n,both,0.59,,0.78,,n,noun,co-hyponym,
drunk,sober,n,both,0.68,paired,0.67,paired,n,adj,antonym,scalar
drunken,sober,n,both,0.56,,0.71,,n,adj,antonym-secondary,scalar
dry,wet,y,alikeY,,,0.92,paired,n,adj,antonym,scalar
dual,single,n,alikeY,,,0.87,,n,adj,antonym,complementary
dun,dun,n,alikeY,,,0.55,paired,,,x-identical,
duplicate,original,n,alikeY,,,0.73,,,,co-hyponym,
during,after,n,alikeX,0.81,,,,n,other/preposition,co-hyponym-temporal,
during,before,n,alikeY,,,0.88,,n,other/preposition,co-hyponym-temporal,
dusk,dawn,n,both,0.95,paired,0.95,paired,n,noun,antonym,complementary
dying,living,n,alikeY,,,0.68,,,adj/verb,antonym,scalar
eBay,Amazon,n,alikeY,,,0.55,,n,noun,co-hyponym,
eBook,Print,n,alikeY,,,0.55,,,,co-hyponym,
earlier,later,n,alikeX,0.82,,,,n,adj,antonym-temporal,scalar
early,late,y,alikeY,,,0.53,paired,n,adj,antonym-temporal,scalar
ears,eyes,n,both,0.65,,0.89,,n,noun,co-hyponym,
earth,heaven,n,alikeY,,,0.62,,,,co-hyponym,
easier,harder,n,both,0.51,,0.57,,n,adj,antonym,scalar
easiest,hardest,n,both,0.77,paired,0.66,paired,n,adj,antonym,scalar
east,west,y,both,0.98,paired,0.92,paired,n,adj/noun,antonym,multiple incompatibility
eastern,western,y,both,0.97,paired,0.93,paired,n,adj,antonym,multiple incompatibility
ebook,print,n,both,0.73,,0.75,,n,adj,co-hyponym,complementary
economic,political,n,alikeX,0.53,,,,,,co-hyponym,
economics,politics,n,alikeX,0.5,,,,,,co-hyponym,
editors,readers,n,alikeX,0.51,,,,,,co-hyponym,
effect,cause,n,both,0.73,paired,0.99,,n,noun,antonym,complementary
effects,causes,n,alikeY,,,0.72,,n,noun,antonym,complementary
egg,chicken,n,alikeY,,,0.72,,,,contrast-conceptual,
eighteenth,nineteenth,n,alikeX,0.8,,,,n,adj,co-hyponym-numeric,
eighth,ninth,n,alikeX,0.77,,,,n,adj,co-hyponym-numeric,
eighth,seventh,n,alikeY,,,0.51,,,,co-hyponym-numeric,
either,",",n,alikeY,,,0.61,,,,x-odd,
elaborate,simple,n,alikeY,,,0.6,,n,adj,antonym,scalar
eldest,youngest,n,both,0.86,,0.77,,n,adj,antonym,scalar
electronically,physically,n,both,0.8,,0.9,,n,adv,antonym-secondary,complementary
elf,human,n,both,0.7,,0.71,,n,noun,co-hyponym,
elves,humans,n,both,0.53,,0.53,,,,co-hyponym,
embryonic,adult,n,alikeX,0.53,,,,,adj,antonym-secondary,complementary
emerging,established,n,both,0.76,,0.77,,,,co-hyponym,
employed,unemployed,y,alikeX,0.8,,,,,adj,antonym,complementary
employer,employee,y,both,0.89,,0.86,,n,noun,antonym,converse
employers,employees,n,both,0.82,,0.73,,n,noun,antonym,converse
enabled,disabled,n,both,0.77,,0.61,,n,adj/verb,antonym,reversive
enclosed,open,n,alikeY,,,0.51,,n,adj,antonym,scalar
encode,decode,y,alikeX,0.7,,,,n,verb,antonym,complementary
end,beginning,n,both,0.79,paired,0.86,paired,n,noun,antonym,complementary
ending,beginning,y,alikeY,,,0.82,,n,noun,antonym,complementary
endings,beginnings,n,both,0.66,paired,0.65,paired,n,noun,antonym,complementary
endogenous,synthetic,n,alikeX,0.6,,,,n,adj,co-hyponym,
endowed,poor,n,alikeY,,,0.53,,,adj,antonym-secondary,scalar
ends,means,n,alikeY,,,0.51,,,,contrast-conceptual,
enemies,friends,n,alikeY,,,0.81,,n,noun,antonym,scalar
enemy,friend,n,alikeY,,,0.68,,n,noun,antonym,scalar
engineered,natural,n,alikeY,,,0.57,,n,adj,antonym-secondary,complementary
enlightened,ignorant,n,alikeX,0.52,,,,,adj,antonym-secondary,scalar
enlisted,officers,n,both,0.8,,0.8,,,,co-hyponym,
enormous,small,n,alikeY,,,0.53,,n,adj,antonym-secondary,scalar
ensemble,solo,n,alikeY,,,0.53,,n,adj/noun,antonym,complementary
enslaved,free,n,both,0.65,,0.7,,n,adj,antonym,complementary
enterprises,individuals,n,alikeY,,,0.57,,n,noun,contrast-group-individual ,
enters,exits,n,alikeX,0.72,,,,,verb,antonym,reversive
entrance,exit,n,alikeX,0.9,,,,n,noun,antonym,complementary
entrances,exits,n,alikeX,0.91,paired,,,n,noun,antonym,complementary
episode,season,n,alikeY,,,0.54,,,,co-hyponym,
equitable,fair,n,alikeY,,,0.7,,n,adj,other-conventional,
estrogen,testosterone,n,both,0.58,,0.64,,n,noun,antonym,complementary
eternity,time,n,alikeY,,,0.54,,,,co-hyponym-temporal,
euro,dollar,n,both,0.52,,0.5,,,,co-hyponym,
euros,dollars,n,both,0.75,,0.78,,n,noun,co-hyponym,
even,",",n,alikeY,,,0.71,,,,x-odd,
evening,morning,n,both,0.66,paired,0.76,,n,noun,antonym,multiple incompatibility
evenings,mornings,n,both,0.51,paired,0.68,paired,n,noun,antonym,multiple incompatibility
eventually,",",n,alikeY,,,0.78,,,,x-odd,
ever,ever,n,alikeX,0.71,paired,,,,,x-identical,
everywhere,nowhere,n,alikeX,0.58,paired,,,,adv,antonym,complementary
evil,good,y,both,0.96,paired,0.98,paired,n,adj,antonym,scalar
exceeds,meets,n,alikeY,,,0.72,,n,verb,contrast-scalar,multiple incompatibility
exception,rule,n,both,0.51,,0.5,,,noun,antonym,complementary
exclude,include,y,alikeY,,,0.55,,n,verb,antonym,scalar
excludes,includes,n,alikeY,,,0.68,,n,verb,antonym,scalar
excluding,including,n,alikeY,,,0.57,,n,verb,antonym,scalar
exclusion,inclusion,y,both,0.6,,0.89,,n,noun,antonym,complementary
exiting,entering,n,alikeY,,,0.58,,,verb,antonym,reversive
exits,entrances,n,both,0.57,paired,0.86,,,noun,antonym,reversive
expenditure,income,n,alikeY,,,0.56,,,noun,antonym,complementary
expenditures,revenues,n,both,0.5,,0.64,,,noun,antonym,complementary
explicit,implicit,y,both,0.65,paired,0.62,paired,n,adj,antonym,scalar
explicitly,implicitly,y,both,0.95,paired,0.9,paired,n,adv,antonym,scalar
exponential,linear,n,both,0.52,,0.63,,n,adj,co-hyponym,
export,import,y,both,0.71,paired,0.66,paired,n,noun,antonym,complementary
exporting,importing,n,both,0.7,paired,0.64,paired,n,verb,antonym,complementary
exports,imports,n,both,0.89,paired,0.79,paired,n,noun,antonym,complementary
expressed,implied,n,alikeX,0.55,,,,n,adj/verb,antonym-secondary,complementary
expressly,implicitly,n,both,0.91,,0.76,,n,adv,antonym-secondary,scalar
exterior,interior,y,both,0.98,paired,0.99,paired,n,noun,antonym,complementary
external,internal,y,both,0.98,paired,0.99,paired,n,adj,antonym,complementary
externally,internally,y,both,0.98,paired,0.99,paired,n,adv,antonym,complementary
extinct,living,n,alikeY,,,0.63,,,adj,antonym-secondary,complementary
extraordinary,ordinary,y,both,0.56,,0.67,,n,adj/noun,antonym,scalar
extreme,moderate,n,alikeY,,,0.65,,,,contrast-scalar,
extremists,moderates,n,alikeX,0.68,,,,,,co-hyponym,
fabricated,real,n,alikeY,,,0.71,,n,adj,antonym-secondary,scalar
facebook,twitter,n,both,0.54,,0.54,,,,co-hyponym,
faces,names,n,alikeY,,,0.5,,,,co-hyponym,
fact,fiction,n,both,0.89,,0.56,,n,noun,antonym,complementary
facts,fiction,n,alikeX,0.57,,,,,noun,antonym,complementary
faculties,students,n,both,0.78,,0.76,,,noun,antonym,complementary
faculty,students,n,both,0.86,,0.87,,,,co-hyponym,
fail,succeed,y,alikeY,,,0.59,paired,n,verb,antonym,scalar
failed,successful,n,alikeY,,,0.57,,,adj,antonym,scalar
failure,success,y,both,0.73,paired,0.91,,n,noun,antonym,scalar
failures,successes,n,both,0.73,paired,0.86,paired,n,noun,antonym,scalar
fake,real,n,both,0.66,,0.8,,n,adj,antonym,scalar
faked,real,n,both,0.75,,0.85,,n,adj,antonym,scalar
fall,rise,y,alikeY,,,0.83,paired,,verb,antonym,reversive
fallacy,truth,n,alikeY,,,0.6,,,noun,antonym-secondary,complementary
falling,rising,y,both,0.8,,0.83,,n,adj/verb,antonym,reversive
falls,rises,n,alikeY,,,0.61,,,verb,antonym,reversive
FALSE,TRUE,y,both,0.58,paired,0.9,,,adj,antonym,complementary
falsehood,truth,y,both,0.66,,0.92,,n,noun,antonym-secondary,complementary
fam,friends,n,alikeY,,,0.63,,,,co-hyponym,
family,friends,n,both,0.8,,0.85,,n,noun,co-hyponym,
far,near,y,both,0.9,paired,0.99,paired,n,adj,antonym,scalar
farther,closer,n,alikeY,,,0.51,,n,adj,antonym,scalar
fascism,communism,n,alikeY,,,0.53,,,,co-hyponym,
fast,slow,y,both,0.51,paired,0.79,paired,n,adj,antonym,scalar
fastball,slider,n,alikeY,,,0.54,,,,co-hyponym,
faster,slower,n,alikeY,,,0.68,paired,n,adj,antonym,scalar
fatalities,injuries,n,both,0.6,,0.65,,n,noun,co-hyponym,
father,son,n,both,0.73,paired,0.55,paired,,,co-hyponym,
fathers,mothers,n,alikeY,,,0.73,,n,noun,antonym,complementary
faux,real,n,both,0.71,,0.81,,n,adj,antonym,scalar
favorable,unfavorable,y,both,0.94,paired,0.7,paired,n,adj,antonym,scalar
favorably,negatively,n,alikeX,0.87,,,,n,adv,antonym,scalar
favoring,opposing,n,alikeX,0.83,,,,n,adj/verb,antonym,scalar
fears,hopes,n,alikeY,,,0.56,,,,opposition-indirect,
federal,state,n,both,0.79,,0.83,,n,noun,antonym,complementary
federally,locally,n,both,0.72,,0.8,,n,adv,antonym,complementary
feeble,strong,n,alikeY,,,0.63,,n,adj,antonym,scalar
feel,look,n,alikeY,,,0.83,,,noun/verb,antonym-secondary,complementary
feels,looks,n,alikeY,,,0.69,,,verb,antonym-secondary,complementary
fell,rose,n,both,0.67,,0.93,,n,verb,antonym,reversive
felony,misdemeanor,n,both,0.96,paired,0.93,paired,n,noun,co-hyponym,
female,male,y,both,0.99,paired,0.99,paired,n,adj/noun,antonym,complementary
females,males,n,both,0.99,paired,0.97,paired,n,noun,antonym,complementary
feminine,masculine,y,both,0.92,paired,0.97,paired,n,adj,antonym,complementary
feminists,men,n,alikeX,0.54,,,,,,opposition-indirect,
fentanyl,heroin,n,both,0.59,,0.64,,n,noun,co-hyponym,
fetal,adult,n,alikeX,0.75,,,,,adj,antonym-secondary,complementary
few,many,y,both,0.78,paired,0.89,,n,adj,antonym,scalar
fewer,more,y,both,0.66,,0.7,,n,adj,antonym,scalar
fictional,real,n,both,0.54,,0.64,,n,adj,antonym,scalar
fictitious,real,n,alikeY,,,0.55,,n,adj,antonym,scalar
fifth,fourth,n,alikeY,,,0.53,,n,noun,co-hyponym-numeric,
filled,empty,n,both,0.63,,0.66,,n,adj/verb,antonym,scalar
finer,lesser,n,both,0.57,,0.69,,,,opposition-indirect,
finish,start,y,alikeY,,,0.68,,n,verb,antonym,complementary
finished,unfinished,y,alikeX,0.53,,,,,adj,antonym,scalar
finite,infinite,y,both,0.84,paired,0.73,paired,n,adj,antonym,complementary
fired,hired,n,alikeY,,,0.69,,,,co-hyponym,
fishing,hunting,n,alikeY,,,0.52,,,,co-hyponym,
fits,styles,n,alikeY,,,0.52,,,,co-hyponym,
flagship,budget,n,alikeX,0.65,,,,,,opposition-indirect,
flawless,imperfect,n,alikeY,,,0.54,,,adj,antonym-secondary,scalar
flu,cold,n,alikeY,,,0.6,,n,noun,co-hyponym,
foe,friend,y,both,0.9,paired,0.96,,n,noun,antonym,complementary
foes,friends,n,both,0.84,,0.96,,n,noun,antonym,complementary
folder,file,n,alikeY,,,0.61,,n,noun,co-hyponym,
folders,files,n,alikeY,,,0.7,,n,noun,co-hyponym,
foolish,wise,y,alikeY,,,0.61,,,adj,antonym,scalar
for,against,n,alikeX,0.99,paired,,,n,adv,antonym,complementary
foreground,background,y,both,0.96,,0.86,,n,adj/noun,antonym,complementary
foreign,domestic,y,both,0.71,paired,0.66,paired,n,adj,antonym,complementary
foreigners,locals,n,alikeX,0.58,,,,,noun,antonym-secondary,complementary
foremost,first,n,alikeY,,,0.89,,n,adj,other-conventional,
forfeit,win,n,alikeY,,,0.6,,,,co-hyponym,
forget,forgive,n,alikeY,,,0.6,,,,other-conventional,
fork,knife,n,alikeY,,,0.93,,,,co-hyponym,
forks,knives,n,alikeX,0.71,,,,,,co-hyponym,
form,function,n,alikeX,0.53,,,,,,contrast-conceptual,
formal,informal,y,both,0.92,paired,0.83,paired,n,adj,antonym,complementary
former,current,n,both,0.57,,0.8,,n,adj,antonym,complementary
forth,back,n,alikeY,,,0.75,,n,adv,antonym,complementary
fortunate,unfortunate,y,alikeX,0.76,paired,,,,adj,antonym,scalar
fortunately,unfortunately,y,alikeX,0.87,paired,,,,adv ,antonym,scalar
foul,fair,y,alikeY,,,0.89,,n,adj,other-conventional,scalar
found,lost,y,both,0.64,paired,0.95,,n,adj,antonym,complementary
four,three,n,alikeY,,,0.59,,n,noun,co-hyponym-numeric,
fourth,fifth,n,alikeX,0.62,,,,,,co-hyponym-numeric,
fourth,first,n,alikeY,,,0.51,,,,co-hyponym-numeric,
freezer,fridge,n,alikeY,,,0.59,,n,noun,co-hyponym,
french,english,n,alikeY,,,0.54,,,,co-hyponym,
fresh,old,n,alikeY,,,0.56,,,adj,antonym-secondary,scalar
freshmen,seniors,n,both,0.65,,0.58,,n,noun,co-hyponym,
friend,foe,y,alikeX,0.9,paired,,,n,noun,antonym,complementary
fries,burgers,n,alikeY,,,0.68,,n,noun,co-hyponym,
fringe,mainstream,n,both,0.75,,0.75,,n,adj,antonym,scalar
fro,to,n,alikeY,,,0.94,,n,adv,antonym,complementary
from,to,n,both,0.62,,0.61,,n,adv,antonym,complementary
front,back,y,both,0.9,paired,0.75,,n,adj/noun,antonym,complementary
fructose,glucose,n,both,0.63,,0.61,,n,noun,co-hyponym,
fruits,vegetables,n,alikeX,0.67,,,,n,noun,co-hyponym,
fully,partially,n,alikeX,0.52,,,,n,adv,antonym,scalar
function,form,n,alikeY,,,0.9,,n,noun,contrast-conceptual,
fundamentalist,liberal,n,both,0.58,,0.67,,n,adj,antonym-secondary,scalar
furry,human,n,alikeY,,,0.52,,,,co-hyponym,
future,present,n,alikeX,0.54,paired,,,n,adj/noun,co-hyponym-temporal,multiple incompatibility
future,past,y,alikeY,,,0.61,,n,adj/noun,co-hyponym-temporal,multiple incompatibility
gain,loss,y,both,0.89,,0.52,,n,noun,antonym-secondary,complementary
gained,lost,n,both,0.95,,0.89,,n,verb,antonym-secondary,complementary
gaining,losing,n,both,0.91,,0.78,,n,verb,antonym-secondary,complementary
gains,losses,n,both,0.95,,0.86,,n,noun,antonym-secondary,complementary
gal,guy,n,alikeY,,,0.54,,n,noun,antonym,complementary
gas,oil,n,alikeY,,,0.89,,n,noun,co-hyponym,
gases,liquids,n,both,0.64,,0.66,,n,noun,co-hyponym,multiple incompatibility
gasoline,diesel,n,alikeX,0.55,paired,,,n,noun,co-hyponym,
gay,straight,n,both,0.98,paired,0.97,paired,n,adj,antonym,complementary
gays,lesbians,n,alikeX,0.75,,,,,,co-hyponym,
gender,race,n,alikeY,,,0.52,,n,noun,co-hyponym,
generic,branded,n,both,0.55,,0.51,,n,adj,antonym,complementary
gentleman,ladies,n,alikeY,,,0.73,,,noun,antonym,complementary
gentlemen,ladies,n,both,0.89,paired,0.79,paired,n,noun,antonym,complementary
genus,species,n,both,0.82,,0.71,,n,noun,nym-meronym,
getting,giving,n,alikeY,,,0.82,,,verb,antonym,reversive
gigantic,small,n,alikeY,,,0.5,,n,adj,antonym-secondary,scalar
girl,boy,y,both,0.84,,0.92,,n,noun,antonym,complementary
girlfriend,boyfriend,n,alikeY,,,0.74,paired,n,noun,antonym,complementary
girls,boys,n,both,0.97,paired,0.97,paired,n,noun,antonym,complementary
give,take,y,alikeX,0.66,,,,,verb,antonym,reversive
gives,takes,n,alikeX,0.56,,,,,verb,antonym,reversive
giving,receiving,n,alikeX,0.63,paired,,,,verb,antonym,reversive
global,local,n,both,0.59,,0.66,,n,adj,antonym,complementary
globally,locally,n,both,0.59,,0.58,,n,adv ,antonym,complementary
glyphosate,Roundup,n,alikeX,0.71,,,,,,nym-near-synonym,
go,come,y,alikeY,,,0.92,,,verb,antonym,reversive
goddess,god,n,alikeY,,,0.53,,n,noun,antonym,complementary
goes,comes,n,alikeY,,,0.93,,,verb,antonym,reversive
going,coming,n,both,0.61,paired,0.97,,n,verb,antonym,reversive
gold,silver,n,both,0.72,paired,0.76,paired,n,noun,co-hyponym,
good,evil,y,both,0.73,paired,0.67,paired,,adj/noun,antonym,scalar
goodbye,hello,n,both,0.88,paired,0.95,,n,other/interjection,antonym,complementary
goodness,evil,n,alikeX,0.59,,,,,noun,antonym,scalar
goods,services,n,alikeX,0.59,,,,n,noun,antonym,complementary
governed,governed,n,both,0.61,paired,0.66,paired,,,x-identical,
gown,cap,n,alikeY,,,0.67,,,,co-hyponym,
grad,undergrad,n,alikeY,,,0.52,paired,n,noun,co-hyponym,
grammar,spelling,n,both,0.59,,0.74,,,,co-hyponym,
great,small,n,alikeX,0.63,,,,,adj,antonym-secondary,scalar
greater,lesser,y,both,0.91,paired,0.83,paired,,adj/noun,antonym,scalar
greet,meet,n,alikeY,,,0.86,,n,verb,other-conventional,
greets,meet,n,alikeY,,,0.6,,,,other-conventional,
grilled,fried,n,alikeX,0.5,,,,n,adj/verb,co-hyponym,
groom,bride,n,both,0.75,paired,0.99,paired,n,noun,antonym,complementary
gross,net,y,both,0.71,,0.94,,n,adj,antonym,complementary
group,individual,n,both,0.85,,0.94,,n,noun,antonym,complementary
groups,individuals,n,both,0.82,,0.87,,n,noun,antonym,complementary
guilty,innocent,y,both,0.99,paired,0.97,paired,n,adj,antonym,complementary
guy,girl,n,both,0.71,,0.67,,n,noun,antonym,complementary
guys,girls,n,both,0.8,,0.67,,n,noun,antonym,complementary
halluc,real,n,alikeY,,,0.57,,n,partial token,x-none,
handgun,rifle,n,both,0.57,,0.7,,n,noun,co-hyponym,
handguns,rifles,n,both,0.86,,0.93,,n,noun,co-hyponym,
happy,sad,n,both,0.66,,0.82,paired,n,adj,antonym,scalar
hard,soft,y,both,0.9,paired,0.88,paired,n,adj,antonym,scalar
hardest,easiest,n,both,0.84,paired,0.76,paired,n,adj,antonym,scalar
hardware,software,y,both,0.94,paired,0.9,paired,n,noun,antonym,complementary
harmful,helpful,n,alikeY,,,0.56,,n,adj,antonym,scalar
harming,helping,n,alikeY,,,0.52,,n,adj/verb,antonym,scalar
harms,benefits,n,both,0.54,,0.79,,,noun,antonym,scalar
harsher,softer,n,alikeY,,,0.55,,,adj,antonym-secondary,scalar
harvesting,planting,n,alikeY,,,0.63,,,verb,antonym-secondary,complementary
hate,love,y,both,0.74,,0.94,,n,verb,antonym,scalar
hated,loved,n,alikeY,,,0.76,,n,verb,antonym,scalar
hates,loves,n,both,0.62,,0.79,,n,verb,antonym,scalar
hating,loving,n,alikeY,,,0.86,,n,verb,antonym,scalar
hatred,love,n,alikeY,,,0.84,,n,noun,antonym,scalar
healthy,sick,n,alikeY,,,0.7,paired,,adj,antonym,scalar
hear,see,n,alikeY,,,0.81,,n,verb,co-hyponym,
heard,unseen,n,alikeX,0.62,,,,,,opposition-indirect,
heard,seen,n,alikeY,,,0.57,,n,verb,co-hyponym,
hearing,sight,n,alikeY,,,0.61,,,,co-hyponym,
hears,sees,n,alikeY,,,0.58,,,,co-hyponym,
hearts,minds,n,alikeX,0.63,,,,,,other-conventional,
heating,cooling,n,alikeX,0.75,,,,n,adj/verb,antonym,scalar
heaven,hell,n,alikeY,,,0.55,paired,n,noun,antonym,complementary
heavenly,earthly,y,both,0.79,,0.85,,n,adj,antonym,scalar
heavens,earth,n,alikeX,0.61,,,,,noun,antonym,complementary
heavier,lighter,n,alikeY,,,0.82,paired,n,adj,antonym,scalar
heaviest,smallest,n,both,0.56,,0.69,,,,opposition-indirect,
heavily,lightly,y,both,0.53,,0.62,,n,adv,antonym,scalar
heavy,light,y,both,0.87,,0.96,,n,adj,antonym,scalar
heels,flats,n,both,0.51,,0.65,,n,noun,co-hyponym,scalar
hell,heaven,n,both,0.76,,0.93,paired,n,noun,antonym,complementary
hello,goodbye,n,alikeX,0.6,paired,,,,other/interjection,antonym,complementary
herd,individual,n,alikeY,,,0.77,,n,noun,antonym,complementary
here,there,y,alikeX,0.5,,,,,noun/adv,antonym,complementary
herein,elsewhere,n,alikeX,0.79,,,,n,adv,co-hyponym,complementary
hero,villain,n,alikeX,0.69,paired,,,n,noun,antonym,complementary
heroes,villains,n,both,0.91,paired,0.84,paired,n,noun,antonym,complementary
heroine,hero,n,alikeY,,,0.82,,,noun,antonym,complementary
hers,his,n,alikeY,,,0.82,,n,other/possessive,antonym,complementary
herself,others,n,alikeX,0.73,,,,,,co-hyponym,
heterosexual,homosexual,n,both,0.87,paired,0.65,paired,n,adj,antonym,complementary
high,low,y,both,0.95,paired,0.97,paired,n,adj,antonym,scalar
higher,lower,n,both,0.96,,0.93,,n,adj,antonym,scalar
highest,lowest,n,both,0.97,paired,0.94,paired,n,adj,antonym,scalar
highs,lows,n,both,0.99,paired,0.86,paired,n,noun,antonym,scalar
hills,valleys,n,alikeX,0.54,,,,,noun,antonym,complementary
him,her,n,alikeX,0.54,,,,,noun/pronoun,antonym,complementary
himself,others,n,alikeX,0.68,,,,,,co-hyponym,
hind,fore,n,alikeY,,,0.56,,,adj,antonym,complementary
hinder,help,n,alikeY,,,0.67,,n,verb,antonym,scalar
hire,fire,y,alikeX,0.71,,,,,,co-hyponym,
hiring,firing,n,alikeX,0.74,,,,,,co-hyponym,
hit,miss,y,alikeX,0.96,,,,,verb,antonym,complementary
hits,misses,n,alikeX,0.91,,,,n,noun,antonym,complementary
hitter,pitcher,n,both,0.69,,0.78,,n,noun,antonym,complementary
hitters,pitchers,n,both,0.91,paired,0.94,paired,n,noun,antonym,complementary
hitting,pitching,n,both,0.79,,0.66,,n,verb,antonym,complementary
homeowners,renters,n,both,0.84,,0.61,,n,noun,antonym,complementary
homosexual,heterosexual,n,both,0.88,paired,0.86,paired,n,adj,antonym,complementary
horizontal,vertical,n,both,0.99,paired,0.99,paired,n,adj,antonym,complementary
horizontally,vertically,n,both,1,paired,1,paired,n,adv,antonym,complementary
horror,comedy,n,alikeY,,,0.55,,n,adj/noun,antonym,scalar
hostile,friendly,y,both,0.81,,0.9,,n,adv,antonym,scalar
hot,cold,y,both,0.85,,0.83,paired,n,adj,antonym,scalar
hour,day,n,alikeY,,,0.8,,n,noun,co-hyponym-temporal,
hourly,daily,n,both,0.78,,0.91,,n,adv,co-hyponym-temporal,
hours,days,n,alikeY,,,0.54,,n,noun,co-hyponym-temporal,
how,why,n,alikeX,0.67,paired,,,n,other/interrogative,co-hyponym,
hrs,days,n,alikeX,0.66,,,,n,noun,co-hyponym-temporal,
huge,small,n,alikeY,,,0.68,,n,adj,antonym-secondary,scalar
humorous,serious,n,alikeY,,,0.52,,n,adj,antonym,scalar
hundreds,thousands,n,alikeX,0.53,,,,n,noun,co-hyponym-numeric,
hunted,hunter,n,alikeY,,,0.53,,,noun,antonym,complementary
husband,wife,y,both,0.95,,0.81,paired,n,noun,antonym,complementary
husbands,wives,n,both,0.96,,0.94,paired,n,noun,antonym,complementary
hydrogen,oxygen,n,alikeX,0.58,,,,,,co-hyponym,
iOS,Android,n,both,0.92,,0.87,,n,noun,co-hyponym,
iPad,iPhone,n,both,0.63,,0.86,,n,noun,co-hyponym,
iPads,iPhones,n,both,0.83,paired,0.92,paired,n,noun,co-hyponym,
iPhones,iPads,n,both,0.73,paired,0.52,paired,n,noun,co-hyponym,
iPod,iPhone,n,both,0.7,,0.74,,,,co-hyponym,
ii,i,n,alikeY,,,0.63,,n,adj,co-hyponym-numeric,
iii,iv,n,alikeX,0.53,,,,,,co-hyponym-numeric,
iii,ii,n,alikeY,,,0.84,,n,adj,co-hyponym-numeric,
ill,good,n,both,0.67,,0.75,,,adj,antonym-secondary,scalar
illegal,legal,y,both,0.91,,0.98,,n,adj,antonym,complementary
illegally,legally,n,both,0.88,,0.95,,n,adv,antonym,complementary
illegitimate,legitimate,y,alikeY,,,0.67,,,adj,antonym,complementary
illicit,legal,n,both,0.78,,0.59,,n,adj,antonym,complementary
illusion,reality,n,alikeX,0.52,,,,,noun,antonym-secondary,scalar
imaginary,real,n,both,0.68,,0.83,,n,adj,antonym,complementary
imagined,real,n,both,0.5,,0.71,,n,adj/verb,antonym,complementary
immature,mature,y,alikeY,,,0.77,,,adj,antonym,scalar
immense,small,n,alikeY,,,0.52,,n,adj,antonym-secondary,scalar
immigrant,native,n,alikeY,,,0.62,,n,noun,antonym,complementary
immoral,moral,y,alikeY,,,0.68,,n,adj,antonym,scalar
immortal,mortal,y,both,0.58,,0.67,,,adj,antonym,complementary
imperfect,perfect,y,alikeY,,,0.84,paired,n,adj,antonym,scalar
implicit,explicit,y,both,0.97,paired,0.96,paired,n,adj,antonym,scalar
implicitly,explicitly,y,both,0.88,paired,0.85,paired,n,adv,antonym,scalar
implied,explicit,n,both,0.7,,0.55,,n,adj,antonym,scalar
import,export,y,both,0.87,paired,0.62,paired,n,noun,antonym,complementary
importing,exporting,n,both,0.9,paired,0.6,paired,n,verb,antonym,complementary
imports,exports,n,both,0.88,paired,0.79,paired,n,noun,antonym,complementary
impoverished,rich,n,alikeY,,,0.63,,n,adj,antonym-secondary,scalar
improper,proper,y,alikeY,,,0.61,,,adj,antonym,scalar
in,out,n,alikeX,0.73,,,,,other/preposition,antonym,complementary
inaccessible,accessible,y,alikeY,,,0.85,,n,adj,antonym,scalar
inaction,action,y,alikeY,,,0.93,,n,noun,antonym,scalar
inactive,active,y,both,0.76,,0.93,,n,adj,antonym,scalar
inadvertently,intentionally,n,both,0.58,,0.56,,n,adv,antonym,complementary
inappropriate,appropriate,y,alikeY,,,0.51,,n,adj,antonym,scalar
inches,feet,n,both,0.51,,0.53,,,,nym-meronym,
included,excluded,n,alikeX,0.61,,,,,adj/verb,antonym,scalar
incoming,outgoing,y,both,0.98,,0.87,,n,adj,antonym,complementary
incompatible,compatible,y,alikeY,,,0.84,,,adj,antonym,scalar
incorrect,correct,y,both,0.54,paired,0.97,,n,adj,antonym,complementary
incorrectly,correctly,y,both,0.52,paired,0.84,,n,adv,antonym,complementary
increase,decrease,y,alikeX,0.85,,,,n,noun/verb,antonym,scalar
increases,decreases,n,alikeX,0.82,paired,,,n,verb,antonym,scalar
increasingly,",",n,alikeY,,,0.65,,,,x-odd,
incumbent,challenger,n,both,0.82,,0.81,,n,noun,antonym,complementary
indefinite,definite,y,alikeY,,,0.63,,,adj,antonym,complementary
independents,Democrats,n,alikeY,,,0.55,,n,noun,co-hyponym,
indicted,acquitted,n,alikeX,0.56,,,,,adj/verb,antonym,complementary
indirect,direct,y,both,0.97,paired,0.99,paired,n,adj,antonym,complementary
indirectly,directly,y,both,0.96,paired,0.99,paired,n,adj,antonym,complementary
individually,collectively,n,both,0.9,paired,0.9,paired,n,adv,antonym,complementary
indoor,outdoor,y,both,0.88,paired,0.88,paired,n,adj,antonym,complementary
indoors,outdoors,y,both,0.73,paired,0.91,paired,n,noun/adv,antonym,complementary
induced,natural,n,alikeY,,,0.7,,n,adj,antonym-secondary,complementary
ineffective,effective,y,alikeY,,,0.5,,n,adj,antonym,scalar
ineligible,eligible,y,alikeY,,,0.58,,n,adj,antonym,complementary
inexperienced,experienced,y,alikeY,,,0.55,,n,adj,antonym,scalar
infamous,famous,n,alikeY,,,0.85,,n,adj,antonym,complementary
infect,host,n,alikeY,,,0.55,,,,other-related,
inferior,superior,y,both,0.89,paired,0.95,paired,n,adj,antonym,scalar
infield,outfield,y,both,0.89,paired,0.62,paired,n,adj/noun,antonym,complementary
infinite,finite,y,both,0.53,paired,0.79,paired,n,adj,antonym,complementary
informal,formal,y,both,0.87,paired,0.97,paired,n,adj,antonym,complementary
injections,pills,n,alikeY,,,0.63,,n,noun,co-hyponym,
inland,coastal,y,alikeY,,,0.55,paired,n,adj,antonym,complementary
inner,outer,y,both,0.97,paired,0.81,paired,n,adj,antonym,scalar
innings,runs,n,alikeY,,,0.64,,n,noun,co-hyponym,
innoc,guilty,n,alikeY,,,0.56,,n,partial token,x-none,
innocence,guilt,y,alikeY,,,0.5,,n,noun,antonym,complementary
innocent,guilty,y,both,0.95,paired,0.97,paired,n,adj,antonym,complementary
input,output,n,alikeX,0.94,,,,n,adj/noun,antonym,complementary
inputs,outputs,n,alikeX,0.54,paired,,,n,noun,antonym,complementary
ins,outs,n,both,0.98,,0.63,paired,n,noun,antonym,complementary
insane,sane,y,both,0.66,paired,0.78,paired,,adj,antonym,scalar
inside,out,n,alikeX,0.51,,,,,adj,antonym,complementary
inside,outside,y,alikeY,,,0.87,paired,n,adj/noun,antonym,complementary
insider,outsider,n,alikeX,0.69,paired,,,,noun,antonym,complementary
instead,",",n,alikeY,,,0.51,,,,x-odd,
institution,individual,n,both,0.58,,0.79,,n,noun,contrast-group-individual ,
institutions,individuals,n,both,0.62,,0.67,,n,noun,contrast-group-individual ,
instructor,student,n,both,0.86,,0.88,,n,noun,antonym-secondary,complementary
instructors,students,n,both,0.92,,0.86,,n,noun,antonym-secondary,complementary
instrumental,vocal,y,both,0.74,,0.88,,n,adj,antonym,complementary
insults,compliments,n,both,0.52,,0.69,,n,noun,antonym,scalar
insured,uninsured,y,both,0.67,paired,0.84,paired,,adj,antonym,complementary
intangible,tangible,y,both,0.53,,0.92,,n,adj,antonym,complementary
intentional,accidental,n,both,0.57,,0.57,paired,n,adj,antonym,complementary
intentionally,unintentionally,y,alikeX,0.63,paired,,,,adv,antonym,scalar
interceptions,touchdowns,n,alikeY,,,0.53,,n,noun,co-hyponym,
interior,exterior,y,both,0.99,paired,0.98,paired,n,noun,antonym,complementary
internal,external,y,both,0.99,paired,0.98,paired,n,adj,antonym,complementary
internally,externally,y,both,0.97,paired,0.82,paired,n,adv,antonym,complementary
interstate,local,n,alikeY,,,0.51,,n,adj,co-hyponym,complementary
interstellar,terrestrial,n,both,0.67,,0.74,,n,adj,co-hyponym,multiple incompatibility
intoxicated,sober,y,alikeY,,,0.9,,n,adj,antonym-secondary,scalar
intra,intra,n,alikeY,,,0.64,paired,,,x-identical,
invalid,valid,y,alikeY,,,0.78,,n,adj,antonym,complementary
invisible,visible,y,alikeY,,,0.95,paired,n,adj,antonym,scalar
involuntary,voluntary,y,both,0.92,,0.9,,n,adj,antonym,complementary
inward,outward,y,both,0.98,paired,0.96,paired,n,adj,antonym,scalar
irrational,rational,y,both,0.53,paired,0.91,,n,adj,antonym,scalar
irregular,regular,y,alikeY,,,0.67,,,adj,antonym,scalar
ital,bold,n,alikeY,,,0.52,,,partial token,x-none,
itself,others,n,alikeX,0.56,,,,,,co-hyponym,
jointly,individually,n,both,0.51,,0.6,,,adv,antonym-secondary,complementary
joking,serious,n,alikeY,,,0.74,,n,adj/verb,antonym-secondary,scalar
journey,destination,n,alikeX,0.74,,,,n,noun,co-hyponym,
judge,jury,n,alikeX,0.71,paired,,,,,co-hyponym,
judged,judge,n,alikeY,,,0.55,,,,other-related,
junior,senior,y,both,0.91,paired,0.86,paired,n,noun/adj,antonym,complementary
jury,judge,n,both,0.76,paired,0.87,,n,noun,co-hyponym,
just,unjust,y,alikeX,0.91,paired,,,,adj,antonym,scalar
juvenile,adult,y,both,0.82,,0.83,,n,noun,antonym,complementary
juveniles,adults,n,both,0.8,,0.63,,n,noun,antonym,complementary
keyboard,mouse,n,both,0.94,,0.89,,n,noun,co-hyponym,
keyboards,mice,n,both,0.74,,0.69,,n,noun,co-hyponym,
kid,adult,n,alikeX,0.58,,,,n,noun,antonym,complementary
kids,adults,n,alikeX,0.54,,,,,noun,antonym,complementary
killer,victim,n,both,0.57,,0.67,,n,noun,antonym,complementary
kilograms,pounds,n,both,0.51,,0.76,,n,noun,co-hyponym,
kilometers,miles,n,both,0.59,,0.61,,n,noun,co-hyponym,
kisses,hugs,n,alikeY,,,0.51,,n,noun,co-hyponym,
km,miles,n,alikeY,,,0.51,,n,noun,co-hyponym,
kneeling,standing,n,alikeY,,,0.59,,n,adj/verb,co-hyponym,
known,unknown,y,alikeX,0.82,,,,n,adj,antonym,complementary
labor,capital,n,both,0.51,,0.52,,,,co-hyponym,
labour,capital,n,both,0.55,,0.51,,n,noun,other-related,
ladies,gentlemen,n,both,0.87,paired,0.77,paired,n,noun,antonym,complementary
lady,gentleman,n,both,0.84,,0.79,,n,noun,antonym,complementary
lakes,rivers,n,alikeY,,,0.65,,n,noun,co-hyponym,
land,sea,n,both,0.66,paired,0.6,paired,n,noun,antonym,complementary
landing,takeoff,n,both,0.5,paired,0.95,paired,n,noun,antonym,reversive
landlord,tenant,n,both,0.93,paired,0.86,paired,n,noun,antonym,converse
landlords,tenants,n,both,0.93,paired,0.81,paired,n,noun,antonym,converse
laptop,desktop,n,alikeY,,,0.66,,n,noun,co-hyponym,
larg,small,n,alikeX,0.82,,,,,partial token,x-none,
large,small,y,both,0.98,paired,0.94,,n,adj,antonym,scalar
larger,smaller,n,both,0.88,paired,0.8,,n,adj,antonym,scalar
largest,smallest,n,both,0.8,paired,0.92,,n,adj,antonym,scalar
larvae,adults,n,both,0.69,,0.64,,,noun,antonym-secondary,complementary
last,first,y,both,0.72,,0.97,,n,adj/noun,antonym-numeric,complementary
lasting,fleeting,n,alikeX,0.51,,,,,adj/verb,antonym,scalar
late,early,y,alikeY,,,0.94,paired,n,adj,co-hyponym-temporal,scalar
lateral,vertical,n,both,0.79,,0.84,,n,adj,antonym-secondary,complementary
laugh,cry,y,alikeX,0.56,,,,n,verb,antonym,scalar
laughed,cried,n,alikeX,0.8,,,,,verb,antonym,complementary
laughing,crying,n,both,0.8,paired,0.65,paired,n,verb,antonym,scalar
laughs,tears,n,both,0.58,,0.52,,,noun,antonym,complementary
laughter,tears,n,both,0.51,,0.51,paired,n,noun,antonym,scalar
lawfully,illegally,n,both,0.52,,0.52,,n,adv,antonym,complementary
lb,kg,n,alikeY,,,0.53,,n,noun,co-hyponym,
leader,follower,y,both,0.75,,0.52,,n,noun,antonym,complementary
leaps,bounds,n,alikeX,0.85,,,,,,other-conventional,
leased,owned,n,both,0.55,,0.71,,n,adj/verb,co-hyponym,
least,most,y,both,0.71,,0.61,,n,adj,antonym,scalar
leaving,arriving,n,alikeY,,,0.58,,,verb,antonym,reversive
lecturer,student,n,both,0.58,,0.64,,n,noun,antonym-secondary,converse
left,right,y,both,1,paired,0.99,paired,n,adj/noun,antonym,complementary
leftists,conservatives,n,both,0.75,,0.53,,n,noun,antonym,complementary
legalized,illegal,n,alikeY,,,0.6,,,adj,antonym,complementary
legend,myth,n,alikeY,,,0.58,,,,co-hyponym,
legislative,executive,n,alikeX,0.58,,,,,,co-hyponym,
legitimate,illegitimate,y,alikeX,0.63,,,,,adj,antonym,complementary
legs,arms,n,alikeY,,,0.61,,n,noun,co-hyponym,
lend,borrow,y,both,0.53,,0.7,,n,verb,antonym,converse
lender,borrower,y,both,0.9,paired,0.82,paired,,noun,antonym,complementary
lenders,borrowers,n,alikeX,0.53,paired,,,,noun,antonym,complementary
lengthy,short,n,alikeY,,,0.77,,n,adj,antonym,scalar
lens,camera,n,alikeY,,,0.58,,n,noun,nym-meronym,
leptin,insulin,n,both,0.72,,0.57,,n,noun,co-hyponym,
lesbians,gays,n,alikeY,,,0.78,,n,noun,antonym,complementary
less,more,y,both,0.86,paired,0.97,,n,adj,antonym,scalar
lesser,greater,y,both,0.76,paired,0.79,paired,n,adj,antonym,scalar
li,li,n,alikeY,,,0.59,paired,,,x-identical,
liabilities,assets,n,both,0.54,paired,0.93,,n,noun,antonym,complementary
libel,slander,n,alikeX,0.72,,,,n,noun,antonym,complementary
liberal,conservative,y,both,0.96,paired,0.94,paired,n,noun,antonym,scalar
liberalism,conservatism,n,both,0.72,paired,0.78,paired,n,noun,antonym,scalar
liberals,conservatives,n,both,0.97,paired,0.93,paired,n,noun,antonym,scalar
lie,truth,n,both,0.56,,0.78,,n,noun,antonym,scalar
lies,truth,n,alikeY,,,0.58,,n,noun,antonym,scalar
life,death,n,alikeX,0.91,,,,n,noun,antonym,complementary
lighter,heavier,n,alikeY,,,0.71,paired,n,adj,antonym,scalar
lightning,thunder,n,alikeY,,,0.55,,,,co-hyponym,
liked,disliked,y,alikeX,0.63,,,,n,adj/verb,antonym,scalar
likelihood,probability,n,alikeX,0.53,,,,n,noun,co-hyponym,
lil,big,n,both,0.54,,0.75,,n,adj,antonym-secondary,scalar
limb,life,n,alikeY,,,0.84,,,,other-conventional,
liquid,solid,n,both,0.83,,0.87,,n,noun,antonym,multiple incompatibility
listeners,readers,n,alikeY,,,0.61,,n,noun,co-hyponym,
litres,gallons,n,alikeY,,,0.53,,n,noun,co-hyponym,
little,big,y,both,0.74,,0.78,,n,adj,antonym,scalar
living,dead,y,both,0.82,paired,0.89,paired,n,adj,antonym,complementary
loaded,locked,n,alikeY,,,0.74,,,,other-conventional,
local,national,y,alikeY,,,0.52,paired,n,adj,antonym,complementary
locals,tourists,n,both,0.53,paired,0.61,,n,noun,antonym,complementary
lock,key,n,alikeX,0.89,,,,n,noun,co-hyponym,
locked,unlocked,n,both,0.77,,0.56,,n,adj,antonym,reversive
locking,unlocking,n,alikeX,0.52,,,,,verb,antonym,complementary
locks,keys,n,alikeX,0.52,,,,n,noun,co-hyponym,
login,password,n,alikeX,0.86,,,,,,co-hyponym,
long,short,y,both,0.92,paired,0.96,paired,n,adj,antonym,scalar
longer,shorter,n,both,0.77,paired,0.88,paired,n,adj,antonym,scalar
longest,shortest,n,both,0.81,paired,0.92,paired,n,adj,antonym,scalar
lose,win,y,both,0.53,paired,0.98,,n,verb,antonym,converse
loser,winner,y,both,0.59,paired,0.94,paired,n,noun,antonym,converse
losers,winners,n,both,0.84,paired,0.97,paired,n,noun,antonym,converse
loses,wins,n,both,0.59,,0.97,,n,verb,antonym,converse
losing,winning,n,both,0.81,paired,0.97,paired,n,verb,antonym,converse
losses,profits,n,alikeY,,,0.84,,n,noun,antonym,scalar
lost,found,y,alikeX,0.81,paired,,,n,adj,antonym,reversive
loudly,quietly,n,both,0.56,,0.65,paired,n,adv,antonym,scalar
loved,hated,n,alikeX,0.53,,,,,adj/verb,antonym,scalar
low,high,y,both,0.84,paired,0.97,paired,n,adj,antonym,scalar
lower,upper,n,both,0.62,paired,0.67,paired,,adj,antonym,scalar
lowest,highest,n,both,0.79,paired,0.89,paired,n,adj,antonym,scalar
lows,highs,n,both,0.88,paired,0.89,paired,n,noun,antonym,scalar
luckily,unfortunately,n,alikeX,0.54,,,,,adv,antonym-secondary,scalar
lucky,unlucky,y,alikeX,0.81,paired,,,,adj,antonym,scalar
lunch,dinner,n,alikeX,0.87,,,,n,noun,co-hyponym,
lunch,breakfast,n,alikeY,,,0.87,,n,noun,co-hyponym,
lung,heart,n,alikeY,,,0.56,,n,noun,co-hyponym,
lust,love,n,alikeY,,,0.54,,n,noun,nym-near-synonym,
mRNA,DNA,n,both,0.71,,0.67,,n,noun,co-hyponym,
ma,pa,n,alikeX,0.6,,,,,noun,antonym,complementary
macOS,Windows,n,alikeY,,,0.57,,n,noun,co-hyponym,
machine,man,n,both,0.64,,0.77,,,,co-hyponym,
macro,micro,n,both,0.63,paired,0.79,paired,n,adj,antonym,complementary
mad,sane,n,alikeX,0.55,,,,,adj,antonym-secondary,scalar
magazines,newspapers,n,both,0.59,,0.66,,,,co-hyponym,
magically,physically,n,alikeY,,,0.5,,n,adv,co-hyponym,
major,minor,y,both,0.88,paired,0.8,paired,n,adj,antonym,scalar
majorities,minorities,n,both,0.74,,0.51,,,noun,antonym,complementary
majority,minority,y,both,0.96,,0.93,paired,n,noun,antonym,scalar
majors,minors,n,both,0.69,,0.73,,n,noun,antonym,complementary
makeup,hair,n,alikeY,,,0.54,,,,co-hyponym,
male,female,y,both,1,paired,0.97,paired,n,adj/noun,antonym,complementary
males,females,n,both,1,paired,0.97,paired,n,noun,antonym,complementary
mammals,birds,n,alikeY,,,0.51,,n,noun,co-hyponym,
manager,player,n,both,0.51,,0.71,,n,noun,co-hyponym,
manned,unmanned,y,alikeX,0.8,paired,,,,adj,antonym,complementary
manslaughter,murder,n,alikeY,,,0.58,,n,noun,co-hyponym,
many,few,y,alikeX,0.72,paired,,,n,adj,antonym,scalar
marine,terrestrial,n,alikeX,0.59,,,,n,adj,co-hyponym,multiple incompatibility
marine,land,n,alikeY,,,0.63,,n,adj,antonym-secondary,multiple incompatibility
maritime,land,n,alikeY,,,0.51,,,,co-hyponym,
marked,unmarked,y,alikeX,0.7,,,,,adj,antonym,complementary
married,single,n,alikeY,,,0.83,paired,n,adj,antonym,complementary
masculine,feminine,y,both,0.97,paired,0.97,paired,n,adj,antonym,complementary
master,servant,n,alikeY,,,0.63,paired,,noun,antonym-secondary,complementary
matched,mixed,n,alikeY,,,0.92,,,,contrast-conceptual,
matching,mixing,n,alikeY,,,0.96,,,,contrast-conceptual,
mater,foe,n,alikeX,0.61,,,,,,x-odd,
maternal,paternal,y,alikeX,0.83,paired,,,n,adj,antonym,complementary
mature,young,n,alikeY,,,0.59,,,adj,antonym-secondary,scalar
matured,young,n,alikeY,,,0.55,,,adj,antonym-secondary,scalar
maximum,minimum,y,both,0.65,paired,0.69,paired,n,noun,antonym,complementary
me,you,n,both,0.82,,0.89,,n,noun/pronoun,antonym,complementary
mech,human,n,alikeY,,,0.57,,,,co-hyponym,
medial,lateral,n,alikeX,0.8,,,,n,adj,co-hyponym,
medieval,modern,n,both,0.72,,0.53,,,,co-hyponym-temporal,
medium,small,n,alikeX,0.55,,,,,,contrast-scalar,
meet,greet,n,alikeX,0.88,,,,n,verb,other-conventional,
mega,small,n,both,0.55,,0.6,,,adj,antonym-secondary,scalar
melee,ranged,n,both,0.73,,0.57,,n,adj/noun,co-hyponym,
men,women,n,both,0.93,paired,0.69,paired,n,noun,antonym,complementary
mental,physical,y,both,0.82,,0.9,,n,adj,antonym,complementary
mentally,physically,n,both,0.84,,0.9,,n,adv,antonym,complementary
mentor,student,n,both,0.66,,0.79,,,,co-hyponym,
mentors,students,n,alikeX,0.56,,,,,,co-hyponym,
messy,clean,n,alikeY,,,0.53,,,adj,antonym-secondary,scalar
metric,imperial,n,alikeX,0.79,,,,,,co-hyponym,
metropolitan,rural,n,both,0.64,,0.6,,n,adj,antonym-secondary,complementary
micro,macro,n,both,0.99,paired,0.99,paired,n,adj,antonym,complementary
midterm,presidential,n,both,0.69,,0.69,,n,adj,co-hyponym,
millennia,centuries,n,alikeX,0.5,,,,,,co-hyponym-temporal,
millionaires,billionaires,n,alikeX,0.59,,,,,,co-hyponym-numeric,
millions,thousands,n,alikeY,,,0.53,,n,noun,co-hyponym-numeric,
min,max,n,both,0.9,,0.9,,n,adj,antonym,complementary
mind,body,n,both,0.71,paired,0.89,paired,n,noun,antonym,complementary
minds,bodies,n,both,0.56,,0.66,,,,co-hyponym,
mine,yours,n,both,0.95,,0.92,,n,other/possessive,co-hyponym,
minimum,maximum,y,both,0.68,paired,0.64,paired,n,noun,antonym,complementary
minor,major,y,both,0.86,paired,0.95,paired,n,adj,antonym,scalar
minorities,whites,n,both,0.77,,0.73,,n,noun,co-hyponym,
minority,majority,y,alikeY,,,0.79,paired,n,noun,antonym,scalar
minors,adults,n,both,0.89,,0.75,,n,noun,antonym,complementary
mins,hours,n,alikeY,,,0.58,,n,noun,co-hyponym-temporal,
minus,plus,y,both,0.73,,0.99,paired,n,adj,antonym,scalar
minutes,hours,n,both,0.51,,0.64,,n,noun,co-hyponym-temporal,
misdemeanor,felony,n,both,0.97,paired,0.98,paired,n,noun,co-hyponym,
misinformation,truth,n,alikeY,,,0.62,,n,noun,antonym-secondary,scalar
miss,hit,y,alikeY,,,0.94,,n,noun,antonym,complementary
missed,loved,n,alikeY,,,0.59,,,,co-hyponym,
misses,hits,n,alikeY,,,0.97,,n,noun,antonym,complementary
mitochondrial,nuclear,n,both,0.65,,0.59,,n,adj,co-hyponym,
mobile,desktop,n,both,0.64,,0.74,,n,adj,co-hyponym,
modern,ancient,n,alikeY,,,0.54,paired,,,co-hyponym-temporal,
modified,original,n,alikeY,,,0.5,,n,adj,antonym-secondary,complementary
moist,dry,n,both,0.81,,0.9,,n,adj,antonym-secondary,scalar
moms,dads,n,alikeX,0.76,,,,n,noun,antonym,complementary
mono,stereo,n,both,0.88,paired,0.76,paired,,,co-hyponym,
month,year,n,alikeX,0.57,,,,n,noun,co-hyponym-temporal,
monthly,weekly,n,alikeY,,,0.63,,n,adv,co-hyponym-temporal,
months,years,n,alikeX,0.85,,,,n,noun,co-hyponym-temporal,
moon,sun,n,alikeY,,,0.8,,n,noun,co-hyponym,
moons,planets,n,alikeY,,,0.7,,n,noun,co-hyponym,
more,less,y,alikeX,0.98,paired,,,n,adj,antonym,scalar
morning,evening,n,alikeX,0.5,paired,,,,,co-hyponym-temporal,
mornings,evenings,n,both,0.86,paired,0.62,paired,n,noun,antonym,multiple incompatibility
morphine,heroin,n,alikeX,0.52,,,,,,co-hyponym,
mortals,gods,n,both,0.52,,0.55,,,noun,antonym,complementary
mostly,",",n,alikeY,,,0.55,,,,x-odd,
motorcycle,car,n,alikeY,,,0.58,,n,noun,co-hyponym,
motorcycles,cars,n,alikeY,,,0.65,,n,noun,co-hyponym,
motorists,pedestrians,n,alikeX,0.57,,,,,,co-hyponym,
movie,book,n,alikeY,,,0.68,,n,noun,co-hyponym,
much,little,y,alikeX,0.61,,,,n,adj/adv/pronoun,antonym,scalar
muddy,dry,n,alikeY,,,0.67,,n,adj,antonym-secondary,scalar
multi,single,n,both,0.57,,0.9,,n,adj,antonym,complementary
multinational,local,n,alikeY,,,0.54,,n,adj,co-hyponym,complementary
multiple,single,y,alikeY,,,0.7,,n,adj,antonym-numeric,complementary
multiplication,division,n,both,0.63,,0.59,,n,noun,antonym,complementary
multiply,divide,y,alikeX,0.53,,,,,verb,antonym,complementary
murderer,victim,n,alikeY,,,0.68,,,noun,antonym-secondary,complementary
mute,deaf,n,both,0.59,,0.56,,,,co-hyponym,
my,yours,n,alikeX,0.95,,,,,other/possessive,antonym,complementary
myself,others,n,alikeX,0.81,,,,,,co-hyponym,
naked,clothed,n,both,0.6,paired,0.71,paired,n,adj,antonym,complementary
narrow,wide,y,both,0.73,,0.52,,,adj,antonym,scalar
narrower,wider,n,alikeY,,,0.66,,n,adj,antonym,scalar
nascent,established,n,alikeY,,,0.52,,,adj,antonym-secondary,scalar
national,local,y,both,0.54,,0.68,paired,n,adj,antonym,complementary
nationally,locally,n,both,0.58,,0.95,,n,adv,antonym,complementary
nationals,foreigners,n,alikeX,0.52,,,,,noun,antonym-secondary,complementary
nature,man,n,alikeY,,,0.62,,,,contrast-conceptual,
naval,land,n,alikeY,,,0.66,,n,adj,co-hyponym,
navy,army,n,alikeY,,,0.56,,,,co-hyponym,
near,far,y,both,0.97,paired,0.95,paired,n,adj,antonym,scalar
nearby,far,n,alikeX,0.51,,,,,adj,antonym-secondary,scalar
needing,wanting,n,alikeY,,,0.59,,,,co-hyponym,
needle,thread,n,alikeX,0.78,,,,,,co-hyponym,
needy,rich,n,alikeY,,,0.59,,,,opposition-indirect,
negative,positive,y,both,0.96,paired,0.98,paired,n,adj,antonym,scalar
negatively,positively,n,both,0.98,paired,0.99,paired,n,adv,antonym,scalar
negatives,positives,n,both,0.92,paired,0.85,paired,n,noun,antonym,scalar
negro,white,n,both,0.64,,0.76,,n,adj,antonym-secondary,complementary
neither,neither,n,alikeX,0.5,paired,,,,,x-identical,
nephew,niece,y,alikeY,,,0.53,,,noun,antonym,complementary
neutron,electron,n,alikeX,0.6,,,,,,co-hyponym,
new,old,y,both,0.98,,0.98,,n,adj,antonym,scalar
newcomer,veteran,n,both,0.67,,0.57,,,noun,antonym-secondary,complementary
newcomers,veterans,n,alikeX,0.54,,,,,noun,antonym-secondary,complementary
newer,old,n,alikeY,,,0.54,,,adj,antonym-secondary,scalar
newest,oldest,n,alikeX,0.59,,,,n,adj,antonym,scalar
newly,old,n,both,0.62,,0.76,,,adj/adv,antonym-secondary,scalar
nice,naughty,n,both,0.87,,0.87,,,adj,antonym,
niche,mainstream,n,both,0.54,,0.63,,,,co-hyponym,
niece,nephew,y,alikeX,0.69,,,,,noun,antonym,complementary
night,day,y,both,0.93,paired,0.94,paired,n,noun,antonym,complementary
nightly,daily,n,alikeY,,,0.81,,,,co-hyponym-temporal,
nightmare,reality,n,alikeX,0.55,,,,n,noun,contrast-conceptual,complementary
nightmares,dreams,n,alikeY,,,0.67,,,noun,antonym,scalar
nights,days,n,both,0.86,paired,0.9,,n,noun,antonym,complementary
nighttime,daytime,n,alikeY,,,0.62,paired,n,noun,antonym,complementary
nineteenth,twentieth,n,alikeX,0.98,paired,,,n,noun/adj,co-hyponym-numeric,
nineteenth,eighteenth,n,alikeY,,,0.71,,n,noun/adj,co-hyponym-numeric,
no,yes,y,alikeX,0.76,paired,,,n,noun/adv,antonym,complementary
nominations,wins,n,alikeY,,,0.62,,,,co-hyponym,
nominees,candidates,n,alikeY,,,0.54,,n,noun,co-hyponym,
none,all,n,alikeX,0.84,,,,,noun,antonym,complementary
nort,south,n,alikeX,0.72,,,,,partial token,x-none,
north,south,y,both,0.99,paired,0.96,paired,n,adj,antonym,multiple incompatibility
northern,southern,y,both,0.95,paired,0.89,paired,n,adj,antonym,multiple incompatibility
nos,yes,n,alikeY,,,0.74,,n,noun/adv,antonym,complementary
not,alike,n,alikeY,,,0.76,,,,proform,
nothing,everything,n,alikeX,0.87,,,,,noun,antonym,complementary
notorious,famous,n,alikeY,,,0.63,,,,co-hyponym,
noun,adjective,n,both,0.69,paired,0.58,paired,n,noun,co-hyponym,
now,then,n,both,0.82,paired,0.9,,n,adv/noun,co-hyponym-temporal,
nowhere,everywhere,n,both,0.71,paired,0.68,,,adv,antonym,complementary
nuclear,conventional,y,both,0.91,,0.97,,n,adj,antonym,complementary
nude,clothed,n,both,0.82,,0.81,,n,adj,antonym,complementary
nurse,doctor,n,alikeY,,,0.53,,,,co-hyponym,
nurses,doctors,n,alikeY,,,0.55,,,,co-hyponym,
nurture,nature,n,both,0.71,,0.99,,n,noun,contrast-conceptual,complementary
object,subject,n,alikeY,,,0.81,,,,co-hyponym,
objective,subjective,y,both,0.94,paired,0.95,paired,n,adj,antonym,scalar
obligatory,optional,y,alikeX,0.52,,,,n,adj,antonym-secondary,complementary
observer,participant,n,alikeX,0.61,,,,n,noun,antonym,complementary
ocean,land,n,alikeY,,,0.56,,n,noun,antonym-secondary,complementary
of,of,n,alikeY,,,0.52,paired,y,other/preposition,x-identical,
off,on,y,both,0.9,paired,0.6,,n,adj/adv,antonym,complementary
offence,defence,y,both,0.83,paired,0.71,paired,n,noun,antonym,complementary
offender,victim,n,both,0.84,,0.89,,n,noun,antonym,complementary
offenders,victims,n,both,0.73,,0.71,,n,noun,antonym,complementary
offense,defense,y,both,1,paired,0.98,paired,n,noun,antonym,complementary
offenses,defenses,n,both,0.92,paired,0.75,paired,,noun,antonym,complementary
offensive,defensive,y,both,0.97,paired,0.93,paired,,adj,antonym,complementary
offensively,defensively,y,both,1,paired,0.98,paired,n,adv,antonym,complementary
officers,civilians,n,alikeX,0.72,,,,,,co-hyponym,
official,unofficial,y,alikeX,0.68,paired,,,n,adj,antonym,complementary
officially,privately,n,alikeX,0.51,,,,,,opposition-indirect,
offline,online,n,both,0.92,paired,0.85,paired,n,adj,antonym,complementary
offshore,on,n,alikeY,,,0.56,,n,adj,antonym,complementary
offspring,parents,n,alikeY,,,0.51,,,noun,antonym-secondary,complementary
ogre,human,n,both,0.56,,0.63,,,,co-hyponym,
old,young,y,both,0.8,paired,0.96,paired,n,adj,antonym,scalar
older,younger,n,both,0.95,paired,0.76,paired,n,adj,antonym,scalar
oldest,youngest,n,both,0.86,paired,0.83,paired,n,adj,antonym,scalar
omega,alpha,n,alikeY,,,0.92,,n,noun,antonym,complementary
on,off,y,alikeX,0.74,paired,,,n,adj/adv,antonym,complementary
onboard,off,n,alikeX,0.69,,,,,adj,antonym,complementary
one,all,n,alikeX,0.69,,,,,,co-hyponym-numeric,
oneself,others,n,alikeX,0.91,,,,,,co-hyponym,
online,offline,n,both,0.92,paired,0.71,paired,n,adj,antonym,complementary
onstage,off,n,alikeX,0.82,,,,n,adj,antonym,complementary
open,closed,y,both,0.56,paired,0.77,paired,n,adj,antonym,scalar
opened,closed,n,both,0.61,,0.56,,n,adj/verb,antonym,scalar
opener,closer,n,alikeX,0.6,,,,,noun,antonym,complementary
opening,closing,y,alikeX,0.85,paired,,,n,verb,antonym,scalar
operated,owned,n,alikeY,,,0.82,,n,adj/verb,co-hyponym,
oppos,pro,n,alikeY,,,0.69,,n,partial token,x-none,
oppress,oppress,n,alikeY,,,0.53,paired,,,x-identical,
optimistic,pessimistic,y,alikeX,0.51,paired,,,n,adj,antonym,scalar
optional,mandatory,n,alikeY,,,0.53,,n,adj,antonym,complementary
optionally,",",n,alikeY,,,0.63,,,,x-odd,
oral,written,n,both,0.53,,0.6,,n,adj,antonym,complementary
oranges,apples,n,alikeY,,,0.82,,,,co-hyponym,
orbital,terrestrial,n,alikeY,,,0.6,,,,co-hyponym,
orc,human,n,both,0.8,,0.8,,n,noun,co-hyponym,
orcs,humans,n,both,0.64,,0.57,,n,noun,co-hyponym,
ordained,lay,n,alikeY,,,0.58,,,adj,antonym-secondary,complementary
order,chaos,n,alikeX,0.6,paired,,,,noun,antonym,scalar
organic,conventional,n,both,0.76,,0.85,,n,adj,antonym,complementary
organisation,individual,n,alikeY,,,0.84,,n,noun,contrast-group-individual ,
organisations,individuals,n,both,0.79,,0.76,,n,noun,contrast-group-individual ,
organization,individual,n,both,0.77,,0.9,,n,noun,contrast-group-individual ,
organizational,individual,n,alikeX,0.6,,,,,,contrast-group-individual ,
organizations,individuals,n,both,0.76,,0.7,,n,noun,contrast-group-individual ,
originals,covers,n,both,0.56,,0.58,,,noun,antonym-secondary,complementary
orthodox,secular,n,alikeX,0.66,,,,,,co-hyponym,
our,yours,n,alikeX,0.5,,,,,,co-hyponym,
ours,yours,n,both,0.77,,0.66,,,other/possessive,antonym,complementary
ourselves,others,n,alikeX,0.83,,,,n,noun/pronoun,antonym,complementary
out,inside,n,alikeY,,,0.67,,,adj,antonym-secondary,complementary
outdoor,indoor,y,both,0.79,paired,0.88,paired,n,adj,antonym,complementary
outdoors,indoors,y,both,0.9,paired,0.93,paired,n,noun/adv,antonym,complementary
outer,inner,y,both,0.82,paired,0.96,paired,n,adj,antonym,scalar
outfield,infield,y,both,0.72,paired,0.85,paired,n,adj/noun,antonym,complementary
outfielder,pitcher,n,alikeY,,,0.58,,n,noun,co-hyponym,
output,input,n,alikeY,,,0.8,,n,adj/noun,antonym,complementary
outputs,inputs,n,both,0.84,paired,0.97,,n,noun,antonym,complementary
outs,ins,n,alikeY,,,0.95,paired,,noun,antonym,complementary
outside,inside,y,both,0.86,,0.96,paired,n,adj/noun,antonym,complementary
outsider,insider,n,both,0.89,paired,0.92,,n,noun,antonym,complementary
outsiders,insiders,n,both,0.95,,0.9,,n,noun,antonym,complementary
outward,inward,y,both,0.92,paired,0.9,paired,n,adj,antonym,scalar
over,under,n,alikeX,0.96,paired,,,n,adv,antonym,scalar
overboard,ashore,n,alikeY,,,0.53,,,,opposition-indirect,
overhead,below,n,alikeX,0.53,,,,n,adj/adv,antonym-secondary,complementary
overnight,daytime,n,alikeY,,,0.51,,,adj,antonym-secondary,complementary
oversized,small,n,alikeY,,,0.66,,,adj,antonym-secondary,scalar
overt,covert,y,both,0.79,,0.52,paired,,adj,antonym,scalar
overweight,obese,n,alikeX,0.56,,,,n,adj,co-hyponym,
owning,renting,n,alikeY,,,0.54,paired,n,verb,co-hyponym,
pairs,singles,n,both,0.64,,0.76,,n,noun,antonym,complementary
pal,foe,n,alikeX,0.71,,,,n,noun,antonym-secondary,complementary
pans,pots,n,alikeY,,,0.95,,n,noun,co-hyponym,
paper,pen,n,alikeY,,,0.64,,,,co-hyponym,
paradise,hell,n,alikeX,0.54,,,,n,noun,antonym,complementary
paragraphs,sentences,n,alikeY,,,0.58,,n,noun,nym-meronym,
parasite,host,y,alikeY,,,0.91,,,noun,antonym,converse
parent,child,y,both,0.87,,0.74,,n,noun,antonym,converse
part,whole,n,alikeY,,,0.79,,n,noun,nym-meronym,
particular,general,y,both,0.59,,0.8,,n,adj,antonym,scalar
passive,active,y,both,0.65,paired,0.87,paired,n,adj,antonym,scalar
passively,actively,y,both,0.57,paired,0.72,paired,n,adv,antonym,scalar
password,username,n,alikeY,,,0.9,,n,noun,co-hyponym,
past,present,n,both,0.96,,0.85,paired,n,noun,co-hyponym-temporal,
paste,copy,n,alikeY,,,0.53,,,,co-hyponym,
paternal,maternal,y,both,0.72,paired,0.61,,n,adj,antonym,complementary
payable,due,n,alikeY,,,0.86,,n,noun,nym-near-synonym,
payoff,risk,n,alikeY,,,0.52,,,noun,antonym-secondary,scalar
peace,war,y,both,0.89,paired,0.95,paired,n,noun,antonym,complementary
peak,trough,n,alikeX,0.89,paired,,,n,noun,antonym,scalar
peaks,valleys,n,both,0.94,,0.75,,n,noun,antonym,complementary
pedestrian,cyclist,n,alikeX,0.69,paired,,,,,co-hyponym,
pedestrians,cyclists,n,alikeX,0.6,paired,,,,,co-hyponym,
pepper,salt,n,alikeY,,,0.97,,n,noun,co-hyponym,
peppers,tomatoes,n,alikeY,,,0.55,,,,co-hyponym,
perceived,real,n,alikeY,,,0.57,,n,adj,antonym,complementary
perennial,seasonal,n,alikeX,0.53,,,,,,co-hyponym,
perfect,imperfect,y,both,0.51,,0.74,paired,,adj,antonym,scalar
perimeter,interior,n,both,0.63,,0.81,,n,noun,antonym-secondary,complementary
periphery,core,n,both,0.51,,0.62,,n,noun,antonym-secondary,scalar
permanent,temporary,n,both,0.85,paired,0.93,paired,n,adj,antonym,scalar
permanently,temporarily,y,both,0.84,paired,0.85,paired,n,adv,antonym,scalar
perpendicular,parallel,n,alikeY,,,0.88,,n,adj,antonym,complementary
perpetrator,victim,n,both,0.92,,0.95,,n,noun,antonym,complementary
perpetrators,victims,n,both,0.9,paired,0.9,,n,noun,antonym,complementary
personally,professionally,n,both,0.68,paired,0.65,paired,n,adv,antonym,complementary
pessimistic,optimistic,y,both,0.66,paired,0.73,,n,adj,antonym,scalar
petrol,diesel,n,both,0.59,,0.61,,n,noun,co-hyponym,
phones,tablets,n,both,0.58,,0.59,,,,co-hyponym,
phrases,words,n,alikeY,,,0.63,,n,noun,nym-meronym,
physician,patient,n,alikeY,,,0.63,,,noun,antonym-secondary,converse
pickup,sedan,n,alikeY,,,0.56,,,,co-hyponym,
pieces,bits,n,alikeY,,,0.84,,,,other-conventional,
pistol,rifle,n,both,0.51,,0.65,paired,n,noun,co-hyponym,
pistols,rifles,n,both,0.6,,0.75,,n,noun,co-hyponym,
pitchers,hitters,n,both,0.62,paired,0.58,paired,n,noun,antonym,complementary
place,time,n,alikeY,,,0.61,,,,co-hyponym,
places,people,n,alikeY,,,0.62,,n,noun,co-hyponym,
plaintiff,defendant,y,both,0.91,,0.86,,n,noun,antonym,complementary
plaintiffs,defendants,n,both,0.88,,0.71,,n,noun,antonym,complementary
plant,animal,n,both,0.77,,0.83,,n,noun,co-hyponym,
plants,animals,n,both,0.66,,0.67,,n,noun,co-hyponym,
platinum,gold,n,both,0.7,,0.75,,,,co-hyponym,
player,coach,n,alikeY,,,0.62,paired,,,co-hyponym,
playful,serious,n,alikeY,,,0.5,,n,adj,antonym,scalar
playoff,regular,n,alikeY,,,0.7,,,,co-hyponym,
playoffs,season,n,alikeY,,,0.5,,,,co-hyponym,
pleasure,pain,y,both,0.69,,0.69,,n,adj,antonym,scalar
plural,singular,y,both,0.97,,0.99,paired,n,adj,antonym,complementary
plus,minus,y,alikeY,,,0.87,paired,n,adj,antonym,scalar
plutonium,uranium,n,both,0.61,,0.74,paired,n,noun,co-hyponym,
poked,poked,n,alikeY,,,0.74,paired,,,x-identical,
polluted,clean,n,alikeY,,,0.67,,,adj,antonym-secondary,scalar
pomp,circumstance,n,alikeX,0.85,,,,n,noun,other-conventional,
poor,rich,y,both,0.91,paired,0.98,paired,n,adj,antonym,scalar
poorer,richer,n,both,0.85,paired,0.94,paired,n,adj,antonym,scalar
poorest,richest,n,both,0.74,paired,0.78,paired,n,adj,antonym,scalar
pork,beef,n,alikeY,,,0.55,,n,noun,co-hyponym,
pos,con,n,alikeX,0.61,,,,,partial token,x-none,
positive,negative,y,both,0.98,paired,0.98,paired,n,adj,antonym,scalar
positively,negatively,n,both,0.99,paired,0.92,paired,n,adv,antonym,scalar
positives,negatives,n,both,0.99,paired,0.94,paired,n,noun,antonym,scalar
possibly,",",n,alikeY,,,0.66,,,,x-odd,
posterior,anterior,y,both,0.68,paired,0.86,paired,n,adj,antonym,complementary
posts,comments,n,alikeX,0.66,,,,n,noun,co-hyponym,
postseason,regular,n,alikeY,,,0.71,,n,adj,co-hyponym,
postwar,wartime,n,alikeY,,,0.68,,,,co-hyponym,
potassium,sodium,n,both,0.64,paired,0.77,,n,noun,co-hyponym,
powerless,powerful,y,both,0.57,,0.83,,,adj,antonym,scalar
practice,theory,n,alikeY,,,0.67,,,noun,antonym,complementary
practise,theory,n,alikeY,,,0.78,,,noun,antonym,complementary
praise,criticism,n,alikeY,,,0.53,paired,,noun,antonym,scalar
pre,post,n,alikeX,0.94,,,,n,other/prefix,antonym-temporal,complementary
precursor,successor,n,alikeX,0.52,,,,,,co-hyponym,
predator,prey,n,both,0.99,paired,0.97,paired,n,noun,antonym,converse
predators,prey,n,both,0.99,,0.95,,n,noun,antonym,converse
predecessor,successor,n,alikeX,0.78,,,,n,noun,antonym,complementary
predecessors,successors,n,alikeX,0.66,,,,,noun,antonym,complementary
predictable,unpredictable,y,alikeX,0.54,,,,,adj,antonym,scalar
prefix,suffix,y,alikeX,0.6,,,,n,noun,antonym,complementary
prehistoric,modern,n,both,0.75,,0.79,,n,adj,antonym,complementary
prepared,unprepared,y,alikeX,0.81,,,,,adj,antonym,scalar
present,future,n,alikeX,0.75,paired,,,,,co-hyponym-temporal,
present,past,n,alikeY,,,0.98,paired,n,noun,co-hyponym-temporal,
pretend,real,n,both,0.72,,0.81,,n,adj,antonym,scalar
pretended,real,n,both,0.58,,0.68,,n,adj,antonym-secondary,scalar
previous,present,n,alikeX,0.52,,,,,,co-hyponym-temporal,
prey,predator,n,both,0.86,paired,0.78,paired,n,noun,antonym,converse
primaries,caucuses,n,both,0.81,paired,0.76,paired,n,noun,co-hyponym,
primary,secondary,y,alikeX,0.6,,,,,,co-hyponym,
primates,humans,n,both,0.61,,0.54,,,,co-hyponym,
principals,students,n,alikeX,0.54,,,,,,co-hyponym,
prior,present,n,alikeX,0.59,,,,,,co-hyponym-temporal,
private,public,y,both,0.92,paired,0.97,,n,noun,antonym,complementary
privately,publicly,y,both,0.93,paired,0.97,paired,n,adv,antonym,complementary
privileged,poor,n,alikeY,,,0.68,,n,adj,antonym-secondary,scalar
pro,con,y,alikeX,0.98,,,,n,noun,antonym,complementary
pro,amateur,n,alikeY,,,0.67,,,adj/noun,antonym,scalar
proactive,reactive,n,both,0.94,,0.66,paired,n,adj,antonym,scalar
probation,parole,n,alikeX,0.62,,,,,,co-hyponym,
problem,solution,n,alikeX,0.84,,,,n,noun,antonym,complementary
processed,raw,n,alikeY,,,0.78,,n,adj,antonym,scalar
prof,student,n,both,0.65,,0.57,,n,noun,antonym-secondary,converse
professionally,personally,n,both,0.67,paired,0.81,paired,n,adv,antonym,complementary
professor,student,n,both,0.67,,0.78,,n,noun,antonym,converse
professors,students,n,both,0.9,,0.86,,n,noun,antonym,complementary
progressive,conservative,n,both,0.79,,0.72,,n,adj,antonym,scalar
progressives,conservatives,n,both,0.88,,0.82,,n,noun,antonym,scalar
prohibiting,permitting,n,alikeY,,,0.54,,,verb,antonym-secondary,scalar
proletarian,bourgeois,n,both,0.53,,0.6,,n,adj,antonym,scalar
properly,wrongly,n,alikeX,0.58,,,,,adv,antonym-secondary,scalar
proponent,opponent,n,alikeX,0.53,,,,n,noun,antonym,complementary
prose,poetry,n,both,0.71,,0.83,,n,noun,antonym,complementary
prosecuted,acquitted,n,alikeX,0.53,,,,,,co-hyponym,
prosecution,defense,y,both,0.85,,0.73,,,noun,antonym,complementary
prosecutors,judges,n,both,0.52,,0.58,,n,noun,co-hyponym,
prospects,veterans,n,alikeX,0.59,,,,,,co-hyponym,
prosperous,poor,n,both,0.52,,0.87,,n,adj,antonym-secondary,scalar
protagonist,antagonist,n,alikeX,0.64,,,,n,noun,antonym,complementary
protagonists,antagonists,n,alikeX,0.69,,,,n,noun,antonym,complementary
prove,deny,n,alikeX,0.63,,,,,verb,antonym-secondary,
provinces,states,n,alikeY,,,0.67,,n,noun,nym-meronym,
pseudo,real,n,alikeY,,,0.52,,,adj,antonym-secondary,scalar
psychological,physical,n,alikeY,,,0.63,,,adj,antonym-secondary,
psychologically,physically,n,alikeY,,,0.6,,n,adv,antonym,scalar
public,private,y,alikeX,0.74,paired,,,n,noun,antonym,complementary
publicly,privately,y,both,0.95,paired,0.91,paired,n,adv,antonym,complementary
pull,push,y,alikeY,,,0.78,paired,n,adj/verb,antonym,complementary
pulled,pushed,n,alikeY,,,0.8,,,verb,antonym,reversive
pulling,pushing,n,alikeY,,,0.82,,n,verb,antonym,complementary
punt,kick,n,alikeY,,,0.69,,,,co-hyponym,
pupil,teacher,n,both,0.54,,0.71,,n,noun,antonym,converse
pupils,teachers,n,alikeY,,,0.57,,,noun,antonym,converse
purchaser,seller,n,both,0.86,,0.56,,n,noun,antonym,converse
pursued,pursued,n,alikeY,,,0.59,paired,,,x-identical,
push,pull,y,both,0.84,,0.67,paired,n,verb,antonym,reversive
pushed,pulled,n,alikeX,0.51,,,,,verb,antonym,reversive
pushes,pulls,n,alikeX,0.53,,,,,verb,antonym,reversive
pushing,pulling,n,alikeX,0.71,,,,,verb,antonym,scalar
puts,calls,n,both,0.88,,0.55,,n,noun,antonym-secondary,complementary
qualitative,quantitative,y,both,0.99,paired,0.99,paired,n,adj,antonym,complementary
quality,quantity,n,both,0.86,paired,0.7,paired,n,noun,contrast-conceptual,
quantitative,qualitative,y,both,0.96,paired,0.92,paired,n,adj,antonym,complementary
quantity,quality,n,both,0.93,paired,0.96,paired,n,noun,contrast-conceptual,
quarterly,monthly,n,both,0.57,,0.72,,n,adv,co-hyponym-temporal,
queen,king,y,alikeY,,,0.85,,n,noun,antonym,complementary
queens,kings,n,both,0.53,,0.95,,n,noun,antonym,complementary
queer,straight,n,both,0.9,,0.89,,n,adj,antonym,complementary
question,answer,y,alikeX,0.83,,,,n,noun,antonym,complementary
questions,answers,n,alikeX,0.8,paired,,,n,noun,antonym,complementary
quick,slow,n,alikeY,,,0.58,,n,adj,antonym,scalar
quicker,slower,n,alikeY,,,0.66,,n,adv,antonym,scalar
quickly,slowly,y,alikeY,,,0.51,,,adv,antonym,scalar
quiet,loud,n,alikeY,,,0.74,,n,adj,antonym,scalar
quieter,louder,n,alikeY,,,0.74,,n,adj,antonym,scalar
quietly,loudly,n,alikeY,,,0.66,paired,,adv,antonym,scalar
rainy,sunny,n,alikeY,,,0.6,,n,adj,co-hyponym,
raised,born,n,alikeY,,,0.62,,,,co-hyponym,
randomized,random,n,both,0.67,,0.61,,n,adj,nym-near-synonym,
rapes,murders,n,alikeY,,,0.57,,,,co-hyponym,
rapid,slow,n,alikeY,,,0.76,,n,adj,antonym-secondary,scalar
rapidly,slowly,n,alikeY,,,0.71,,n,adv,antonym-secondary,scalar
rare,common,n,alikeY,,,0.82,,n,adj,antonym,scalar
rational,irrational,y,alikeX,0.71,paired,,,,adj,antonym,scalar
reactive,proactive,n,alikeY,,,0.54,paired,n,adj,antonym,scalar
reading,writing,n,alikeX,0.57,,,,,,co-hyponym,
realism,fantasy,n,both,0.69,,0.7,,n,noun,antonym,scalar
reap,sow,n,alikeY,,,0.98,,n,verb,other-conventional,
rear,front,y,both,0.83,,0.99,,n,noun,antonym,complementary
rebirth,death,n,both,0.55,,0.87,,n,noun,antonym-secondary,complementary
rebounds,points,n,alikeY,,,0.53,,,,co-hyponym,
receive,give,n,both,0.68,,0.78,,n,verb,antonym,reversive
receiver,quarterback,n,alikeY,,,0.65,,n,noun,co-hyponym,
receivers,quarterbacks,n,alikeY,,,0.61,,n,noun,co-hyponym,
receives,gives,n,alikeX,0.68,,,,n,verb,antonym,reversive
receiving,giving,n,both,0.75,paired,0.68,,,verb,antonym,reversive
recipient,sender,n,alikeY,,,0.7,,,noun,antonym,reversive
recipients,donors,n,alikeY,,,0.53,,n,noun,antonym,converse
recruits,veterans,n,alikeX,0.5,,,,,noun,antonym-secondary,complementary
rectangle,square,n,alikeY,,,0.54,,n,noun,co-hyponym,
refurb,new,n,both,0.71,,0.81,,n,adj,antonym-secondary,complementary
regained,lost,n,both,0.52,,0.61,,n,adj/verb,antonym,reversive
regarded,feared,n,alikeY,,,0.51,,,,opposition-indirect,
relative,absolute,y,alikeY,,,0.83,paired,,adj,antonym,complementary
relatives,friends,n,alikeY,,,0.55,,n,noun,co-hyponym,
relegated,promoted,n,both,0.55,,0.53,,n,adj/verb,antonym,scalar
relegation,promotion,n,both,0.74,,0.92,,n,noun,antonym,scalar
relie,starter,n,alikeX,0.8,,,,,partial token,x-none,
relie,starters,n,alikeY,,,0.61,,,partial token,x-none,
reliever,starter,n,both,0.9,,0.96,,n,noun,antonym-secondary,complementary
religious,secular,y,both,0.84,paired,0.74,paired,,adj,antonym,complementary
remake,original,n,alikeY,,,0.88,,n,noun,antonym,complementary
remix,original,n,alikeY,,,0.7,,n,noun,antonym-secondary,complementary
remotely,locally,n,both,0.78,,0.85,,n,adv,antonym,scalar
rented,owned,n,alikeY,,,0.64,,n,adj/verb,antonym,complementary
renting,owning,n,both,0.67,,0.68,paired,n,adj/verb,antonym,complementary
reopened,closed,n,alikeY,,,0.59,,n,adj,antonym-secondary,complementary
replica,original,n,alikeY,,,0.51,,n,noun,antonym-secondary,complementary
repro,praise,n,alikeY,,,0.68,,,partial token,x-none,
republican,democrat,n,both,0.6,paired,0.75,,,,co-hyponym,
rescue,search,n,alikeY,,,0.52,,,,other-conventional,
resident,visitor,n,alikeX,0.6,paired,,,n,noun,antonym,complementary
residential,commercial,n,both,0.8,,0.78,,n,adj,antonym,complementary
respected,feared,n,alikeY,,,0.76,,n,adj/verb,co-hyponym,
respectively,",",n,alikeY,,,0.82,,,,x-odd,
resurrected,dead,n,alikeY,,,0.55,,,adj,antonym-secondary,complementary
resurrection,death,n,alikeY,,,0.78,,n,noun,antonym-secondary,complementary
retake,original,n,alikeY,,,0.67,,,,co-hyponym,
retention,recruitment,n,alikeY,,,0.6,,,,other-related,
retirees,students,n,alikeY,,,0.51,,n,noun,antonym,complementary
reusable,disposable,n,alikeY,,,0.59,,n,adj,antonym,complementary
revised,original,n,alikeY,,,0.64,,n,adj,antonym-secondary,complementary
reward,risk,n,alikeY,,,0.76,,,,other-conventional,
rewarded,punished,n,alikeX,0.65,,,,,adj/verb,antonym,complementary
rewrite,original,n,alikeY,,,0.53,,,,co-hyponym,
rich,poor,y,both,0.99,paired,0.98,paired,n,adj,antonym,scalar
richer,poorer,n,both,0.97,paired,0.92,paired,n,adj,antonym,scalar
richest,poorest,n,both,0.97,paired,0.87,paired,n,adj,antonym,scalar
rifle,pistol,n,alikeY,,,0.52,paired,n,noun,co-hyponym,
right,left,y,both,0.99,paired,0.98,paired,n,adj/noun,antonym,complementary
rightfully,wrongly,n,alikeX,0.53,,,,,adv,antonym,complementary
rightly,wrongly,n,both,0.97,paired,0.85,paired,n,adv,antonym,complementary
rigid,flexible,n,alikeX,0.67,,,,n,adj,antonym,scalar
rise,fall,y,both,0.93,,0.62,paired,n,verb,antonym,reversive
risen,fallen,n,both,0.68,,0.54,,,adj/noun/verb,antonym,converse
rises,falls,n,alikeX,0.89,,,,n,verb,antonym,reversive
risk,reward,n,alikeX,0.64,,,,,,other-conventional,
rival,friend,n,alikeY,,,0.57,,,noun,antonym-secondary,complementary
rivals,friends,n,alikeY,,,0.53,,,noun,antonym-secondary,complementary
robot,human,n,alikeY,,,0.56,,n,noun,co-hyponym,
robotic,human,n,both,0.74,,0.74,,n,adj/noun,co-hyponym,
robots,humans,n,both,0.54,,0.63,,,,co-hyponym,
rodents,humans,n,alikeX,0.51,,,,,,co-hyponym,
rookie,veteran,n,both,0.87,,0.87,,n,noun,antonym,scalar
rookies,veterans,n,both,0.87,,0.83,,n,noun,antonym,scalar
round,square,y,both,0.5,,0.73,paired,n,noun/adj,co-hyponym,
rows,columns,n,both,0.59,,0.54,,n,noun,antonym,complementary
ruled,ruled,n,alikeX,0.85,paired,,,,,x-identical,
ruled,rulers,n,alikeY,,,0.55,,,noun,antonym-secondary,complementary
runners,cyclists,n,alikeX,0.61,,,,,,co-hyponym,
rural,urban,y,both,0.93,paired,0.92,paired,n,adj,antonym,scalar
sad,happy,n,alikeY,,,0.82,paired,n,adj,antonym,scalar
saints,sinners,n,alikeX,0.59,paired,,,,noun,antonym,scalar
salt,pepper,n,alikeX,0.78,,,,,,co-hyponym,
salty,sweet,n,both,0.74,,0.85,,n,adj,co-hyponym,
sane,insane,y,both,0.74,paired,0.51,paired,,adj,antonym,scalar
saves,goals,n,alikeY,,,0.64,,,,co-hyponym,
sciences,arts,n,alikeY,,,0.89,,n,noun,co-hyponym,
sea,land,n,both,0.71,paired,0.9,paired,n,noun,antonym,complementary
seafood,meat,n,alikeY,,,0.57,,n,noun,co-hyponym,
sealed,open,n,alikeY,,,0.64,,n,adj/verb,antonym-secondary,complementary
seated,standing,y,both,0.98,,0.96,,n,adj/verb,antonym,multiple incompatibility
second,third,n,alikeX,0.89,,,,n,adj/noun,co-hyponym-numeric,
second,first,y,alikeY,,,0.97,,n,adj/noun,co-hyponym-numeric,
secondly,third,n,alikeX,0.78,,,,,,co-hyponym-numeric,
secondly,first,n,alikeY,,,0.93,,n,adj/adv,co-hyponym-numeric,
seconds,minutes,n,alikeY,,,0.61,,n,noun,co-hyponym-temporal,
secret,open,n,alikeY,,,0.65,,n,adj/noun,antonym,scalar
secretly,openly,n,alikeY,,,0.51,,,adv,antonym-secondary,scalar
secular,religious,y,both,0.72,paired,0.72,paired,n,adj,antonym,complementary
seen,unseen,n,alikeX,0.84,,,,,adj,antonym,scalar
sell,buy,y,alikeY,,,0.93,paired,n,verb,antonym,converse
seller,buyer,n,both,0.95,paired,0.97,paired,n,noun,antonym,converse
sellers,buyers,n,both,0.97,paired,0.99,paired,n,noun,antonym,converse
selling,buying,n,both,0.6,paired,0.92,paired,n,verb,antonym,converse
sells,buys,n,alikeY,,,0.85,,n,verb,antonym,converse
semifinals,finals,n,alikeX,0.81,,,,n,noun,co-hyponym,
semifinals,quarters,n,alikeY,,,0.62,,n,noun,co-hyponym,
senate,house,n,alikeY,,,0.9,,n,noun,co-hyponym,
send,receive,n,alikeX,0.91,,,,,verb,antonym,reversive
sender,receiver,n,alikeX,0.84,,,,n,noun,antonym,converse
sending,receiving,n,both,0.97,,0.79,,n,verb,antonym,converse
sends,receives,n,alikeX,0.81,,,,n,verb,antonym,converse
senior,junior,y,both,0.9,paired,0.91,paired,n,noun/adj,antonym,complementary
sent,received,n,alikeX,0.86,,,,n,adj/verb,antonym,converse
sentenced,acquitted,n,alikeX,0.53,,,,,adj/verb,antonym-secondary,complementary
sentenced,convicted,n,alikeY,,,0.57,,n,adj/verb,co-hyponym,
separately,together,n,alikeY,,,0.52,,n,adv,antonym,complementary
sequel,original,n,alikeY,,,0.66,,,,co-hyponym,
servant,master,n,both,0.72,,0.69,paired,n,noun,antonym,converse
server,client,n,both,0.85,,0.95,,n,noun,antonym,converse
services,goods,n,alikeY,,,0.67,,n,noun,antonym,complementary
sets,games,n,alikeY,,,0.65,,,,co-hyponym,
several,",",n,alikeY,,,0.79,,,,x-odd,
severe,mild,n,alikeY,,,0.93,,n,adj,antonym,complementary
severely,moderately,n,alikeX,0.61,,,,n,adv,contrast-scalar,
shade,sun,n,alikeY,,,0.5,,n,noun,antonym,scalar
shadow,light,n,both,0.56,,0.61,,n,noun,antonym,scalar
shallow,deep,y,alikeY,,,0.8,,n,adj,antonym,scalar
shampoo,soap,n,alikeY,,,0.58,,n,noun,co-hyponym,
shapes,sizes,n,both,0.53,,0.76,paired,,,co-hyponym,
she,he,n,alikeY,,,0.9,,n,noun/pronoun,antonym,complementary
shield,sword,n,both,0.63,,0.83,,n,noun,co-hyponym,
shock,awe,n,alikeX,0.6,,,,,,other-conventional,
shore,sea,n,alikeX,0.53,,,,,,co-hyponym,
short,long,y,both,0.82,paired,1,paired,n,adj,antonym,scalar
shortened,long,n,alikeY,,,0.54,,,adj,antonym-secondary,scalar
shorter,longer,n,both,0.55,paired,0.59,paired,n,adj,antonym,scalar
shortest,longest,n,both,0.53,paired,0.91,paired,n,adj,antonym,scalar
shotgun,rifle,n,alikeY,,,0.63,,n,noun,co-hyponym,
shotguns,rifles,n,both,0.64,,0.85,,n,noun,co-hyponym,
shove,push,n,alikeY,,,0.62,,,,other-conventional,
shoved,pushed,n,alikeY,,,0.83,,n,verb,other-conventional,
shut,open,y,alikeY,,,0.91,,n,adj/verb,antonym,scalar
sibling,parent,n,alikeY,,,0.56,,n,noun,co-hyponym,
siblings,parents,n,alikeY,,,0.59,,,,co-hyponym,
sick,healthy,n,both,0.69,,0.84,paired,,adj,antonym,scalar
sickness,health,n,alikeY,,,0.76,,,noun,antonym,scalar
sights,sounds,n,alikeX,0.77,,,,,,co-hyponym,
signed,unsigned,y,both,0.77,,0.59,paired,,adj,antonym,complementary
silently,loudly,n,alikeY,,,0.54,,,adv,antonym,scalar
silly,serious,n,alikeY,,,0.65,,,adj,antonym,scalar
silver,gold,n,both,0.85,paired,0.91,paired,n,noun,co-hyponym,
similar,",",n,alikeY,,,0.57,,,,x-odd,
similarities,differences,n,both,0.91,paired,0.81,paired,n,noun,antonym,scalar
similarly,",",n,alikeY,,,0.69,,,,x-odd,
simulated,real,n,both,0.85,,0.88,,n,adj,antonym,scalar
since,before,n,alikeY,,,0.69,,n,adv,antonym-temporal,
single,married,n,alikeY,,,0.55,paired,n,adj,antonym,complementary
singles,couples,n,alikeX,0.74,paired,,,n,noun,antonym,complementary
singular,plural,y,alikeY,,,0.88,paired,n,adj,antonym,complementary
sinners,saints,n,both,0.75,paired,0.68,,n,noun,antonym,scalar
sister,brother,y,alikeY,,,0.91,paired,n,noun,antonym,complementary
sisters,brothers,n,both,0.74,paired,0.97,paired,n,noun,antonym,complementary
sit,stand,y,alikeX,0.7,,,,n,verb,antonym,multiple incompatibility
sitting,standing,n,both,0.92,paired,0.91,paired,n,verb,antonym,multiple incompatibility
six,five,n,alikeY,,,0.52,,n,noun,co-hyponym-numeric,
sixth,seventh,n,alikeX,0.55,,,,,,co-hyponym-numeric,
sixth,fifth,n,alikeY,,,0.78,,,,co-hyponym-numeric,
sizable,small,n,both,0.55,,0.73,,n,adj,antonym-secondary,scalar
sizeable,small,n,both,0.58,,0.76,,n,adj,antonym-secondary,scalar
sizes,shapes,n,alikeY,,,0.78,paired,n,noun,co-hyponym,
skeptics,believers,n,both,0.82,paired,0.52,paired,n,noun,antonym,complementary
skinny,fat,n,alikeY,,,0.66,,n,adj,antonym,scalar
slash,hack,n,alikeY,,,0.54,,,,nym-near-synonym,
slave,master,n,alikeY,,,0.7,,,noun,antonym,complementary
slaves,masters,n,alikeY,,,0.57,,,noun,antonym,complementary
sleepy,awake,n,alikeY,,,0.54,,n,adj,antonym-secondary,complementary
sliced,diced,n,alikeX,0.56,,,,,,co-hyponym,
slow,fast,y,both,0.84,paired,0.96,paired,n,adj,antonym,scalar
slower,faster,n,both,0.84,,0.92,paired,n,adj,antonym,scalar
small,large,y,alikeX,0.69,paired,,,n,adj,antonym,scalar
small,big,y,alikeY,,,0.58,paired,n,adj,antonym,scalar
smaller,larger,n,alikeX,0.51,paired,,,n,adj,antonym,scalar
smallest,largest,n,alikeX,0.62,paired,,,n,adj,antonym,scalar
smartphone,tablet,n,both,0.63,,0.57,,n,noun,co-hyponym,
smartphones,tablets,n,both,0.76,paired,0.72,,n,noun,co-hyponym,
smelled,looked,n,alikeY,,,0.55,,,,co-hyponym,
smokers,drinkers,n,both,0.55,,0.65,,n,noun,co-hyponym,
smoking,drinking,n,alikeY,,,0.58,,n,verb,co-hyponym,
snow,rain,n,alikeY,,,0.51,,n,noun,co-hyponym,
so,so,n,alikeX,0.8,paired,,,,,x-identical,
so,",",n,alikeY,,,0.56,,,,x-odd,
sober,drunk,n,both,0.5,paired,0.77,paired,n,adj,antonym,scalar
socialism,capitalism,y,both,0.81,,0.71,paired,n,noun,co-hyponym,
socialist,capitalist,n,both,0.77,,0.72,,n,adj,co-hyponym,
sodium,potassium,n,alikeX,0.55,paired,,,n,noun,co-hyponym,
soft,hard,y,both,0.82,paired,0.91,paired,n,adj,antonym,scalar
softer,harder,n,both,0.61,,0.65,,,adj,antonym,scalar
software,hardware,y,both,0.92,paired,0.92,paired,n,noun,antonym,complementary
solar,wind,n,alikeY,,,0.54,,,,co-hyponym,
sold,bought,n,alikeY,,,0.88,,,adj/verb,antonym,converse
soldiers,civilians,n,alikeX,0.57,,,,,noun,antonym-secondary,complementary
solution,problem,n,alikeY,,,0.68,,,noun,antonym,complementary
some,others,n,alikeX,0.65,,,,,,co-hyponym,
someday,now,n,both,0.54,,0.54,,n,adv,co-hyponym-temporal,
something,nothing,n,alikeX,0.54,,,,,noun,antonym,complementary
sometimes,",",n,alikeY,,,0.59,,,,x-odd,
son,father,n,both,0.62,paired,0.75,paired,n,noun,antonym,converse
sons,daughters,n,alikeX,0.9,paired,,,n,noun,antonym,complementary
sons,fathers,n,alikeY,,,0.81,,,,co-hyponym,
soon,now,n,alikeY,,,0.66,,,,co-hyponym-temporal,
sooner,later,n,both,0.98,,0.9,,n,adj/adv,antonym-temporal,scalar
sophomore,senior,n,alikeX,0.67,,,,n,noun,co-hyponym,
soul,body,n,alikeY,,,0.87,,n,noun,contrast-conceptual,
souls,bodies,n,alikeY,,,0.6,,,,contrast-conceptual,
sounded,looked,n,alikeY,,,0.74,,,,co-hyponym,
sounding,looking,n,alikeY,,,0.87,,,,co-hyponym,
sour,sweet,y,both,0.76,,0.98,,n,adj,antonym,scalar
south,north,y,both,0.9,paired,0.99,paired,n,adj,antonym,multiple incompatibility
southern,northern,y,both,0.74,paired,0.92,paired,n,adj,antonym,multiple incompatibility
soy,corn,n,alikeY,,,0.58,,n,noun,co-hyponym,
space,time,n,alikeY,,,0.5,paired,n,noun,co-hyponym,
spatial,temporal,n,alikeX,0.53,,,,n,adj,co-hyponym,
speaker,audience,n,alikeX,0.59,,,,,,co-hyponym,
specialized,general,n,alikeY,,,0.59,,n,adj/verb,antonym,scalar
specific,general,y,both,0.61,,0.85,,n,adj,antonym,scalar
specifically,generally,y,alikeY,,,0.63,,n,adv,antonym,scalar
speedy,slow,n,alikeY,,,0.68,,n,adj,antonym-secondary,scalar
spicy,sweet,n,alikeY,,,0.55,,,,co-hyponym,
spiritually,physically,n,alikeY,,,0.51,,n,adv,contrast-conceptual,
spite,love,n,alikeY,,,0.53,,,,opposition-indirect,
spoken,written,y,alikeX,0.54,paired,,,n,adj,antonym,complementary
spring,winter,n,alikeY,,,0.66,,n,adj/noun,co-hyponym,multiple incompatibility
square,round,y,alikeY,,,0.58,paired,,,co-hyponym,
squares,circles,n,alikeY,,,0.58,,,,co-hyponym,
squid,fish,n,alikeY,,,0.62,,n,noun,co-hyponym,
stacks,singles,n,alikeY,,,0.72,,,,contrast-group-individual ,
stage,screen,n,alikeX,0.6,,,,,,co-hyponym,
stale,fresh,y,alikeY,,,0.74,,n,adj,antonym,scalar
stamped,unsigned,n,alikeX,0.51,,,,,,opposition-indirect,
standing,sitting,n,both,0.56,paired,0.55,paired,n,verb,antonym,multiple incompatibility
start,finish,y,alikeX,0.73,,,,n,noun/verb,antonym,complementary
starters,backups,n,both,0.62,,0.63,,,noun,antonym-secondary,complementary
starts,stops,n,alikeY,,,0.6,,,verb,antonym,complementary
static,dynamic,n,alikeX,0.55,,,,n,adj,antonym,complementary
statically,dynamically,n,both,0.84,,0.72,,n,adv,antonym,complementary
stayed,left,n,alikeX,0.53,,,,n,verb,antonym,complementary
stereo,mono,n,both,0.76,paired,0.75,paired,n,adj,antonym,complementary
stocks,bonds,n,alikeX,0.6,,,,n,noun,co-hyponym,
straight,gay,n,both,0.9,paired,0.93,paired,n,adj,antonym,complementary
strange,familiar,y,both,0.61,,0.69,,,adj,antonym,scalar
stranger,friend,n,both,0.53,,0.72,,n,noun,antonym,complementary
strangers,friends,n,alikeY,,,0.7,,n,noun,antonym,complementary
strategic,tactical,n,alikeX,0.72,,,,n,adj,antonym,scalar
streams,rivers,n,alikeY,,,0.65,,,,co-hyponym,
strengthened,weakened,n,both,0.64,,0.6,,n,adj/verb,antonym,scalar
strengths,weaknesses,n,both,0.84,paired,0.78,paired,n,noun,antonym,scalar
strikeouts,walks,n,both,0.85,,0.66,,n,noun,co-hyponym,
strikers,defenders,n,both,0.79,,0.76,,n,noun,co-hyponym,
stripes,stars,n,alikeY,,,0.9,,,,other-conventional,
strong,weak,y,both,0.94,paired,0.95,paired,n,adj,antonym,scalar
stronger,weaker,n,both,0.91,paired,0.87,paired,n,adj,antonym,scalar
strongest,weakest,n,both,0.94,paired,0.92,paired,n,adj,antonym,scalar
stupid,smart,y,alikeY,,,0.51,,,adj,antonym,scalar
subcommittee,committee,n,alikeY,,,0.6,,n,noun,nym-meronym,
subconscious,conscious,n,both,0.83,,0.96,,n,adj/noun,co-hyponym,
subjective,objective,y,both,0.87,paired,0.94,paired,n,adj,antonym,scalar
submerged,surface,n,alikeY,,,0.54,,,adj,antonym-secondary,complementary
subordinates,superiors,n,both,0.58,paired,0.59,paired,,noun,antonym,complementary
subs,starters,n,both,0.71,,0.85,,n,noun,co-hyponym,
subscriber,reader,n,alikeY,,,0.51,,,,co-hyponym,
subsidiary,parent,n,alikeY,,,0.86,,n,noun,nym-meronym,
substitutes,starters,n,both,0.57,,0.67,,,,co-hyponym,
subtract,add,y,alikeY,,,0.82,,n,verb,antonym,complementary
suburb,city,n,both,0.61,,0.81,,n,noun,nym-meronym,
suburban,urban,n,alikeY,,,0.57,,,,co-hyponym,
suburbs,cities,n,both,0.63,,0.58,,,,nym-meronym,
succeed,fail,y,both,0.95,,0.73,paired,n,verb,antonym,scalar
succeeded,failed,n,both,0.93,,0.68,,,adj/verb,antonym,scalar
succeeds,fails,n,both,0.93,,0.6,,n,verb,antonym,scalar
success,failure,y,alikeX,0.88,paired,,,n,noun,antonym,scalar
successes,failures,n,both,0.88,paired,0.7,paired,n,noun,antonym,scalar
such,such,n,alikeX,0.6,paired,,,,,x-identical,
suffix,prefix,y,alikeY,,,0.59,,n,noun,antonym,complementary
summer,winter,n,both,0.78,paired,0.62,paired,n,noun,antonym,multiple incompatibility
summers,winters,n,both,0.91,paired,0.84,paired,n,noun,antonym,multiple incompatibility
sung,spoken,n,alikeX,0.52,,,,n,adj,antonym-secondary,complementary
sunrise,sunset,y,both,0.96,paired,0.84,paired,n,noun,antonym,complementary
sunset,sunrise,y,both,0.87,paired,0.97,paired,n,noun,antonym,complementary
superheroes,villains,n,both,0.84,,0.56,,,noun,antonym-secondary,complementary
superior,inferior,y,both,0.71,paired,0.51,paired,n,adj,antonym,scalar
superiors,subordinates,n,both,0.96,paired,0.54,paired,n,noun,antonym,complementary
supply,demand,y,both,0.99,paired,0.98,paired,n,noun,antonym,complementary
supporting,opposing,n,alikeX,0.56,,,,n,adj/verb,antonym,scalar
surgeon,patient,n,alikeY,,,0.74,,n,noun,antonym,complementary
surgeons,patients,n,alikeY,,,0.55,,,noun,antonym-secondary,converse
suspect,victim,n,both,0.52,,0.56,,,,co-hyponym,
sweet,bitter,n,alikeY,,,0.51,,,,co-hyponym,
swift,slow,n,alikeY,,,0.75,,n,adj,antonym-secondary,scalar
synthetic,natural,n,both,0.5,,0.52,,n,adj,antonym-secondary,scalar
tablets,smartphones,n,alikeX,0.52,paired,,,,,co-hyponym,
tail,head,y,alikeY,,,0.69,,n,noun,antonym,complementary
tails,heads,n,alikeY,,,0.67,,n,noun,antonym,complementary
take,give,y,alikeY,,,0.91,,n,verb,antonym,reversive
takeoff,landing,n,both,0.9,paired,0.87,paired,n,noun,antonym,reversive
taking,giving,n,both,0.65,,0.91,,n,verb,antonym,reversive
tall,short,y,both,0.68,,0.84,,n,adj,antonym,scalar
taller,shorter,n,alikeY,,,0.85,,n,adj,antonym,scalar
tallest,shortest,n,alikeY,,,0.5,,n,adj,antonym,scalar
tame,wild,y,alikeY,,,0.65,,,adj,antonym,scalar
tandem,solo,n,alikeY,,,0.76,,,,co-hyponym,
taped,live,n,alikeY,,,0.65,,n,adj/verb,antonym-secondary,complementary
tea,coffee,n,both,0.58,,0.89,,n,noun,co-hyponym,
teacher,student,n,both,0.87,,0.84,,n,noun,antonym,converse
teachers,students,n,both,0.73,,0.52,,n,noun,antonym,converse
teammates,opponents,n,alikeX,0.52,,,,,noun,antonym,complementary
tear,wear,n,alikeY,,,0.96,,n,verb,other-conventional,
tears,laughter,n,alikeY,,,0.51,paired,,noun,antonym,complementary
teenage,adult,n,both,0.69,,0.54,,n,adj,antonym,multiple incompatibility
tell,show,n,alikeY,,,0.74,,n,verb,co-hyponym,
telling,showing,n,alikeY,,,0.74,,,,co-hyponym,
temporarily,permanently,y,both,0.91,paired,0.76,paired,n,adv,antonym,scalar
temporary,permanent,n,both,0.85,paired,0.84,paired,n,adj,antonym,scalar
tenant,landlord,n,both,0.79,paired,0.9,paired,n,noun,antonym,converse
tenants,landlords,n,both,0.53,paired,0.6,paired,,noun,antonym,converse
territories,states,n,alikeY,,,0.69,,n,noun,co-hyponym,
testament,will,n,alikeY,,,0.8,,n,noun,other-conventional,
tested,tried,n,alikeY,,,0.93,,,,other-conventional,
that,this,n,alikeY,,,0.9,,n,other/det,antonym,complementary
thee,I,n,alikeX,0.54,,,,n,noun/pronoun,antonym,complementary
them,us,n,both,0.69,paired,0.72,,n,noun/pronoun,antonym,complementary
themselves,others,n,alikeX,0.65,,,,,,co-hyponym,
then,now,n,alikeX,0.99,paired,,,n,adv,co-hyponym-temporal,complementary
thence,here,n,alikeY,,,0.5,,n,adv,co-hyponym-temporal,
theoretical,practical,n,both,0.6,,0.56,,n,adj,antonym,scalar
theoretically,practically,n,alikeX,0.54,,,,,adv,antonym,complementary
theorists,practitioners,n,alikeX,0.56,,,,,noun,antonym,complementary
theory,practice,n,alikeX,0.57,,,,,noun,antonym,complementary
therapist,patient,n,alikeY,,,0.61,,,noun,antonym-secondary,converse
there,here,y,alikeY,,,0.96,,n,noun/adv,antonym,complementary
they,we,n,alikeY,,,0.65,,,,co-hyponym,
thick,thin,y,both,0.87,,0.85,paired,n,adj,antonym,scalar
thicker,thinner,n,both,0.79,,0.79,,n,adj,antonym,scalar
thin,thick,y,alikeY,,,0.97,paired,,adj,antonym,scalar
things,people,n,both,0.56,,0.6,,n,noun,co-hyponym,
thinly,thinly,n,alikeX,0.58,paired,,,,,x-identical,
third,fourth,n,alikeX,0.74,,,,,,co-hyponym-numeric,
third,second,n,alikeY,,,0.65,,,,co-hyponym-numeric,
thirsty,hungry,y,both,0.54,,0.58,,n,adj,co-hyponym,
this,this,n,alikeY,,,0.55,paired,y,other/det,x-identical,
thou,I,n,alikeX,0.6,,,,n,noun/pronoun,antonym,complementary
thousand,one,n,alikeX,0.65,,,,,,co-hyponym-numeric,
thousands,hundreds,n,alikeY,,,0.65,,n,noun,co-hyponym-numeric,
three,four,n,alikeX,0.5,,,,,,co-hyponym-numeric,
three,two,n,alikeY,,,0.82,,n,noun,co-hyponym-numeric,
through,through,n,both,0.96,paired,0.97,paired,,,x-identical,
thrown,caught,n,alikeX,0.53,,,,,adj/verb,antonym,reversive
thru,through,n,both,0.73,,0.54,,,,nym-near-synonym,
thunder,lightning,n,alikeX,0.65,,,,,,co-hyponym,
thus,",",n,alikeY,,,0.51,,,,x-odd,
thy,mine,n,alikeX,0.68,,,,n,other/possessive,co-hyponym,
tight,loose,y,both,0.74,,0.79,,n,adj,antonym,scalar
tightly,loosely,n,alikeX,0.58,,,,n,adv,antonym,scalar
time,space,n,alikeY,,,0.59,paired,,,co-hyponym,
times,places,n,alikeX,0.51,,,,,,co-hyponym,
tiny,big,n,alikeY,,,0.62,,,adj,antonym-secondary,scalar
to,fro,n,alikeX,0.62,,,,,adv,antonym,complementary
today,tomorrow,n,alikeX,0.72,paired,,,n,noun/adv,co-hyponym-temporal,
today,yesterday,n,alikeY,,,0.79,paired,n,noun/adv,co-hyponym-temporal,
toes,fingers,n,alikeY,,,0.67,,n,noun,co-hyponym,
together,apart,n,alikeX,0.77,paired,,,,adv,antonym,complementary
tomorrow,today,n,both,0.62,paired,0.72,,n,noun/adv,co-hyponym-temporal,
tonight,tomorrow,n,alikeX,0.8,,,,n,noun/adv,co-hyponym-temporal,
tonight,yesterday,n,alikeY,,,0.56,,,,co-hyponym-temporal,
tooth,nail,n,alikeX,0.65,,,,,,co-hyponym,
top,bottom,y,both,0.97,paired,0.7,paired,n,adj,antonym,scalar
tourists,locals,n,alikeX,0.73,paired,,,,noun,antonym,
township,city,n,alikeY,,,0.65,,n,noun,co-hyponym,
track,field,n,alikeX,0.57,,,,,,co-hyponym,
traditional,modern,n,alikeY,,,0.57,,,adj,antonym-secondary,scalar
trailing,leading,n,alikeY,,,0.75,,,adj/verb,antonym-secondary,complementary
trans,cis,n,both,0.9,paired,0.89,paired,n,adj,antonym,complementary
transmissions,engines,n,alikeY,,,0.69,,,,co-hyponym,
transmitter,receiver,n,both,0.94,,0.79,,n,noun,antonym,complementary
transmitting,receiving,n,both,0.93,,0.73,,n,verb,antonym,complementary
treats,tricks,n,alikeY,,,0.69,,,,other-conventional,
tricks,tips,n,alikeY,,,0.8,,,,other-conventional,
tries,fails,n,alikeX,0.65,,,,,,co-hyponym,
triglycer,cholesterol,n,alikeY,,,0.58,,,partial token,x-none,
trillion,billion,n,alikeY,,,0.51,,n,noun,co-hyponym-numeric,
trillions,billions,n,alikeY,,,0.65,,n,noun,co-hyponym-numeric,
triple,single,n,alikeY,,,0.5,,n,adj/noun,co-hyponym-numeric,
tripled,doubled,n,alikeY,,,0.84,,n,adj/verb,co-hyponym-numeric,
tripod,camera,n,alikeY,,,0.78,,,,co-hyponym,
trooper,civilian,n,alikeY,,,0.51,,,noun,antonym-secondary,complementary
troopers,civilians,n,alikeX,0.5,,,,,noun,antonym-secondary,complementary
troops,civilians,n,both,0.63,,0.53,,,noun,antonym-secondary,complementary
trough,peak,n,both,0.83,paired,0.85,,n,noun,antonym,scalar
truce,war,n,alikeY,,,0.52,,n,noun,antonym-secondary,complementary
truck,car,n,alikeY,,,0.71,,n,noun,co-hyponym,
trucks,cars,n,both,0.53,,0.81,,n,noun,co-hyponym,
TRUE,FALSE,y,alikeX,0.83,paired,,,,adj,antonym,complementary
truths,lies,n,both,0.68,,0.57,,n,noun,antonym,scalar
tsunami,earthquake,n,alikeY,,,0.51,,n,noun,co-hyponym,
tumble,rough,n,alikeY,,,0.84,,,,other-conventional,
turns,twists,n,alikeY,,,0.77,,,,other-conventional,
tutor,student,n,alikeY,,,0.66,,n,noun,antonym-secondary,converse
twenties,teens,n,alikeY,,,0.77,,n,noun,co-hyponym-numeric,
twentieth,nineteenth,n,both,0.52,paired,0.89,,n,noun,co-hyponym-numeric,
twice,once,n,alikeY,,,0.96,,n,adv,co-hyponym-numeric,
twists,turns,n,alikeX,0.81,,,,n,noun,other-conventional,
two,one,n,alikeY,,,0.82,,n,noun,co-hyponym-numeric,
typically,",",n,alikeY,,,0.64,,,,x-odd,
ugly,beautiful,y,alikeY,,,0.55,,,adj,antonym,scalar
ultraviolet,infrared,n,alikeX,0.55,,,,,,co-hyponym,
unacceptable,acceptable,y,alikeY,,,0.75,,n,adj,antonym,scalar
unarmed,armed,y,both,0.96,paired,1,paired,n,adj,antonym,complementary
unauthorized,authorized,y,both,0.72,paired,0.97,,n,adj,antonym,complementary
unavailable,available,y,alikeY,,,0.76,,,adj,antonym,complementary
unbeaten,beaten,n,alikeX,0.55,,,,,adj,antonym,complementary
uncle,aunt,y,alikeY,,,0.53,,,noun,antonym,complementary
uncommon,common,y,alikeY,,,0.74,,n,adj,antonym,complementary
unconscious,conscious,y,both,0.68,paired,0.98,paired,n,adj,antonym,complementary
unconsciously,consciously,y,both,0.87,paired,0.96,paired,n,adv,antonym,complementary
unconstitutional,constitutional,y,alikeY,,,0.54,,n,adj,antonym,complementary
uncontrolled,controlled,y,alikeY,,,0.59,,n,adj,antonym,scalar
unconventional,conventional,y,alikeY,,,0.53,,n,adj,antonym,complementary
undead,living,n,both,0.64,,0.81,,n,adj,antonym,complementary
under,over,n,both,0.7,paired,0.83,,n,adv,antonym,complementary
undergrad,grad,n,both,0.55,,0.56,paired,,,co-hyponym,
undergraduate,graduate,n,both,0.83,,0.71,,n,noun,co-hyponym,
underground,mainstream,n,both,0.56,,0.63,,,,co-hyponym,
underneath,above,n,both,0.53,,0.72,,n,adv,antonym,complementary
underside,top,n,alikeY,,,0.51,,,,co-hyponym,
underwater,surface,n,alikeY,,,0.59,,,adj,antonym-secondary,complementary
undesirable,desirable,y,alikeY,,,0.6,,n,adj,antonym,scalar
undocumented,documented,y,alikeY,,,0.73,,n,adj,antonym,complementary
unequal,equal,y,alikeY,,,0.55,,,adj,antonym,complementary
unexpected,expected,y,alikeY,,,0.55,,,adj,antonym,complementary
unfair,fair,y,alikeY,,,0.92,,n,adj,antonym,scalar
unfairly,fairly,y,alikeY,,,0.75,,n,adv,antonym,scalar
unfamiliar,familiar,y,both,0.5,,0.81,,n,adj,antonym,scalar
unfavorable,favorable,y,both,0.79,paired,0.98,paired,n,adj,antonym,scalar
unfit,fit,y,alikeY,,,0.9,,,adj,antonym,scalar
unfolded,folded,n,alikeY,,,0.7,,n,adj,antonym,complementary
unfortunate,fortunate,y,both,0.51,paired,0.84,,,adj,antonym,scalar
unfortunately,fortunately,y,both,0.54,paired,0.58,,n,adv,antonym,complementary
unhappy,happy,y,alikeY,,,0.93,,n,adj,antonym,scalar
unhealthy,healthy,y,both,0.55,,0.91,,n,adj,antonym,scalar
unified,divided,n,alikeX,0.5,,,,,adj,antonym-secondary,complementary
uninstall,install,n,alikeY,,,0.6,,,verb,antonym,complementary
uninsured,insured,y,both,0.72,paired,0.87,paired,n,adj,antonym,complementary
unintended,intended,y,alikeY,,,0.77,,n,adj/verb,antonym,scalar
unintentional,intentional,n,both,0.52,,0.87,,n,adj,antonym,complementary
unintentionally,intentionally,y,both,0.68,paired,0.75,,n,adv,antonym,complementary
united,divided,y,alikeX,0.71,,,,,adj,antonym,scalar
unjust,just,y,both,0.59,paired,0.98,,n,adj,antonym,scalar
unknow,known,n,alikeY,,,0.66,,n,partial token,x-none,
unknown,known,y,alikeY,,,0.84,,n,adj,antonym,scalar
unlawful,lawful,y,both,0.54,,0.89,,n,adj,antonym,complementary
unlawfully,legally,n,alikeY,,,0.53,,n,adv,antonym,complementary
unlike,like,y,alikeY,,,0.56,,n,adj/verb,antonym,scalar
unloaded,loaded,y,both,0.67,,0.96,,n,adj,antonym,reversive
unlucky,lucky,y,both,0.6,paired,0.84,,n,adj,antonym,scalar
unmanned,manned,y,both,0.96,paired,0.99,,n,adj,antonym,complementary
unmarked,marked,y,alikeY,,,0.9,,n,adj,antonym,complementary
unmarried,married,y,both,0.73,,0.96,,n,adj,antonym,complementary
unnatural,natural,y,alikeY,,,0.78,,n,adj,antonym,scalar
unofficial,official,y,both,0.72,paired,0.95,,n,adj,antonym,complementary
unpaid,paid,y,alikeY,,,0.92,,n,adj,antonym,complementary
unpleasant,pleasant,y,alikeY,,,0.74,,n,adj,antonym,scalar
unpopular,popular,y,alikeY,,,0.9,,n,adj,antonym,scalar
unpredictable,predictable,y,alikeY,,,0.52,,,adj,antonym,scalar
unprotected,protected,y,alikeY,,,0.69,,,adj,antonym,scalar
unpublished,published,y,alikeY,,,0.83,,n,adj,antonym,complementary
unreal,real,y,alikeY,,,0.8,,n,adj,antonym,complementary
unrealistic,realistic,y,alikeY,,,0.59,,n,adj,antonym,scalar
unreasonable,reasonable,y,alikeY,,,0.79,,n,adj,antonym,scalar
unregulated,regulated,y,alikeY,,,0.85,,n,adj,antonym,scalar
unrelated,related,y,alikeY,,,0.64,,n,adj,antonym,scalar
unreliable,reliable,y,alikeY,,,0.54,,,adj,antonym,scalar
unsafe,safe,n,alikeY,,,0.84,,n,adj,antonym,scalar
unseen,seen,n,alikeY,,,0.93,,n,adj,antonym,scalar
unsigned,signed,y,alikeY,,,0.77,paired,n,adj,antonym,complementary
unstable,stable,y,alikeY,,,0.65,,n,adj,antonym,scalar
unsuccessful,successful,y,both,0.55,,0.87,,n,adj,antonym,scalar
unsuccessfully,successfully,y,both,0.5,,0.8,,n,adv,antonym,scalar
untrue,TRUE,n,both,0.55,,0.96,,,adj,antonym-secondary,complementary
unwilling,willing,y,alikeY,,,0.93,,,adj,antonym,scalar
unwittingly,knowingly,n,alikeY,,,0.65,,,adv,antonym-secondary,scalar
unworthy,worthy,y,alikeY,,,0.92,,n,adj,antonym,complementary
up,down,y,both,0.91,paired,0.91,paired,n,adj/adv,antonym,scalar
updates,news,n,alikeY,,,0.51,,,,co-hyponym,
uphill,downhill,n,both,0.98,paired,0.97,paired,n,adj,antonym,scalar
upper,lower,n,both,0.96,paired,0.86,paired,n,adj,antonym,scalar
ups,downs,n,both,0.99,paired,0.82,paired,n,noun,antonym,scalar
upside,downside,n,both,0.96,paired,0.69,paired,n,noun,antonym,scalar
upstairs,downstairs,y,both,0.91,paired,0.93,paired,n,adj/adv/noun,antonym,complementary
upstream,downstream,y,both,1,paired,0.98,paired,n,adj/adv,antonym,complementary
upt,down,n,both,0.75,,0.71,,,partial token,x-none,
upward,downward,y,both,0.9,paired,0.7,paired,n,adj/adv,antonym,scalar
upwards,downwards,y,both,0.85,paired,0.7,paired,n,adj/adv,antonym,scalar
uranium,plutonium,n,alikeY,,,0.52,paired,n,noun,co-hyponym,
urban,rural,y,both,0.83,paired,0.92,paired,n,adj,antonym,scalar
urine,blood,n,alikeY,,,0.52,,n,noun,co-hyponym,
us,them,n,alikeX,0.57,paired,,,n,noun/pronoun,antonym,complementary
us,you,n,alikeY,,,0.52,,,noun/pronoun,antonym-secondary,complementary
used,new,n,alikeX,0.64,,,,,adj,antonym,complementary
useless,useful,y,alikeY,,,0.52,,n,adj,antonym,scalar
username,password,n,alikeX,0.89,,,,n,noun,co-hyponym,
usually,",",n,alikeY,,,0.85,,,,x-odd,
vacation,work,n,alikeY,,,0.57,,n,noun,antonym,complementary
vaccinated,not,n,alikeX,0.67,,,,n,not-annotated,proform,
vanilla,chocolate,n,both,0.58,,0.67,,n,noun,co-hyponym,
vans,cars,n,alikeY,,,0.61,,n,noun,co-hyponym,
vast,small,n,alikeY,,,0.6,,n,adj,antonym-secondary,scalar
vegan,vegetarian,n,both,0.8,paired,0.8,paired,n,adj/noun,co-hyponym,
vegetable,animal,n,alikeY,,,0.54,,n,noun,co-hyponym,
vegetables,fruits,n,alikeY,,,0.78,,n,noun,co-hyponym,
vegetarian,vegan,n,both,0.85,paired,0.76,paired,n,adj,co-hyponym,
veggies,fruits,n,alikeY,,,0.7,,,,co-hyponym,
vendor,customer,n,alikeY,,,0.5,,,noun,antonym-secondary,complementary
venerable,young,n,alikeY,,,0.59,,,,opposition-indirect,
verb,noun,n,both,0.66,,0.79,,n,noun,co-hyponym,
verbally,physically,n,alikeX,0.56,,,,,,co-hyponym,
verse,chapter,n,alikeY,,,0.89,,n,noun,nym-meronym,
verses,chapters,n,alikeY,,,0.53,,n,noun,nym-meronym,
versus,versus,n,alikeY,,,0.53,paired,,,x-identical,
vertical,horizontal,n,both,0.98,paired,0.99,paired,n,adj,antonym,complementary
vertically,horizontally,n,both,1,paired,1,paired,n,adj,antonym,complementary
very,very,n,alikeX,0.59,paired,,,,,x-identical,
vetoed,signed,n,alikeY,,,0.54,,,,co-hyponym,
vice,virtue,n,both,0.86,paired,0.81,,n,noun,antonym,complementary
victims,perpetrators,n,alikeX,0.53,paired,,,,noun,antonym-secondary,complementary
victories,defeats,n,alikeX,0.63,,,,,noun,antonym,complementary
victory,defeat,y,both,0.82,,0.72,paired,n,noun,antonym,complementary
villages,cities,n,alikeX,0.51,,,,,,co-hyponym,
villain,hero,n,both,0.67,paired,0.78,,n,noun,antonym,complementary
villains,heroes,n,both,0.89,paired,0.89,paired,n,noun,antonym,complementary
vinyl,CD,n,alikeY,,,0.51,,n,noun,co-hyponym,
virtual,real,n,alikeY,,,0.67,,n,adj,antonym,complementary
virtually,physically,n,alikeX,0.74,,,,n,adv,antonym,complementary
virtue,vice,n,alikeX,0.67,paired,,,n,noun,antonym,complementary
viruses,bacteria,n,both,0.59,,0.67,,n,noun,co-hyponym,
visas,passports,n,alikeY,,,0.54,,,,co-hyponym,
visible,invisible,y,both,0.75,,0.56,paired,,adj,antonym,scalar
visitor,resident,n,both,0.6,paired,0.61,,n,noun,antonym,complementary
visitors,locals,n,alikeX,0.54,,,,,noun,antonym-secondary,
vitamin,mineral,n,alikeX,0.72,,,,n,noun,co-hyponym,
vodka,beer,n,alikeY,,,0.52,,n,noun,co-hyponym,
void,null,n,alikeY,,,0.78,,,,other-conventional,
voucher,cash,n,alikeY,,,0.56,,n,noun,co-hyponym,
vouchers,cash,n,alikeY,,,0.62,,n,noun,co-hyponym,
wagon,horse,n,alikeY,,,0.62,,,,other-related,
wake,sleep,y,alikeX,0.6,,,,,verb,antonym,complementary
want,need,n,both,0.65,,0.69,,,,co-hyponym,
wants,needs,n,both,0.7,,0.82,,,,co-hyponym,
war,peace,y,both,0.8,paired,0.61,paired,n,noun,antonym,complementary
warm,cold,n,both,0.75,,0.69,,n,adj,antonym-secondary,scalar
warmed,cold,n,alikeY,,,0.51,,,adj,antonym-secondary,scalar
warmer,colder,n,both,0.71,paired,0.7,paired,n,adj,antonym,scalar
weak,strong,y,both,0.82,paired,0.94,paired,n,adj,antonym,scalar
weaken,strong,n,alikeY,,,0.5,,,adj,antonym-secondary,scalar
weakened,strong,n,alikeY,,,0.6,,,adj,antonym-secondary,scalar
weaker,stronger,n,both,0.84,paired,0.88,paired,n,adj,antonym,scalar
weakest,strongest,n,both,0.95,paired,0.96,paired,n,adj,antonym,scalar
weakness,strength,y,both,0.65,,0.88,,n,noun,antonym,scalar
weaknesses,strengths,n,both,0.95,paired,0.97,paired,n,noun,antonym,scalar
wealthier,poorer,n,both,0.93,,0.9,,n,adj,antonym-secondary,scalar
wealthiest,poorest,n,both,0.97,,0.83,,n,adj,antonym-secondary,scalar
wealthy,poor,n,both,0.93,,0.94,,n,noun,antonym-secondary,scalar
wee,big,n,alikeY,,,0.52,,,adj,antonym-secondary,scalar
week,day,n,alikeY,,,0.57,,n,noun,co-hyponym-temporal,
weekday,weekend,n,both,0.88,,0.83,,n,noun,co-hyponym-temporal,
weekly,daily,n,both,0.52,,0.85,,n,adv,co-hyponym-temporal,
weeks,months,n,alikeX,0.59,,,,n,noun,co-hyponym-temporal,
weeks,days,n,alikeY,,,0.66,,n,noun,co-hyponym-temporal,
weep,laugh,n,alikeY,,,0.53,,n,verb,antonym,scalar
weight,height,n,alikeY,,,0.74,,n,adj,co-hyponym,
went,came,n,alikeY,,,0.97,,n,verb,antonym,reversive
were,are,n,alikeX,0.57,,,,,,co-hyponym-temporal,
were,",",n,alikeY,,,0.6,,,,x-odd,
west,east,y,both,0.96,paired,0.99,paired,n,adj/noun,antonym,multiple incompatibility
western,eastern,y,both,0.9,paired,0.92,paired,n,adj,antonym,multiple incompatibility
wet,dry,y,both,0.87,,0.93,paired,n,adj,antonym,scalar
wheat,barley,n,alikeX,0.51,paired,,,n,noun,co-hyponym,
when,where,n,alikeX,0.61,,,,,,co-hyponym,
whenever,wherever,n,both,0.76,paired,0.89,paired,,,co-hyponym,
wherever,whenever,n,both,0.54,paired,0.5,paired,n,adv,co-hyponym,
while,after,n,alikeX,0.56,,,,,,co-hyponym-temporal,
white,black,y,both,0.8,paired,0.95,paired,n,adj,antonym,complementary
whites,blacks,n,both,0.84,paired,0.88,paired,n,noun,antonym,complementary
wholesale,retail,y,both,0.95,,0.92,,n,adj,antonym,complementary
why,how,n,both,0.75,paired,0.58,,,other/interrogative,co-hyponym,
wicked,righteous,n,alikeY,,,0.57,,,adj,antonym-secondary,scalar
wid,widow,n,alikeX,0.69,,,,,partial token,x-none,
wide,far,n,alikeY,,,0.96,,,,other-conventional,
widest,smallest,n,alikeX,0.57,,,,,,opposition-indirect,
widow,husband,n,alikeY,,,0.55,,n,noun,antonym,complementary
wife,husband,y,alikeY,,,0.86,paired,n,noun,antonym,complementary
win,lose,y,alikeX,0.72,paired,,,n,verb,antonym,complementary
windows,doors,n,alikeY,,,0.61,paired,n,noun,co-hyponym,
winner,loser,y,both,0.94,paired,0.83,paired,,noun,antonym,complementary
winners,losers,n,both,0.98,paired,0.83,paired,,noun,antonym,complementary
winning,losing,n,both,0.93,paired,0.81,paired,n,verb,antonym,complementary
wins,losses,n,both,0.83,,0.7,,,noun,antonym,complementary
winter,summer,n,both,0.79,paired,0.83,paired,n,noun,antonym,multiple incompatibility
winters,summers,n,both,0.97,paired,0.96,paired,n,noun,antonym,multiple incompatibility
wired,wireless,y,alikeX,0.56,paired,,,n,adj,antonym,complementary
wireless,wired,y,both,0.93,paired,0.94,,n,adj,antonym,complementary
wiser,younger,n,both,0.64,,0.71,,,,opposition-indirect,
with,without,n,alikeX,0.99,,,,n,adv,antonym,complementary
with,with,n,alikeY,,,0.53,paired,,,x-identical,
withdrawals,deposits,n,alikeY,,,0.75,,,noun,antonym,complementary
withhold,give,n,alikeY,,,0.65,,n,verb,antonym-secondary,complementary
within,without,n,both,0.89,paired,0.61,paired,,adv,antonym,complementary
without,within,n,both,0.68,paired,0.94,paired,,adv,antonym,complementary
wives,husbands,n,alikeY,,,0.89,paired,n,noun,antonym,complementary
wizards,witches,n,both,0.51,,0.85,,n,noun,co-hyponym,
woman,man,y,both,0.78,,0.97,,n,noun,antonym,complementary
women,men,n,both,0.97,paired,0.96,paired,n,noun,antonym,complementary
won,lost,y,both,0.95,,0.88,,n,adj/verb,antonym,complementary
worldly,spiritual,n,alikeX,0.52,,,,n,adv,antonym,scalar
worse,better,y,both,0.91,paired,0.93,paired,n,adj,antonym,scalar
worship,praise,n,alikeY,,,0.6,,,,nym-near-synonym,
worst,best,y,both,0.91,paired,0.97,paired,n,adj,antonym,scalar
worthy,unworthy,y,alikeX,0.57,,,,,adj,antonym,scalar
writer,reader,n,alikeY,,,0.51,,,noun,antonym,converse
writes,readers,n,alikeY,,,0.59,,,noun/verb,antonym,converse
written,spoken,y,both,0.66,paired,0.7,,n,verb,antonym,complementary
wrong,right,y,both,0.9,,0.98,,n,adj,antonym,complementary
wrongly,rightly,n,both,0.61,paired,0.94,paired,n,adv,antonym,complementary
ya,me,n,alikeX,0.68,,,,,,x-odd,
yard,house,n,alikeY,,,0.52,,,,co-hyponym,
yearly,monthly,n,both,0.59,,0.6,,n,noun,co-hyponym-temporal,
yeast,bacteria,n,alikeY,,,0.53,,n,noun,co-hyponym,
yen,dollar,n,alikeX,0.52,,,,,,co-hyponym,
yes,no,y,both,0.99,paired,0.91,,n,noun/adv,antonym,complementary
yesterday,today,n,both,0.92,,0.81,paired,n,adv,co-hyponym-temporal,
yet,different,n,alikeY,,,0.58,,,,x-odd,
young,old,y,both,0.99,paired,0.99,paired,n,adj,antonym,scalar
younger,older,n,both,0.91,paired,0.85,paired,n,adj,antonym,scalar
youngest,oldest,n,both,0.97,paired,0.95,paired,n,adj,antonym,scalar
your,mine,n,alikeX,0.72,,,,,other/possessive,antonym,complementary
yourself,others,n,alikeX,0.9,,,,,,co-hyponym,
yourselves,others,n,alikeX,0.89,,,,,,co-hyponym,
zip,city,n,alikeY,,,0.5,,n,noun,other-related,
zombie,human,n,alikeY,,,0.56,,,,co-hyponym,