Seed,Mask,InWordNet,Cxn,ProbX,HasPairX,ProbY,HasPairY,WordsMatch,POS,NymType,AntonymType
able,unwilling,n,questionX,0.67,,,,n,adj,opposition-indirect,
abnormal,normal,y,both,0.64,,0.86,,n,adj,antonym,scalar
above,below,y,questionX,0.94,paired,,,n,adj/adv,antonym,complementary
abrupt,gradual,n,questionY,,,0.58,,n,adj,antonym,scalar
absence,presence,y,questionY,,,0.7,,n,noun,antonym,complementary
absent,present,y,questionY,,,0.56,,n,adj,antonym,complementary
absolute,relative,y,both,0.95,,0.81,,n,adj,antonym,complementary
abundance,scarcity,y,questionY,,,0.71,,n,noun,antonym,scalar
accepted,rejected,n,questionX,0.55,,,,n,verb,antonym,converse
accessible,not,n,questionX,0.58,,,,n,not-annotated,proform,
accidental,intentional,n,questionY,,,0.6,paired,n,adj,antonym,complementary
accidentally,intentionally,n,questionY,,,0.53,paired,n,adv,antonym,complementary
accompanied,alone,n,questionY,,,0.69,,n,adj,antonym-secondary,complementary
acquaintance,friend,n,questionY,,,0.51,,n,,nym-near-synonym,
acquaintances,friends,n,questionY,,,0.57,,n,noun,nym-near-synonym,
action,inaction,y,questionX,0.63,,,,n,noun,antonym,complementary
active,passive,y,questionY,,,0.7,paired,n,adj,antonym,scalar
actively,passively,y,both,0.83,paired,0.83,,n,adv,antonym,scalar
actresses,actors,n,both,0.7,,0.94,,n,noun,antonym,complementary
acute,chronic,y,both,0.9,paired,0.88,paired,n,adj,antonym,complementary
adjective,noun,n,both,0.76,paired,0.88,paired,n,noun,co-hyponym,
admit,deny,y,both,0.76,,0.51,,n,verb,antonym,complementary
admitted,denied,n,questionX,0.56,,,,n,verb,antonym,complementary
admitting,denying,n,questionX,0.62,,,,n,verb,antonym,complementary
adolescence,childhood,n,questionY,,,0.63,,n,noun,co-hyponym,multiple incompatibility
adolescent,adult,n,questionX,0.57,,,,n,noun,antonym,multiple incompatibility
adopted,natural,n,questionY,,,0.54,,n,adj,antonym-secondary,complementary
adult,child,n,questionY,,,0.61,,n,noun,antonym,multiple incompatibility
adulthood,childhood,n,questionY,,,0.52,,n,,antonym,complementary
adults,children,n,both,0.58,,0.62,,n,noun,antonym,multiple incompatibility
advancing,retreating,n,questionX,0.56,,,,n,verb,antonym,converse
advantage,disadvantage,y,questionX,0.89,,,,n,noun,antonym,complementary
advantages,disadvantages,n,questionX,0.93,,,,n,noun,antonym,complementary
adversary,friend,n,questionY,,,0.54,,n,noun,antonym,complementary
adversely,positively,n,both,0.68,,0.86,,n,adv,antonym-secondary,scalar
affirmative,negative,y,both,0.81,,0.82,,n,adj,antonym,complementary
affluent,poor,n,both,0.59,,0.74,,n,adj/noun,antonym-secondary,scalar
afore,after,n,questionX,0.79,,,,n,adj/adv,antonym-temporal,converse
aft,fore,y,questionY,,,0.95,,n,adj,antonym,complementary
after,before,n,both,0.87,paired,0.87,,n,adj/adv,antonym-temporal,complementary
afternoon,evening,n,questionX,0.5,,,,n,,co-hyponym-temporal,
afternoon,morning,n,questionY,,,0.84,,n,noun,co-hyponym-temporal,
afterward,before,n,both,0.74,,0.86,,n,adv,antonym-temporal,complementary
afterwards,before,n,both,0.75,,0.76,,n,adv,antonym-temporal,complementary
against,for,n,both,0.64,paired,0.97,,n,adv,antonym,complementary
agility,speed,n,questionY,,,0.58,,n,noun,co-hyponym,
agree,disagree,y,both,0.9,paired,0.71,paired,n,verb,antonym,complementary
agrees,disagrees,n,questionX,0.68,,,,n,verb,antonym,complementary
ahead,behind,n,questionX,0.88,,,,n,adv,antonym,complementary
air,water,n,questionY,,,0.52,,n,,co-hyponym,
alcoholic,not,n,questionX,0.59,,,,n,not-annotated,proform,
alike,different,n,questionX,0.71,,,,n,adj,antonym,complementary
alive,dead,y,both,0.98,paired,0.98,paired,n,adj,antonym,complementary
all,none,n,questionX,0.68,,,,n,,antonym,
alley,street,n,questionY,,,0.51,,n,noun,co-hyponym,
ally,foe,n,questionX,0.62,,,,n,noun,antonym,complementary
alpha,beta,n,both,0.8,paired,0.84,paired,n,adj,co-hyponym,
aluminum,steel,n,questionY,,,0.59,,n,noun,co-hyponym,
amateur,professional,y,both,0.77,,0.71,,n,noun,antonym,complementary
analog,digital,n,both,0.91,,0.77,,n,adj,antonym,complementary
analogue,digital,y,both,0.78,,0.76,,n,adj,antonym,complementary
ancient,modern,n,both,0.55,,0.5,,n,adj,antonym,complementary
and,and,n,questionY,,,0.54,paired,y,,x-identical,
angels,demons,n,questionX,0.59,paired,,,n,,co-hyponym,
animal,human,n,questionY,,,0.63,,n,noun,nym-hyponym,conceptual contrast
annual,monthly,n,questionY,,,0.5,,n,,co-hyponym-temporal,
annually,monthly,n,both,0.56,,0.67,,n,adv,co-hyponym-temporal,
anonymously,publicly,n,questionY,,,0.53,,n,adv,antonym,complementary
another,one,n,questionY,,,0.88,,n,other/det,co-hyponym-numeric,
answer,question,y,questionY,,,0.7,,n,noun/verb,antonym,complementary
answered,asked,n,questionY,,,0.5,,n,verb,antonym,complementary
answering,asking,n,questionY,,,0.56,,n,verb,antonym,complementary
answers,questions,n,questionY,,,0.79,,n,noun,antonym,complementary
anterior,posterior,y,both,0.94,paired,0.78,paired,n,adj,antonym,complementary
anti,pro,y,both,0.61,,0.96,,n,adj,antonym,complementary
anus,vagina,n,questionX,0.53,,,,n,,co-hyponym,
anxiety,depression,n,questionX,0.65,,,,n,noun,co-hyponym,
any,all,n,questionX,0.53,,,,n,,antonym-secondary,complementary
apart,together,n,questionY,,,0.85,,n,adv,antonym,complementary
apartment,house,n,questionY,,,0.63,,n,noun,co-hyponym,
apartments,houses,n,questionY,,,0.61,,n,noun,co-hyponym,
apologised,not,n,questionX,0.51,,,,n,,proform,
appears,disappears,n,questionX,0.5,,,,n,,antonym,complementary
apple,pear,n,questionX,0.52,,,,n,,co-hyponym,
apples,oranges,n,questionX,0.56,,,,n,,co-hyponym,
apply,not,n,questionX,0.56,,,,n,not-annotated,proform,
appointed,elected,n,both,0.54,,0.82,,n,adj/verb,antonym,complementary
aquatic,terrestrial,n,both,0.89,,0.86,,n,adj,co-hyponym,multiple incompatibility
archaic,modern,n,questionY,,,0.53,,n,adj,antonym-secondary,complementary
arenas,stadiums,n,both,0.55,,0.52,,n,,co-hyponym,
armed,unarmed,y,both,0.61,paired,0.51,paired,n,adj,antonym,complementary
arms,legs,n,both,0.72,,0.57,paired,n,,co-hyponym,
arrival,departure,n,both,0.71,,0.52,,n,noun,antonym,reversive
arrivals,departures,n,both,0.86,,0.83,,n,noun,antonym,reversive
arteries,veins,n,both,0.57,,0.69,,n,noun,antonym,complementary
article,book,n,questionY,,,0.58,,n,,co-hyponym,
articles,books,n,questionY,,,0.63,,n,noun,co-hyponym,
artificial,natural,y,both,0.51,,0.8,,n,adj,antonym,complementary
artificially,naturally,y,questionY,,,0.81,,n,adv,antonym,complementary
ascending,descending,y,both,0.96,paired,0.66,paired,n,adj/verb,antonym,complementary
ascent,descent,y,both,0.84,,0.52,,n,noun,antonym,complementary
asleep,awake,y,both,0.73,paired,0.68,paired,n,adj,antonym,complementary
asset,liability,y,both,0.78,,0.52,,n,noun,antonym,complementary
assets,liabilities,n,questionX,0.72,,,,n,noun,antonym,complementary
assists,goals,n,questionY,,,0.63,,n,noun,co-hyponym,complementary
asteroid,comet,n,both,0.84,paired,0.61,,n,noun,co-hyponym,
atop,below,n,questionX,0.59,,,,n,adv,antonym-secondary,complementary
attacker,victim,n,both,0.65,,0.6,,n,noun,antonym,complementary
attic,basement,n,both,0.54,paired,0.5,,n,noun,antonym,complementary
audio,video,n,questionX,0.66,,,,n,adj,co-hyponym,
auditory,visual,n,both,0.55,,0.64,,n,adj,co-hyponym,
augmented,real,n,questionY,,,0.65,,n,adj,antonym,scalar
automatic,manual,y,both,0.75,,0.84,,n,adj,antonym,scalar
automatically,manually,n,both,0.52,,0.52,,n,,antonym-secondary,scalar
autumn,winter,n,questionX,0.56,,,,n,noun,co-hyponym,multiple incompatibility
autumn,summer,n,questionY,,,0.53,,n,noun,co-hyponym,multiple incompatibility
avenue,street,n,questionY,,,0.58,,n,noun,co-hyponym,
awake,asleep,y,both,0.7,paired,0.67,paired,n,adj,antonym,complementary
backward,forward,y,both,0.77,,0.85,,n,adj/adv,antonym,complementary
backwards,forwards,n,both,0.82,paired,0.7,paired,n,adj/adv,antonym,complementary
bacterial,viral,n,both,0.58,,0.57,,n,adj,co-hyponym,
bad,good,y,both,0.63,paired,0.95,paired,n,adj,antonym,scalar
balances,checks,n,questionY,,,0.96,,n,noun,other-conventional,
barley,wheat,n,both,0.71,paired,0.89,paired,n,noun,co-hyponym,
barren,fertile,n,questionY,,,0.79,,n,adj,antonym,complementary
basement,attic,n,questionX,0.6,paired,,,n,,antonym,
bath,shower,n,both,0.56,,0.6,,n,,co-hyponym,
baths,showers,n,both,0.56,,0.68,,n,noun,co-hyponym,
batter,pitcher,n,questionY,,,0.64,,n,noun,antonym,complementary
batters,pitchers,n,both,0.65,,0.69,,n,noun,antonym,complementary
batting,pitching,n,questionY,,,0.63,,n,verb,antonym,complementary
beard,mustache,n,questionY,,,0.55,paired,n,,co-hyponym,
beast,man,n,questionY,,,0.67,,n,noun,co-hyponym,
beef,pork,n,questionY,,,0.57,paired,n,,co-hyponym,
beer,wine,n,both,0.62,paired,0.65,paired,n,noun,co-hyponym,
beers,wines,n,questionY,,,0.63,,n,,co-hyponym,
before,after,n,questionX,0.86,paired,,,n,adv,antonym-temporal,complementary
beforehand,after,n,questionX,0.57,,,,n,,antonym-temporal,
begin,end,y,both,0.83,,0.51,,n,verb,antonym,complementary
beginning,end,n,both,0.8,,0.62,paired,n,noun,antonym,complementary
begins,ends,n,questionX,0.79,,,,n,verb,antonym,complementary
believe,not,n,questionX,0.52,,,,n,not-annotated,proform,
believers,skeptics,n,questionX,0.67,paired,,,n,noun,antonym,complementary
below,above,y,both,0.88,paired,0.87,,n,adj/adv,antonym,complementary
beneath,above,n,both,0.75,,0.84,,n,adj/adv,antonym,complementary
bent,straight,n,questionY,,,0.72,,n,adj,antonym,complementary
best,worst,y,questionX,0.62,,,,n,adj,antonym,scalar
beta,alpha,n,both,0.8,paired,0.92,paired,n,adj,co-hyponym,
better,worse,y,questionX,0.96,paired,,,n,adj,antonym,scalar
beverage,food,n,both,0.58,,0.9,,n,noun,antonym,complementary
beverages,food,n,questionY,,,0.55,,n,noun,antonym,complementary
big,small,y,both,0.82,,0.66,paired,n,adj,antonym,scalar
bigger,smaller,n,both,0.85,,0.81,,n,adj,antonym,scalar
bike,car,n,questionY,,,0.5,,n,,co-hyponym,
bikes,cars,n,questionY,,,0.54,,n,noun,co-hyponym,
bilateral,bilateral,n,questionY,,,0.65,paired,y,,x-identical,
billions,trillions,n,questionX,0.55,paired,,,n,,co-hyponym-numeric,
billions,millions,n,questionY,,,0.61,,n,noun,co-hyponym-numeric,
birth,death,y,questionX,0.56,,,,n,,antonym,complementary
births,deaths,n,questionX,0.86,,,,n,noun,antonym,complementary
bishops,priests,n,questionX,0.53,,,,n,,co-hyponym,
bits,bytes,n,questionX,0.69,,,,n,noun,co-hyponym,
black,white,y,both,0.77,,0.75,paired,n,adj,antonym,complementary
blacks,whites,n,both,0.85,paired,0.86,paired,n,noun,antonym,complementary
bless,curse,y,questionX,0.85,,,,n,verb,antonym,complementary
blessing,curse,n,both,0.93,paired,0.72,paired,n,noun,antonym,complementary
blessings,curses,n,questionX,0.67,,,,n,noun,antonym,complementary
blind,deaf,n,questionX,0.75,,,,n,adj,co-hyponym,
boiled,frozen,n,questionX,0.62,,,,n,verb,co-hyponym,
bonds,stocks,n,questionY,,,0.62,paired,n,noun,co-hyponym,
boom,bust,n,questionX,0.99,,,,n,noun,antonym,complementary
boon,curse,n,questionX,0.85,,,,n,noun,antonym,complementary
borough,city,n,questionY,,,0.66,,n,noun,co-hyponym,
borrowers,lenders,n,questionY,,,0.72,,n,,antonym,converse
both,neither,n,questionX,0.59,paired,,,n,,antonym,complementary
bottled,canned,n,both,0.58,,0.62,,n,noun,co-hyponym,
bottles,cans,n,both,0.65,paired,0.71,paired,n,noun,co-hyponym,
bottom,top,y,both,0.55,paired,0.75,paired,n,adj,antonym,scalar
bows,arrows,n,questionX,0.68,,,,n,noun,co-hyponym,
boy,girl,y,both,0.88,paired,0.91,paired,n,noun,antonym,complementary
boyfriend,girlfriend,n,both,0.92,,0.62,paired,n,noun,antonym,complementary
boys,girls,n,both,0.94,paired,0.88,paired,n,noun,antonym,complementary
braking,acceleration,n,both,0.56,,0.54,,n,,antonym,scalar
break,make,y,questionY,,,0.91,,n,verb,antonym,complementary
brewed,distilled,n,questionX,0.51,,,,n,,co-hyponym,
bride,groom,n,both,0.78,paired,0.55,paired,n,noun,antonym,complementary
bridges,tunnels,n,questionX,0.57,,,,n,,co-hyponym,
brightest,best,n,questionY,,,0.79,,n,adj,other-conventional,
broad,narrow,n,both,0.81,,0.62,,n,adj,antonym,scalar
broader,narrower,n,questionX,0.61,,,,n,adj,antonym,scalar
broadly,specifically,n,questionY,,,0.64,,n,adv,antonym,scalar
brother,sister,y,questionX,0.89,,,,n,noun,antonym,complementary
brothers,sisters,n,both,0.82,paired,0.57,paired,n,,antonym,complementary
brunch,dinner,n,questionX,0.54,,,,n,noun,co-hyponym,
bullish,neutral,n,questionY,,,0.6,,n,,co-hyponym,
bushes,trees,n,both,0.58,,0.55,,n,noun,co-hyponym,
bust,boom,n,questionY,,,0.63,,n,noun,antonym,complementary
buy,sell,y,questionX,0.78,,,,n,verb,antonym,converse
buyer,seller,n,both,0.95,paired,0.88,paired,n,noun,antonym,converse
buyers,sellers,n,both,0.85,paired,0.8,paired,n,noun,antonym,converse
buying,selling,n,questionX,0.72,paired,,,n,verb,antonym,converse
buys,sells,n,both,0.87,,0.53,paired,n,verb,antonym,converse
ca,ca,n,questionX,0.56,paired,,,y,,x-identical,
call,text,n,both,0.6,,0.52,,n,,co-hyponym,
calorie,fat,n,questionX,0.59,,,,n,noun,other-related,
calories,fat,n,both,0.53,,0.55,,n,noun,other-related,
canine,human,n,questionY,,,0.51,,n,adj,co-hyponym,
canoe,boat,n,questionY,,,0.56,,n,noun,co-hyponym,
cans,bottles,n,both,0.72,paired,0.82,paired,n,noun,co-hyponym,
capitalism,socialism,y,both,0.54,paired,0.59,paired,n,noun,co-hyponym,
capitalist,socialist,n,questionY,,,0.51,,n,adj,co-hyponym,
carbohydrate,protein,n,both,0.58,,0.56,,n,noun,co-hyponym,
cardinal,bishop,n,questionY,,,0.52,,n,,co-hyponym,
carriage,horse,n,questionY,,,0.68,,n,noun,other-related,
casual,formal,n,both,0.57,,0.6,,n,adj,antonym,scalar
cat,dog,n,both,0.83,paired,0.88,paired,n,noun,co-hyponym,
catcher,pitcher,n,both,0.65,,0.7,,n,noun,antonym,complementary
catching,throwing,n,questionY,,,0.75,,n,verb,antonym,converse
cats,dogs,n,both,0.9,paired,0.92,paired,n,noun,co-hyponym,
caucuses,primaries,n,both,0.54,paired,0.85,paired,n,noun,co-hyponym,
causation,correlation,n,questionY,,,0.58,paired,n,noun,contrast-conceptual,
cause,effect,n,questionX,0.8,paired,,,n,noun,antonym,complementary
cavalry,infantry,n,both,0.67,,0.81,,n,noun,co-hyponym,
celestial,terrestrial,n,questionX,0.66,,,,n,adj,co-hyponym,multiple incompatibility
centimeters,inches,n,questionX,0.51,,,,n,,co-hyponym,
centrally,locally,n,questionY,,,0.69,,n,adv,antonym,scalar
cents,dollars,n,questionY,,,0.55,,n,noun,co-hyponym,
cheat,lie,n,questionY,,,0.65,,n,,co-hyponym,
chronic,acute,y,both,0.79,paired,0.87,paired,n,adj,antonym,complementary
cities,towns,n,questionY,,,0.58,,n,,co-hyponym,
civil,criminal,n,questionY,,,0.52,,n,adj,antonym,complementary
civilian,military,y,both,0.71,,0.53,,n,adj,antonym,complementary
classical,modern,n,both,0.61,,0.51,,n,adj,antonym,scalar
clean,dirty,y,questionX,0.65,paired,,,n,adj,antonym,scalar
closed,open,y,questionY,,,0.76,paired,n,adj,antonym,scalar
closes,opens,n,questionY,,,0.61,,n,verb,antonym,scalar
closing,opening,y,questionY,,,0.51,,n,verb,antonym,scalar
clothed,naked,n,questionY,,,0.72,,n,,antonym,complementary
cloudy,sunny,n,both,0.53,paired,0.71,paired,n,adj,co-hyponym,
coastal,inland,y,both,0.71,,0.74,paired,n,adj,antonym,complementary
coffee,tea,n,both,0.92,paired,0.89,paired,n,noun,co-hyponym,
coincide,",",n,questionY,,,0.5,,n,,x-odd,
cold,hot,y,both,0.62,paired,0.73,paired,n,adj,antonym,scalar
colder,warmer,n,both,0.62,paired,0.76,,n,adj,antonym,scalar
colleague,friend,n,questionY,,,0.63,,n,,co-hyponym,
colleagues,friends,n,questionY,,,0.58,,n,noun,co-hyponym,
collective,individual,n,both,0.63,,0.73,,n,adj,antonym,complementary
collectively,individually,n,both,0.83,paired,0.94,paired,n,adv,antonym,complementary
colleges,universities,n,questionX,0.55,,,,n,,co-hyponym,
colored,white,n,questionY,,,0.77,,n,adj,co-hyponym,
come,go,y,questionX,0.78,,,,n,verb,antonym,complementary
come,stay,n,questionY,,,0.6,,n,,co-hyponym,
comedic,serious,n,both,0.51,,0.61,,n,adj,antonym,scalar
comet,asteroid,n,questionX,0.56,paired,,,n,noun,co-hyponym,
communism,capitalism,n,questionX,0.6,,,,n,noun,co-hyponym,
comparing,comparing,n,questionY,,,0.55,paired,y,,x-identical,
complete,incomplete,y,questionX,0.68,,,,n,adj,antonym,complementary
completely,partially,n,questionY,,,0.6,,n,adv,antonym,scalar
complex,simple,y,both,0.52,,0.66,,n,adj,antonym,scalar
complicated,simple,n,questionY,,,0.57,,n,adj,antonym,scalar
complied,not,n,questionX,0.64,,,,n,not-annotated,proform,
complying,not,n,questionX,0.59,,,,n,not-annotated,proform,
comrade,friend,n,questionY,,,0.52,,n,,nym-near-synonym,
con,pro,y,both,0.59,paired,0.98,,n,noun,antonym,complementary
condo,apartment,n,questionX,0.55,,,,n,noun,co-hyponym,
condos,apartments,n,questionX,0.59,,,,n,,co-hyponym,
confess,not,n,questionX,0.52,,,,n,not-annotated,proform,
confirm,deny,n,both,0.91,,0.64,paired,n,verb,antonym,complementary
cons,pros,n,both,0.52,paired,0.96,paired,n,noun,antonym,complementary
conscious,unconscious,y,questionX,0.62,,,,n,,antonym,scalar
consciously,unconsciously,y,questionX,0.66,paired,,,n,adv,antonym,complementary
conservatism,liberalism,n,questionY,,,0.52,,n,noun,antonym,scalar
conservative,liberal,y,both,0.73,paired,0.82,paired,n,noun,antonym,scalar
conservatives,liberals,n,both,0.57,paired,0.76,paired,n,noun,antonym,scalar
constructive,destructive,y,questionX,0.58,,,,n,,antonym,scalar
consulate,embassy,n,both,0.55,,0.68,,n,noun,co-hyponym,
contra,pro,n,questionY,,,0.92,,n,adv,antonym-secondary,complementary
contraction,expansion,y,questionY,,,0.58,,n,noun,antonym,scalar
contrast,compare,n,questionY,,,0.83,,n,,other-conventional,
cooked,raw,y,questionY,,,0.71,paired,n,adj,antonym,scalar
cooler,warmer,n,both,0.57,,0.66,paired,n,adj,antonym,scalar
cooling,heating,n,both,0.67,paired,0.87,,n,adj/verb,antonym,scalar
cooperating,not,n,questionX,0.65,,,,n,not-annotated,proform,
coordinator,coach,n,questionY,,,0.57,,n,noun,co-hyponym,
copies,originals,n,questionY,,,0.54,,n,noun,antonym,complementary
correctly,incorrectly,y,questionX,0.68,,,,n,,antonym,complementary
correlated,independent,n,questionY,,,0.53,,n,,antonym-secondary,complementary
correlation,causation,n,both,0.71,,0.57,paired,n,noun,contrast-conceptual,
costs,benefits,n,questionX,0.52,,,,n,,antonym,complementary
counterfeit,real,n,questionY,,,0.52,,n,adj,antonym-secondary,complementary
countryside,city,n,questionY,,,0.61,,n,noun,antonym,complementary
county,city,n,questionY,,,0.61,,n,noun,co-hyponym,
coupled,single,n,both,0.69,,0.64,,n,adj,antonym,complementary
couples,singles,n,questionY,,,0.64,,n,noun,antonym,complementary
crawl,walk,n,questionY,,,0.62,,n,verb,co-hyponym,
crawled,walked,n,both,0.56,,0.57,,n,verb,co-hyponym,
crawling,walking,n,both,0.76,,0.78,,n,verb,co-hyponym,
cream,milk,n,questionY,,,0.56,,n,,co-hyponym,
credible,not,n,questionX,0.59,,,,n,not-annotated,proform,
creed,race,n,questionY,,,0.6,,n,,co-hyponym,
criticism,praise,n,questionY,,,0.53,,n,noun,antonym,scalar
crochet,knit,n,both,0.64,paired,0.84,paired,n,verb,co-hyponym,
crooked,straight,y,questionY,,,0.5,,n,,antonym,scalar
cultivated,wild,n,questionY,,,0.5,,n,adj,antonym,scalar
cultured,natural,n,questionY,,,0.53,,n,adj,antonym-secondary,scalar
curled,straight,n,both,0.6,,0.7,,n,adj,antonym,scalar
curly,straight,y,both,0.95,,0.93,,n,adj,antonym,scalar
curse,blessing,n,both,0.54,paired,0.68,paired,n,noun,antonym,complementary
cursed,blessed,y,questionY,,,0.51,,n,adj/verb,antonym,complementary
curved,straight,y,both,0.69,,0.67,,n,adj,antonym,scalar
dad,mom,n,questionY,,,0.78,paired,n,noun,antonym,complementary
daddy,mummy,n,questionY,,,0.51,,n,,antonym,complementary
dads,moms,n,questionY,,,0.74,,n,noun,antonym,complementary
daily,weekly,n,both,0.77,,0.74,paired,n,adv,co-hyponym-temporal,
damp,dry,n,both,0.6,,0.79,,n,adj,antonym-secondary,scalar
dark,light,y,both,0.9,paired,0.9,paired,n,adj/noun,antonym,scalar
darker,lighter,n,both,0.88,,0.84,,n,adj,antonym,scalar
darkness,light,n,both,0.74,,0.77,,n,noun,antonym,scalar
daughter,son,y,both,0.62,paired,0.77,,n,,antonym,complementary
daughters,sons,n,both,0.79,paired,0.95,paired,n,noun,antonym,complementary
dawn,dusk,n,both,0.61,paired,0.51,paired,n,noun,antonym,complementary
day,night,y,both,0.92,paired,0.89,paired,n,noun,antonym,complementary
daytime,nighttime,n,both,0.64,,0.61,paired,n,noun,antonym,complementary
dead,alive,y,both,0.85,paired,0.72,paired,n,adj,antonym,complementary
deaf,blind,n,questionY,,,0.63,,n,,co-hyponym,
death,life,n,questionY,,,0.77,,n,noun,antonym,complementary
debit,credit,y,both,0.88,,0.89,,n,noun,antonym,complementary
debtor,creditor,y,both,0.78,,0.69,,n,noun,antonym,converse
decades,centuries,n,questionX,0.67,,,,n,,co-hyponym-temporal,
decades,years,n,questionY,,,0.53,,n,,co-hyponym-temporal,
deceased,alive,n,questionX,0.56,,,,n,adj,antonym,complementary
decentralized,centralized,y,both,0.58,,0.76,,n,adj/verb,antonym,complementary
deceptive,misleading,n,questionX,0.69,,,,n,adj,nym-near-synonym,
decoding,encoding,n,questionY,,,0.51,,n,verb,antonym,reversive
decorated,plain,n,questionY,,,0.58,,n,adj,antonym,scalar
decrease,increase,y,both,0.53,paired,0.84,paired,n,noun/verb,antonym,scalar
decreased,increased,y,questionY,,,0.85,paired,n,adj/verb,antonym,scalar
decreases,increases,n,questionY,,,0.74,,n,verb,antonym,scalar
deeds,words,n,questionY,,,0.54,,n,noun,contrast-conceptual,complementary
defeat,victory,y,questionY,,,0.77,,n,noun,antonym,complementary
defence,attack,n,both,0.5,,0.54,,n,noun,antonym,reversive
defenders,strikers,n,questionY,,,0.59,,n,,co-hyponym,
defense,offense,y,both,0.88,paired,0.94,paired,n,noun,antonym,complementary
defenseman,forward,n,questionY,,,0.54,,n,noun,antonym,complementary
defensive,offensive,y,both,0.87,paired,0.91,,n,adj,antonym,complementary
defensively,offensively,y,both,0.96,paired,0.98,paired,n,adv,antonym,complementary
deficit,surplus,n,both,0.92,paired,0.93,,n,noun,antonym,complementary
deflation,inflation,y,both,0.52,paired,0.69,,n,noun,antonym,complementary
deliberate,accidental,n,both,0.6,,0.55,,n,adj,antonym,complementary
deliberately,accidentally,y,questionY,,,0.67,,n,adv,antonym,complementary
delusions,hallucinations,n,questionX,0.53,,,,n,,co-hyponym,
demand,supply,y,both,0.82,paired,0.93,paired,n,noun,antonym,complementary
democrat,republican,n,both,0.71,,0.69,paired,n,noun,co-hyponym,complementary
demons,angels,n,both,0.53,paired,0.58,,n,,co-hyponym,
deny,confirm,n,questionY,,,0.86,paired,n,verb,antonym,complementary
descending,ascending,y,both,0.75,paired,0.67,paired,n,adj/verb,antonym,complementary
deserved,not,n,questionX,0.59,,,,n,not-annotated,proform,
desktop,laptop,n,both,0.78,,0.67,,n,,co-hyponym,
despair,hope,y,questionY,,,0.5,,n,noun,antonym,scalar
destroyer,cruiser,n,questionY,,,0.57,,n,noun,co-hyponym,
detriment,benefit,n,questionY,,,0.52,,n,,antonym,scalar
dexter,sinister,n,questionX,0.51,,,,n,,antonym,complementary
diabetic,not,n,questionX,0.53,,,,n,not-annotated,proform,
diamonds,gold,n,questionY,,,0.62,,n,noun,co-hyponym,
dictatorship,democracy,n,questionY,,,0.65,,n,noun,antonym,scalar
dies,lives,n,questionY,,,0.54,,n,verb,antonym,complementary
diesel,gasoline,n,both,0.52,paired,0.52,paired,n,noun,co-hyponym,
differences,similarities,n,both,0.89,paired,0.95,paired,n,noun,antonym,scalar
difficult,easy,y,questionY,,,0.61,,n,adj,antonym,scalar
digitally,physically,n,both,0.6,,0.89,,n,adv,antonym,complementary
diluted,whole,n,questionY,,,0.56,,n,adj,antonym-secondary,reversive
dime,nickel,n,questionY,,,0.59,,n,,co-hyponym,
dinner,lunch,n,questionY,,,0.56,,n,noun,co-hyponym,
diploma,degree,n,questionY,,,0.52,,n,noun,co-hyponym,
direct,indirect,y,both,0.92,paired,0.86,paired,n,adj,antonym,complementary
directly,indirectly,y,both,0.99,paired,0.91,paired,n,adv,antonym,complementary
director,producer,n,questionX,0.57,,,,n,,co-hyponym,
dirty,clean,y,both,0.69,paired,0.83,,n,adj,antonym,scalar
disable,enable,y,questionY,,,0.55,,n,verb,antonym,reversive
disadvantage,advantage,y,questionY,,,0.76,,n,noun,antonym,complementary
disadvantages,advantages,n,questionY,,,0.93,,n,noun,antonym,complementary
disagree,agree,y,both,0.53,paired,0.96,paired,n,verb,antonym,complementary
disagreement,agreement,y,questionY,,,0.7,,n,noun,antonym,complementary
disagrees,agrees,n,questionY,,,0.68,,n,verb,antonym,complementary
disappro,pro,n,questionY,,,0.56,,n,partial token,x-none,
disapproval,approval,y,questionY,,,0.62,,n,noun,antonym,scalar
disapprove,approve,y,questionY,,,0.95,,n,verb,antonym,scalar
disliked,liked,y,questionY,,,0.57,,n,adj/verb,antonym,scalar
disposable,reusable,n,questionX,0.57,,,,n,adj,antonym,complementary
dispro,pro,n,questionY,,,0.52,,n,partial token,x-none,
dissertation,thesis,n,questionY,,,0.64,,n,,nym-near-synonym,
dissolved,solid,n,questionY,,,0.59,,n,adj,antonym-secondary,scalar
dive,swim,n,questionY,,,0.53,,n,,co-hyponym,
divergence,convergence,y,both,0.62,,0.63,,n,noun,antonym,scalar
divide,conquer,n,questionX,0.91,,,,n,noun,other-conventional,
divide,unite,y,questionY,,,0.59,,n,,antonym,complementary
divorced,separated,n,questionX,0.51,,,,n,,co-hyponym,
divorced,married,n,questionY,,,0.59,,n,adj/verb,antonym,complementary
dog,cat,n,both,0.83,paired,0.87,paired,n,noun,co-hyponym,
dogs,cats,n,both,0.91,paired,0.9,paired,n,noun,co-hyponym,
dolphin,whale,n,questionY,,,0.55,,n,noun,co-hyponym,
dolphins,whales,n,questionY,,,0.55,paired,n,,co-hyponym,
domestically,internationally,n,questionX,0.53,,,,n,,antonym-secondary,
door,window,n,questionY,,,0.54,paired,n,noun,co-hyponym,
doors,windows,n,both,0.76,,0.73,paired,n,noun,co-hyponym,
dopamine,serotonin,n,both,0.77,paired,0.81,paired,n,noun,co-hyponym,
dormant,active,y,questionY,,,0.55,,n,adj,antonym-secondary,complementary
dorsal,lateral,n,both,0.54,,0.56,,n,adj,antonym,complementary
dos,no,n,questionX,0.71,,,,n,partial token,x-none,
double,single,y,questionY,,,0.86,,n,adj,co-hyponym-numeric,complementary
doubled,tripled,n,both,0.7,,0.74,paired,n,adj/verb,co-hyponym-numeric,
doubles,singles,n,both,0.77,,0.87,,n,noun,co-hyponym-numeric,complementary
down,up,y,both,0.73,paired,0.96,paired,n,adj/adv,antonym,scalar
downhill,uphill,n,both,0.76,paired,0.85,paired,n,adj,antonym,scalar
downs,ups,n,questionY,,,0.82,,n,noun,antonym,scalar
downside,upside,n,both,0.65,paired,0.74,,n,noun,antonym,scalar
downstairs,upstairs,y,both,0.92,paired,0.97,paired,n,adj/adv/noun,antonym,complementary
downstream,upstream,y,both,0.89,paired,0.9,paired,n,adj/adv,antonym,complementary
downt,up,n,questionY,,,0.77,,n,partial token,x-none,
downward,upward,y,both,0.78,paired,0.77,paired,n,adj/adv,antonym,scalar
downwards,upwards,y,both,0.51,paired,0.57,paired,n,adj/adv,antonym,scalar
drawbacks,benefits,n,questionY,,,0.6,,n,noun,antonym,scalar
dreamed,real,n,questionY,,,0.77,,n,adj/noun/verb,antonym,complementary
dried,fresh,n,both,0.52,,0.69,,n,adj,antonym,scalar
drink,food,n,questionY,,,0.8,,n,noun,co-hyponym,
dry,wet,y,both,0.57,paired,0.88,paired,n,adj,antonym,scalar
dual,single,n,both,0.7,,0.79,,n,adj,antonym,complementary
duo,single,n,questionY,,,0.67,,n,adj/noun,antonym,complementary
during,after,n,questionX,0.72,,,,n,other/preposition,co-hyponym-temporal,
during,before,n,questionY,,,0.73,,n,other/preposition,co-hyponym-temporal,
dusk,dawn,n,both,0.9,paired,0.87,paired,n,noun,antonym,complementary
dyed,natural,n,both,0.63,,0.73,,n,adj,antonym-secondary,complementary
dynamic,static,n,both,0.67,,0.66,paired,n,adj,antonym,complementary
eBay,Amazon,n,questionX,0.51,,,,n,noun,co-hyponym,
earlier,later,n,questionX,0.96,,,,n,adj,antonym-temporal,scalar
early,late,y,both,0.79,,0.84,paired,n,adj,antonym-temporal,scalar
earth,heaven,n,questionY,,,0.62,,n,,co-hyponym,
earthquake,tsunami,n,questionX,0.64,,,,n,,co-hyponym,
easier,harder,n,questionX,0.72,,,,n,adj,antonym,scalar
easiest,hardest,n,questionX,0.53,paired,,,n,adj,antonym,scalar
east,west,y,both,0.89,paired,0.64,paired,n,adj/noun,antonym,multiple incompatibility
eastern,western,y,both,0.87,paired,0.75,paired,n,adj,antonym,multiple incompatibility
easy,hard,n,questionY,,,0.54,,n,adj,antonym,scalar
edible,not,n,questionX,0.52,,,,n,not-annotated,proform,
effect,cause,n,both,0.55,paired,0.98,,n,noun,antonym,complementary
effects,causes,n,questionY,,,0.69,,n,noun,antonym,complementary
eight,nine,n,questionX,0.52,,,,n,,co-hyponym-numeric,
eight,seven,n,questionY,,,0.63,,n,,co-hyponym-numeric,
eighteen,nineteen,n,questionX,0.65,,,,n,,co-hyponym-numeric,
eighteen,seventeen,n,questionY,,,0.57,,n,,co-hyponym-numeric,
eighteenth,nineteenth,n,questionX,0.85,,,,n,adj,co-hyponym-numeric,
eighth,ninth,n,questionX,0.73,,,,n,adj,co-hyponym-numeric,
eighth,seventh,n,questionY,,,0.61,,n,,co-hyponym-numeric,
eighty,seventy,n,questionY,,,0.64,,n,,co-hyponym-numeric,
either,both,n,both,0.92,,0.59,,n,adj/pronoun,co-hyponym,
elderly,young,n,questionY,,,0.53,,n,adj,antonym,scalar
electronically,physically,n,both,0.61,,0.89,,n,adv,antonym-secondary,complementary
elementary,middle,n,questionY,,,0.66,,n,,co-hyponym,
eleven,twelve,n,questionX,0.82,,,,n,,co-hyponym-numeric,
eleven,ten,n,questionY,,,0.69,,n,adj/noun,co-hyponym-numeric,
emotionally,physically,n,questionY,,,0.52,,n,,co-hyponym,
employer,employee,y,questionX,0.58,,,,n,noun,antonym,converse
enable,disable,y,questionX,0.84,,,,n,verb,antonym,reversive
enabled,disabled,n,both,0.63,,0.51,,n,adj/verb,antonym,reversive
end,beginning,n,questionY,,,0.59,paired,n,noun,antonym,complementary
ending,beginning,y,questionY,,,0.65,,n,noun,antonym,complementary
endless,finite,n,questionY,,,0.51,,n,,antonym-secondary,complementary
endogenous,synthetic,n,questionX,0.55,,,,n,adj,co-hyponym,
enemies,friends,n,questionY,,,0.71,,n,noun,antonym,scalar
enemy,friend,n,both,0.51,,0.68,,n,noun,antonym,scalar
engaged,married,n,questionY,,,0.58,,n,,co-hyponym,
engineered,natural,n,both,0.52,,0.73,,n,adj,antonym-secondary,complementary
ensemble,solo,n,questionY,,,0.59,,n,adj/noun,antonym,complementary
enslaved,free,n,questionY,,,0.77,,n,adj,antonym,complementary
entrance,exit,n,questionX,0.87,,,,n,noun,antonym,complementary
entrances,exits,n,questionX,0.67,,,,n,noun,antonym,complementary
equitable,fair,n,questionY,,,0.65,,n,adj,other-conventional,
equity,debt,n,both,0.74,,0.75,,n,noun,antonym-secondary,complementary
es,no,n,questionX,0.78,,,,n,partial token,x-none,
estrogen,testosterone,n,both,0.77,paired,0.77,,n,noun,antonym,complementary
ethnicity,race,n,questionY,,,0.63,,n,noun,co-hyponym,
euros,dollars,n,both,0.76,,0.76,,n,noun,co-hyponym,
evening,morning,n,questionY,,,0.61,,n,noun,antonym,multiple incompatibility
evenings,weekends,n,questionX,0.6,,,,n,,co-hyponym-temporal,
evenings,mornings,n,questionY,,,0.61,paired,n,noun,antonym,multiple incompatibility
eventually,now,n,questionY,,,0.56,,n,,co-hyponym-temporal,
ever,now,n,questionY,,,0.59,,n,adv,co-hyponym-temporal,
evil,good,y,both,0.83,,0.89,,n,adj,antonym,scalar
exceeded,met,n,questionY,,,0.51,,n,verb,contrast-scalar,multiple incompatibility
excellent,good,n,both,0.63,,0.85,,n,adj,contrast-scalar,scalar
exclusion,inclusion,y,questionY,,,0.69,,n,noun,antonym,complementary
exist,not,n,questionX,0.56,,,,n,not-annotated,proform,
explicit,implicit,y,both,0.57,paired,0.67,paired,n,adj,antonym,scalar
explicitly,implicitly,y,both,0.93,paired,0.96,paired,n,adv,antonym,scalar
exponential,linear,n,both,0.59,,0.89,,n,adj,co-hyponym,
export,import,y,both,0.92,paired,0.73,paired,n,noun,antonym,complementary
exporting,importing,n,both,0.68,paired,0.63,paired,n,verb,antonym,complementary
exports,imports,n,both,0.83,paired,0.75,paired,n,noun,antonym,complementary
expressed,implied,n,questionX,0.79,,,,n,adj/verb,antonym-secondary,complementary
expressly,implicitly,n,both,0.74,,0.83,,n,adv,antonym-secondary,scalar
exterior,interior,y,both,0.93,paired,0.97,paired,n,noun,antonym,complementary
external,internal,y,both,0.97,paired,0.96,paired,n,adj,antonym,complementary
externally,internally,y,both,0.88,paired,0.96,paired,n,adv,antonym,complementary
fabricated,real,n,questionY,,,0.57,,n,adj,antonym-secondary,scalar
facebook,twitter,n,questionX,0.53,,,,n,,co-hyponym,
fact,fiction,n,questionX,0.68,,,,n,noun,antonym,complementary
failure,success,y,both,0.65,paired,0.8,paired,n,noun,antonym,scalar
failures,successes,n,questionY,,,0.66,paired,n,noun,antonym,scalar
fake,real,n,both,0.64,,0.85,,n,adj,antonym,scalar
faked,real,n,both,0.64,,0.88,,n,adj,antonym,scalar
fall,rise,y,questionY,,,0.78,,n,,antonym,reversive
fallen,risen,n,questionY,,,0.53,,n,,antonym,reversive
falling,rising,y,both,0.87,paired,0.8,,n,adj/verb,antonym,reversive
falls,rises,n,both,0.58,paired,0.56,,n,,antonym,reversive
FALSE,TRUE,y,both,0.59,paired,0.92,paired,n,,antonym,complementary
falsehood,truth,y,both,0.52,,0.81,,n,noun,antonym-secondary,complementary
family,friends,n,both,0.6,,0.54,paired,n,noun,co-hyponym,
far,near,y,both,0.53,paired,0.65,paired,n,adj,antonym,scalar
fascism,communism,n,questionX,0.51,,,,n,,co-hyponym,
fast,slow,y,both,0.9,paired,0.79,paired,n,adj,antonym,scalar
fastball,slider,n,questionX,0.57,,,,n,,co-hyponym,
faster,slower,n,both,0.84,paired,0.68,paired,n,adj,antonym,scalar
father,mother,y,questionY,,,0.64,paired,n,,antonym,complementary
fathers,mothers,n,both,0.5,paired,0.66,paired,n,noun,antonym,complementary
faux,real,n,both,0.79,,0.81,,n,adj,antonym,scalar
favorable,unfavorable,y,both,0.96,paired,0.72,paired,n,adj,antonym,scalar
favorably,negatively,n,questionX,0.77,,,,n,adv,antonym,scalar
favoring,opposing,n,questionX,0.56,,,,n,adj/verb,antonym,scalar
favourable,unfavorable,n,questionX,0.75,,,,n,adj,antonym,scalar
fax,email,n,questionX,0.53,,,,n,,co-hyponym,
federal,state,n,both,0.76,,0.89,,n,noun,antonym,complementary
fell,rose,n,questionY,,,0.71,,n,verb,antonym,reversive
felony,misdemeanor,n,both,0.8,paired,0.85,paired,n,noun,co-hyponym,
fem,male,n,questionY,,,0.53,,n,,antonym-secondary,complementary
female,male,y,both,0.95,paired,0.98,paired,n,adj/noun,antonym,complementary
females,males,n,both,0.89,paired,0.97,paired,n,noun,antonym,complementary
feminine,masculine,y,both,0.93,paired,0.95,paired,n,adj,antonym,complementary
fentanyl,heroin,n,both,0.54,,0.59,,n,noun,co-hyponym,
fetus,embryo,n,both,0.67,,0.64,,n,,co-hyponym,
few,many,y,questionY,,,0.72,,n,adj,antonym,scalar
fewer,more,y,both,0.82,,0.86,,n,adj,antonym,scalar
fictional,real,n,questionY,,,0.66,,n,adj,antonym,scalar
fictitious,real,n,questionY,,,0.63,,n,adj,antonym,scalar
fifth,sixth,n,questionX,0.83,,,,n,,co-hyponym-numeric,
fifth,fourth,n,questionY,,,0.82,,n,noun,co-hyponym-numeric,
figures,facts,n,questionY,,,0.79,,n,noun,co-hyponym,
filthy,clean,n,questionY,,,0.57,,n,,antonym-secondary,scalar
finished,incomplete,n,questionX,0.52,,,,n,,antonym-secondary,scalar
finite,infinite,y,both,0.68,paired,0.55,paired,n,adj,antonym,complementary
firms,individuals,n,questionY,,,0.5,,n,noun,antonym,complementary
first,second,y,both,0.76,,0.72,paired,n,adj/noun,co-hyponym-numeric,
fishing,hunting,n,both,0.56,paired,0.51,paired,n,,co-hyponym,
five,four,n,questionY,,,0.71,,n,noun,co-hyponym-numeric,
flu,cold,n,questionY,,,0.67,,n,noun,co-hyponym,
fluid,solid,n,both,0.74,,0.66,,n,noun,antonym-secondary,multiple incompatibility
foe,friend,y,both,0.94,paired,0.86,,n,noun,antonym,complementary
foes,friends,n,both,0.7,,0.9,,n,noun,antonym,complementary
for,against,n,questionX,0.97,paired,,,n,adv,antonym,complementary
fore,aft,y,questionX,0.79,,,,n,,antonym,complementary
foreground,background,y,both,0.97,,0.93,,n,adj/noun,antonym,complementary
foreign,domestic,y,questionX,0.56,,,,n,adj,antonym,complementary
foremost,first,n,questionY,,,0.95,,n,adj,other-conventional,
forged,real,n,questionY,,,0.6,,n,adj/verb,antonym-secondary,complementary
forget,forgive,n,questionY,,,0.73,,n,,other-conventional,
fork,knife,n,both,0.51,,0.81,,n,,co-hyponym,
forks,knives,n,questionY,,,0.73,,n,,co-hyponym,
formal,informal,y,both,0.88,paired,0.54,paired,n,adj,antonym,complementary
former,current,n,both,0.5,,0.66,,n,adj,antonym,complementary
forth,back,n,questionY,,,0.74,,n,adv,antonym,complementary
fortunately,unfortunately,y,questionX,0.56,paired,,,n,,antonym,scalar
fortune,fame,n,questionY,,,0.56,,n,,other-conventional,
forty,thirty,n,questionY,,,0.65,,n,,co-hyponym-numeric,
forwards,backwards,n,both,0.51,paired,0.51,paired,n,,antonym,complementary
foster,adopt,n,questionY,,,0.63,,n,,co-hyponym,
foul,fair,y,questionY,,,0.82,,n,adj,other-conventional,scalar
found,lost,y,both,0.73,,0.97,,n,adj,antonym,complementary
four,five,n,questionX,0.67,,,,n,,co-hyponym-numeric,
four,three,n,questionY,,,0.81,,n,noun,co-hyponym-numeric,
fourteen,fifteen,n,questionX,0.79,,,,n,,co-hyponym-numeric,
fourteen,thirteen,n,questionY,,,0.62,,n,noun,co-hyponym-numeric,
fourth,fifth,n,questionX,0.84,,,,n,,co-hyponym-numeric,
fourth,third,n,questionY,,,0.84,,n,adj/noun,co-hyponym-numeric,
franc,euro,n,questionX,0.7,,,,n,noun,co-hyponym,
freezer,fridge,n,both,0.52,paired,0.69,,n,noun,co-hyponym,
french,english,n,questionY,,,0.53,,n,,co-hyponym,
fresh,frozen,n,both,0.86,,0.78,,n,adj,co-hyponym,
freshman,sophomore,n,questionX,0.56,,,,n,,co-hyponym,
freshmen,seniors,n,questionX,0.56,,,,n,noun,co-hyponym,
fridge,freezer,n,questionX,0.66,paired,,,n,,co-hyponym,
friend,foe,y,questionX,0.68,paired,,,n,noun,antonym,complementary
friends,family,n,questionY,,,0.74,paired,n,,co-hyponym,
frig,freezer,n,questionX,0.54,,,,n,,co-hyponym,
fro,to,n,questionY,,,0.92,,n,adv,antonym,complementary
from,to,n,questionY,,,0.7,,n,adv,antonym,complementary
front,back,y,both,0.79,,0.72,,n,adj/noun,antonym,complementary
fructose,glucose,n,both,0.79,paired,0.75,,n,noun,co-hyponym,
fruit,vegetable,n,questionX,0.55,,,,n,noun,co-hyponym,
fruits,vegetables,n,questionX,0.73,paired,,,n,noun,co-hyponym,
fry,bake,n,both,0.53,,0.63,,n,verb,co-hyponym,
fully,partially,n,both,0.56,,0.56,,n,adv,antonym,scalar
fungi,bacteria,n,both,0.65,,0.63,,n,noun,co-hyponym,
future,past,y,questionY,,,0.58,,n,adj/noun,co-hyponym-temporal,multiple incompatibility
gain,loss,y,both,0.74,,0.66,,n,noun,antonym-secondary,complementary
gained,lost,n,both,0.82,,0.89,,n,verb,antonym-secondary,complementary
gaining,losing,n,both,0.78,,0.59,,n,verb,antonym-secondary,complementary
gains,losses,n,both,0.91,,0.91,,n,noun,antonym-secondary,complementary
gal,guy,n,questionY,,,0.56,,n,noun,antonym,complementary
galleries,museums,n,questionX,0.54,,,,n,,co-hyponym,
gases,liquids,n,both,0.51,,0.51,,n,noun,co-hyponym,multiple incompatibility
gasoline,diesel,n,both,0.71,paired,0.65,paired,n,noun,co-hyponym,
gay,straight,n,both,0.79,,0.79,,n,adj,antonym,complementary
gays,lesbians,n,questionX,0.78,,,,n,,co-hyponym,
general,specific,y,both,0.72,paired,0.62,paired,n,adj,antonym,scalar
generally,specifically,y,questionX,0.73,,,,n,adv,antonym,scalar
gentlemen,ladies,n,both,0.78,paired,0.93,paired,n,noun,antonym,complementary
genus,species,n,both,0.75,,0.65,,n,noun,nym-meronym,
get,give,n,questionY,,,0.55,,n,,antonym,reversive
girl,boy,y,both,0.94,paired,0.97,paired,n,noun,antonym,complementary
girlfriend,boyfriend,n,questionY,,,0.64,paired,n,noun,antonym,complementary
girlfriends,wives,n,both,0.52,,0.53,,n,,co-hyponym,
girls,boys,n,both,0.94,paired,0.95,paired,n,noun,antonym,complementary
give,take,y,questionX,0.93,,,,n,,antonym,reversive
glossy,matte,n,both,0.63,,0.66,,n,adj,antonym,multiple incompatibility
glucose,fructose,n,questionX,0.51,paired,,,n,,co-hyponym,
go,stay,n,both,0.89,paired,0.87,,n,verb,antonym,complementary
goats,sheep,n,both,0.51,,0.56,,n,noun,co-hyponym,
goddess,god,n,questionY,,,0.55,,n,noun,antonym,complementary
goes,stays,n,both,0.84,,0.85,,n,verb,antonym,complementary
going,coming,n,questionY,,,0.59,,n,verb,antonym,reversive
gold,silver,n,both,0.85,paired,0.89,paired,n,noun,co-hyponym,
good,bad,y,both,0.76,paired,0.63,paired,n,adj,antonym,scalar
goodbye,hello,n,both,0.55,paired,0.7,,n,other/interjection,antonym,complementary
goods,services,n,questionX,0.82,,,,n,noun,antonym,complementary
governed,governed,n,questionY,,,0.84,paired,y,,x-identical,
governmental,private,n,both,0.64,,0.57,,n,noun,antonym,complementary
grandchildren,children,n,questionY,,,0.85,,n,noun,co-hyponym,
grandfather,father,n,questionY,,,0.73,,n,noun,co-hyponym,
grandmother,mother,n,both,0.54,,0.8,,n,noun,co-hyponym,
grandparents,parents,n,both,0.53,,0.81,,n,noun,co-hyponym,
grandson,son,n,questionY,,,0.62,,n,,co-hyponym,
gravel,sand,n,both,0.78,,0.72,,n,noun,co-hyponym,
great,good,n,questionY,,,0.91,,n,adj/noun,contrast-scalar,
groom,bride,n,both,0.65,paired,0.87,paired,n,noun,antonym,complementary
group,individual,n,questionY,,,0.52,,n,noun,antonym,complementary
groups,individuals,n,questionY,,,0.56,,n,noun,antonym,complementary
grow,shrink,n,questionX,0.58,,,,n,,antonym,reversive
guilty,innocent,y,both,0.82,paired,0.89,paired,n,adj,antonym,complementary
guitarist,singer,n,questionY,,,0.53,,n,noun,co-hyponym,
guy,girl,n,both,0.6,,0.72,,n,noun,antonym,complementary
guys,girls,n,questionX,0.53,,,,n,noun,antonym,complementary
habitable,not,n,questionX,0.67,,,,n,not-annotated,proform,
handguns,rifles,n,both,0.66,,0.69,,n,noun,co-hyponym,
hands,feet,n,questionX,0.58,,,,n,,co-hyponym,
handwritten,typed,n,questionY,,,0.61,paired,n,adj,antonym,complementary
happily,not,n,questionX,0.64,,,,n,not-annotated,proform,
hard,soft,y,both,0.88,paired,0.52,paired,n,adj,antonym,scalar
hardest,easiest,n,both,0.64,paired,0.78,,n,adj,antonym,scalar
hardware,software,y,both,0.95,paired,0.84,paired,n,noun,antonym,complementary
harming,helping,n,questionY,,,0.59,,n,adj/verb,antonym,scalar
harms,benefits,n,both,0.61,,0.73,,n,,antonym,scalar
hate,love,y,questionY,,,0.66,,n,verb,antonym,scalar
hated,loved,n,questionY,,,0.62,,n,verb,antonym,scalar
hates,loves,n,questionY,,,0.68,,n,verb,antonym,scalar
hating,loving,n,questionY,,,0.55,,n,verb,antonym,scalar
hatred,love,n,questionY,,,0.68,,n,noun,antonym,scalar
he,she,n,both,0.84,paired,0.56,paired,n,noun/pronoun,antonym,complementary
headed,not,n,questionX,0.5,,,,n,not-annotated,proform,
heads,tails,n,questionX,0.88,,,,n,noun,antonym,complementary
hear,see,n,questionY,,,0.55,,n,verb,co-hyponym,
heat,cold,n,questionX,0.54,,,,n,noun,antonym,scalar
heated,cooled,n,questionX,0.53,,,,n,,antonym-secondary,
heating,cooling,n,questionX,0.9,paired,,,n,adj/verb,antonym,scalar
heaven,hell,n,both,0.94,paired,0.72,paired,n,noun,antonym,complementary
heavier,lighter,n,both,0.94,paired,0.91,paired,n,adj,antonym,scalar
heavy,light,y,both,0.88,,0.91,,n,adj,antonym,scalar
height,weight,n,questionY,,,0.59,paired,n,adj,co-hyponym,
helium,hydrogen,n,both,0.7,,0.81,,n,noun,co-hyponym,
hell,heaven,n,both,0.82,paired,0.87,paired,n,noun,antonym,complementary
hello,goodbye,n,questionX,0.63,paired,,,n,,antonym,complementary
helping,hurting,n,questionX,0.51,,,,n,,opposition-indirect,
her,him,n,both,0.56,paired,0.79,,n,,antonym,complementary
here,here,n,questionY,,,0.52,paired,y,,x-identical,
hereafter,now,n,questionY,,,0.51,,n,adv,co-hyponym-temporal,complementary
herein,elsewhere,n,questionX,0.52,,,,n,adv,co-hyponym,complementary
hero,villain,n,questionX,0.66,,,,n,noun,antonym,complementary
heroes,villains,n,both,0.75,paired,0.6,paired,n,noun,antonym,complementary
heroine,hero,n,questionY,,,0.6,,n,,antonym,complementary
hers,his,n,both,0.68,,0.88,,n,other/possessive,antonym,complementary
herself,him,n,questionY,,,0.56,,n,noun/pronoun,antonym,complementary
heterosexual,homosexual,n,both,0.8,paired,0.62,paired,n,adj,antonym,complementary
high,low,y,both,0.82,paired,0.79,paired,n,adj,antonym,scalar
higher,lower,n,both,0.96,paired,0.8,paired,n,adj,antonym,scalar
highest,lowest,n,both,0.74,paired,0.73,paired,n,adj,antonym,scalar
highs,lows,n,both,0.93,paired,0.62,paired,n,noun,antonym,scalar
him,her,n,questionX,0.59,paired,,,n,,antonym,complementary
hinder,help,n,questionY,,,0.7,,n,verb,antonym,scalar
hit,miss,y,questionX,0.8,,,,n,,antonym,complementary
hitherto,now,n,questionY,,,0.58,,n,adv,co-hyponym-temporal,complementary
hits,misses,n,questionX,0.8,,,,n,noun,antonym,complementary
hitter,pitcher,n,questionY,,,0.67,,n,noun,antonym,complementary
hitters,pitchers,n,both,0.7,,0.85,,n,noun,antonym,complementary
homegrown,imported,n,questionX,0.52,,,,n,,antonym-secondary,complementary
homeowners,renters,n,both,0.77,,0.58,paired,n,noun,antonym,complementary
homicide,suicide,n,questionX,0.51,,,,n,noun,co-hyponym,
homicides,suicides,n,both,0.63,,0.52,,n,noun,co-hyponym,
homosexual,heterosexual,n,both,0.62,paired,0.78,paired,n,adj,antonym,complementary
hook,line,n,questionX,0.73,,,,n,noun,co-hyponym,
horizontal,vertical,n,both,0.98,paired,0.98,paired,n,adj,antonym,complementary
horizontally,vertically,n,both,0.98,paired,0.99,paired,n,adv,antonym,complementary
hostile,friendly,y,questionY,,,0.61,,n,adv,antonym,scalar
hot,cold,y,both,0.82,paired,0.51,paired,n,adj,antonym,scalar
hour,day,n,questionY,,,0.56,,n,noun,co-hyponym-temporal,
hourly,daily,n,both,0.71,,0.86,,n,adv,co-hyponym-temporal,
hours,days,n,questionY,,,0.58,,n,noun,co-hyponym-temporal,
how,why,n,both,0.88,paired,0.66,paired,n,other/interrogative,co-hyponym,
hrs,days,n,questionY,,,0.53,,n,noun,co-hyponym-temporal,
https,http,n,questionY,,,0.69,,n,other/acronym,co-hyponym,
humorous,serious,n,questionY,,,0.63,,n,adj,antonym,scalar
hundreds,thousands,n,questionX,0.82,,,,n,noun,co-hyponym-numeric,
hundreds,tens,n,questionY,,,0.55,,n,,co-hyponym-numeric,
hunted,hunted,n,questionY,,,0.78,paired,y,adj/verb,x-identical,
hunting,fishing,n,both,0.66,paired,0.52,paired,n,,co-hyponym,
husband,wife,y,both,0.91,,0.77,paired,n,noun,antonym,complementary
husbands,wives,n,both,0.93,,0.8,,n,noun,antonym,complementary
hypertension,diabetes,n,both,0.54,,0.52,,n,noun,co-hyponym,
iOS,Android,n,both,0.95,,0.92,,n,noun,co-hyponym,
iPad,iPhone,n,both,0.66,,0.8,,n,noun,co-hyponym,
iPads,iPhones,n,both,0.79,paired,0.83,paired,n,noun,co-hyponym,
iPhones,iPads,n,both,0.75,paired,0.67,paired,n,noun,co-hyponym,
iPod,iPhone,n,both,0.65,,0.67,,n,,co-hyponym,
if,when,n,both,0.65,,0.76,,n,,co-hyponym-temporal,
ii,iii,n,questionX,0.71,,,,n,adj,co-hyponym-numeric,
ii,i,n,questionY,,,0.51,,n,adj,co-hyponym-numeric,
iii,iv,n,questionX,0.6,,,,n,,co-hyponym-numeric,
iii,ii,n,questionY,,,0.78,,n,adj,co-hyponym-numeric,
ill,healthy,n,questionY,,,0.51,,n,adj,antonym,scalar
illegal,legal,y,questionY,,,0.86,,n,adj,antonym,complementary
illegally,legally,n,both,0.76,,0.95,,n,adv,antonym,complementary
illicit,legal,n,questionY,,,0.52,,n,adj,antonym,complementary
illustrating,writing,n,questionY,,,0.57,,n,verb,co-hyponym,
imaginary,real,n,both,0.67,,0.85,,n,adj,antonym,complementary
imagined,real,n,both,0.66,,0.92,,n,adj/verb,antonym,complementary
implicit,explicit,y,both,0.97,paired,0.95,paired,n,adj,antonym,scalar
implicitly,explicitly,y,both,0.87,paired,0.79,paired,n,adv,antonym,scalar
implied,explicit,n,both,0.7,,0.52,,n,adj,antonym,scalar
import,export,y,both,0.86,paired,0.72,paired,n,noun,antonym,complementary
importing,exporting,n,both,0.91,paired,0.72,paired,n,verb,antonym,complementary
imports,exports,n,both,0.89,paired,0.7,paired,n,noun,antonym,complementary
in,out,n,questionX,0.58,,,,n,,antonym,complementary
inaction,action,y,questionY,,,0.72,,n,noun,antonym,scalar
inadvertently,intentionally,n,questionY,,,0.57,,n,adv,antonym,complementary
include,exclude,y,questionX,0.55,,,,n,verb,antonym,complementary
includes,excludes,n,questionX,0.62,,,,n,verb,antonym,complementary
inclusion,exclusion,y,questionX,0.78,,,,n,noun,antonym,complementary
incoming,outgoing,y,both,0.98,,0.94,,n,adj,antonym,complementary
incorrect,correct,y,questionY,,,0.83,,n,adj,antonym,complementary
incorrectly,correctly,y,questionY,,,0.76,,n,adv,antonym,complementary
increase,decrease,y,both,0.88,paired,0.67,paired,n,noun/verb,antonym,scalar
increased,decreased,y,both,0.82,,0.55,paired,n,adj/verb,antonym,scalar
increases,decreases,n,questionX,0.79,,,,n,verb,antonym,scalar
increasing,decreasing,y,questionX,0.79,,,,n,verb,antonym,scalar
incumbent,challenger,n,both,0.65,,0.56,,n,noun,antonym,complementary
indeed,not,n,questionX,0.5,,,,n,not-annotated,proform,
independents,Democrats,n,questionY,,,0.53,,n,noun,co-hyponym,
indirect,direct,y,both,0.84,paired,0.97,paired,n,adj,antonym,complementary
indirectly,directly,y,both,0.98,paired,0.99,paired,n,adj,antonym,complementary
individually,collectively,n,both,0.89,paired,0.8,paired,n,adv,antonym,complementary
indoor,outdoor,y,both,0.7,paired,0.79,paired,n,adj,antonym,complementary
indoors,outdoors,y,both,0.69,paired,0.76,paired,n,noun/adv,antonym,complementary
induced,natural,n,questionY,,,0.91,,n,adj,antonym-secondary,complementary
inferior,superior,y,both,0.67,paired,0.87,,n,adj,antonym,scalar
infield,outfield,y,both,0.78,,0.88,paired,n,adj/noun,antonym,complementary
infinite,finite,y,both,0.71,paired,0.82,paired,n,adj,antonym,complementary
inflation,deflation,y,questionX,0.55,paired,,,n,,antonym,scalar
informal,formal,y,both,0.87,paired,0.95,paired,n,adj,antonym,complementary
inhabited,not,n,questionX,0.58,,,,n,not-annotated,proform,
injections,pills,n,questionY,,,0.58,,n,noun,co-hyponym,
injure,kill,n,both,0.77,,0.76,,n,verb,co-hyponym,
inland,coastal,y,questionY,,,0.59,paired,n,adj,antonym,complementary
inner,outer,y,both,0.71,paired,0.59,paired,n,adj,antonym,scalar
innocence,guilt,y,both,0.81,,0.97,,n,noun,antonym,complementary
innocent,guilty,y,both,0.97,paired,0.98,paired,n,adj,antonym,complementary
input,output,n,questionX,0.6,paired,,,n,adj/noun,antonym,complementary
ins,outs,n,questionX,0.87,,,,n,noun,antonym,complementary
inside,outside,y,both,0.6,paired,0.86,paired,n,adj/noun,antonym,complementary
install,uninstall,n,questionX,0.53,,,,n,,antonym,complementary
instinctively,consciously,n,questionY,,,0.64,,n,adv,antonym,complementary
intangible,tangible,y,questionY,,,0.69,,n,adj,antonym,complementary
intentional,accidental,n,questionY,,,0.67,paired,n,adj,antonym,complementary
intentionally,unintentionally,y,questionX,0.51,paired,,,n,,antonym,scalar
intentionally,accidentally,n,questionY,,,0.51,paired,n,adv,antonym,complementary
interim,permanent,n,questionX,0.59,,,,n,,antonym-secondary,complementary
interior,exterior,y,both,0.86,paired,0.87,paired,n,noun,antonym,complementary
internal,external,y,both,0.98,paired,0.95,paired,n,adj,antonym,complementary
internally,externally,y,both,0.94,paired,0.79,paired,n,adv,antonym,complementary
internationally,domestically,n,questionY,,,0.52,,n,,antonym,complementary
interstate,local,n,questionY,,,0.51,,n,adj,co-hyponym,complementary
interstellar,terrestrial,n,questionY,,,0.69,,n,adj,antonym-secondary,multiple incompatibility
intricate,simple,n,questionY,,,0.6,,n,adj,antonym,scalar
invisible,visible,y,questionY,,,0.73,,n,adj,antonym,scalar
involuntary,voluntary,y,both,0.75,,0.96,,n,adj,antonym,complementary
inward,outward,y,both,0.93,paired,0.91,paired,n,adj,antonym,scalar
isn,is,n,both,0.55,,0.62,,n,partial token,x-none,
jails,prisons,n,both,0.62,,0.58,,n,,nym-near-synonym,
jog,walk,n,both,0.6,,0.75,,n,verb,co-hyponym,
joking,serious,n,questionY,,,0.59,,n,adj/verb,antonym-secondary,scalar
journal,diary,n,questionY,,,0.63,,n,,nym-near-synonym,
junior,senior,y,both,0.88,,0.8,paired,n,noun/adj,antonym,complementary
jurors,judges,n,questionY,,,0.56,,n,noun,co-hyponym,
jury,judge,n,questionY,,,0.83,,n,noun,co-hyponym,
juvenile,adult,y,both,0.79,,0.86,,n,noun,antonym,complementary
juveniles,adults,n,both,0.75,,0.7,,n,noun,antonym,complementary
keyboard,mouse,n,both,0.89,paired,0.76,,n,noun,co-hyponym,
kg,lb,n,questionY,,,0.54,paired,n,noun,co-hyponym,
kickoff,punt,n,both,0.55,,0.51,,n,,co-hyponym,
kidneys,liver,n,questionY,,,0.52,,n,,co-hyponym,
kilograms,pounds,n,both,0.71,paired,0.86,paired,n,noun,co-hyponym,
kilometers,miles,n,both,0.77,,0.84,,n,noun,co-hyponym,
kilometres,miles,n,both,0.53,,0.65,,n,noun,co-hyponym,
kiss,hug,n,questionY,,,0.55,,n,noun,co-hyponym,
kissed,hugged,n,questionY,,,0.63,,n,verb,co-hyponym,
kisses,hugs,n,questionY,,,0.73,,n,noun,co-hyponym,
km,miles,n,questionY,,,0.52,,n,noun,co-hyponym,
kneeling,standing,n,both,0.55,,0.59,,n,adj/verb,co-hyponym,
knit,crochet,n,both,0.8,paired,0.79,paired,n,verb,co-hyponym,
knowing,not,n,questionX,0.5,,,,n,not-annotated,proform,
knowingly,not,n,questionX,0.51,,,,n,not-annotated,proform,
known,unknown,y,questionX,0.78,,,,n,adj,antonym,complementary
kosher,not,n,questionX,0.71,,,,n,not-annotated,proform,
ladies,gentlemen,n,both,0.86,paired,0.78,paired,n,noun,antonym,complementary
lady,gentleman,n,both,0.88,,0.72,,n,noun,antonym,complementary
lakes,rivers,n,questionY,,,0.57,,n,noun,co-hyponym,
landing,takeoff,n,questionY,,,0.81,paired,n,noun,antonym,reversive
landlord,tenant,n,both,0.84,,0.59,paired,n,noun,antonym,converse
large,small,y,both,0.86,,0.73,,n,adj,antonym,scalar
larger,smaller,n,both,0.94,paired,0.91,paired,n,adj,antonym,scalar
largest,smallest,n,both,0.64,paired,0.62,paired,n,adj,antonym,scalar
last,first,y,both,0.73,,0.91,,n,adj/noun,antonym-numeric,
lasting,temporary,n,questionY,,,0.8,,n,adj,antonym-secondary,scalar
late,early,y,questionY,,,0.82,paired,n,adj,antonym-temporal,scalar
later,sooner,n,questionX,0.59,paired,,,n,adj/adv,antonym-temporal,scalar
latter,former,y,both,0.7,,0.6,,n,adj,antonym,complementary
laugh,cry,y,both,0.73,,0.62,,n,verb,antonym,scalar
laughing,crying,n,both,0.76,,0.67,,n,verb,antonym,scalar
lawfully,illegally,n,questionX,0.54,,,,n,adv,antonym,complementary
lb,kg,n,both,0.54,,0.64,paired,n,noun,co-hyponym,
lbs,kg,n,questionY,,,0.68,,n,noun,co-hyponym,
leader,follower,y,questionX,0.66,,,,n,noun,antonym,complementary
leading,following,y,both,0.63,,0.67,,n,verb,antonym,complementary
leased,owned,n,questionY,,,0.67,,n,adj/verb,co-hyponym,
least,most,y,questionY,,,0.58,,n,adj,antonym,scalar
leaving,staying,n,questionY,,,0.6,,n,verb,antonym,complementary
left,right,y,both,0.98,,0.95,,n,adj/noun,antonym,complementary
leftist,conservative,n,both,0.57,,0.54,,n,noun,antonym,complementary
leg,arm,n,questionY,,,0.51,,n,,co-hyponym,
legalize,not,n,questionX,0.6,,,,n,not-annotated,proform,
legalized,not,n,questionX,0.62,,,,n,not-annotated,proform,
legalizing,not,n,questionX,0.55,,,,n,not-annotated,proform,
legend,myth,n,questionY,,,0.5,,n,,co-hyponym,
legends,myths,n,questionY,,,0.6,,n,,co-hyponym,
legs,arms,n,questionY,,,0.51,paired,n,noun,co-hyponym,
lend,borrow,y,questionY,,,0.51,,n,verb,antonym,converse
lengthy,short,n,both,0.63,,0.66,,n,adj,antonym,scalar
leptin,insulin,n,both,0.75,,0.54,,n,noun,co-hyponym,
lesbians,gays,n,questionY,,,0.79,,n,noun,antonym,complementary
less,more,y,both,0.74,paired,0.97,,n,adj,antonym,scalar
lesser,greater,y,both,0.74,,0.94,,n,adj,antonym,scalar
liabilities,assets,n,questionY,,,0.81,,n,noun,antonym,complementary
libel,slander,n,both,0.78,paired,0.63,paired,n,noun,antonym,complementary
liberal,conservative,y,both,0.91,paired,0.83,paired,n,noun,antonym,scalar
liberals,conservatives,n,both,0.77,paired,0.73,paired,n,noun,antonym,scalar
liberties,rights,n,questionY,,,0.55,,n,noun,nym-near-synonym,
lie,truth,n,both,0.51,,0.7,,n,noun,antonym,scalar
lies,truth,n,questionY,,,0.5,,n,noun,antonym,scalar
lieutenant,captain,n,questionY,,,0.5,,n,noun,co-hyponym,
life,death,n,questionX,0.96,,,,n,noun,antonym,complementary
light,dark,y,both,0.83,paired,0.53,paired,n,adj,antonym,scalar
lighter,heavier,n,both,0.84,paired,0.62,paired,n,adj,antonym,scalar
lightweight,medium,n,questionY,,,0.57,,n,,co-hyponym,
liked,disliked,y,questionX,0.73,,,,n,adj/verb,antonym,scalar
likelihood,probability,n,questionY,,,0.62,,n,noun,co-hyponym,
lime,lemon,n,questionY,,,0.61,,n,noun,co-hyponym,
limitless,finite,n,questionY,,,0.53,,n,adj,antonym-secondary,complementary
linen,cotton,n,questionY,,,0.57,,n,noun,co-hyponym,
lipid,protein,n,questionX,0.55,,,,n,,co-hyponym,
liquid,solid,n,both,0.85,,0.85,,n,noun,antonym,multiple incompatibility
liter,gallon,n,questionY,,,0.51,,n,,co-hyponym,
litres,gallons,n,questionY,,,0.79,,n,noun,co-hyponym,
little,big,y,questionY,,,0.56,,n,adj,antonym,scalar
liv,die,n,questionX,0.67,,,,n,partial token,x-none,
live,die,n,questionY,,,0.54,,n,,antonym,complementary
living,dead,y,both,0.81,,0.6,,n,adj,antonym,complementary
lock,key,n,questionX,0.61,,,,n,noun,co-hyponym,
locked,unlocked,n,both,0.62,,0.62,paired,n,adj,antonym,reversive
locking,unlocking,n,questionX,0.5,,,,n,,antonym,complementary
locks,keys,n,both,0.51,,0.51,,n,noun,co-hyponym,
long,short,y,both,0.96,paired,0.93,paired,n,adj,antonym,scalar
longer,shorter,n,both,0.89,paired,0.82,paired,n,adj,antonym,scalar
longest,shortest,n,both,0.78,paired,0.7,paired,n,adj,antonym,scalar
longstanding,recent,n,questionY,,,0.58,,n,adj,antonym,complementary
lose,win,y,questionY,,,0.82,,n,verb,antonym,converse
loser,winner,y,both,0.63,paired,0.92,paired,n,noun,antonym,converse
losers,winners,n,both,0.76,paired,0.91,paired,n,noun,antonym,converse
loses,wins,n,questionY,,,0.81,,n,verb,antonym,converse
losing,winning,n,questionY,,,0.84,paired,n,verb,antonym,converse
losses,profits,n,questionY,,,0.59,,n,noun,antonym,scalar
loudly,quietly,n,both,0.65,,0.7,,n,adv,antonym,scalar
low,high,y,both,0.73,paired,0.92,paired,n,adj,antonym,scalar
lower,higher,n,both,0.82,paired,0.86,paired,n,adj,antonym,scalar
lowered,raised,y,questionY,,,0.57,,n,adj/verb,antonym,converse
lowest,highest,n,both,0.57,paired,0.78,paired,n,adj,antonym,scalar
lows,highs,n,both,0.66,paired,0.83,paired,n,noun,antonym,scalar
lunch,dinner,n,questionX,0.71,,,,n,noun,co-hyponym,
lunch,breakfast,n,questionY,,,0.67,,n,noun,co-hyponym,
lungs,heart,n,questionY,,,0.53,,n,noun,co-hyponym,
lust,love,n,questionY,,,0.69,,n,noun,nym-near-synonym,
mRNA,DNA,n,both,0.83,,0.86,,n,noun,co-hyponym,
ma,pa,n,questionX,0.55,,,,n,,antonym,complementary
machine,man,n,questionY,,,0.51,,n,,co-hyponym,
macro,micro,n,both,0.66,paired,0.89,paired,n,adj,antonym,complementary
magazine,newspaper,n,both,0.66,,0.68,,n,noun,co-hyponym,
magazines,newspapers,n,both,0.61,,0.58,,n,,co-hyponym,
magic,science,n,questionY,,,0.54,,n,noun,contrast-conceptual,
major,minor,y,both,0.84,,0.84,paired,n,adj,antonym,scalar
majority,minority,y,both,0.56,,0.7,paired,n,noun,antonym,scalar
majors,minors,n,questionX,0.67,,,,n,noun,antonym,complementary
make,break,y,questionX,0.53,,,,n,,antonym,reversive
male,female,y,both,0.99,paired,0.95,paired,n,adj/noun,antonym,complementary
males,females,n,both,0.95,paired,0.93,paired,n,noun,antonym,complementary
mandatory,optional,n,both,0.58,,0.54,,n,adj,antonym,complementary
manslaughter,murder,n,questionY,,,0.66,,n,noun,co-hyponym,
marriage,divorce,n,questionX,0.66,,,,n,noun,antonym,complementary
married,single,n,both,0.53,paired,0.78,paired,n,adj,antonym,complementary
marry,divorce,n,questionX,0.53,,,,n,verb,antonym,complementary
masculine,feminine,y,both,0.87,paired,0.93,paired,n,adj,antonym,complementary
maternal,paternal,y,questionX,0.71,paired,,,n,adj,antonym,complementary
max,min,n,questionY,,,0.79,paired,n,adj,antonym,complementary
maximum,minimum,y,questionY,,,0.68,,n,noun,antonym,complementary
me,you,n,both,0.67,,0.62,,n,noun/pronoun,antonym,complementary
meal,snack,n,questionY,,,0.6,,n,noun,co-hyponym,
medial,lateral,n,both,0.79,,0.51,,n,adj,co-hyponym,
melee,ranged,n,questionX,0.77,,,,n,adj/noun,co-hyponym,
melted,frozen,n,questionX,0.5,,,,n,adj/verb,antonym,scalar
men,women,n,both,0.91,paired,0.8,paired,n,noun,antonym,complementary
mental,physical,y,questionY,,,0.72,paired,n,adj,antonym,complementary
mentally,physically,n,both,0.6,,0.87,,n,adv,antonym,complementary
meters,feet,n,questionY,,,0.53,,n,,co-hyponym,
metres,feet,n,questionY,,,0.63,,n,noun,co-hyponym,
metric,imperial,n,questionX,0.58,,,,n,,co-hyponym,
metropolitan,rural,n,questionY,,,0.53,,n,adj,antonym-secondary,complementary
micro,macro,n,both,0.88,paired,0.95,paired,n,adj,antonym,complementary
migrants,refugees,n,questionX,0.55,,,,n,,co-hyponym,
millennia,centuries,n,both,0.65,,0.52,,n,,co-hyponym-temporal,
millionaires,billionaires,n,questionY,,,0.65,,n,,co-hyponym-numeric,
millions,billions,n,questionX,0.77,,,,n,noun,co-hyponym,
milliseconds,seconds,n,both,0.62,,0.72,,n,noun,co-hyponym,
min,max,n,questionY,,,0.9,paired,n,adj,antonym,complementary
mind,body,n,both,0.51,,0.77,,n,noun,antonym,complementary
minds,bodies,n,questionY,,,0.57,,n,,co-hyponym,
mine,yours,n,both,0.85,,0.83,paired,n,other/possessive,co-hyponym,
minimum,maximum,y,questionX,0.54,,,,n,noun,antonym,complementary
minor,major,y,questionY,,,0.8,paired,n,adj,antonym,scalar
minority,majority,y,questionY,,,0.94,paired,n,noun,antonym,scalar
minors,adults,n,both,0.52,,0.71,,n,noun,antonym,complementary
minus,plus,y,both,0.57,paired,0.99,paired,n,adj,antonym,scalar
minute,hour,n,questionY,,,0.65,,n,noun,co-hyponym-temporal,
minutes,hours,n,questionY,,,0.61,,n,noun,co-hyponym-temporal,
misdemeanor,felony,n,both,0.84,paired,0.89,paired,n,noun,co-hyponym,
misleading,FALSE,n,questionY,,,0.7,,n,,co-hyponym,
miss,hit,y,questionY,,,0.85,,n,noun,antonym,complementary
misses,hits,n,questionY,,,0.91,,n,noun,antonym,complementary
missing,dead,n,questionY,,,0.58,,n,,co-hyponym,
mitochondrial,nuclear,n,questionY,,,0.55,,n,adj,co-hyponym,
ml,oz,n,questionY,,,0.5,,n,,co-hyponym,
moist,dry,n,both,0.91,,0.93,,n,adj,antonym-secondary,scalar
molten,solid,n,both,0.74,,0.73,,n,adj,antonym-secondary,scalar
mom,dad,n,both,0.73,,0.55,paired,n,,antonym,complementary
momentarily,permanently,n,both,0.75,,0.64,,n,adv,antonym-secondary,complementary
moms,dads,n,questionX,0.8,,,,n,noun,antonym,complementary
mono,stereo,n,questionX,0.64,paired,,,n,,co-hyponym,
month,year,n,questionX,0.66,,,,n,noun,co-hyponym-temporal,
month,week,n,questionY,,,0.52,,n,,co-hyponym-temporal,
monthly,weekly,n,questionY,,,0.75,,n,adv,co-hyponym-temporal,
months,years,n,questionX,0.85,,,,n,noun,co-hyponym-temporal,
months,weeks,n,questionY,,,0.51,,n,noun,co-hyponym-temporal,
moon,sun,n,questionY,,,0.68,,n,noun,co-hyponym,
moons,planets,n,questionY,,,0.53,,n,noun,co-hyponym,
more,less,y,questionX,0.98,paired,,,n,adj,antonym,scalar
mornings,evenings,n,both,0.76,,0.72,paired,n,noun,antonym,multiple incompatibility
mortal,immortal,y,questionX,0.51,,,,n,,antonym,complementary
mosque,church,n,questionY,,,0.5,,n,noun,co-hyponym,
mosques,churches,n,both,0.54,,0.59,,n,,co-hyponym,
most,all,n,both,0.62,,0.62,,n,other/det,co-hyponym,
mother,father,y,questionY,,,0.69,paired,n,,antonym,complementary
mothers,fathers,n,both,0.74,paired,0.66,paired,n,noun,antonym,complementary
mountainous,flat,n,questionY,,,0.56,,n,adj,antonym,scalar
mouse,keyboard,n,questionX,0.8,paired,,,n,,co-hyponym,
movie,book,n,questionY,,,0.6,,n,noun,co-hyponym,
movies,books,n,questionY,,,0.55,,n,noun,co-hyponym,
moving,staying,n,questionX,0.53,,,,n,,antonym,scalar
much,little,y,questionY,,,0.6,,n,adj/adv/pronoun,antonym,scalar
multi,single,n,both,0.72,,0.81,,n,adj,antonym,complementary
multiple,single,y,questionY,,,0.5,,n,adj,antonym-numeric,
multiplication,division,n,both,0.78,,0.65,,n,noun,antonym,complementary
multiply,divide,y,questionY,,,0.62,,n,,antonym,complementary
mum,dad,n,questionX,0.53,,,,n,,antonym,complementary
murders,suicides,n,questionX,0.56,,,,n,,co-hyponym,
mustache,beard,n,both,0.58,,0.66,paired,n,noun,co-hyponym,
my,yours,n,questionX,0.57,,,,n,,antonym,complementary
narrow,wide,y,both,0.51,paired,0.57,,n,,antonym,scalar
narrower,wider,n,both,0.55,paired,0.58,,n,adj,antonym,scalar
narrowing,widening,y,questionY,,,0.54,paired,n,,antonym,scalar
nationally,locally,n,questionY,,,0.84,,n,adv,antonym,complementary
nature,nurture,n,questionX,0.84,paired,,,n,noun,contrast-conceptual,complementary
naughty,nice,n,both,0.68,,0.57,,n,adj,antonym,scalar
navy,army,n,questionY,,,0.62,,n,,co-hyponym,
near,far,y,both,0.89,paired,0.77,paired,n,adj,antonym,scalar
nearby,far,n,questionX,0.52,,,,n,,antonym-secondary,scalar
neat,messy,n,questionX,0.6,,,,n,adj,antonym,scalar
needs,wants,n,both,0.61,paired,0.8,paired,n,noun,co-hyponym,
negative,positive,y,both,0.76,paired,0.95,paired,n,adj,antonym,scalar
negatively,positively,n,both,0.95,paired,0.99,paired,n,adv,antonym,scalar
negatives,positives,n,questionY,,,0.77,paired,n,noun,antonym,scalar
negro,white,n,questionX,0.51,,,,n,adj,antonym-secondary,complementary
neighbour,friend,n,questionY,,,0.58,,n,noun,co-hyponym,
neighbours,friends,n,questionY,,,0.54,,n,noun,co-hyponym,
neither,both,n,both,0.91,paired,0.61,,n,adj,antonym,complementary
nerve,muscle,n,both,0.5,,0.64,,n,noun,co-hyponym,
net,gross,y,questionY,,,0.7,,n,adj,antonym,complementary
never,now,n,questionY,,,0.72,,n,adv,co-hyponym-temporal,complementary
new,old,y,both,0.61,paired,0.93,,n,adj,antonym,scalar
newer,older,n,questionX,0.54,,,,n,adj,antonym,scalar
newest,oldest,n,questionY,,,0.52,,n,adj,antonym,scalar
nicer,worse,n,questionX,0.7,,,,n,adj,antonym-secondary,scalar
night,day,y,both,0.68,paired,0.86,paired,n,noun,antonym,complementary
nightly,weekly,n,questionX,0.51,,,,n,,co-hyponym-temporal,
nightly,daily,n,questionY,,,0.61,,n,,co-hyponym-temporal,
nightmares,dreams,n,questionY,,,0.61,,n,,antonym,scalar
nights,days,n,both,0.58,,0.81,,n,noun,antonym,complementary
nighttime,daytime,n,questionY,,,0.62,paired,n,noun,antonym,complementary
nine,ten,n,questionX,0.66,,,,n,,co-hyponym-numeric,
nine,eight,n,questionY,,,0.68,,n,noun,co-hyponym-numeric,
nineteen,twenty,n,questionX,0.59,,,,n,,co-hyponym-numeric,
nineteen,eighteen,n,questionY,,,0.88,,n,noun,co-hyponym-numeric,
nineteenth,twentieth,n,questionX,0.93,,,,n,noun/adj,co-hyponym-numeric,
nineteenth,eighteenth,n,questionY,,,0.71,,n,noun/adj,co-hyponym-numeric,
ninety,eighty,n,questionY,,,0.61,,n,,co-hyponym-numeric,
ninth,tenth,n,questionX,0.76,,,,n,noun/adj,co-hyponym-numeric,
ninth,eighth,n,questionY,,,0.59,,n,noun/adj,co-hyponym-numeric,
no,yes,y,both,0.94,paired,0.93,paired,n,noun/adv,antonym,complementary
nominees,candidates,n,questionY,,,0.5,,n,noun,co-hyponym,
nonviolent,violent,y,questionX,0.51,,,,n,adj,antonym,scalar
nort,south,n,questionX,0.55,,,,n,partial token,x-none,
north,south,y,both,0.89,paired,0.69,paired,n,adj,antonym,multiple incompatibility
northern,southern,y,both,0.88,paired,0.82,paired,n,adj,antonym,multiple incompatibility
nos,yes,n,questionY,,,0.57,,n,noun/adv,antonym,complementary
noun,adjective,n,both,0.53,paired,0.5,paired,n,noun,co-hyponym,
now,then,n,questionY,,,0.66,paired,n,adv/noun,co-hyponym-temporal,
nuclear,conventional,y,questionY,,,0.5,,n,adj,antonym,complementary
nurses,doctors,n,questionY,,,0.55,,n,,co-hyponym,
nurture,nature,n,both,0.54,paired,0.84,,n,noun,contrast-conceptual,complementary
oats,barley,n,both,0.59,,0.6,,n,noun,co-hyponym,
obese,overweight,n,both,0.72,paired,0.68,,n,adj,co-hyponym,
objective,subjective,y,both,0.7,paired,0.81,paired,n,adj,antonym,scalar
obligatory,optional,y,both,0.64,,0.63,,n,adj,antonym-secondary,complementary
observer,participant,n,questionX,0.61,,,,n,noun,antonym,complementary
odd,even,y,questionX,0.9,,,,n,,antonym,complementary
off,on,y,both,0.91,paired,0.94,paired,n,adj/adv,antonym,complementary
offence,defence,y,both,0.61,,0.82,,n,noun,antonym,complementary
offender,victim,n,both,0.8,,0.87,,n,noun,antonym,complementary
offenders,victims,n,questionY,,,0.77,,n,noun,antonym,complementary
offense,defense,y,both,0.98,paired,0.97,paired,n,noun,antonym,complementary
offensive,defensive,y,questionX,0.8,paired,,,n,,antonym,complementary
offensively,defensively,y,both,0.98,paired,0.98,paired,n,adv,antonym,complementary
official,unofficial,y,questionX,0.79,,,,n,adj,antonym,complementary
offline,online,n,both,0.63,paired,0.7,,n,adj,antonym,complementary
oil,gas,n,both,0.6,,0.55,,n,noun,co-hyponym,
ok,not,n,questionX,0.66,,,,n,not-annotated,proform,
okay,not,n,questionX,0.71,,,,n,not-annotated,proform,
old,new,y,questionX,0.56,paired,,,n,,antonym,scalar
old,young,y,questionY,,,0.58,paired,n,adj,antonym,scalar
older,younger,n,both,0.89,paired,0.58,paired,n,adj,antonym,scalar
omega,alpha,n,questionY,,,0.72,,n,noun,antonym,complementary
on,off,y,both,0.93,paired,0.9,paired,n,adj/adv,antonym,complementary
once,twice,n,both,0.76,paired,0.73,paired,n,adv,co-hyponym-numeric,
one,both,n,questionX,0.6,,,,n,,antonym-secondary,complementary
online,offline,n,questionX,0.89,paired,,,n,adj,antonym,complementary
opaque,transparent,n,both,0.7,,0.57,,n,adj,antonym,scalar
open,closed,y,both,0.68,,0.6,paired,n,adj,antonym,scalar
opened,closed,n,both,0.83,,0.61,,n,adj/verb,antonym,scalar
opening,closing,y,questionX,0.9,,,,n,verb,antonym,scalar
opens,closes,n,questionX,0.76,,,,n,verb,antonym,scalar
operated,owned,n,questionY,,,0.68,,n,adj/verb,co-hyponym,
oppose,support,n,questionY,,,0.56,,n,verb,antonym,complementary
opposes,supports,n,questionY,,,0.71,,n,verb,antonym,complementary
opposing,supporting,n,questionY,,,0.55,,n,verb,antonym,complementary
optimistic,pessimistic,y,both,0.59,paired,0.56,paired,n,adj,antonym,scalar
or,or,n,questionY,,,0.64,paired,y,other/disjunction,x-identical,
oranges,apples,n,questionY,,,0.6,,n,,co-hyponym,
ordained,not,n,questionX,0.58,,,,n,not-annotated,proform,
orderly,chaotic,n,both,0.58,,0.51,,n,adv,antonym,scalar
out,in,n,questionY,,,0.74,,n,other/preposition,antonym,complementary
outdoor,indoor,y,both,0.79,paired,0.95,paired,n,adj,antonym,complementary
outdoors,indoors,y,both,0.79,paired,0.77,paired,n,noun/adv,antonym,complementary
outer,inner,y,both,0.8,paired,0.91,paired,n,adj,antonym,scalar
outfield,infield,y,questionY,,,0.74,paired,n,adj/noun,antonym,complementary
output,input,n,both,0.62,paired,0.95,,n,adj/noun,antonym,complementary
outputs,inputs,n,both,0.63,,0.94,,n,noun,antonym,complementary
outside,inside,y,both,0.7,paired,0.84,paired,n,adj/noun,antonym,complementary
outsider,insider,n,both,0.69,,0.6,,n,noun,antonym,complementary
outsiders,insiders,n,questionX,0.63,,,,n,noun,antonym,complementary
outward,inward,y,both,0.94,paired,0.93,paired,n,adj,antonym,scalar
oven,microwave,n,both,0.73,,0.54,,n,noun,co-hyponym,
over,under,n,questionX,0.93,,,,n,adv,antonym,scalar
overest,underestimate,n,questionX,0.58,,,,n,partial token,x-none,
overt,covert,y,questionX,0.59,,,,n,,antonym,scalar
overweight,obese,n,questionX,0.74,paired,,,n,adj,co-hyponym,
owing,owing,n,both,0.58,paired,0.55,paired,y,verb,x-identical,
owned,leased,n,questionX,0.51,,,,n,adj/verb,co-hyponym,
owning,renting,n,questionY,,,0.62,,n,verb,co-hyponym,
pair,single,n,questionY,,,0.56,,n,noun,antonym,complementary
pans,pots,n,questionY,,,0.89,,n,noun,co-hyponym,
paragraph,sentence,n,questionY,,,0.52,,n,noun,nym-meronym,
part,all,n,questionY,,,0.55,,n,,nym-meronym,
participating,not,n,questionX,0.52,,,,n,not-annotated,proform,
particular,general,y,both,0.59,,0.81,,n,adj,antonym,scalar
passenger,driver,n,questionY,,,0.55,,n,noun,antonym,converse
passive,active,y,both,0.78,,0.77,paired,n,adj,antonym,scalar
passively,actively,y,questionX,0.55,paired,,,n,adv,antonym,scalar
password,username,n,both,0.54,paired,0.74,,n,noun,co-hyponym,
past,present,n,both,0.55,,0.57,paired,n,noun,co-hyponym-temporal,
paste,cut,n,questionY,,,0.55,,n,,co-hyponym,
paternal,maternal,y,both,0.85,paired,0.75,,n,adj,antonym,complementary
payable,due,n,questionY,,,0.72,,n,noun,nym-near-synonym,
peace,war,y,both,0.91,paired,0.87,paired,n,noun,antonym,complementary
peak,trough,n,questionX,0.51,,,,n,noun,antonym,scalar
peaks,valleys,n,both,0.81,,0.78,,n,noun,antonym,complementary
pear,apple,n,questionY,,,0.55,,n,noun,co-hyponym,
pediatric,adult,n,both,0.69,,0.53,,n,adj,antonym-secondary,complementary
pen,pencil,n,questionY,,,0.54,paired,n,,co-hyponym,
pencil,pen,n,questionY,,,0.65,paired,n,noun,co-hyponym,
peninsula,island,n,questionY,,,0.61,,n,noun,co-hyponym,
pepper,salt,n,both,0.55,,0.97,,n,noun,co-hyponym,
perceived,real,n,both,0.54,,0.77,,n,adj,antonym,complementary
percent,percent,n,questionY,,,0.5,paired,y,,x-identical,
perennial,annual,n,both,0.52,,0.71,,n,adj,co-hyponym-temporal,
peril,opportunity,n,questionX,0.52,,,,n,,opposition-indirect,
periphery,core,n,questionY,,,0.5,,n,noun,antonym-secondary,scalar
permanent,temporary,n,both,0.86,paired,0.91,paired,n,adj,antonym,scalar
permanently,temporarily,y,questionY,,,0.81,paired,n,adv,antonym,scalar
perpendicular,parallel,n,questionY,,,0.63,,n,adj,antonym,complementary
perpetrator,victim,n,both,0.72,,0.74,,n,noun,antonym,complementary
perpetrators,victims,n,both,0.72,,0.64,,n,noun,antonym,complementary
personally,professionally,n,questionX,0.54,paired,,,n,adv,antonym,complementary
pessimistic,optimistic,y,both,0.57,paired,0.72,paired,n,adj,antonym,scalar
petrol,diesel,n,both,0.81,,0.67,,n,noun,co-hyponym,
phony,real,n,both,0.63,,0.66,,n,adj,antonym-secondary,scalar
phrase,word,n,questionY,,,0.63,,n,noun,nym-meronym,
phrases,words,n,questionY,,,0.66,,n,noun,nym-meronym,
physical,mental,y,questionY,,,0.52,paired,n,,antonym,complementary
pieces,bits,n,questionY,,,0.52,,n,,other-conventional,
pine,oak,n,questionY,,,0.52,,n,noun,co-hyponym,
plaintiff,defendant,y,both,0.8,,0.87,,n,noun,antonym,complementary
plaintiffs,defendants,n,questionX,0.57,,,,n,noun,antonym,complementary
plant,animal,n,both,0.64,,0.66,,n,noun,co-hyponym,
plants,animals,n,both,0.57,,0.57,,n,noun,co-hyponym,
playable,not,n,questionX,0.72,,,,n,not-annotated,proform,
plural,singular,y,both,0.96,paired,0.99,paired,n,adj,antonym,complementary
plus,minus,y,both,0.97,paired,0.89,paired,n,adj,antonym,scalar
plutonium,uranium,n,both,0.79,paired,0.81,paired,n,noun,co-hyponym,
pm,am,n,questionY,,,0.5,,n,,antonym,complementary
pomp,circumstance,n,questionX,0.6,,,,n,noun,other-conventional,
poor,rich,y,questionY,,,0.95,paired,n,adj,antonym,scalar
poorer,richer,n,both,0.56,paired,0.94,paired,n,adj,antonym,scalar
poorest,richest,n,both,0.58,,0.83,,n,adj,antonym,scalar
pork,beef,n,both,0.63,,0.62,paired,n,noun,co-hyponym,
posed,real,n,questionY,,,0.59,,n,adj/verb,antonym-secondary,complementary
positive,negative,y,both,0.98,paired,0.95,paired,n,adj,antonym,scalar
positively,negatively,n,both,0.97,paired,0.84,paired,n,adv,antonym,scalar
positives,negatives,n,both,0.97,,0.82,paired,n,noun,antonym,scalar
posterior,anterior,y,both,0.88,paired,0.87,paired,n,adj,antonym,complementary
potassium,sodium,n,both,0.56,paired,0.7,paired,n,noun,co-hyponym,
pounds,kilograms,n,both,0.63,paired,0.53,paired,n,noun,co-hyponym,
pre,post,n,questionX,0.96,,,,n,other/prefix,antonym-temporal,complementary
predator,prey,n,both,0.98,paired,0.96,paired,n,noun,antonym,converse
predators,prey,n,both,0.89,,0.84,,n,noun,antonym,converse
prepaid,cash,n,questionY,,,0.52,,n,adj,co-hyponym,
presence,absence,y,questionX,0.82,,,,n,noun,antonym,complementary
present,future,n,questionX,0.65,,,,n,,co-hyponym-temporal,
present,past,n,questionY,,,0.89,paired,n,noun,co-hyponym-temporal,
pretend,real,n,both,0.65,,0.76,,n,adj,antonym,scalar
pretended,real,n,both,0.65,,0.77,,n,adj,antonym-secondary,scalar
previous,current,n,questionY,,,0.51,,n,,co-hyponym,
prey,predator,n,both,0.95,paired,0.91,paired,n,noun,antonym,converse
primaries,caucuses,n,both,0.57,paired,0.56,paired,n,noun,co-hyponym,
private,public,y,both,0.83,paired,0.9,paired,n,noun,antonym,complementary
privately,publicly,y,both,0.88,paired,0.88,paired,n,adv,antonym,complementary
pro,con,y,questionX,0.96,paired,,,n,noun,antonym,complementary
proactive,reactive,n,both,0.93,paired,0.8,paired,n,adj,antonym,scalar
processed,raw,n,questionY,,,0.71,,n,adj,antonym,scalar
product,service,n,questionX,0.64,,,,n,noun,antonym,complementary
products,services,n,both,0.76,,0.53,,n,noun,antonym,complementary
professional,personal,n,both,0.68,,0.81,,n,adj,antonym,complementary
professionally,personally,n,both,0.63,paired,0.77,,n,adv,antonym,complementary
profit,loss,n,questionX,0.53,,,,n,,antonym,scalar
progressive,conservative,n,both,0.6,,0.5,,n,adj,antonym,scalar
prone,standing,n,questionY,,,0.54,,n,,co-hyponym,
proponent,opponent,n,questionX,0.66,,,,n,noun,antonym,complementary
pros,cons,n,both,0.95,paired,0.69,paired,n,noun,antonym,complementary
prose,poetry,n,both,0.69,,0.75,,n,noun,antonym,complementary
prosecutors,judges,n,questionY,,,0.64,,n,noun,co-hyponym,
protagonist,antagonist,n,questionX,0.54,,,,n,noun,antonym,complementary
protein,fat,n,questionX,0.54,,,,n,noun,co-hyponym,
proven,not,n,questionX,0.52,,,,n,not-annotated,proform,
proves,not,n,questionX,0.57,,,,n,not-annotated,proform,
province,state,n,questionY,,,0.68,,n,noun,nym-meronym,
provinces,states,n,both,0.51,,0.59,,n,noun,nym-meronym,
psychologically,physically,n,questionY,,,0.55,,n,adv,antonym,scalar
public,private,y,both,0.94,paired,0.93,paired,n,noun,antonym,complementary
publicly,privately,y,both,0.91,paired,0.91,paired,n,adv,antonym,complementary
pull,push,y,questionY,,,0.78,paired,n,adj/verb,antonym,complementary
pulling,pushing,n,questionY,,,0.8,,n,verb,antonym,complementary
punishable,not,n,questionX,0.55,,,,n,not-annotated,proform,
purchaser,seller,n,both,0.73,,0.72,,n,noun,antonym,converse
purported,real,n,questionY,,,0.53,,n,adj,antonym-secondary,complementary
purposefully,accidentally,n,questionY,,,0.67,,n,adv,antonym,complementary
purposely,accidentally,n,questionY,,,0.52,,n,adv,antonym,complementary
push,pull,y,both,0.91,,0.73,paired,n,verb,antonym,reversive
pushing,pulling,n,questionX,0.73,,,,n,,antonym,scalar
puts,calls,n,questionX,0.76,,,,n,noun,antonym-secondary,complementary
quake,tsunami,n,questionX,0.62,,,,n,,co-hyponym,
qualitative,quantitative,y,both,0.97,paired,0.99,paired,n,adj,antonym,complementary
quality,quantity,n,both,0.63,paired,0.52,paired,n,noun,contrast-conceptual,
quantitative,qualitative,y,both,0.96,paired,0.89,paired,n,adj,antonym,complementary
quantity,quality,n,both,0.66,paired,0.64,paired,n,noun,contrast-conceptual,
quarterly,monthly,n,both,0.69,,0.81,,n,adv,co-hyponym-temporal,
queen,king,y,questionY,,,0.87,,n,noun,antonym,complementary
queens,kings,n,both,0.61,,0.93,,n,noun,antonym,complementary
queer,straight,n,both,0.69,,0.59,,n,adj,antonym,complementary
quicker,slower,n,questionX,0.67,,,,n,adv,antonym,scalar
quieter,louder,n,questionY,,,0.6,,n,adj,antonym,scalar
racist,sexist,n,questionX,0.52,,,,n,,co-hyponym,
rain,snow,n,questionY,,,0.55,paired,n,noun,co-hyponym,
rainy,sunny,n,questionY,,,0.58,,n,adj,co-hyponym,
raised,born,n,questionY,,,0.6,,n,,co-hyponym,
ran,walked,n,questionX,0.51,,,,n,verb,co-hyponym,
ranch,farm,n,questionY,,,0.58,,n,,nym-near-synonym,
randomized,random,n,both,0.5,,0.59,,n,adj,nym-near-synonym,
rapes,murders,n,questionY,,,0.55,,n,,co-hyponym,
rapidly,slowly,n,both,0.52,,0.65,,n,adv,antonym-secondary,scalar
rare,common,n,questionY,,,0.67,,n,adj,antonym,scalar
raw,cooked,y,questionY,,,0.6,paired,n,adj,antonym,scalar
reactionary,progressive,n,questionY,,,0.52,,n,,co-hyponym,
reactive,proactive,n,both,0.62,paired,0.82,paired,n,adj,antonym,scalar
readable,not,n,questionX,0.51,,,,n,not-annotated,proform,
reading,writing,n,questionX,0.5,,,,n,,co-hyponym,
ready,not,n,questionX,0.71,,,,n,not-annotated,proform,
realism,fantasy,n,questionY,,,0.52,,n,noun,antonym,scalar
really,not,n,questionX,0.67,,,,n,not-annotated,proform,
reap,sow,n,questionY,,,0.55,,n,verb,other-conventional,
rear,front,y,questionY,,,0.93,,n,noun,antonym,complementary
rebirth,death,n,questionY,,,0.63,,n,noun,antonym-secondary,complementary
receivers,quarterbacks,n,questionY,,,0.55,,n,noun,co-hyponym,
recovered,lost,n,questionY,,,0.54,,n,adj/verb,antonym,reversive
rect,square,n,both,0.59,,0.55,,n,partial token,x-none,
rectangle,square,n,both,0.55,,0.55,,n,noun,co-hyponym,
rectangular,square,n,questionY,,,0.51,,n,adj,co-hyponym,
recycle,reuse,n,questionY,,,0.51,,n,,co-hyponym,
refrigerator,freezer,n,questionX,0.56,,,,n,noun,co-hyponym,
regained,lost,n,questionY,,,0.78,,n,adj/verb,antonym,reversive
regional,national,n,questionY,,,0.55,,n,adj,co-hyponym,
registered,not,n,questionX,0.53,,,,n,not-annotated,proform,
registering,not,n,questionX,0.74,,,,n,not-annotated,proform,
relatives,friends,n,both,0.51,,0.58,,n,noun,co-hyponym,
relegated,promoted,n,questionY,,,0.56,,n,adj/verb,antonym,scalar
relegation,promotion,n,both,0.82,,0.9,,n,noun,antonym,scalar
reliever,starter,n,both,0.77,,0.94,,n,noun,antonym-secondary,complementary
remote,local,n,questionY,,,0.5,,n,,antonym,scalar
remotely,locally,n,questionY,,,0.83,,n,adv,antonym,scalar
renters,homeowners,n,questionY,,,0.54,paired,n,noun,antonym,complementary
reopen,close,n,questionY,,,0.55,,n,,antonym-secondary,complementary
reopened,closed,n,both,0.59,,0.71,,n,adj,antonym-secondary,complementary
repeatedly,once,n,questionY,,,0.81,,n,adv,co-hyponym-temporal,
replica,original,n,questionX,0.57,,,,n,noun,antonym-secondary,complementary
republican,democrat,n,questionY,,,0.64,paired,n,,co-hyponym,
reputable,not,n,questionX,0.58,,,,n,not-annotated,proform,
residential,commercial,n,both,0.71,,0.71,,n,adj,antonym,complementary
respectively,",",n,questionY,,,0.73,,n,,x-odd,
resurrection,death,n,questionY,,,0.59,,n,noun,antonym-secondary,complementary
rewarded,punished,n,both,0.63,,0.53,,n,,antonym,complementary
rewards,punishments,n,questionX,0.54,,,,n,noun,antonym,complementary
rich,poor,y,both,0.93,,0.9,paired,n,adj,antonym,scalar
richer,poorer,n,both,0.74,paired,0.78,paired,n,adj,antonym,scalar
ridden,walked,n,both,0.6,,0.58,,n,adj/verb,co-hyponym,
ride,walk,y,questionY,,,0.73,,n,adj/verb,co-hyponym,
right,wrong,y,questionX,0.84,,,,n,adj,antonym,complementary
rightly,wrongly,n,both,0.95,,0.59,paired,n,adv,antonym,complementary
rigid,flexible,n,both,0.71,,0.51,,n,adj,antonym,scalar
ripe,not,n,questionX,0.58,,,,n,not-annotated,proform,
rise,fall,y,questionX,0.82,,,,n,verb,antonym,reversive
risen,fallen,n,questionX,0.69,,,,n,,antonym,converse
rises,falls,n,questionX,0.89,paired,,,n,verb,antonym,reversive
rising,falling,y,questionX,0.68,paired,,,n,verb,antonym,reversive
rm,rm,n,both,0.55,paired,0.53,paired,y,,x-identical,
roaming,local,n,questionY,,,0.52,,n,adj/verb,antonym-secondary,complementary
rough,smooth,y,questionX,0.54,,,,n,,antonym,scalar
round,square,y,both,0.65,,0.69,,n,noun/adj,co-hyponym,
row,column,n,both,0.74,,0.67,,n,noun,antonym,complementary
rows,columns,n,both,0.85,,0.84,,n,noun,antonym,complementary
run,walk,n,both,0.58,,0.52,,n,verb,co-hyponym,
running,walking,n,both,0.55,,0.53,,n,verb,co-hyponym,
rural,urban,y,both,0.86,paired,0.83,paired,n,adj,antonym,scalar
rye,barley,n,questionX,0.52,,,,n,noun,co-hyponym,
sad,happy,n,questionY,,,0.74,,n,adj,antonym,scalar
salty,sweet,n,both,0.63,,0.78,,n,adj,co-hyponym,
same,different,y,questionX,0.78,,,,n,adj,antonym,scalar
sciences,arts,n,questionY,,,0.73,,n,noun,co-hyponym,
sea,land,n,questionY,,,0.68,,n,noun,antonym,complementary
seafood,meat,n,questionY,,,0.56,,n,noun,co-hyponym,
sealed,open,n,both,0.51,,0.52,,n,adj/verb,antonym-secondary,complementary
seasonal,permanent,n,questionY,,,0.53,,n,,co-hyponym,
seated,standing,y,both,0.96,,0.96,,n,adj/verb,antonym,multiple incompatibility
second,third,n,questionX,0.82,,,,n,adj/noun,co-hyponym-numeric,
second,first,y,questionY,,,0.91,paired,n,adj/noun,co-hyponym-numeric,
secondly,first,n,questionY,,,0.92,,n,adj/adv,co-hyponym-numeric,
seconds,minutes,n,both,0.67,,0.74,,n,noun,co-hyponym-temporal,
secretly,publicly,n,questionY,,,0.54,,n,,antonym-secondary,scalar
sell,buy,y,questionY,,,0.76,,n,verb,antonym,converse
seller,buyer,n,both,0.87,paired,0.94,paired,n,noun,antonym,converse
sellers,buyers,n,both,0.87,paired,0.97,paired,n,noun,antonym,converse
selling,buying,n,both,0.6,paired,0.83,,n,verb,antonym,converse
sells,buys,n,questionY,,,0.7,paired,n,verb,antonym,converse
semester,year,n,questionY,,,0.51,,n,,co-hyponym-temporal,
semifinals,quarters,n,questionY,,,0.7,,n,noun,co-hyponym,
senate,house,n,questionY,,,0.61,,n,noun,co-hyponym,
sender,receiver,n,questionX,0.82,,,,n,noun,antonym,converse
sending,receiving,n,questionX,0.86,,,,n,verb,antonym,converse
sends,receives,n,questionX,0.51,,,,n,verb,antonym,converse
senior,junior,y,questionY,,,0.77,paired,n,noun/adj,antonym,complementary
sentient,not,n,questionX,0.65,,,,n,not-annotated,proform,
separately,together,n,both,0.64,paired,0.57,paired,n,adv,antonym,complementary
serotonin,dopamine,n,both,0.74,paired,0.78,paired,n,noun,co-hyponym,
servant,master,n,questionY,,,0.6,,n,noun,antonym,converse
server,client,n,both,0.61,,0.77,,n,noun,antonym,converse
seven,eight,n,questionX,0.78,,,,n,,co-hyponym-numeric,
seven,six,n,questionY,,,0.77,,n,noun,co-hyponym-numeric,
seventeen,eighteen,n,questionX,0.73,,,,n,,co-hyponym-numeric,
seventeen,sixteen,n,questionY,,,0.69,,n,,co-hyponym-numeric,
seventh,eighth,n,questionX,0.82,,,,n,,co-hyponym-numeric,
seventh,sixth,n,questionY,,,0.77,,n,noun/adj,co-hyponym-numeric,
seventy,sixty,n,questionY,,,0.65,,n,,co-hyponym-numeric,
several,one,n,questionY,,,0.64,,n,adj/pronoun,co-hyponym-numeric,
severe,moderate,n,questionY,,,0.57,,n,,contrast-scalar,
severely,moderately,n,questionY,,,0.83,,n,adv,contrast-scalar,
sexism,racism,n,questionY,,,0.57,,n,noun,co-hyponym,
shadow,light,n,questionY,,,0.51,,n,noun,antonym,scalar
shallow,deep,y,both,0.67,,0.64,,n,adj,antonym,scalar
shampoo,soap,n,questionY,,,0.59,,n,noun,co-hyponym,
shared,private,n,both,0.56,,0.51,,n,adj,antonym-secondary,complementary
she,he,n,both,0.68,paired,0.93,paired,n,noun/pronoun,antonym,complementary
shield,sword,n,questionY,,,0.64,,n,noun,co-hyponym,
shine,rain,n,questionY,,,0.96,,n,noun,co-hyponym,
short,long,y,both,0.7,paired,0.96,paired,n,adj,antonym,scalar
shortcomings,strengths,n,questionY,,,0.55,,n,,antonym-secondary,complementary
shorter,longer,n,both,0.87,paired,0.87,paired,n,adj,antonym,scalar
shortest,longest,n,both,0.7,paired,0.78,paired,n,adj,antonym,scalar
shortfall,surplus,n,questionY,,,0.59,,n,noun,antonym,scalar
shortly,now,n,questionY,,,0.53,,n,,co-hyponym-temporal,
shotgun,rifle,n,questionY,,,0.55,,n,noun,co-hyponym,
shotguns,rifles,n,both,0.72,,0.77,,n,noun,co-hyponym,
show,tell,n,questionX,0.94,,,,n,,co-hyponym,
shown,not,n,questionX,0.59,,,,n,not-annotated,proform,
shut,open,y,questionY,,,0.83,,n,adj/verb,antonym,scalar
silver,gold,n,both,0.83,paired,0.88,paired,n,noun,co-hyponym,
similarities,differences,n,both,0.93,paired,0.8,paired,n,noun,antonym,scalar
simulated,real,n,both,0.75,,0.88,,n,adj,antonym,scalar
since,before,n,questionY,,,0.76,,n,adv,antonym-temporal,
single,married,n,both,0.62,paired,0.86,paired,n,adj,antonym,complementary
singular,plural,y,both,0.98,paired,0.96,paired,n,adj,antonym,complementary
sinners,saints,n,questionY,,,0.57,,n,noun,antonym,scalar
sir,sir,n,questionX,0.58,paired,,,y,,x-identical,
sister,brother,y,questionY,,,0.88,,n,noun,antonym,complementary
sisters,brothers,n,both,0.56,paired,0.91,paired,n,noun,antonym,complementary
sit,stand,y,both,0.88,,0.8,paired,n,verb,antonym,multiple incompatibility
sits,stands,n,questionX,0.57,,,,n,verb,antonym,multiple incompatibility
sitting,standing,n,both,0.91,paired,0.88,paired,n,verb,antonym,multiple incompatibility
six,seven,n,questionX,0.7,,,,n,,co-hyponym-numeric,
six,five,n,questionY,,,0.81,,n,noun,co-hyponym-numeric,
sixteen,seventeen,n,questionX,0.66,,,,n,,co-hyponym-numeric,
sixteen,fifteen,n,questionY,,,0.79,,n,noun,co-hyponym-numeric,
sixth,seventh,n,questionX,0.81,,,,n,,co-hyponym-numeric,
sixth,fifth,n,questionY,,,0.85,,n,,co-hyponym-numeric,
sizable,small,n,questionY,,,0.59,,n,adj,antonym-secondary,scalar
size,shape,n,questionY,,,0.58,,n,,co-hyponym,
sizeable,small,n,questionY,,,0.59,,n,adj,antonym-secondary,scalar
skeptics,believers,n,questionX,0.53,paired,,,n,noun,antonym,complementary
skinny,fat,n,both,0.61,,0.53,,n,adj,antonym,scalar
slander,libel,n,both,0.55,paired,0.54,paired,n,noun,antonym,complementary
slim,fat,n,questionX,0.52,,,,n,,antonym-secondary,scalar
slow,fast,y,both,0.81,paired,0.9,paired,n,adj,antonym,scalar
slower,faster,n,both,0.9,paired,0.96,paired,n,adj,antonym,scalar
small,big,y,questionY,,,0.51,paired,n,adj,antonym,scalar
smaller,larger,n,both,0.54,paired,0.56,paired,n,adj,antonym,scalar
smallest,largest,n,both,0.73,paired,0.69,paired,n,adj,antonym,scalar
smartphone,tablet,n,both,0.61,,0.52,,n,noun,co-hyponym,
smartphones,tablets,n,questionX,0.69,,,,n,noun,co-hyponym,
smokers,drinkers,n,questionY,,,0.59,,n,noun,co-hyponym,
snow,rain,n,questionY,,,0.64,paired,n,noun,co-hyponym,
soaked,dry,n,both,0.63,,0.75,,n,adj/verb,antonym-secondary,scalar
sober,drunk,n,questionY,,,0.65,,n,adj,antonym,scalar
socialism,capitalism,y,both,0.68,paired,0.56,paired,n,noun,co-hyponym,
sodium,potassium,n,both,0.61,paired,0.51,paired,n,noun,co-hyponym,
soft,hard,y,both,0.56,paired,0.75,paired,n,adj,antonym,scalar
softer,harder,n,questionY,,,0.57,,n,,antonym,scalar
software,hardware,y,both,0.83,paired,0.84,paired,n,noun,antonym,complementary
some,all,n,both,0.58,,0.69,,n,other/det,co-hyponym-numeric,
somebody,something,n,questionX,0.61,,,,n,,co-hyponym,
someday,now,n,questionY,,,0.75,,n,adv,co-hyponym-temporal,
somehow,other,n,questionX,0.51,,,,n,,other-conventional,
someone,something,n,both,0.74,,0.81,,n,noun/pronoun,co-hyponym,
son,daughter,y,questionX,0.53,paired,,,n,,antonym,complementary
son,father,n,questionY,,,0.69,,n,noun,antonym,converse
sons,daughters,n,both,0.88,paired,0.76,paired,n,noun,antonym,complementary
soon,now,n,questionY,,,0.5,,n,,co-hyponym-temporal,
sooner,later,n,both,0.98,paired,0.84,,n,adj/adv,antonym-temporal,scalar
soul,body,n,questionY,,,0.5,,n,noun,contrast-conceptual,
sour,sweet,y,both,0.69,,0.88,,n,adj,antonym,scalar
south,north,y,both,0.75,paired,0.9,paired,n,adj,antonym,multiple incompatibility
southern,northern,y,both,0.81,paired,0.87,paired,n,adj,antonym,multiple incompatibility
spatial,temporal,n,both,0.63,,0.62,,n,adj,co-hyponym,
specialized,general,n,questionY,,,0.54,,n,adj/verb,antonym,scalar
specific,general,y,both,0.53,paired,0.77,paired,n,adj,antonym,scalar
specifically,generally,y,questionY,,,0.62,,n,adv,antonym,scalar
speedy,slow,n,questionY,,,0.56,,n,adj,antonym-secondary,scalar
spend,save,n,both,0.77,,0.9,,n,verb,antonym,scalar
spending,saving,n,both,0.58,,0.77,,n,verb,antonym,scalar
sperm,egg,n,both,0.6,,0.53,,n,noun,antonym,complementary
spices,herbs,n,questionY,,,0.6,,n,noun,co-hyponym,
spoken,written,y,questionY,,,0.62,,n,adj,antonym,complementary
spoon,fork,n,both,0.66,,0.67,,n,noun,co-hyponym,
spring,winter,n,questionY,,,0.57,,n,adj/noun,co-hyponym,multiple incompatibility
stabbed,shot,n,questionY,,,0.51,,n,verb,co-hyponym,
stabilize,decline,n,questionX,0.54,,,,n,verb,co-hyponym,
stale,fresh,y,questionY,,,0.53,,n,adj,antonym,scalar
stand,sit,y,questionY,,,0.58,paired,n,verb,antonym,multiple incompatibility
standing,sitting,n,both,0.65,paired,0.7,paired,n,verb,antonym,multiple incompatibility
starter,backup,n,both,0.52,,0.59,,n,noun,antonym-secondary,complementary
stated,implied,n,questionX,0.53,,,,n,adj/verb,antonym-secondary,scalar
static,dynamic,n,questionY,,,0.62,paired,n,adj,antonym,complementary
statically,dynamically,n,both,0.78,,0.83,,n,adv,antonym,complementary
statutory,constitutional,n,questionY,,,0.6,,n,,co-hyponym,
stay,go,n,questionX,0.66,paired,,,n,verb,antonym,complementary
stayed,left,n,questionX,0.59,,,,n,verb,antonym,complementary
stemmed,straight,n,questionY,,,0.56,,n,,co-hyponym,
stereo,mono,n,both,0.81,paired,0.74,,n,adj,antonym,complementary
stocks,bonds,n,both,0.65,,0.65,paired,n,noun,co-hyponym,
stolen,lost,n,questionY,,,0.52,,n,,antonym-secondary,complementary
stood,sat,n,questionX,0.54,,,,n,verb,antonym,multiple incompatibility
stranger,friend,n,both,0.62,,0.75,,n,noun,antonym,complementary
strangers,friends,n,both,0.54,,0.62,,n,noun,antonym,complementary
strategic,tactical,n,both,0.72,,0.52,paired,n,adj,antonym,scalar
streams,rivers,n,questionY,,,0.65,,n,,co-hyponym,
strengthen,weaken,y,questionX,0.54,,,,n,,antonym,scalar
strengthened,weakened,n,both,0.71,,0.76,,n,adj/verb,antonym,scalar
strengthening,weakening,y,both,0.76,,0.65,,n,noun/verb,antonym,scalar
strengths,weaknesses,n,both,0.92,paired,0.83,paired,n,noun,antonym,scalar
strong,weak,y,both,0.84,,0.7,paired,n,adj,antonym,scalar
stronger,weaker,n,both,0.95,paired,0.64,paired,n,adj,antonym,scalar
strongest,weakest,n,questionX,0.51,,,,n,adj,antonym,scalar
styled,natural,n,questionY,,,0.57,,n,adj,antonym-secondary,scalar
subcommittee,committee,n,questionY,,,0.56,,n,noun,nym-meronym,
subconscious,conscious,n,both,0.68,,0.93,,n,adj/noun,co-hyponym,
subjective,objective,y,both,0.86,paired,0.95,paired,n,adj,antonym,scalar
subscribing,not,n,questionX,0.62,,,,n,not-annotated,proform,
subsidiary,parent,n,questionY,,,0.67,,n,noun,nym-meronym,
subtract,add,y,both,0.63,,0.94,,n,verb,antonym,complementary
suburb,city,n,questionY,,,0.63,,n,noun,nym-meronym,
suburban,urban,n,both,0.51,,0.52,,n,,co-hyponym,
succeed,fail,y,both,0.78,,0.64,,n,verb,antonym,scalar
succeeds,fails,n,both,0.7,,0.76,,n,verb,antonym,scalar
success,failure,y,both,0.87,paired,0.68,paired,n,noun,antonym,scalar
successes,failures,n,both,0.86,,0.7,paired,n,noun,antonym,scalar
sudden,gradual,y,questionY,,,0.57,,n,,antonym,scalar
suffix,prefix,y,questionY,,,0.74,,n,noun,antonym,complementary
summer,winter,n,both,0.69,paired,0.65,paired,n,noun,antonym,multiple incompatibility
summers,winters,n,both,0.81,paired,0.8,paired,n,noun,antonym,multiple incompatibility
sung,spoken,n,both,0.71,,0.87,,n,adj,antonym-secondary,complementary
sunny,cloudy,n,both,0.82,paired,0.79,paired,n,adj,co-hyponym,
sunrise,sunset,y,both,0.97,paired,0.88,paired,n,noun,antonym,complementary
sunset,sunrise,y,both,0.94,paired,0.96,paired,n,noun,antonym,complementary
superior,inferior,y,questionX,0.57,paired,,,n,adj,antonym,scalar
superiors,subordinates,n,questionX,0.7,,,,n,noun,antonym,complementary
supernatural,natural,y,questionY,,,0.55,,n,adj,antonym-secondary,scalar
supply,demand,y,both,0.97,paired,0.9,paired,n,noun,antonym,complementary
supported,not,n,questionX,0.51,,,,n,not-annotated,proform,
supporting,opposing,n,questionX,0.72,,,,n,adj/verb,antonym,scalar
surplus,deficit,n,questionX,0.63,paired,,,n,noun,antonym,complementary
survivor,victim,n,questionY,,,0.66,,n,noun,co-hyponym,
survivors,victims,n,questionY,,,0.54,,n,noun,co-hyponym,
sweep,tie,n,questionX,0.53,,,,n,,co-hyponym,
swift,slow,n,questionY,,,0.55,,n,adj,antonym-secondary,scalar
swim,sink,n,questionY,,,0.92,,n,,other-conventional,
synthetic,natural,n,questionY,,,0.61,,n,adj,antonym-secondary,scalar
tables,chairs,n,both,0.61,,0.6,,n,,co-hyponym,
tacit,explicit,n,questionX,0.53,,,,n,adj,antonym,scalar
tackles,sacks,n,questionY,,,0.57,,n,,co-hyponym,
tactical,strategic,n,questionY,,,0.67,paired,n,adj,antonym,scalar
tail,head,y,questionY,,,0.74,,n,noun,antonym,complementary
tails,heads,n,questionY,,,0.71,,n,noun,antonym,complementary
take,give,y,questionY,,,1,,n,verb,antonym,reversive
takeoff,landing,n,both,0.83,,0.65,paired,n,noun,antonym,reversive
taking,giving,n,questionY,,,0.76,,n,verb,antonym,reversive
tall,short,y,both,0.75,,0.7,,n,adj,antonym,scalar
taller,shorter,n,both,0.79,,0.75,,n,adj,antonym,scalar
tallest,shortest,n,questionX,0.57,,,,n,adj,antonym,scalar
tart,sweet,n,questionY,,,0.65,,n,adj,antonym-secondary,scalar
taxable,not,n,questionX,0.54,,,,n,not-annotated,proform,
taxed,free,n,questionY,,,0.52,,n,adj/verb,antonym-secondary,scalar
tcp,http,n,questionX,0.52,,,,n,,co-hyponym,
tea,coffee,n,both,0.87,paired,0.92,paired,n,noun,co-hyponym,
teen,adult,n,questionX,0.58,,,,n,,co-hyponym,
tell,show,n,questionY,,,0.73,,n,verb,contrast-conceptual,
telling,showing,n,questionY,,,0.54,,n,,co-hyponym,
temporarily,permanently,y,both,0.92,,0.91,paired,n,adv,antonym,scalar
temporary,permanent,n,both,0.93,paired,0.86,paired,n,adj,antonym,scalar
tenant,landlord,n,questionY,,,0.6,paired,n,noun,antonym,converse
tendon,muscle,n,questionY,,,0.52,,n,noun,co-hyponym,
testament,will,n,questionY,,,0.8,,n,noun,other-conventional,
testosterone,estrogen,n,questionX,0.61,paired,,,n,noun,antonym,complementary
texted,emailed,n,questionY,,,0.57,,n,,co-hyponym,
texts,emails,n,questionY,,,0.51,,n,noun,co-hyponym,
that,this,n,questionY,,,0.94,,n,other/det,antonym,complementary
thats,this,n,questionY,,,0.54,,n,other/det,co-hyponym,
the,the,n,questionY,,,0.77,paired,y,other/det,x-identical,
them,us,n,questionY,,,0.73,,n,noun/pronoun,antonym,complementary
then,now,n,both,0.88,,0.92,paired,n,adv,co-hyponym-temporal,complementary
there,here,y,questionY,,,0.73,,n,noun/adv,antonym,complementary
thick,thin,y,both,0.83,,0.79,,n,adj,antonym,scalar
thicker,thinner,n,both,0.91,,0.84,paired,n,adj,antonym,scalar
thing,person,n,questionY,,,0.63,,n,noun,co-hyponym,
thinner,thicker,n,questionY,,,0.61,paired,n,,antonym,scalar
third,fourth,n,questionX,0.76,,,,n,,co-hyponym-numeric,
third,second,n,questionY,,,0.89,,n,,co-hyponym-numeric,
thirsty,hungry,y,both,0.62,,0.63,,n,adj,co-hyponym,
thirteen,fourteen,n,questionX,0.67,,,,n,,co-hyponym-numeric,
thirteen,twelve,n,questionY,,,0.69,,n,noun/adj,co-hyponym-numeric,
this,that,n,questionX,0.86,,,,n,other/det,antonym,complementary
this,this,n,questionY,,,0.8,paired,y,other/det,x-identical,
thousands,millions,n,questionX,0.74,,,,n,noun,co-hyponym-numeric,
thousands,hundreds,n,questionY,,,0.72,,n,noun,co-hyponym-numeric,
three,four,n,questionX,0.65,,,,n,,co-hyponym-numeric,
three,two,n,questionY,,,0.85,,n,noun,co-hyponym-numeric,
thunder,lightning,n,questionY,,,0.52,,n,,co-hyponym,
thus,otherwise,n,questionX,0.64,,,,n,,proform,
thy,mine,n,questionY,,,0.57,,n,other/possessive,co-hyponym,
tigers,lions,n,questionY,,,0.57,,n,,co-hyponym,
tight,loose,y,both,0.61,,0.56,,n,adj,antonym,scalar
tightly,loosely,n,questionX,0.56,,,,n,adv,antonym,scalar
tips,tricks,n,questionX,0.75,,,,n,,other-conventional,
today,tomorrow,n,questionX,0.81,,,,n,noun/adv,co-hyponym-temporal,
today,yesterday,n,questionY,,,0.66,paired,n,noun/adv,co-hyponym-temporal,
toes,fingers,n,questionY,,,0.56,,n,noun,co-hyponym,
together,separately,n,both,0.73,paired,0.61,paired,n,,antonym-secondary,complementary
tomorrow,today,n,questionY,,,0.8,,n,noun/adv,co-hyponym-temporal,
tonight,tomorrow,n,both,0.74,,0.62,,n,noun/adv,co-hyponym-temporal,
top,bottom,y,both,0.78,paired,0.58,paired,n,adj,antonym,scalar
totally,partially,n,questionY,,,0.51,,n,adv,antonym,scalar
town,city,n,questionY,,,0.54,,n,,co-hyponym,
trailing,leading,n,questionY,,,0.53,,n,,antonym-secondary,complementary
tram,bus,n,both,0.56,,0.66,,n,noun,co-hyponym,
transient,permanent,n,both,0.7,,0.53,,n,adj,antonym,scalar
transmitter,receiver,n,questionX,0.62,,,,n,noun,antonym,complementary
transmitting,receiving,n,questionX,0.6,,,,n,verb,antonym,complementary
treat,trick,n,questionY,,,0.83,,n,,other-conventional,
treating,trick,n,questionY,,,0.96,,n,,other-conventional,
treats,tricks,n,questionY,,,0.78,,n,,other-conventional,
trick,treat,n,questionX,0.94,,,,n,noun,other-conventional,
tried,acquitted,n,questionX,0.61,,,,n,adj/verb,co-hyponym,
trillion,billion,n,questionY,,,0.64,,n,noun,co-hyponym-numeric,
trillions,billions,n,both,0.75,paired,0.68,,n,noun,co-hyponym-numeric,
triple,double,n,questionY,,,0.64,,n,,co-hyponym-numeric,
tripled,doubled,n,questionY,,,0.94,paired,n,adj/verb,co-hyponym-numeric,
trough,peak,n,questionY,,,0.69,,n,noun,antonym,scalar
trout,salmon,n,both,0.61,,0.74,,n,noun,co-hyponym,
truck,car,n,questionY,,,0.51,,n,noun,co-hyponym,
TRUE,FALSE,y,both,0.81,paired,0.55,paired,n,,antonym,complementary
truths,lies,n,questionX,0.6,,,,n,noun,antonym,scalar
tsunami,earthquake,n,questionY,,,0.73,,n,noun,co-hyponym,
tuna,salmon,n,both,0.51,,0.71,,n,noun,co-hyponym,
turkey,chicken,n,questionY,,,0.59,,n,noun,co-hyponym,
twelve,eleven,n,questionY,,,0.66,,n,,co-hyponym-numeric,
twenties,teens,n,questionY,,,0.69,,n,noun,co-hyponym-numeric,
twentieth,nineteenth,n,questionY,,,0.87,,n,noun,co-hyponym-numeric,
twice,once,n,both,0.67,paired,0.98,paired,n,adv,co-hyponym-numeric,
twists,turns,n,questionX,0.75,,,,n,noun,other-conventional,
two,three,n,questionX,0.62,,,,n,,co-hyponym-numeric,
two,one,n,questionY,,,0.89,,n,noun,co-hyponym-numeric,
typed,handwritten,n,questionY,,,0.57,paired,n,adj,antonym,complementary
uint,float,n,questionX,0.61,,,,n,partial token,x-none,
unable,unwilling,n,questionX,0.82,,,,n,adj,co-hyponym,
unacceptable,acceptable,y,questionY,,,0.68,,n,adj,antonym,scalar
unarmed,armed,y,both,0.54,paired,0.97,paired,n,adj,antonym,complementary
unauthorized,authorized,y,questionY,,,0.58,,n,adj,antonym,complementary
uncommon,common,y,questionY,,,0.67,,n,adj,antonym,complementary
unconditional,conditional,y,both,0.61,,0.69,,n,adj,antonym,complementary
unconscious,awake,n,both,0.57,,0.58,,n,adj,antonym,scalar
unconsciously,consciously,y,both,0.78,paired,0.96,,n,adv,antonym,complementary
uncontrolled,controlled,y,questionY,,,0.6,,n,adj,antonym,scalar
under,over,n,questionY,,,0.7,,n,adv,antonym,complementary
undergraduate,graduate,n,both,0.77,,0.76,,n,noun,co-hyponym,
underneath,above,n,questionX,0.55,,,,n,adv,antonym,complementary
undesirable,desirable,y,questionY,,,0.83,,n,adj,antonym,scalar
unfair,fair,y,questionY,,,0.51,,n,adj,antonym,scalar
unfairly,fairly,y,questionY,,,0.55,,n,adv,antonym,scalar
unfamiliar,familiar,y,questionY,,,0.55,,n,adj,antonym,scalar
unfavorable,favorable,y,both,0.84,paired,0.99,paired,n,adj,antonym,scalar
unfolded,folded,n,questionY,,,0.54,,n,adj,antonym,complementary
unfortunately,fortunately,y,both,0.59,paired,0.65,,n,adv,antonym,complementary
unhappy,happy,y,questionY,,,0.58,,n,adj,antonym,scalar
unhealthy,healthy,y,questionY,,,0.8,,n,adj,antonym,scalar
unintentional,intentional,n,questionY,,,0.75,,n,adj,antonym,complementary
unintentionally,intentionally,y,both,0.62,paired,0.83,,n,adv,antonym,complementary
united,divided,y,questionY,,,0.53,,n,,antonym,scalar
universities,colleges,n,questionY,,,0.57,,n,,co-hyponym,
university,college,n,questionY,,,0.52,,n,,co-hyponym,
unjust,just,y,questionY,,,0.6,,n,adj,antonym,scalar
unlawfully,legally,n,questionY,,,0.7,,n,adv,antonym,complementary
unless,until,n,questionX,0.58,,,,n,,co-hyponym-temporal,
unlike,like,y,questionY,,,0.56,,n,adj/verb,antonym,scalar
unloaded,loaded,y,questionY,,,0.73,,n,adj,antonym,reversive
unlocked,locked,n,questionY,,,0.65,paired,n,adj,antonym,reversive
unlucky,lucky,y,questionY,,,0.82,,n,adj,antonym,scalar
unmanned,manned,y,both,0.71,,0.92,,n,adj,antonym,complementary
unmarked,marked,y,questionY,,,0.62,,n,adj,antonym,complementary
unmarried,married,y,both,0.52,,0.94,,n,adj,antonym,complementary
unnatural,natural,y,questionY,,,0.84,,n,adj,antonym,scalar
unofficial,official,y,questionY,,,0.9,,n,adj,antonym,complementary
unpopular,popular,y,questionY,,,0.79,,n,adj,antonym,scalar
unpublished,published,y,questionY,,,0.7,,n,adj,antonym,complementary
unreal,real,y,questionY,,,0.71,,n,adj,antonym,complementary
unrealistic,realistic,y,questionY,,,0.6,,n,adj,antonym,scalar
unreasonable,reasonable,y,questionY,,,0.56,,n,adj,antonym,scalar
unregulated,regulated,y,questionY,,,0.74,,n,adj,antonym,scalar
unrestricted,restricted,y,questionX,0.54,,,,n,adj,antonym,scalar
unstable,stable,y,questionY,,,0.57,,n,adj,antonym,scalar
unsuccessful,successful,y,questionY,,,0.88,,n,adj,antonym,scalar
unsuccessfully,successfully,y,questionY,,,0.84,,n,adv,antonym,scalar
untrue,TRUE,n,both,0.59,,0.95,,n,,antonym-secondary,complementary
unwelcome,welcome,y,questionY,,,0.52,,n,adj,antonym,scalar
unwittingly,knowingly,n,questionY,,,0.71,,n,,antonym-secondary,scalar
up,down,y,both,0.98,paired,0.94,paired,n,adj/adv,antonym,scalar
uphill,downhill,n,both,0.86,paired,0.76,paired,n,adj,antonym,scalar
upload,download,y,questionY,,,0.52,,n,,antonym,complementary
upper,lower,n,both,0.96,,0.9,,n,adj,antonym,scalar
ups,downs,n,questionX,0.98,,,,n,noun,antonym,scalar
upside,downside,n,questionX,0.89,paired,,,n,noun,antonym,scalar
upstairs,downstairs,y,both,0.91,paired,0.91,paired,n,adj/adv/noun,antonym,complementary
upstream,downstream,y,both,0.98,paired,0.93,paired,n,adj/adv,antonym,complementary
upt,down,n,questionX,0.81,,,,n,partial token,x-none,
upward,downward,y,both,0.87,paired,0.72,paired,n,adj/adv,antonym,scalar
upwards,downwards,y,both,0.86,paired,0.59,paired,n,adj/adv,antonym,scalar
uranium,plutonium,n,both,0.59,paired,0.66,paired,n,noun,co-hyponym,
urban,rural,y,both,0.71,paired,0.79,paired,n,adj,antonym,scalar
us,them,n,questionX,0.78,,,,n,noun/pronoun,antonym,complementary
username,password,n,questionX,0.89,paired,,,n,noun,co-hyponym,
vaccinated,not,n,questionX,0.7,,,,n,not-annotated,proform,
vagina,penis,n,questionY,,,0.54,,n,noun,co-hyponym,
vaginal,oral,n,questionY,,,0.51,,n,adj,co-hyponym,
vanilla,chocolate,n,both,0.74,,0.83,,n,noun,co-hyponym,
variable,fixed,n,questionY,,,0.57,,n,adj,antonym,complementary
vegan,vegetarian,n,both,0.9,paired,0.91,paired,n,adj/noun,co-hyponym,
vegetables,fruits,n,both,0.62,paired,0.71,,n,noun,co-hyponym,
vegetarian,vegan,n,both,0.84,paired,0.77,paired,n,adj,co-hyponym,
veggies,fruits,n,questionY,,,0.6,,n,,co-hyponym,
verb,noun,n,both,0.82,,0.9,,n,noun,co-hyponym,
verbal,written,n,questionY,,,0.55,,n,adj,co-hyponym,
verbally,physically,n,questionY,,,0.58,,n,,co-hyponym,
verified,not,n,questionX,0.61,,,,n,not-annotated,proform,
vertical,horizontal,n,both,0.96,paired,0.98,paired,n,adj,antonym,complementary
vertically,horizontally,n,both,0.98,paired,0.98,paired,n,adj,antonym,complementary
vice,virtue,n,questionY,,,0.77,,n,noun,antonym,complementary
victory,defeat,y,questionX,0.66,,,,n,noun,antonym,complementary
village,town,n,questionY,,,0.6,,n,,co-hyponym,
villages,towns,n,both,0.51,,0.72,,n,noun,co-hyponym,
villain,hero,n,questionY,,,0.8,,n,noun,antonym,complementary
villains,heroes,n,both,0.72,paired,0.84,paired,n,noun,antonym,complementary
vinyl,CD,n,questionY,,,0.65,,n,noun,co-hyponym,
virtual,real,n,questionY,,,0.6,,n,adj,antonym,complementary
virtually,physically,n,both,0.56,,0.88,,n,adv,antonym,complementary
virus,bacteria,n,both,0.61,,0.66,,n,noun,co-hyponym,
viruses,bacteria,n,both,0.66,,0.67,,n,noun,co-hyponym,
vis,vis,n,questionX,0.55,paired,,,y,,x-identical,
visa,passport,n,questionY,,,0.58,,n,,co-hyponym,
visas,passports,n,questionY,,,0.5,,n,,co-hyponym,
visible,invisible,y,questionX,0.6,,,,n,,antonym,scalar
visions,dreams,n,questionY,,,0.63,,n,,nym-near-synonym,
vitamin,mineral,n,both,0.89,,0.65,,n,noun,co-hyponym,
vitamins,minerals,n,questionX,0.57,,,,n,,co-hyponym,
void,null,n,questionY,,,0.55,,n,,other-conventional,
volatile,stable,n,questionY,,,0.8,,n,adj,antonym,scalar
voltage,current,n,questionY,,,0.52,,n,noun,co-hyponym,
wake,sleep,y,both,0.63,,0.59,,n,,antonym,complementary
waking,dreaming,n,questionX,0.53,,,,n,,co-hyponym,
want,need,n,both,0.55,,0.61,,n,,co-hyponym,
wants,needs,n,both,0.68,paired,0.76,paired,n,,co-hyponym,
war,peace,y,both,0.72,paired,0.57,paired,n,noun,antonym,complementary
warm,cold,n,questionX,0.52,,,,n,adj,antonym-secondary,scalar
warm,cool,y,questionY,,,0.55,,n,,antonym,scalar
warmer,colder,n,questionX,0.57,paired,,,n,adj,antonym,scalar
warmer,cooler,n,questionY,,,0.55,paired,n,,antonym,scalar
warming,cooling,n,both,0.94,,0.81,,n,adj/verb,antonym,scalar
weak,strong,y,questionY,,,0.75,paired,n,adj,antonym,scalar
weaken,strengthen,y,questionY,,,0.53,,n,,antonym,scalar
weaker,stronger,n,both,0.85,paired,0.97,paired,n,adj,antonym,scalar
weakest,strongest,n,questionY,,,0.88,,n,adj,antonym,scalar
weakness,strength,y,both,0.6,,0.81,,n,noun,antonym,scalar
weaknesses,strengths,n,both,0.89,paired,0.96,paired,n,noun,antonym,scalar
wealthier,poorer,n,both,0.77,,0.69,,n,adj,antonym-secondary,scalar
wealthy,poor,n,both,0.62,,0.78,,n,noun,antonym-secondary,scalar
wear,tear,n,questionX,0.71,,,,n,,other-conventional,
week,month,n,questionX,0.54,,,,n,,co-hyponym-temporal,
weekday,weekend,n,both,0.75,,0.69,,n,noun,co-hyponym-temporal,
weekly,monthly,n,questionX,0.6,,,,n,adv,co-hyponym-temporal,
weekly,daily,n,questionY,,,0.78,paired,n,adv,co-hyponym-temporal,
weeks,months,n,questionX,0.74,,,,n,noun,co-hyponym-temporal,
weeks,days,n,questionY,,,0.57,,n,noun,co-hyponym-temporal,
weight,height,n,questionY,,,0.54,paired,n,adj,co-hyponym,
west,east,y,both,0.84,paired,0.92,paired,n,adj/noun,antonym,multiple incompatibility
western,eastern,y,both,0.81,paired,0.63,paired,n,adj,antonym,multiple incompatibility
wet,dry,y,both,0.93,paired,0.9,paired,n,adj,antonym,scalar
whales,dolphins,n,both,0.53,,0.55,paired,n,,co-hyponym,
wheat,barley,n,both,0.66,paired,0.53,paired,n,noun,co-hyponym,
where,when,n,questionY,,,0.51,,n,,co-hyponym,
wherever,whenever,n,questionX,0.78,,,,n,adv,co-hyponym,
whether,not,n,questionX,0.76,,,,n,not-annotated,proform,
white,black,y,questionY,,,0.77,paired,n,adj,antonym,complementary
whites,blacks,n,both,0.71,paired,0.85,paired,n,noun,antonym,complementary
who,what,n,both,0.61,,0.68,,n,,co-hyponym,
whole,part,n,both,0.75,,0.76,,n,noun,nym-meronym,
wholesale,retail,y,both,0.87,,0.72,,n,adj,antonym,complementary
whose,whose,n,both,0.69,paired,0.55,paired,y,,x-identical,
why,how,n,both,0.67,paired,0.53,paired,n,other/interrogative,co-hyponym,
wide,narrow,y,questionX,0.53,paired,,,n,adj,antonym,scalar
widening,narrowing,y,questionY,,,0.56,paired,n,,antonym,scalar
wider,narrower,n,questionX,0.52,paired,,,n,adj,antonym,scalar
width,height,n,questionX,0.53,,,,n,adj,co-hyponym,
wife,husband,y,questionY,,,0.85,paired,n,noun,antonym,complementary
willingly,not,n,questionX,0.54,,,,n,not-annotated,proform,
win,lose,y,questionX,0.82,,,,n,verb,antonym,complementary
winding,straight,n,questionY,,,0.57,,n,,antonym-secondary,scalar
window,door,n,questionY,,,0.51,paired,n,noun,co-hyponym,
windows,doors,n,questionY,,,0.63,paired,n,noun,co-hyponym,
wine,beer,n,both,0.59,paired,0.68,paired,n,noun,co-hyponym,
winner,loser,y,both,0.78,paired,0.76,paired,n,,antonym,complementary
winners,losers,n,both,0.96,paired,0.85,paired,n,,antonym,complementary
winning,losing,n,both,0.78,,0.52,paired,n,verb,antonym,complementary
winter,summer,n,both,0.81,paired,0.8,paired,n,noun,antonym-temporal,multiple incompatibility
winters,summers,n,both,0.83,paired,0.96,paired,n,noun,antonym-temporal,multiple incompatibility
wired,wireless,y,questionX,0.69,paired,,,n,adj,antonym,complementary
wireless,wired,y,both,0.94,paired,0.94,,n,adj,antonym,complementary
with,without,n,both,0.99,,0.6,paired,n,adv,antonym,complementary
within,without,n,questionX,0.55,,,,n,,antonym,complementary
without,with,n,questionY,,,0.96,paired,n,adv,antonym,complementary
wizards,witches,n,questionY,,,0.59,,n,noun,co-hyponym,
woman,man,y,both,0.74,,0.95,,n,noun,antonym,complementary
women,men,n,both,0.87,paired,0.94,paired,n,noun,antonym,complementary
won,lost,y,both,0.89,,0.75,,n,adj/verb,antonym,complementary
wool,cotton,n,questionY,,,0.64,,n,,co-hyponym,
worldly,spiritual,n,questionX,0.56,,,,n,adv,antonym,scalar
worn,new,y,questionY,,,0.63,,n,adj,antonym,scalar
worse,better,y,both,0.8,paired,0.78,,n,adj,antonym,scalar
worst,best,y,questionY,,,0.64,,n,adj,antonym,scalar
would,could,n,questionY,,,0.57,,n,,co-hyponym,
wrong,right,y,questionY,,,0.94,,n,adj,antonym,complementary
wrongly,rightly,n,questionY,,,0.76,paired,n,adv,antonym,complementary
yea,no,n,both,0.86,,0.51,,n,noun/adv,antonym,complementary
yeah,no,n,both,0.86,,0.61,,n,noun/adv,antonym,complementary
year,month,n,questionY,,,0.78,,n,noun,co-hyponym-temporal,
yearly,monthly,n,both,0.73,,0.85,,n,noun,co-hyponym-temporal,
years,months,n,questionY,,,0.62,,n,noun,co-hyponym-temporal,
yeast,bacteria,n,both,0.7,,0.55,,n,noun,co-hyponym,
yes,no,y,both,0.99,paired,0.93,paired,n,noun/adv,antonym,complementary
yesterday,today,n,both,0.86,,0.8,paired,n,adv,co-hyponym-temporal,
yoga,meditation,n,questionX,0.58,,,,n,,co-hyponym,
young,old,y,both,0.89,,0.88,paired,n,adj,antonym,scalar
younger,older,n,both,0.91,paired,0.76,paired,n,adj,antonym,scalar
youngest,oldest,n,both,0.93,,0.9,,n,adj,antonym,scalar
yours,mine,n,questionY,,,0.55,paired,n,,antonym,complementary
zip,city,n,questionY,,,0.53,,n,noun,other-related,