Seed,Mask,InWordNet,Cxn,ProbX,HasPairX,ProbY,HasPairY,WordsMatch,POS,NymType,AntonymType
abdomen,chest,n,whetherY,,,0.55,,n,noun,co-hyponym,
able,unwilling,n,whetherX,0.79,,,,n,adj,opposition-indirect,
able,willing,n,whetherY,,,0.74,,n,adj,co-hyponym,
abnormal,normal,y,both,0.8,,0.9,,n,adj,antonym,scalar
aboriginal,white,n,whetherY,,,0.59,,n,adj,co-hyponym,
above,below,y,whetherX,0.9,paired,,,n,adj/adv,antonym,complementary
abrupt,gradual,n,whetherY,,,0.7,,n,adj,antonym,scalar
abruptly,gradually,n,whetherY,,,0.59,,n,adv,antonym,scalar
absence,presence,y,whetherY,,,0.63,,n,noun,antonym,complementary
absent,present,y,whetherY,,,0.94,,n,adj,antonym,complementary
absolute,relative,y,both,0.94,,0.74,,n,adj,antonym,complementary
abundance,scarcity,y,both,0.58,,0.7,,n,noun,antonym,scalar
abundant,scarce,y,whetherY,,,0.54,,n,adj,antonym,scalar
abuser,victim,n,both,0.68,,0.64,,n,noun,antonym,converse
acceleration,braking,n,whetherY,,,0.68,,n,noun/verb,antonym,scalar
acceptance,rejection,y,whetherX,0.55,,,,n,noun,antonym,converse
accepted,rejected,n,both,0.67,,0.56,paired,n,verb,antonym,converse
accidental,intentional,n,whetherY,,,0.59,paired,n,adj,antonym,complementary
accidentally,intentionally,n,whetherY,,,0.58,paired,n,adv,antonym,complementary
accompanied,alone,n,whetherY,,,0.85,,n,adj,antonym-secondary,complementary
accumulate,sell,n,whetherX,0.7,,,,n,verb,opposition-indirect,
acknowledge,deny,n,whetherX,0.52,,,,n,verb,antonym,converse
acqu,guilty,n,whetherY,,,0.62,,n,partial token,x-none,
acquaintances,friends,n,whetherY,,,0.5,,n,noun,nym-near-synonym,
acquitted,convicted,n,both,0.71,paired,0.61,,n,verb,antonym,converse
action,inaction,y,whetherX,0.72,,,,n,noun,antonym,complementary
actions,words,n,whetherY,,,0.59,,n,noun,antonym,complementary
active,passive,y,whetherY,,,0.57,paired,n,adj,antonym,scalar
actively,passively,y,both,0.61,paired,0.94,paired,n,adv,antonym,scalar
actress,actor,n,whetherY,,,0.61,,n,noun,antonym,complementary
actresses,actors,n,whetherY,,,0.95,,n,noun,antonym,complementary
acute,chronic,y,both,0.9,paired,0.92,paired,n,adj,antonym,complementary
adaptation,original,n,whetherY,,,0.64,,n,noun,antonym,complementary
adaptations,originals,n,whetherY,,,0.57,,n,noun,antonym,complementary
adapted,original,n,whetherY,,,0.82,,n,adj,antonym,complementary
adjective,noun,n,both,0.85,paired,0.89,paired,n,noun,co-hyponym,
admired,disliked,n,whetherX,0.64,,,,n,verb,antonym-secondary,scalar
admit,deny,y,both,0.73,,0.72,,n,verb,antonym,complementary
admits,denies,n,both,0.62,,0.52,,n,verb,antonym,complementary
admitted,denied,n,both,0.58,,0.69,,n,verb,antonym,complementary
admitting,denying,n,both,0.72,,0.8,,n,verb,antonym,complementary
adolescence,childhood,n,whetherY,,,0.81,,n,noun,co-hyponym,multiple incompatibility
adolescent,adult,n,both,0.68,,0.66,,n,noun,antonym,multiple incompatibility
adopted,natural,n,whetherY,,,0.71,,n,adj,antonym-secondary,complementary
adoptive,biological,y,whetherY,,,0.8,,n,adj,antonym,complementary
adult,child,n,whetherY,,,0.71,paired,n,noun,antonym,multiple incompatibility
adults,children,n,both,0.61,paired,0.71,paired,n,noun,antonym,multiple incompatibility
advanced,primitive,n,whetherY,,,0.51,,n,adj,antonym,scalar
advancing,retreating,n,whetherX,0.71,,,,n,verb,antonym,converse
advantage,disadvantage,y,both,0.93,,0.81,paired,n,noun,antonym,complementary
advantages,disadvantages,n,both,0.94,paired,0.69,paired,n,noun,antonym,complementary
adversaries,allies,n,whetherY,,,0.51,,n,noun,antonym,complementary
adversary,friend,n,whetherY,,,0.53,,n,noun,antonym,complementary
adversely,positively,n,both,0.53,,0.78,,n,adv,antonym-secondary,scalar
aerial,terrestrial,n,whetherY,,,0.59,,n,adj,co-hyponym,complementary
affirmative,negative,y,both,0.88,,0.87,,n,adj,antonym,complementary
afflicted,healthy,n,whetherY,,,0.72,,n,adj,antonym,scalar
affluent,poor,n,both,0.65,,0.92,,n,adj/noun,antonym-secondary,scalar
afore,after,n,whetherX,0.69,,,,n,adj/adv,antonym-temporal,converse
aft,fore,y,whetherY,,,0.99,,n,adj,antonym,complementary
after,before,n,both,0.84,paired,0.95,,n,adj/adv,antonym-temporal,complementary
afternoon,morning,n,whetherY,,,0.95,,n,noun,co-hyponym-temporal,
afterward,before,n,both,0.69,,0.89,,n,adv,antonym-temporal,complementary
afterwards,before,n,both,0.61,,0.78,,n,adv,antonym-temporal,complementary
against,for,n,both,0.77,paired,0.99,paired,n,adv,antonym,complementary
aged,young,y,whetherY,,,0.78,,n,adj,antonym,scalar
aggressive,passive,n,whetherY,,,0.57,,n,adj,antonym,scalar
agility,speed,n,whetherY,,,0.67,,n,noun,co-hyponym,
agree,disagree,y,both,0.95,paired,0.72,paired,n,verb,antonym,complementary
agrees,disagrees,n,whetherX,0.74,,,,n,verb,antonym,complementary
ahead,behind,n,whetherX,0.77,,,,n,adv,antonym,complementary
airborne,terrestrial,n,whetherY,,,0.56,,n,adj,co-hyponym,complementary
album,single,n,whetherY,,,0.76,,n,noun,antonym,meronym
albums,singles,n,whetherY,,,0.79,,n,noun,antonym,meronym
aliens,humans,n,whetherY,,,0.63,,n,noun,co-hyponym,
alike,different,n,whetherX,0.62,,,,n,adj,antonym,complementary
alive,dead,y,both,0.91,paired,0.99,paired,n,adj,antonym,complementary
allegation,fact,n,whetherY,,,0.57,,n,noun,opposition-indirect,
alley,street,n,whetherY,,,0.68,,n,noun,co-hyponym,
ally,foe,n,both,0.66,,0.53,,n,noun,antonym,complementary
alone,together,n,whetherY,,,0.54,,n,adv,antonym,complementary
alpha,beta,n,both,0.75,,0.92,paired,n,adj,co-hyponym,
altogether,partially,n,whetherY,,,0.56,,n,adv,antonym,scalar
aluminium,steel,n,whetherY,,,0.58,,n,noun,co-hyponym,
aluminum,steel,n,whetherY,,,0.73,,n,noun,co-hyponym,
amateur,professional,y,both,0.85,,0.8,,n,noun,antonym,complementary
ammonia,water,n,whetherY,,,0.55,,n,noun,co-hyponym,
ample,insufficient,n,whetherX,0.53,,,,n,adj,antonym-secondary,complementary
analog,digital,n,both,0.78,,0.94,,n,adj,antonym,complementary
analogue,digital,y,both,0.7,,0.94,,n,adj,antonym,complementary
ancient,modern,n,both,0.64,,0.65,,n,adj,antonym,complementary
animal,human,n,both,0.74,,0.83,,n,noun,nym-hyponym,conceptual contrast
animals,humans,n,whetherY,,,0.53,,n,noun,co-hyponym,
anniversary,birthday,n,whetherY,,,0.53,,n,noun,co-hyponym,
annually,monthly,n,whetherY,,,0.54,,n,adv,co-hyponym-temporal,
anonymously,publicly,n,whetherY,,,0.53,,n,adv,antonym,complementary
another,one,n,whetherY,,,0.78,,n,other/det,co-hyponym-numeric,
answer,question,y,whetherY,,,0.73,,n,noun/verb,antonym,complementary
answered,asked,n,whetherY,,,0.81,,n,verb,antonym,complementary
answering,asking,n,whetherY,,,0.52,,n,verb,antonym,complementary
answers,questions,n,whetherY,,,0.89,,n,noun,antonym,complementary
antagonist,protagonist,n,whetherY,,,0.63,paired,n,noun,antonym,complementary
anterior,posterior,y,both,0.95,paired,0.71,paired,n,adj,antonym,complementary
anti,pro,y,both,0.87,,0.98,,n,adj,antonym,complementary
antique,modern,n,both,0.55,,0.57,,n,adj,antonym,complementary
anxiety,depression,n,whetherX,0.59,,,,n,noun,co-hyponym,
apart,together,n,both,0.61,,0.93,,n,adv,antonym-secondary,complementary
apartment,house,n,whetherY,,,0.62,,n,noun,co-hyponym,
apartments,houses,n,whetherY,,,0.67,,n,noun,co-hyponym,
ape,human,n,both,0.56,,0.66,,n,noun,co-hyponym,
apes,humans,n,whetherY,,,0.57,,n,noun,co-hyponym,
appellant,defendant,n,whetherX,0.62,,,,n,noun,co-hyponym,
appellate,trial,n,whetherY,,,0.57,,n,adj,co-hyponym,
appointed,elected,n,both,0.82,,0.97,,n,adj/verb,antonym,complementary
approve,disapprove,y,whetherX,0.75,,,,n,verb,antonym,complementary
aquatic,terrestrial,n,both,0.84,,0.8,,n,adj,co-hyponym,multiple incompatibility
archaic,modern,n,both,0.57,,0.6,,n,adj,antonym-secondary,complementary
armed,unarmed,y,both,0.64,paired,0.76,paired,n,adj,antonym,complementary
around,in,n,whetherY,,,0.62,,n,other/preposition,co-hyponym,
arrival,departure,n,whetherX,0.75,,,,n,noun,antonym,reversive
arrivals,departures,n,both,0.9,,0.77,,n,noun,antonym,reversive
arteries,veins,n,whetherY,,,0.68,,n,noun,antonym,complementary
artery,vein,n,whetherY,,,0.56,,n,noun,antonym,complementary
articles,books,n,whetherY,,,0.65,,n,noun,co-hyponym,
artificial,natural,y,both,0.62,,0.84,,n,adj,antonym,complementary
artificially,naturally,y,whetherY,,,0.79,,n,adv,antonym,complementary
artisan,professional,n,whetherY,,,0.51,,n,adj,co-hyponym,
ascending,descending,y,both,0.97,paired,0.81,paired,n,adj/verb,antonym,complementary
ascent,descent,y,both,0.91,,0.69,,n,noun,antonym,complementary
ashore,underwater,n,whetherY,,,0.51,,n,adv,antonym,complementary
asleep,awake,y,both,0.85,paired,0.97,paired,n,adj,antonym,complementary
assailant,victim,n,both,0.74,,0.87,,n,noun,antonym,complementary
assembling,alone,n,whetherY,,,0.53,,n,adj/adv,opposition-indirect,complementary
asset,liability,y,whetherX,0.54,,,,n,noun,antonym,complementary
assets,liabilities,n,whetherX,0.88,,,,n,noun,antonym,complementary
assisted,alone,n,whetherY,,,0.67,,n,adj/adv,antonym-secondary,complementary
assists,goals,n,whetherY,,,0.88,,n,noun,co-hyponym,complementary
assortment,single,n,whetherY,,,0.55,,n,noun,contrast-group-individual ,complementary
asteroid,comet,n,both,0.65,,0.64,paired,n,noun,co-hyponym,
asteroids,planets,n,whetherY,,,0.67,,n,noun,co-hyponym,
atmospheric,terrestrial,n,both,0.51,,0.64,,n,adj,co-hyponym,multiple incompatibility
atop,below,n,both,0.66,,0.67,,n,adv,antonym-secondary,complementary
attacker,victim,n,both,0.87,,0.93,,n,noun,antonym,complementary
attackers,victims,n,whetherY,,,0.54,,n,noun,antonym,complementary
attacking,defending,n,whetherX,0.53,paired,,,n,adj/verb,antonym,complementary
attic,basement,n,both,0.56,,0.65,,n,noun,antonym,complementary
audio,video,n,whetherX,0.6,,,,n,adj,co-hyponym,
auditory,visual,n,both,0.65,,0.79,,n,adj,co-hyponym,
augmented,real,n,whetherY,,,0.81,,n,adj,antonym,scalar
automated,manual,n,whetherY,,,0.52,,n,adj,antonym,scalar
automatic,manual,y,both,0.77,,0.95,,n,adj,antonym,scalar
autumn,winter,n,whetherX,0.51,,,,n,noun,co-hyponym,multiple incompatibility
autumn,summer,n,whetherY,,,0.56,,n,noun,co-hyponym,multiple incompatibility
avenue,street,n,whetherY,,,0.51,,n,noun,co-hyponym,
aversion,attraction,n,whetherY,,,0.52,,n,noun,antonym,scalar
awake,asleep,y,both,0.77,paired,0.78,paired,n,adj,antonym,complementary
away,home,y,whetherY,,,0.58,,n,adj/adv,antonym,complementary
awoke,slept,n,whetherY,,,0.54,,n,verb,antonym,complementary
bachelor,married,n,whetherY,,,0.7,,n,adj,antonym,complementary
backend,front,n,whetherY,,,0.7,,n,adj/noun,antonym-secondary,complementary
backward,forward,y,both,0.79,,0.95,,n,adj/adv,antonym,complementary
backwards,forwards,n,both,0.91,,0.78,,n,adj/adv,antonym,complementary
bacterial,viral,n,whetherY,,,0.67,,n,adj,co-hyponym,
bad,good,y,both,0.71,paired,1,paired,n,adj,antonym,scalar
badly,well,y,whetherY,,,0.59,,n,adv,antonym,scalar
baking,cooking,n,whetherY,,,0.52,,n,verb,co-hyponym,
balances,checks,n,whetherY,,,0.99,,n,noun,other-conventional,
bar,restaurant,n,whetherY,,,0.58,,n,noun,co-hyponym,
barley,wheat,n,both,0.74,paired,0.9,paired,n,noun,co-hyponym,
barren,fertile,n,both,0.55,,0.88,,n,adj,antonym,complementary
bat,ball,n,whetherY,,,0.54,,n,noun,co-hyponym,
bathroom,bedroom,n,whetherY,,,0.54,,n,noun,co-hyponym,
baths,showers,n,both,0.51,,0.76,,n,noun,co-hyponym,
batter,pitcher,n,whetherY,,,0.71,,n,noun,antonym,complementary
battered,bruised,n,whetherX,0.6,,,,n,verb,co-hyponym,
batters,pitchers,n,both,0.51,,0.8,,n,noun,antonym,complementary
batting,pitching,n,whetherY,,,0.9,paired,n,verb,antonym,complementary
beans,rice,n,whetherY,,,0.65,,n,noun,co-hyponym,
beast,man,n,whetherY,,,0.91,,n,noun,co-hyponym,
beer,wine,n,both,0.53,paired,0.77,paired,n,noun,co-hyponym,
before,after,n,whetherX,0.79,paired,,,n,adv,antonym-temporal,complementary
began,ended,n,whetherX,0.56,,,,n,verb,antonym,complementary
begin,end,y,whetherX,0.67,,,,n,verb,antonym,complementary
beginning,end,n,both,0.51,,0.6,paired,n,noun,antonym,complementary
begins,ends,n,both,0.85,,0.6,,n,verb,antonym,complementary
behind,ahead,n,whetherY,,,0.76,,n,adv/preposition,antonym,complementary
believer,atheist,n,whetherY,,,0.61,,n,noun,antonym,complementary
believers,skeptics,n,both,0.66,paired,0.8,paired,n,noun,antonym,complementary
below,above,y,both,0.85,paired,0.97,,n,adj/adv,antonym,complementary
bench,starting,n,whetherY,,,0.51,,n,adj,antonym-secondary,complementary
bend,straight,n,whetherY,,,0.7,,n,noun,antonym,complementary
bends,straight,n,whetherY,,,0.68,,n,adj/noun,antonym,complementary
beneath,above,n,both,0.89,,0.94,,n,adj/adv,antonym,complementary
bent,straight,n,whetherY,,,0.76,,n,adj,antonym,complementary
best,worst,y,whetherX,0.51,,,,n,adj,antonym,scalar
beta,alpha,n,whetherY,,,0.92,paired,n,adj,co-hyponym,
better,worse,y,both,0.93,paired,0.54,paired,n,adj,antonym,scalar
beverage,food,n,both,0.55,,0.98,,n,noun,antonym,complementary
beverages,food,n,whetherY,,,0.85,,n,noun,antonym,complementary
bi,gay,n,whetherY,,,0.63,,n,adj,co-hyponym,
big,small,y,both,0.86,,0.77,paired,n,adj,antonym,scalar
bigger,smaller,n,both,0.79,,0.81,,n,adj,antonym,scalar
biggest,smallest,n,whetherY,,,0.57,,n,adj,antonym,scalar
bikes,cars,n,whetherY,,,0.73,,n,noun,co-hyponym,
billions,millions,n,whetherY,,,0.8,,n,noun,co-hyponym-numeric,
births,deaths,n,whetherX,0.69,,,,n,noun,antonym,complementary
bits,bytes,n,whetherY,,,0.58,,n,noun,co-hyponym,
black,white,y,both,0.87,paired,0.97,paired,n,adj,antonym,complementary
blacks,whites,n,both,0.86,paired,0.95,paired,n,noun,antonym,complementary
blah,blah,n,both,0.56,paired,0.61,paired,y,adj,x-identical,
bless,curse,y,both,0.85,,0.59,,n,verb,antonym,complementary
blessing,curse,n,both,0.85,paired,0.73,paired,n,noun,antonym,complementary
blessings,curses,n,both,0.59,,0.69,,n,noun,antonym,complementary
blind,deaf,n,whetherY,,,0.56,,n,adj,co-hyponym,
blowing,raining,n,whetherY,,,0.55,,n,verb,co-hyponym,
bluntly,subtly,n,whetherY,,,0.51,,n,adv,antonym-secondary,scalar
boats,cars,n,whetherY,,,0.54,,n,noun,co-hyponym,
body,mind,n,whetherY,,,0.58,paired,n,noun,antonym,complementary
boiled,frozen,n,both,0.57,,0.51,,n,verb,co-hyponym,
bolts,screws,n,whetherY,,,0.72,,n,noun,co-hyponym,
bombings,shootings,n,whetherY,,,0.72,,n,noun,co-hyponym,
bonds,stocks,n,whetherY,,,0.69,paired,n,noun,co-hyponym,
bonus,salary,n,both,0.51,,0.61,,n,noun,co-hyponym,
boom,bust,n,both,0.98,,0.65,paired,n,noun,antonym,complementary
boon,curse,n,both,0.56,,0.68,,n,noun,antonym,complementary
borough,city,n,whetherY,,,0.68,,n,noun,co-hyponym,
bot,human,n,whetherY,,,0.76,,n,noun,co-hyponym,
bottled,canned,n,whetherY,,,0.59,paired,n,noun,co-hyponym,
bottles,cans,n,both,0.7,paired,0.81,paired,n,noun,co-hyponym,
bottom,top,y,both,0.67,paired,0.96,paired,n,adj,antonym,scalar
bourgeoisie,proletariat,n,whetherY,,,0.69,,n,noun,antonym,complementary
bout,exhibition,n,whetherY,,,0.6,,n,noun,nym-hyponym,
bows,arrows,n,whetherX,0.6,,,,n,noun,co-hyponym,
boy,girl,y,both,0.92,paired,0.96,paired,n,noun,antonym,complementary
boyfriend,girlfriend,n,both,0.94,paired,0.76,paired,n,noun,antonym,complementary
boys,girls,n,both,0.9,paired,0.77,paired,n,noun,antonym,complementary
braking,accelerating,n,whetherY,,,0.77,,n,verb,antonym,scalar
break,make,y,whetherY,,,0.92,,n,verb,antonym,complementary
breakfast,dinner,n,both,0.67,,0.62,,n,noun,co-hyponym,
breakup,marriage,n,whetherY,,,0.52,,n,noun,antonym-secondary,complementary
bred,natural,n,whetherY,,,0.57,,n,adj,antonym-secondary,scalar
bride,groom,n,both,0.87,paired,0.94,paired,n,noun,antonym,complementary
brief,long,n,whetherY,,,0.58,,n,adj,antonym,scalar
brightest,best,n,whetherY,,,0.72,,n,adj,other-conventional,
brightness,color,n,whetherY,,,0.51,,n,noun,co-hyponym,
broad,narrow,n,whetherX,0.55,,,,n,adj,antonym,scalar
broader,narrower,n,whetherX,0.69,,,,n,adj,antonym,scalar
broadly,specifically,n,both,0.54,,0.59,,n,adv,antonym,scalar
brother,sister,y,whetherX,0.74,,,,n,noun,antonym,complementary
brunch,dinner,n,both,0.76,,0.7,,n,noun,co-hyponym,
bug,feature,n,whetherY,,,0.63,,n,noun,antonym,converse
bulky,light,n,whetherY,,,0.55,,n,adj,antonym-secondary,scalar
bunch,single,n,whetherY,,,0.5,,n,noun,contrast-group-individual ,complementary
bundle,single,n,whetherY,,,0.86,,n,noun,contrast-group-individual ,
bundles,singles,n,whetherY,,,0.64,,n,noun,contrast-group-individual ,
burglary,theft,n,whetherX,0.54,,,,n,noun,co-hyponym,
bushes,trees,n,both,0.74,,0.68,,n,noun,co-hyponym,
businesses,individuals,n,whetherY,,,0.64,,n,noun,contrast-group-individual ,
bust,boom,n,whetherY,,,0.95,paired,n,noun,antonym,complementary
buy,sell,y,whetherX,0.87,,,,n,verb,antonym,converse
buyer,seller,n,both,0.92,paired,0.92,paired,n,noun,antonym,converse
buyers,sellers,n,both,0.6,paired,0.66,paired,n,noun,antonym,converse
buying,selling,n,whetherX,0.89,paired,,,n,verb,antonym,converse
buying,renting,n,whetherY,,,0.52,,n,verb,antonym-secondary,complementary
buys,sells,n,both,0.95,,0.55,paired,n,verb,antonym,converse
cable,satellite,n,whetherY,,,0.55,,n,adj,co-hyponym,
calorie,fat,n,whetherY,,,0.63,,n,noun,other-related,
calories,fat,n,both,0.51,,0.66,,n,noun,other-related,
canceled,postponed,n,whetherX,0.52,,,,n,adj/verb,co-hyponym,
canine,human,n,both,0.6,,0.9,,n,adj,co-hyponym,
canned,bottled,n,whetherY,,,0.57,paired,n,adj,co-hyponym,
canoe,boat,n,whetherY,,,0.59,,n,noun,co-hyponym,
cans,bottles,n,both,0.64,paired,0.92,paired,n,noun,co-hyponym,
cant,can,n,whetherY,,,0.83,,n,verb,antonym,complementary
capitalism,socialism,y,whetherY,,,0.56,paired,n,noun,co-hyponym,
capitalist,socialist,n,whetherY,,,0.55,paired,n,adj,co-hyponym,
capped,unlimited,n,whetherY,,,0.58,,n,adj,antonym,complementary
captive,free,n,whetherY,,,0.64,,n,adj,antonym,complementary
carbohydrate,protein,n,both,0.7,,0.68,,n,noun,co-hyponym,
cargo,passenger,n,both,0.56,,0.66,,n,noun,co-hyponym,
carriage,horse,n,whetherY,,,0.51,,n,noun,other-related,
carrot,stick,n,whetherY,,,0.62,,n,noun,other-conventional,
carved,painted,n,whetherY,,,0.53,,n,adj/verb,co-hyponym,
casual,formal,n,whetherY,,,0.59,,n,adj,antonym,scalar
cat,dog,n,both,0.58,paired,0.74,paired,n,noun,co-hyponym,
catch,throw,n,whetherY,,,0.5,,n,verb,antonym,converse
catcher,pitcher,n,both,0.69,,0.9,,n,noun,antonym,complementary
catching,throwing,n,whetherY,,,0.82,,n,verb,antonym,converse
cats,dogs,n,both,0.75,paired,0.9,paired,n,noun,co-hyponym,
caucuses,primaries,n,whetherY,,,0.85,paired,n,noun,co-hyponym,
causation,correlation,n,whetherY,,,0.63,paired,n,noun,contrast-conceptual,
cause,effect,n,whetherX,0.71,paired,,,n,noun,antonym,complementary
cavalry,infantry,n,both,0.58,,0.86,,n,noun,co-hyponym,
ceiling,floor,n,both,0.52,,0.67,,n,noun,antonym,complementary
ceilings,walls,n,whetherY,,,0.75,,n,noun,co-hyponym,
celestial,terrestrial,n,both,0.77,,0.63,,n,adj,co-hyponym,multiple incompatibility
centralized,decentralized,y,both,0.51,,0.54,paired,n,adj/verb,antonym,complementary
centrally,locally,n,whetherY,,,0.81,,n,adv,antonym,scalar
cents,dollars,n,both,0.52,,0.69,,n,noun,co-hyponym,
centuries,decades,n,whetherX,0.5,,,,n,noun,co-hyponym-temporal,
chasing,leading,n,whetherY,,,0.52,,n,verb,antonym,complementary
cheap,expensive,y,whetherX,0.54,,,,n,adj,antonym,scalar
chemical,biological,n,whetherY,,,0.52,,n,adj,co-hyponym,
chemotherapy,surgery,n,whetherY,,,0.58,,n,noun,co-hyponym,
child,adult,n,both,0.73,,0.81,paired,n,noun,antonym,multiple incompatibility
children,adults,n,both,0.64,paired,0.63,paired,n,noun,antonym,multiple incompatibility
chilly,hot,n,whetherY,,,0.53,,n,adj,antonym-secondary,scalar
cholesterol,fat,n,whetherY,,,0.65,,n,noun,co-hyponym,
chopped,whole,n,whetherY,,,0.64,,n,adj,antonym-secondary,reversive
chronic,acute,y,both,0.78,paired,0.97,paired,n,adj,antonym,complementary
cider,beer,n,whetherY,,,0.75,,n,noun,co-hyponym,
cis,trans,n,both,0.63,,0.55,paired,n,adj,antonym,complementary
civil,criminal,n,whetherY,,,0.62,paired,n,adj,antonym,complementary
civilian,military,y,both,0.79,,0.8,paired,n,adj,antonym,complementary
class,race,n,whetherY,,,0.63,,n,noun,co-hyponym,
classical,modern,n,whetherY,,,0.51,,n,adj,antonym,scalar
clean,dirty,y,both,0.58,paired,0.72,paired,n,adj,antonym,scalar
clone,original,n,whetherY,,,0.65,,n,noun,antonym-secondary,complementary
closed,open,y,whetherY,,,0.9,paired,n,adj,antonym,scalar
closes,opens,n,whetherY,,,0.71,,n,verb,antonym,scalar
closing,opening,y,whetherY,,,0.54,,n,verb,antonym,scalar
clouds,sun,n,whetherY,,,0.59,,n,noun,co-hyponym,
cloudy,sunny,n,both,0.67,paired,0.87,paired,n,adj,co-hyponym,
club,individual,n,whetherY,,,0.54,,n,noun,contrast-group-individual ,
clubs,individuals,n,whetherY,,,0.61,,n,noun,contrast-group-individual ,
coach,player,n,both,0.57,,0.86,,n,noun,co-hyponym,
coaches,players,n,whetherY,,,0.74,,n,noun,co-hyponym,
coaching,playing,n,whetherY,,,0.59,,n,verb,co-hyponym,
coal,gas,n,whetherY,,,0.55,,n,noun,co-hyponym,
coastal,inland,y,both,0.7,,0.81,paired,n,adj,antonym,complementary
coerced,voluntary,n,whetherY,,,0.76,,n,adj/verb,antonym-secondary,scalar
coercive,voluntary,n,whetherY,,,0.6,,n,adj,antonym-secondary,scalar
coffee,tea,n,both,0.8,paired,0.84,paired,n,noun,co-hyponym,
cold,hot,y,both,0.52,paired,0.88,paired,n,adj,antonym,scalar
colder,warmer,n,both,0.69,paired,0.8,paired,n,adj,antonym,scalar
colleagues,friends,n,whetherY,,,0.51,,n,noun,co-hyponym,
collective,individual,n,both,0.79,,0.78,,n,adj,antonym,complementary
collectively,individually,n,both,0.79,paired,0.92,paired,n,adv,antonym,complementary
collisions,accidents,n,whetherY,,,0.54,,n,noun,nym-hyponym,
colored,white,n,whetherY,,,0.93,,n,adj,co-hyponym,
combo,single,n,whetherY,,,0.52,,n,adj/noun,contrast-group-individual ,
come,go,y,whetherX,0.57,,,,n,verb,antonym,complementary
comedian,actor,n,whetherY,,,0.55,,n,noun,co-hyponym,
comedic,serious,n,whetherY,,,0.76,,n,adj,antonym,scalar
comedy,drama,n,whetherY,,,0.6,,n,noun,co-hyponym,
comes,goes,n,whetherX,0.56,,,,n,verb,antonym,complementary
comet,asteroid,n,whetherY,,,0.65,paired,n,noun,co-hyponym,
coming,going,n,whetherX,0.59,,,,n,verb,antonym,complementary
communism,capitalism,n,both,0.79,,0.77,,n,noun,co-hyponym,
communist,capitalist,n,whetherY,,,0.54,,n,adj/noun,co-hyponym,
communities,individuals,n,whetherY,,,0.52,,n,noun,contrast-group-individual ,
companies,individuals,n,both,0.52,,0.8,,n,noun,contrast-group-individual ,
company,individual,n,whetherY,,,0.81,,n,noun,contrast-group-individual ,
complete,incomplete,y,whetherX,0.87,,,,n,adj,antonym,complementary
complete,partial,n,whetherY,,,0.65,,n,adj,antonym,complementary
completely,partially,n,whetherY,,,0.73,,n,adv,antonym,scalar
completes,incomplete,n,whetherX,0.6,,,,n,adj,antonym,complementary
complex,simple,y,both,0.67,paired,0.85,paired,n,adj,antonym,scalar
complicated,simple,n,whetherY,,,0.73,,n,adj,antonym,scalar
complicit,innocent,n,whetherY,,,0.63,,n,adj,antonym,complementary
compulsion,choice,n,whetherY,,,0.62,,n,noun,antonym-secondary,complementary
compulsory,optional,n,whetherX,0.53,,,,n,adj,antonym,complementary
con,pro,y,whetherY,,,1,,n,noun,antonym,complementary
condo,apartment,n,whetherX,0.51,,,,n,noun,co-hyponym,
confidential,public,n,whetherY,,,0.52,,n,adj,antonym,scalar
confirm,deny,n,both,0.96,,0.53,paired,n,verb,antonym,complementary
conglomerate,individual,n,both,0.62,,0.73,,n,noun,contrast-group-individual ,
congregation,individual,n,both,0.64,,0.72,,n,noun,contrast-group-individual ,complementary
conjecture,fact,n,whetherY,,,0.56,,n,noun,antonym,complementary
cons,pros,n,whetherY,,,0.99,paired,n,noun,antonym,complementary
consciously,unconsciously,y,whetherY,,,0.57,paired,n,adv,antonym,complementary
consequential,incidental,n,whetherY,,,0.54,,n,adj,antonym,scalar
conservatism,liberalism,n,both,0.6,paired,0.88,paired,n,noun,antonym,scalar
conservative,liberal,y,both,0.81,paired,0.94,paired,n,noun,antonym,scalar
conservatives,liberals,n,both,0.73,paired,0.85,paired,n,noun,antonym,scalar
consisting,whole,n,whetherY,,,0.6,,n,adj/verb,x-odd,
console,PC,n,both,0.51,,0.75,,n,noun,co-hyponym,
constant,variable,n,whetherX,0.55,,,,n,adj,antonym,complementary
constructed,natural,n,whetherY,,,0.81,,n,adj,antonym-secondary,scalar
consulate,embassy,n,both,0.66,,0.68,,n,noun,co-hyponym,
contemporary,historical,n,whetherY,,,0.53,,n,adj,antonym,complementary
contra,pro,n,whetherY,,,0.85,,n,adv,antonym-secondary,complementary
contraction,expansion,y,whetherY,,,0.61,,n,noun,antonym,scalar
contractors,employees,n,whetherY,,,0.75,,n,noun,co-hyponym,
convicted,acquitted,n,whetherX,0.68,paired,,,n,verb,antonym,complementary
cooked,raw,y,whetherY,,,0.9,paired,n,adj,antonym,scalar
cooled,heated,n,both,0.55,,0.66,,n,adj/verb,antonym,scalar
cooler,warmer,n,both,0.6,,0.7,,n,adj,antonym,scalar
cooling,heating,n,both,0.77,paired,0.95,paired,n,adj/verb,antonym,scalar
coordinator,coach,n,whetherY,,,0.68,,n,noun,co-hyponym,
copies,originals,n,whetherY,,,0.59,paired,n,noun,antonym,complementary
copy,original,n,whetherY,,,0.8,,n,noun,antonym,complementary
cornerback,receiver,n,whetherY,,,0.51,,n,noun,co-hyponym,
corporation,individual,n,both,0.64,,0.85,,n,noun,contrast-group-individual ,
corporations,individuals,n,both,0.68,,0.78,,n,noun,contrast-group-individual ,
correlation,causation,n,both,0.66,,0.63,paired,n,noun,contrast-conceptual,
cough,cold,n,whetherY,,,0.64,,n,noun,co-hyponym,
counterfeit,real,n,whetherY,,,0.55,,n,adj,antonym-secondary,complementary
counties,cities,n,whetherY,,,0.61,,n,noun,co-hyponym,
countryside,city,n,whetherY,,,0.82,,n,noun,antonym,complementary
county,state,n,whetherX,0.59,,,,n,noun,co-hyponym,
county,city,n,whetherY,,,0.64,,n,noun,co-hyponym,
couple,single,n,whetherY,,,0.64,,n,noun,antonym,complementary
coupled,single,n,both,0.78,,0.85,,n,adj,antonym,complementary
couples,singles,n,whetherY,,,0.67,paired,n,noun,antonym,complementary
covert,overt,y,whetherY,,,0.86,,n,adj,antonym,complementary
crawl,walk,n,both,0.54,,0.67,,n,verb,co-hyponym,
crawled,walked,n,whetherY,,,0.81,,n,verb,co-hyponym,
crawling,walking,n,both,0.76,,0.67,,n,verb,co-hyponym,
credit,cash,y,whetherY,,,0.5,,n,adj/noun,antonym-secondary,complementary
creditor,debtor,y,whetherY,,,0.7,paired,n,noun,antonym,converse
creek,river,n,whetherY,,,0.55,,n,noun,co-hyponym,
cried,laughed,n,whetherY,,,0.68,,n,verb,antonym,scalar
criminal,civil,n,whetherY,,,0.78,paired,n,adj,antonym,complementary
criticism,praise,n,whetherY,,,0.7,,n,noun,antonym,scalar
critique,praise,n,whetherY,,,0.55,,n,noun,antonym,scalar
crochet,knit,n,whetherY,,,0.66,paired,n,verb,co-hyponym,
cruel,unusual,n,whetherX,0.79,,,,n,adj,other-conventional,
cry,laugh,y,whetherY,,,0.58,paired,n,verb,antonym,scalar
crying,laughing,n,whetherY,,,0.63,paired,n,verb,antonym,scalar
crypto,fiat,n,whetherY,,,0.58,,n,adj,antonym-secondary,complementary
cub,adult,n,whetherY,,,0.75,,n,noun,antonym,complementary
culprit,victim,n,both,0.56,,0.81,,n,noun,antonym,complementary
cultivated,wild,n,whetherY,,,0.76,,n,adj,antonym,scalar
cultured,natural,n,whetherY,,,0.72,,n,adj,antonym-secondary,scalar
curled,straight,n,whetherY,,,0.77,,n,adj,antonym,scalar
curls,straight,n,whetherY,,,0.76,,n,adj/noun,antonym,scalar
curly,straight,y,both,0.68,,0.92,,n,adj,antonym,scalar
currently,historically,n,whetherY,,,0.59,,n,adv,antonym,complementary
curse,blessing,n,both,0.59,paired,0.87,paired,n,noun,antonym,complementary
cursed,blessed,y,whetherY,,,0.81,,n,adj/verb,antonym,complementary
curved,straight,y,both,0.69,,0.79,,n,adj,antonym,scalar
cyber,physical,n,whetherY,,,0.6,,n,adj,antonym-secondary,complementary
cyclist,pedestrian,n,whetherY,,,0.59,,n,noun,co-hyponym,
dad,mom,n,whetherY,,,0.78,,n,noun,antonym,complementary
dads,moms,n,whetherY,,,0.73,,n,noun,antonym,complementary
daily,weekly,n,both,0.52,,0.69,paired,n,adv,co-hyponym-temporal,
dairy,meat,n,whetherY,,,0.66,,n,noun,co-hyponym,
damp,dry,n,both,0.53,,0.8,,n,adj,antonym-secondary,scalar
dark,light,y,both,0.88,,0.82,paired,n,adj/noun,antonym,scalar
darker,lighter,n,both,0.92,,0.91,,n,adj,antonym,scalar
darkest,brightest,n,both,0.77,,0.74,,n,adj,antonym,scalar
darkness,light,n,both,0.75,,0.82,,n,noun,antonym,scalar
daughters,sons,n,both,0.61,paired,0.94,paired,n,noun,antonym,complementary
dawn,dusk,n,both,0.83,paired,0.67,paired,n,noun,antonym,complementary
day,night,y,both,0.97,paired,0.98,paired,n,noun,antonym,complementary
days,hours,n,whetherY,,,0.72,paired,n,noun,co-hyponym-temporal,
daytime,nighttime,n,both,0.61,paired,0.55,paired,n,noun,antonym,complementary
dead,alive,y,both,0.9,paired,0.78,paired,n,adj,antonym,complementary
death,life,n,whetherY,,,0.65,,n,noun,antonym,complementary
debit,credit,y,both,0.93,,0.97,,n,noun,antonym,complementary
debt,equity,n,whetherX,0.56,paired,,,n,noun,antonym-secondary,complementary
debtor,creditor,y,both,0.79,,0.84,paired,n,noun,antonym,converse
deceased,alive,n,whetherX,0.68,,,,n,adj,antonym,complementary
deceased,living,n,whetherY,,,0.66,,n,adj,antonym,complementary
decentral,centralized,n,whetherX,0.53,,,,n,adj,antonym,complementary
decentralized,centralized,y,whetherY,,,0.88,paired,n,adj/verb,antonym,complementary
deceptive,misleading,n,whetherX,0.95,,,,n,adj,nym-near-synonym,
decode,encode,y,whetherY,,,0.67,,n,verb,antonym,reversive
decoding,encoding,n,whetherY,,,0.58,,n,verb,antonym,reversive
decorated,plain,n,whetherY,,,0.66,,n,adj,antonym,scalar
decrease,increase,y,both,0.71,paired,0.89,,n,noun/verb,antonym,scalar
decreased,increased,y,both,0.71,paired,0.95,,n,adj/verb,antonym,scalar
decreases,increases,n,both,0.7,paired,0.9,,n,verb,antonym,scalar
decreasing,increasing,y,both,0.56,paired,0.59,,n,verb,antonym,scalar
deeds,words,n,whetherY,,,0.88,,n,noun,contrast-conceptual,complementary
deep,shallow,y,whetherY,,,0.6,paired,n,adj,antonym,scalar
defeat,victory,y,both,0.72,paired,0.92,paired,n,noun,antonym,complementary
defence,attack,n,whetherY,,,0.58,,n,noun,antonym,reversive
defend,attack,y,whetherY,,,0.55,,n,verb,antonym,reversive
defended,attacked,n,whetherY,,,0.6,,n,verb,antonym,reversive
defender,attacker,n,whetherY,,,0.5,,n,noun,antonym,reversive
defenders,attackers,n,whetherY,,,0.64,,n,noun,antonym,reversive
defending,attacking,n,both,0.65,paired,0.51,,n,adj/verb,antonym,reversive
defense,offense,y,both,0.92,paired,0.96,paired,n,noun,antonym,complementary
defenseman,forward,n,both,0.52,,0.81,,n,noun,antonym,complementary
defenses,offenses,n,whetherY,,,0.83,,n,noun,antonym,complementary
defensive,offensive,y,both,0.84,,0.94,,n,adj,antonym,complementary
defensively,offensively,y,both,0.97,paired,0.99,paired,n,adv,antonym,complementary
deficit,surplus,n,both,0.73,paired,0.98,paired,n,noun,antonym,complementary
definitive,provisional,n,whetherY,,,0.61,,n,adj,antonym-secondary,complementary
deflation,inflation,y,whetherY,,,0.65,,n,noun,antonym,complementary
defunct,active,n,whetherY,,,0.51,,n,adj,antonym,complementary
deliberate,accidental,n,both,0.53,,0.77,,n,adj,antonym,complementary
deliberately,accidentally,y,whetherY,,,0.74,,n,adv,antonym,complementary
demand,supply,y,both,0.82,paired,0.98,paired,n,noun,antonym,complementary
democrat,republican,n,both,0.89,,0.8,,n,noun,co-hyponym,complementary
demon,human,n,whetherY,,,0.61,,n,noun,co-hyponym,
denied,confirmed,n,whetherY,,,0.71,,n,verb,antonym,complementary
deny,confirm,n,whetherY,,,0.73,paired,n,verb,antonym,complementary
departing,arriving,n,whetherY,,,0.74,,n,adj/verb,antonym,reversive
deposits,loans,n,whetherY,,,0.55,,n,noun,co-hyponym,
depreciation,inflation,n,whetherY,,,0.51,,n,noun,co-hyponym,
depression,anxiety,n,whetherY,,,0.57,,n,noun,co-hyponym,
depressive,manic,n,whetherY,,,0.78,,n,adj,co-hyponym,
descending,ascending,y,both,0.7,paired,0.77,paired,n,adj/verb,antonym,complementary
despair,hope,y,whetherY,,,0.55,,n,noun,antonym,scalar
dessert,main,n,whetherY,,,0.51,,n,noun,co-hyponym,
destroyer,cruiser,n,whetherY,,,0.69,,n,noun,co-hyponym,
detain,release,n,both,0.76,,0.75,,n,verb,antonym,complementary
detained,released,n,whetherX,0.5,,,,n,verb,antonym,complementary
detract,add,n,whetherY,,,0.52,,n,verb,antonym-secondary,scalar
detractors,supporters,n,whetherY,,,0.56,,n,noun,antonym,scalar
devise,natural,n,whetherY,,,0.5,,n,adj/verb,x-odd,
diamonds,gold,n,whetherY,,,0.51,,n,noun,co-hyponym,
diarrhea,vomiting,n,whetherY,,,0.75,,n,noun/verb,co-hyponym,
dictatorship,democracy,n,whetherY,,,0.72,,n,noun,antonym,scalar
die,live,n,whetherY,,,0.81,,n,verb,antonym,complementary
dies,lives,n,whetherY,,,0.81,,n,verb,antonym,complementary
diesel,gasoline,n,both,0.52,paired,0.63,paired,n,noun,co-hyponym,
differences,similarities,n,both,0.71,paired,0.85,paired,n,noun,antonym,scalar
different,similar,n,both,0.51,,0.53,,n,adj,antonym,scalar
difficult,easy,y,whetherY,,,0.69,,n,adj,antonym,scalar
digitally,physically,n,both,0.58,,0.94,,n,adv,antonym,complementary
digits,letters,n,whetherY,,,0.57,,n,noun,co-hyponym,
diluted,whole,n,whetherY,,,0.75,,n,adj,antonym-secondary,reversive
dim,bright,n,whetherY,,,0.59,,n,adj,antonym-secondary,scalar
dinner,lunch,n,whetherY,,,0.68,,n,noun,co-hyponym,
diploma,degree,n,whetherY,,,0.67,,n,noun,co-hyponym,
direct,indirect,y,both,0.91,paired,0.95,paired,n,adj,antonym,complementary
directly,indirectly,y,both,0.96,paired,0.96,paired,n,adv,antonym,complementary
directors,shareholders,n,whetherY,,,0.57,,n,noun,co-hyponym,
dirty,clean,y,both,0.69,paired,0.81,paired,n,adj,antonym,scalar
disable,enable,y,whetherY,,,0.85,paired,n,verb,antonym,reversive
disadvantage,advantage,y,whetherY,,,0.88,paired,n,noun,antonym,complementary
disadvantages,advantages,n,both,0.57,paired,0.96,paired,n,noun,antonym,complementary
disagree,agree,y,both,0.54,paired,0.99,paired,n,verb,antonym,complementary
disagreed,agreed,n,whetherY,,,0.95,,n,verb,antonym,complementary
disagreement,agreement,y,whetherY,,,0.78,,n,noun,antonym,complementary
disagrees,agrees,n,whetherY,,,0.95,,n,verb,antonym,complementary
disappro,pro,n,whetherY,,,0.77,,n,partial token,x-none,
disapproval,approval,y,whetherY,,,0.83,,n,noun,antonym,scalar
disapprove,approve,y,whetherY,,,0.98,,n,verb,antonym,scalar
discs,tapes,n,whetherY,,,0.65,,n,noun,co-hyponym,
dislike,like,y,whetherY,,,0.82,,n,verb,antonym,scalar
disliked,liked,y,whetherY,,,0.83,paired,n,adj/verb,antonym,scalar
disposable,reusable,n,whetherX,0.56,,,,n,adj,antonym,complementary
dissatisfied,satisfied,n,whetherY,,,0.77,,n,adj/verb,antonym,scalar
dissolved,solid,n,both,0.57,,0.81,,n,adj,antonym-secondary,scalar
divergence,convergence,y,both,0.52,,0.72,,n,noun,antonym,scalar
divide,conquer,n,whetherX,0.84,,,,n,noun,other-conventional,
divided,united,y,whetherY,,,0.54,,n,adj/verb,antonym,scalar
divorce,marriage,n,whetherY,,,0.56,,n,noun,antonym,complementary
divorced,married,n,whetherY,,,0.82,,n,adj/verb,antonym,complementary
doctoral,undergraduate,n,whetherY,,,0.6,,n,adj/noun,co-hyponym,
documentary,fiction,n,whetherY,,,0.59,,n,noun,antonym,complementary
dog,cat,n,both,0.53,paired,0.65,paired,n,noun,co-hyponym,
dogs,cats,n,both,0.55,paired,0.67,paired,n,noun,co-hyponym,
dolphin,whale,n,whetherY,,,0.58,,n,noun,co-hyponym,
domestic,foreign,y,whetherY,,,0.72,paired,n,adj,antonym,complementary
donkey,horse,n,whetherY,,,0.58,,n,noun,co-hyponym,
door,window,n,both,0.53,,0.73,paired,n,noun,co-hyponym,
doors,windows,n,both,0.85,paired,0.9,paired,n,noun,co-hyponym,
dopamine,serotonin,n,both,0.73,,0.79,paired,n,noun,co-hyponym,
dormant,active,y,both,0.68,,0.84,,n,adj,antonym-secondary,complementary
dorsal,lateral,n,whetherX,0.57,,,,n,adj,antonym,complementary
double,single,y,both,0.74,,0.95,,n,adj,co-hyponym-numeric,complementary
doubled,tripled,n,both,0.51,,0.69,paired,n,adj/verb,co-hyponym-numeric,
doubles,singles,n,both,0.88,,0.92,,n,noun,co-hyponym-numeric,complementary
down,up,y,whetherY,,,0.98,paired,n,adj/adv,antonym,scalar
downhill,uphill,n,both,0.65,paired,0.93,paired,n,adj,antonym,scalar
downloading,streaming,n,both,0.65,,0.78,,n,adj/verb,co-hyponym,
downs,ups,n,whetherY,,,0.86,,n,noun,antonym,scalar
downside,upside,n,whetherY,,,0.82,paired,n,noun,antonym,scalar
downstairs,upstairs,y,both,0.82,paired,0.98,paired,n,adj/adv/noun,antonym,complementary
downstream,upstream,y,both,0.92,paired,0.96,paired,n,adj/adv,antonym,complementary
downturn,boom,n,whetherY,,,0.5,,n,noun,antonym-secondary,complementary
downward,upward,y,both,0.8,paired,0.89,paired,n,adj/adv,antonym,scalar
downwards,upwards,y,both,0.53,paired,0.73,paired,n,adj/adv,antonym,scalar
dozens,hundreds,n,whetherX,0.51,,,,n,noun,co-hyponym-numeric,
drafting,coaching,n,whetherY,,,0.54,,n,verb/noun,co-hyponym,
drastically,slowly,n,whetherY,,,0.53,,n,adv,antonym-secondary,scalar
draw,win,n,whetherY,,,0.82,,n,noun,antonym,multiple incompatibility
drawbacks,benefits,n,whetherY,,,0.57,,n,noun,antonym,scalar
draws,wins,n,whetherY,,,0.78,,n,noun,antonym,multiple incompatibility
dream,real,n,whetherY,,,0.56,,n,adj/noun,antonym,complementary
dreamed,real,n,whetherY,,,0.87,,n,adj/noun/verb,antonym,complementary
dreaming,awake,n,whetherY,,,0.51,,n,adj/verb,antonym-secondary,complementary
dried,fresh,n,whetherY,,,0.83,,n,adj,antonym,scalar
drifting,stationary,n,whetherY,,,0.51,,n,adj/verb,antonym-secondary,complementary
drink,food,n,whetherY,,,0.92,,n,noun,co-hyponym,
drinks,food,n,whetherY,,,0.74,,n,noun,co-hyponym,
driver,passenger,n,both,0.75,,0.67,paired,n,noun,antonym,converse
driving,walking,n,both,0.59,,0.67,,n,verb,co-hyponym,
droid,human,n,whetherY,,,0.53,,n,noun,co-hyponym,
dropping,rising,n,whetherY,,,0.57,,n,adj/verb,antonym,scalar
drove,walked,n,whetherY,,,0.73,,n,verb,co-hyponym,
drummer,singer,n,whetherY,,,0.51,,n,noun,co-hyponym,
drunk,sober,n,whetherY,,,0.88,paired,n,adj,antonym,scalar
drunken,sober,n,whetherY,,,0.66,,n,adj,antonym-secondary,scalar
dry,wet,y,both,0.71,paired,0.92,paired,n,adj,antonym,scalar
dual,single,n,both,0.52,,0.71,,n,adj,antonym,complementary
dues,cash,n,whetherY,,,0.52,,n,noun,other-related,
duo,single,n,whetherY,,,0.75,,n,adj/noun,antonym,complementary
during,after,n,whetherX,0.69,,,,n,other/preposition,co-hyponym-temporal,
during,before,n,whetherY,,,0.88,,n,other/preposition,co-hyponym-temporal,
dusk,dawn,n,both,0.96,paired,0.94,paired,n,noun,antonym,complementary
dyed,natural,n,whetherY,,,0.86,,n,adj,antonym-secondary,complementary
dynamic,static,n,both,0.74,paired,0.69,paired,n,adj,antonym,complementary
eBay,Amazon,n,whetherY,,,0.71,,n,noun,co-hyponym,
earlier,later,n,both,0.94,,0.69,,n,adj,antonym-temporal,scalar
early,late,y,both,0.81,paired,0.9,paired,n,adj,antonym-temporal,scalar
ears,eyes,n,whetherY,,,0.63,,n,noun,co-hyponym,
easier,harder,n,both,0.77,,0.76,paired,n,adj,antonym,scalar
easiest,hardest,n,both,0.56,paired,0.77,paired,n,adj,antonym,scalar
east,west,y,both,0.95,paired,0.89,paired,n,adj/noun,antonym,multiple incompatibility
eastern,western,y,both,0.94,paired,0.91,paired,n,adj,antonym,multiple incompatibility
easy,hard,n,whetherY,,,0.61,,n,adj,antonym,scalar
ebook,print,n,both,0.52,,0.66,,n,adj,co-hyponym,
ec,ag,n,whetherX,0.61,,,,n,partial token,x-none,
effect,cause,n,both,0.51,paired,0.98,,n,noun,antonym,complementary
effects,causes,n,whetherY,,,0.8,,n,noun,antonym,complementary
eighteenth,nineteenth,n,whetherX,0.7,,,,n,adj,co-hyponym-numeric,
eighth,ninth,n,whetherX,0.53,,,,n,adj,co-hyponym-numeric,
either,both,n,whetherY,,,0.53,,n,adj/pronoun,co-hyponym,
elaborate,simple,n,whetherY,,,0.53,,n,adj,antonym,scalar
elderly,young,n,whetherY,,,0.88,,n,adj,antonym,scalar
eldest,youngest,n,both,0.61,,0.54,,n,adj,antonym,scalar
electronically,physically,n,both,0.54,,0.92,,n,adv,antonym-secondary,complementary
elevated,normal,n,whetherY,,,0.54,,n,adj,antonym,scalar
eleven,ten,n,whetherY,,,0.59,,n,adj/noun,co-hyponym-numeric,
elf,human,n,whetherY,,,0.64,,n,noun,co-hyponym,
employer,employee,y,both,0.73,,0.65,,n,noun,antonym,converse
employers,employees,n,whetherX,0.65,,,,n,noun,antonym,converse
emptied,full,n,whetherY,,,0.57,,n,adj,antonym,complementary
empty,full,y,whetherY,,,0.6,,n,adj,antonym,complementary
enable,disable,y,both,0.81,,0.75,paired,n,verb,antonym,reversive
enabled,disabled,n,whetherY,,,0.56,,n,adj/verb,antonym,reversive
enacted,proposed,n,whetherY,,,0.66,,n,adj/verb,co-hyponym,
enchanted,natural,n,whetherY,,,0.52,,n,adj,antonym-secondary,scalar
enclosed,open,n,whetherY,,,0.58,,n,adj,antonym,scalar
encode,decode,y,whetherX,0.81,,,,n,verb,antonym,complementary
end,beginning,n,whetherY,,,0.69,paired,n,noun,antonym,complementary
endangered,threatened,n,whetherY,,,0.51,,n,adj/verb,nym-near-synonym,
ending,beginning,y,whetherY,,,0.61,,n,noun,antonym,complementary
endings,beginnings,n,whetherY,,,0.79,,n,noun,antonym,complementary
endogenous,synthetic,n,both,0.61,,0.56,,n,adj,co-hyponym,
endurance,speed,n,whetherY,,,0.66,,n,noun,co-hyponym,
enduring,temporary,n,whetherY,,,0.65,,n,adj/verb,antonym-secondary,scalar
enemies,friends,n,whetherY,,,0.65,,n,noun,antonym,scalar
enemy,friend,n,both,0.52,,0.8,,n,noun,antonym,scalar
engaged,single,n,whetherY,,,0.72,,n,adj,antonym-secondary,multiple incompatibility
engineered,natural,n,both,0.68,,0.84,,n,adj,antonym-secondary,complementary
enlarged,cropped,n,whetherY,,,0.7,,n,adj/verb,antonym,scalar
enormous,small,n,whetherY,,,0.6,,n,adj,antonym-secondary,scalar
enough,enough,n,whetherY,,,0.75,paired,y,adj/adv,x-identical,
ensemble,solo,n,whetherY,,,0.87,,n,adj/noun,antonym,complementary
enslaved,free,n,both,0.81,,0.97,,n,adj,antonym,complementary
enterprises,individuals,n,whetherY,,,0.79,,n,noun,contrast-group-individual ,
entirety,part,n,whetherY,,,0.76,,n,noun,nym-meronym,
entities,individuals,n,whetherY,,,0.69,,n,noun,contrast-group-individual ,
entrance,exit,n,both,0.81,,0.57,,n,noun,antonym,complementary
entrances,exits,n,whetherX,0.54,,,,n,noun,antonym,complementary
envision,real,n,whetherY,,,0.59,,n,adj/verb,x-odd,
equitable,fair,n,whetherY,,,0.56,,n,adj,other-conventional,
equity,debt,n,whetherX,0.75,paired,,,n,noun,antonym-secondary,complementary
estrogen,testosterone,n,both,0.71,paired,0.95,paired,n,noun,antonym,complementary
etched,painted,n,whetherY,,,0.61,,n,adj/verb,co-hyponym,
eternal,temporary,n,whetherY,,,0.56,,n,adj,antonym,complementary
ethnicity,race,n,whetherY,,,0.66,,n,noun,co-hyponym,
euros,dollars,n,both,0.79,,0.84,,n,noun,co-hyponym,
evening,morning,n,whetherY,,,0.72,,n,noun,antonym,multiple incompatibility
evenings,mornings,n,whetherY,,,0.73,paired,n,noun,antonym,multiple incompatibility
ever,now,n,whetherY,,,0.73,,n,adv,co-hyponym-temporal,
everlasting,temporary,n,whetherY,,,0.67,,n,adj,antonym,complementary
everything,anything,n,whetherY,,,0.69,,n,noun,antonym,complementary
evil,good,y,both,0.65,,0.92,,n,adj,antonym,scalar
ex,current,n,whetherY,,,0.58,,n,adj,antonym,complementary
exceeded,met,n,whetherY,,,0.53,,n,verb,contrast-scalar,multiple incompatibility
exceeds,meets,n,whetherY,,,0.71,,n,verb,contrast-scalar,multiple incompatibility
excellent,good,n,whetherY,,,0.83,,n,adj,contrast-scalar,scalar
exchanging,buying,n,whetherY,,,0.66,,n,verb,co-hyponym,
exclude,include,y,whetherY,,,0.86,,n,verb,antonym,scalar
excluded,included,n,whetherY,,,0.78,,n,adj/verb,antonym,scalar
excludes,includes,n,whetherY,,,0.9,,n,verb,antonym,scalar
excluding,including,n,whetherY,,,0.74,paired,n,verb,antonym,scalar
exclusion,inclusion,y,both,0.63,paired,0.91,,n,noun,antonym,complementary
exoner,guilty,n,whetherY,,,0.54,,n,partial token,x-none,
expansion,contraction,y,whetherX,0.54,,,,n,noun,antonym,scalar
expense,income,n,whetherY,,,0.55,,n,noun,antonym,complementary
expired,new,n,whetherY,,,0.56,,n,adj,antonym-secondary,complementary
explicit,implicit,y,both,0.91,paired,0.78,paired,n,adj,antonym,scalar
explicitly,implicitly,y,both,0.87,paired,0.9,paired,n,adv,antonym,scalar
exponential,linear,n,whetherY,,,0.76,,n,adj,co-hyponym,
export,import,y,whetherX,0.77,paired,,,n,noun,antonym,complementary
export,domestic,n,whetherY,,,0.78,,n,adj,antonym-secondary,complementary
exported,domestic,n,whetherY,,,0.66,,n,adj,antonym-secondary,complementary
exporting,importing,n,whetherX,0.72,paired,,,n,verb,antonym,complementary
exports,imports,n,whetherX,0.78,paired,,,n,noun,antonym,complementary
exports,domestic,n,whetherY,,,0.53,,n,adj/noun,antonym-secondary,complementary
express,implied,n,whetherX,0.77,,,,n,adj,antonym-secondary,complementary
expressed,implied,n,both,0.86,,0.58,,n,adj/verb,antonym-secondary,complementary
expressly,implicitly,n,both,0.78,,0.83,,n,adv,antonym-secondary,scalar
exterior,interior,y,both,0.96,paired,0.98,paired,n,noun,antonym,complementary
external,internal,y,both,0.95,paired,0.98,paired,n,adj,antonym,complementary
externally,internally,y,both,0.93,paired,0.99,paired,n,adv,antonym,complementary
extraordinary,ordinary,y,whetherY,,,0.54,,n,adj/noun,antonym,scalar
extremely,moderately,n,whetherY,,,0.55,,n,adv,contrast-scalar,scalar
fabricated,real,n,whetherY,,,0.77,,n,adj,antonym-secondary,scalar
facade,interior,n,whetherY,,,0.53,,n,noun,antonym-secondary,complementary
fact,fiction,n,whetherX,0.56,,,,n,noun,antonym,complementary
factor,cause,n,whetherY,,,0.51,,n,noun,nym-meronym,
fail,succeed,y,whetherY,,,0.58,paired,n,verb,antonym,scalar
fails,succeeds,n,whetherY,,,0.85,paired,n,verb,antonym,scalar
failure,success,y,both,0.81,paired,0.95,paired,n,noun,antonym,scalar
failures,successes,n,whetherY,,,0.84,paired,n,noun,antonym,scalar
fake,real,n,whetherY,,,0.91,,n,adj,antonym,scalar
faked,real,n,both,0.55,,0.94,,n,adj,antonym,scalar
fall,winter,n,whetherX,0.58,,,,n,adj/noun,co-hyponym,multiple incompatibility
fall,spring,n,whetherY,,,0.62,,n,adj/noun,co-hyponym,multiple incompatibility
falling,rising,y,whetherY,,,0.87,,n,adj/verb,antonym,reversive
FALSE,TRUE,y,both,0.58,paired,0.99,paired,n,adj,antonym,complementary
falsehood,truth,y,both,0.64,,0.87,,n,noun,antonym-secondary,complementary
family,friends,n,whetherY,,,0.53,,n,noun,co-hyponym,
fantas,real,n,whetherY,,,0.54,,n,partial token,x-none,
fantasy,real,n,whetherY,,,0.54,,n,adj/noun,antonym-secondary,scalar
far,near,y,both,0.72,paired,0.89,paired,n,adj,antonym,scalar
farther,closer,n,whetherY,,,0.52,,n,adj,antonym,scalar
fast,slow,y,both,0.79,paired,0.9,paired,n,adj,antonym,scalar
faster,slower,n,both,0.83,paired,0.82,paired,n,adj,antonym,scalar
fatalities,injuries,n,both,0.54,,0.68,,n,noun,co-hyponym,
fathers,mothers,n,whetherY,,,0.69,paired,n,noun,antonym,complementary
fatty,lean,n,whetherY,,,0.76,,n,adj,antonym,scalar
faux,real,n,both,0.63,,0.88,,n,adj,antonym,scalar
favorable,unfavorable,y,both,0.98,paired,0.9,paired,n,adj,antonym,scalar
favorably,negatively,n,both,0.55,,0.63,,n,adv,antonym,scalar
favoring,opposing,n,whetherX,0.51,,,,n,adj/verb,antonym,scalar
favoring,neutral,n,whetherY,,,0.59,,n,adj/verb,antonym,multiple incompatibility
favourable,unfavorable,n,both,0.6,,0.58,,n,adj,antonym,scalar
federal,state,n,both,0.75,,0.67,,n,noun,antonym,complementary
federally,locally,n,both,0.61,,0.8,,n,adv,antonym,complementary
feeble,strong,n,whetherY,,,0.52,,n,adj,antonym,scalar
feet,hands,n,whetherY,,,0.64,,n,noun,co-hyponym,
fell,rose,n,whetherY,,,0.69,,n,verb,antonym,reversive
felony,misdemeanor,n,both,0.76,paired,0.87,paired,n,noun,co-hyponym,
female,male,y,both,0.94,paired,1,paired,n,adj/noun,antonym,complementary
females,males,n,both,0.96,paired,0.99,paired,n,noun,antonym,complementary
feminine,masculine,y,both,0.89,paired,0.97,paired,n,adj,antonym,complementary
fentanyl,heroin,n,both,0.56,,0.72,,n,noun,co-hyponym,
fever,cold,n,whetherY,,,0.63,,n,noun,co-hyponym,
few,many,y,both,0.81,paired,0.9,,n,adj,antonym,scalar
fewer,more,y,both,0.79,,0.81,,n,adj,antonym,scalar
ff,ff,n,whetherY,,,0.61,paired,y,partial token,x-none,
fiction,fact,n,whetherY,,,0.65,,n,noun,antonym,scalar
fictional,real,n,whetherY,,,0.6,,n,adj,antonym,scalar
fictitious,real,n,whetherY,,,0.63,,n,adj,antonym,scalar
fifth,fourth,n,whetherY,,,0.6,,n,noun,co-hyponym-numeric,
figures,facts,n,whetherY,,,0.65,,n,noun,co-hyponym,
filled,empty,n,whetherY,,,0.66,,n,adj/verb,antonym,scalar
films,books,n,whetherY,,,0.54,,n,noun,co-hyponym,
finish,start,y,whetherY,,,0.73,,n,verb,antonym,complementary
finite,infinite,y,both,0.73,paired,0.66,paired,n,adj,antonym,complementary
firms,individuals,n,both,0.67,,0.91,,n,noun,antonym,complementary
first,second,y,whetherX,0.63,,,,n,adj/noun,co-hyponym-numeric,
five,four,n,whetherY,,,0.78,,n,noun,co-hyponym-numeric,
flats,houses,n,whetherY,,,0.61,,n,noun,co-hyponym,
flavored,plain,n,whetherY,,,0.54,,n,adj,antonym,scalar
fleets,individuals,n,whetherY,,,0.65,,n,noun,contrast-group-individual ,
flew,walked,n,whetherY,,,0.66,,n,verb,co-hyponym,
flock,individual,n,whetherY,,,0.51,,n,noun,contrast-group-individual ,
flooded,dry,n,whetherY,,,0.53,,n,adj/verb,antonym-secondary,scalar
floors,walls,n,whetherY,,,0.68,,n,noun,co-hyponym,
flu,cold,n,whetherY,,,0.89,,n,noun,co-hyponym,
fluid,solid,n,both,0.87,,0.96,,n,noun,antonym-secondary,multiple incompatibility
foe,friend,y,both,0.94,paired,0.99,,n,noun,antonym,complementary
foes,friends,n,both,0.71,,0.92,,n,noun,antonym,complementary
folder,file,n,whetherY,,,0.67,,n,noun,co-hyponym,
folders,files,n,whetherY,,,0.65,,n,noun,co-hyponym,
foot,hand,n,whetherY,,,0.69,,n,noun,co-hyponym,
footwear,clothing,n,whetherY,,,0.52,,n,noun,co-hyponym,
for,against,n,both,0.98,paired,0.91,paired,n,adv,antonym,complementary
forced,voluntary,n,whetherY,,,0.76,,n,adj/verb,antonym-secondary,complementary
forcibly,voluntarily,n,whetherY,,,0.61,,n,adv,antonym,complementary
foreground,background,y,both,0.98,,0.96,,n,adj/noun,antonym,complementary
foreign,domestic,y,both,0.79,,0.68,paired,n,adj,antonym,complementary
foremost,first,n,whetherY,,,0.92,,n,adj,other-conventional,
forged,real,n,whetherY,,,0.52,,n,adj/verb,antonym-secondary,complementary
formal,informal,y,both,0.96,paired,0.8,paired,n,adj,antonym,complementary
former,current,n,whetherY,,,0.79,,n,adj,antonym,complementary
forth,back,n,whetherY,,,0.67,,n,adv,antonym,complementary
foul,fair,y,whetherY,,,0.98,,n,adj,other-conventional,scalar
found,lost,y,whetherY,,,0.96,,n,adj,antonym,complementary
four,three,n,whetherY,,,0.84,,n,noun,co-hyponym-numeric,
fourteen,thirteen,n,whetherY,,,0.55,,n,noun,co-hyponym-numeric,
fourth,third,n,whetherY,,,0.51,,n,adj/noun,co-hyponym-numeric,
fraction,whole,n,whetherY,,,0.52,,n,noun,nym-meronym,
franc,euro,n,both,0.72,,0.7,,n,noun,co-hyponym,
freezer,fridge,n,whetherY,,,0.66,,n,noun,co-hyponym,
freight,passenger,n,whetherY,,,0.54,,n,adj,antonym-secondary,complementary
fresh,frozen,n,both,0.75,,0.76,paired,n,adj,co-hyponym,
freshman,senior,n,whetherX,0.57,,,,n,noun,co-hyponym,
freshmen,seniors,n,both,0.64,,0.71,,n,noun,co-hyponym,
friend,foe,y,whetherX,0.9,paired,,,n,noun,antonym,complementary
fries,burgers,n,whetherY,,,0.75,,n,noun,co-hyponym,
fringe,mainstream,n,both,0.57,,0.84,,n,adj,antonym,scalar
fro,to,n,whetherY,,,0.99,,n,adv,antonym,complementary
from,to,n,whetherY,,,0.58,,n,adv,antonym,complementary
front,back,y,both,0.92,,0.8,,n,adj/noun,antonym,complementary
frown,smile,n,whetherY,,,0.66,,n,noun,antonym,scalar
frozen,fresh,n,whetherY,,,0.81,paired,n,adj,co-hyponym,
fructose,glucose,n,both,0.69,,0.8,,n,noun,co-hyponym,
fruit,vegetable,n,whetherX,0.75,,,,n,noun,co-hyponym,
fruits,vegetables,n,whetherX,0.72,,,,n,noun,co-hyponym,
fry,bake,n,both,0.63,,0.65,,n,verb,co-hyponym,
frying,baking,n,whetherX,0.53,,,,n,verb,co-hyponym,
full,partial,n,whetherY,,,0.62,,n,adj,antonym,scalar
fuller,less,n,whetherX,0.54,,,,n,adj,antonym,scalar
fully,partially,n,whetherY,,,0.65,,n,adv,antonym,scalar
function,form,n,whetherY,,,0.62,,n,noun,contrast-conceptual,
fundamentalist,liberal,n,whetherY,,,0.61,,n,adj,antonym-secondary,scalar
fungi,bacteria,n,whetherY,,,0.6,,n,noun,co-hyponym,
future,present,n,whetherX,0.5,,,,n,adj/noun,co-hyponym-temporal,multiple incompatibility
future,past,y,whetherY,,,0.56,,n,adj/noun,co-hyponym-temporal,multiple incompatibility
gain,loss,y,whetherX,0.9,,,,n,noun,antonym-secondary,complementary
gained,lost,n,both,0.72,,0.76,,n,verb,antonym-secondary,complementary
gaining,losing,n,both,0.89,,0.82,,n,verb,antonym-secondary,complementary
gains,losses,n,both,0.96,,0.95,,n,noun,antonym-secondary,complementary
gal,guy,n,whetherY,,,0.64,,n,noun,antonym,complementary
gas,oil,n,whetherY,,,0.72,paired,n,noun,co-hyponym,
gases,liquids,n,both,0.76,,0.74,,n,noun,co-hyponym,multiple incompatibility
gasoline,diesel,n,both,0.81,paired,0.87,paired,n,noun,co-hyponym,
gay,straight,n,both,0.72,paired,0.96,paired,n,adj,antonym,complementary
gender,race,n,whetherY,,,0.6,,n,noun,co-hyponym,
general,specific,y,both,0.84,paired,0.82,paired,n,adj,antonym,scalar
generalized,specific,n,whetherX,0.54,,,,n,adj,antonym,scalar
generally,specifically,y,both,0.65,,0.77,paired,n,adv,antonym,scalar
generic,branded,n,whetherY,,,0.72,,n,adj,antonym,complementary
gentleman,lady,n,whetherY,,,0.72,paired,n,noun,antonym,complementary
gentlemen,ladies,n,both,0.58,paired,0.92,paired,n,noun,antonym,complementary
genus,species,n,both,0.79,,0.85,,n,noun,nym-meronym,
gigantic,small,n,whetherY,,,0.51,,n,adj,antonym-secondary,scalar
gin,vodka,n,whetherY,,,0.55,,n,noun,co-hyponym,
girl,boy,y,both,0.82,paired,0.98,paired,n,noun,antonym,complementary
girlfriend,boyfriend,n,both,0.52,paired,0.93,paired,n,noun,antonym,complementary
girls,boys,n,both,0.9,paired,0.98,paired,n,noun,antonym,complementary
global,local,n,both,0.56,,0.58,,n,adj,antonym,complementary
globally,locally,n,both,0.61,,0.75,,n,adv ,antonym,complementary
gloomy,sunny,n,whetherY,,,0.6,,n,adj,co-hyponym,
glossy,matte,n,both,0.83,,0.7,,n,adj,antonym,multiple incompatibility
go,stay,n,both,0.74,paired,0.91,,n,verb,antonym,complementary
goats,sheep,n,whetherY,,,0.56,,n,noun,co-hyponym,
goddess,god,n,whetherY,,,0.56,,n,noun,antonym,complementary
goes,stays,n,both,0.74,,0.88,,n,verb,antonym,complementary
going,coming,n,whetherY,,,0.84,,n,verb,antonym,reversive
gold,silver,n,both,0.88,paired,0.87,paired,n,noun,co-hyponym,
good,bad,y,both,0.85,paired,0.79,paired,n,adj,antonym,scalar
goodbye,hello,n,whetherY,,,0.64,,n,other/interjection,antonym,complementary
goods,services,n,whetherX,0.82,,,,n,noun,antonym,complementary
goose,duck,n,whetherY,,,0.52,,n,noun,co-hyponym,
governmental,private,n,both,0.69,,0.65,,n,noun,antonym,complementary
grad,undergrad,n,whetherY,,,0.71,,n,noun,co-hyponym,
graduate,undergraduate,n,whetherY,,,0.55,paired,n,noun,co-hyponym,
graduates,students,n,whetherY,,,0.69,,n,noun,co-hyponym,
grandchildren,children,n,whetherY,,,0.76,,n,noun,co-hyponym,
grandfather,father,n,whetherY,,,0.71,,n,noun,co-hyponym,
grandmother,mother,n,whetherY,,,0.69,,n,noun,co-hyponym,
grandparents,parents,n,whetherY,,,0.83,,n,noun,co-hyponym,
grant,loan,n,whetherY,,,0.61,,n,noun,co-hyponym,
grants,loans,n,both,0.51,,0.72,,n,noun,co-hyponym,
gravel,sand,n,both,0.65,,0.71,,n,noun,co-hyponym,
great,good,n,whetherY,,,0.89,,n,adj/noun,contrast-scalar,
greater,less,n,whetherX,0.52,,,,n,adj,antonym,scalar
greet,meet,n,whetherY,,,0.77,,n,verb,other-conventional,
grilled,fried,n,whetherY,,,0.56,,n,adj/verb,co-hyponym,
groom,bride,n,both,0.79,paired,0.98,paired,n,noun,antonym,complementary
gross,net,y,both,0.9,,0.85,paired,n,adj,antonym,complementary
grounded,airborne,n,whetherY,,,0.59,,n,adj,antonym,
group,individual,n,both,0.68,,0.9,,n,noun,antonym,complementary
groups,individuals,n,both,0.82,,0.94,,n,noun,antonym,complementary
guardian,parent,n,whetherY,,,0.77,,n,noun,co-hyponym,
guardians,parents,n,whetherY,,,0.75,,n,noun,co-hyponym,
guilt,innocence,y,both,0.77,paired,0.84,paired,n,noun,antonym,complementary
guilty,innocent,y,whetherY,,,0.98,paired,n,adj,antonym,complementary
guitarist,singer,n,whetherY,,,0.61,,n,noun,co-hyponym,
gunman,victim,n,whetherY,,,0.56,,n,noun,antonym,complementary
guy,girl,n,both,0.53,,0.67,,n,noun,antonym,complementary
guys,girls,n,whetherY,,,0.67,,n,noun,antonym,complementary
gym,home,n,whetherY,,,0.53,,n,noun,co-hyponym,
hail,rain,n,whetherY,,,0.51,,n,noun,co-hyponym,
halluc,real,n,whetherY,,,0.73,,n,partial token,x-none,
hallucinations,real,n,whetherY,,,0.59,,n,adj/noun,antonym-secondary,complementary
handgun,rifle,n,both,0.56,,0.65,,n,noun,co-hyponym,
handguns,rifles,n,both,0.66,,0.86,,n,noun,co-hyponym,
handwritten,typed,n,both,0.58,,0.76,paired,n,adj,antonym,complementary
happy,sad,n,whetherY,,,0.57,paired,n,adj,antonym,scalar
hard,soft,y,both,0.85,paired,0.81,paired,n,adj,antonym,scalar
harder,easier,n,whetherY,,,0.6,paired,n,adj,antonym,scalar
hardest,easiest,n,both,0.52,paired,0.75,paired,n,adj,antonym,scalar
hardware,software,y,both,0.95,paired,0.96,paired,n,noun,antonym,complementary
harmful,helpful,n,whetherY,,,0.63,,n,adj,antonym,scalar
harming,helping,n,whetherY,,,0.5,,n,adj/verb,antonym,scalar
harms,helps,n,whetherY,,,0.55,,n,verb,antonym,scalar
hate,love,y,both,0.68,,0.94,,n,verb,antonym,scalar
hated,loved,n,whetherY,,,0.76,,n,verb,antonym,scalar
hates,loves,n,whetherY,,,0.8,,n,verb,antonym,scalar
hating,loving,n,whetherY,,,0.69,,n,verb,antonym,scalar
hatred,love,n,whetherY,,,0.8,,n,noun,antonym,scalar
haw,haw,n,whetherY,,,0.69,paired,y,partial token,x-none,
he,she,n,whetherY,,,0.59,paired,n,noun/pronoun,antonym,complementary
heads,tails,n,whetherX,0.82,,,,n,noun,antonym,complementary
hear,see,n,whetherY,,,0.7,,n,verb,co-hyponym,
heard,seen,n,whetherY,,,0.79,,n,verb,co-hyponym,
heat,cold,n,both,0.54,,0.51,,n,noun,antonym,scalar
heating,cooling,n,both,0.81,paired,0.58,paired,n,adj/verb,antonym,scalar
heaven,hell,n,both,0.9,paired,0.82,paired,n,noun,antonym,complementary
heavenly,earthly,y,whetherY,,,0.7,,n,adj,antonym,scalar
heavier,lighter,n,both,0.85,paired,0.88,paired,n,adj,antonym,scalar
heavily,lightly,y,whetherY,,,0.61,,n,adv,antonym,scalar
heavy,light,y,both,0.86,,0.97,,n,adj,antonym,scalar
heavyweight,light,n,whetherY,,,0.61,,n,adj,antonym,scalar
hectares,acres,n,whetherY,,,0.73,,n,noun,co-hyponym,
heels,flats,n,whetherY,,,0.67,,n,noun,co-hyponym,scalar
height,weight,n,both,0.65,,0.75,paired,n,adj,co-hyponym,
helium,hydrogen,n,whetherY,,,0.75,paired,n,noun,co-hyponym,
hell,heaven,n,both,0.83,paired,0.95,paired,n,noun,antonym,complementary
helps,hurts,n,whetherY,,,0.83,paired,n,verb,antonym,scalar
hence,now,n,whetherY,,,0.56,,n,adv,co-hyponym-temporal,complementary
herd,individual,n,whetherX,0.52,,,,n,noun,antonym,complementary
herds,individuals,n,whetherY,,,0.51,,n,noun,antonym,complementary
hereafter,now,n,whetherY,,,0.73,,n,adv,co-hyponym-temporal,complementary
herein,elsewhere,n,whetherX,0.59,,,,n,adv,co-hyponym,complementary
hero,villain,n,whetherX,0.63,,,,n,noun,antonym,complementary
heroes,villains,n,both,0.63,paired,0.62,paired,n,noun,antonym,complementary
heroine,villain,n,whetherX,0.58,,,,n,noun,antonym,complementary
hers,his,n,whetherY,,,0.95,,n,other/possessive,antonym,complementary
herself,him,n,whetherY,,,0.51,,n,noun/pronoun,antonym,complementary
heterosexual,homosexual,n,both,0.89,paired,0.67,paired,n,adj,antonym,complementary
high,low,y,both,0.91,paired,0.93,paired,n,adj,antonym,scalar
higher,lower,n,both,0.93,paired,0.76,paired,n,adj,antonym,scalar
highest,lowest,n,both,0.8,paired,0.74,paired,n,adj,antonym,scalar
highly,moderately,n,whetherY,,,0.64,,n,adv,contrast-scalar,
highs,lows,n,both,0.89,paired,0.76,paired,n,noun,antonym,scalar
hikes,cuts,n,whetherY,,,0.69,,n,noun,antonym,scalar
hinder,help,n,whetherY,,,0.8,,n,verb,antonym,scalar
hippocampus,cortex,n,whetherY,,,0.68,,n,noun,nym-hyponym,
hitherto,now,n,whetherY,,,0.61,,n,adv,co-hyponym-temporal,complementary
hits,misses,n,whetherX,0.89,,,,n,noun,antonym,complementary
hitter,pitcher,n,whetherY,,,0.74,,n,noun,antonym,complementary
hitters,pitchers,n,both,0.64,,0.91,paired,n,noun,antonym,complementary
hitting,pitching,n,both,0.6,,0.81,,n,verb,antonym,complementary
hoax,real,n,whetherY,,,0.64,,n,adj/noun,antonym-secondary,complementary
hog,cattle,n,whetherY,,,0.52,,n,noun,co-hyponym,
holidays,weekends,n,whetherY,,,0.72,,n,noun,co-hyponym-temporal,
homebrew,commercial,n,whetherY,,,0.5,,n,noun,antonym,complementary
homeowners,renters,n,both,0.81,,0.75,paired,n,noun,antonym,complementary
homers,doubles,n,whetherY,,,0.52,,n,noun,co-hyponym,
homicide,suicide,n,whetherY,,,0.72,,n,noun,co-hyponym,
homicides,suicides,n,whetherY,,,0.63,,n,noun,co-hyponym,
homosexual,heterosexual,n,both,0.71,paired,0.92,paired,n,adj,antonym,complementary
hook,line,n,whetherX,0.7,,,,n,noun,co-hyponym,
hordes,individuals,n,whetherX,0.51,,,,n,noun,antonym,complementary
horizontal,vertical,n,both,0.98,paired,1,paired,n,adj,antonym,complementary
horizontally,vertically,n,both,0.97,paired,0.99,paired,n,adv,antonym,complementary
horror,comedy,n,whetherY,,,0.68,,n,adj/noun,antonym,scalar
horse,human,n,whetherY,,,0.5,,n,noun,co-hyponym,
hospital,home,n,whetherY,,,0.59,,n,noun,co-hyponym,
hostile,friendly,y,both,0.52,,0.75,,n,adv,antonym,scalar
hot,cold,y,both,0.81,paired,0.81,paired,n,adj,antonym,scalar
hour,day,n,whetherY,,,0.7,,n,noun,co-hyponym-temporal,
hourly,daily,n,both,0.56,,0.88,,n,adv,co-hyponym-temporal,
hours,days,n,both,0.63,,0.7,paired,n,noun,co-hyponym-temporal,
households,individuals,n,whetherY,,,0.55,,n,noun,contrast-group-individual ,
how,why,n,whetherX,0.55,,,,n,other/interrogative,co-hyponym,
hrs,days,n,whetherX,0.72,,,,n,noun,co-hyponym-temporal,
https,http,n,whetherY,,,0.71,,n,other/acronym,co-hyponym,
huge,small,n,both,0.51,,0.64,,n,adj,antonym-secondary,scalar
humidity,temperature,n,whetherX,0.53,,,,n,noun,co-hyponym,
humorous,serious,n,whetherY,,,0.72,,n,adj,antonym,scalar
hundreds,thousands,n,whetherX,0.77,,,,n,noun,co-hyponym-numeric,
hunted,hunted,n,whetherY,,,0.55,paired,y,adj/verb,x-identical,
hurts,helps,n,whetherY,,,0.72,paired,n,verb,antonym,scalar
husband,wife,y,both,0.9,,0.78,paired,n,noun,antonym,complementary
husbands,wives,n,both,0.95,,0.79,paired,n,noun,antonym,complementary
hydrogen,helium,n,whetherY,,,0.61,paired,n,noun,co-hyponym,
hypertension,diabetes,n,both,0.7,,0.73,,n,noun,co-hyponym,
iOS,Android,n,both,0.86,,0.78,,n,noun,co-hyponym,
iPad,iPhone,n,whetherY,,,0.77,,n,noun,co-hyponym,
iPads,iPhones,n,both,0.57,paired,0.85,paired,n,noun,co-hyponym,
iPhone,Android,n,both,0.52,,0.76,,n,noun,co-hyponym,
iPhones,iPads,n,both,0.51,paired,0.7,paired,n,noun,co-hyponym,
icons,text,n,whetherY,,,0.53,,n,noun,co-hyponym,
ii,iii,n,whetherX,0.62,,,,n,adj,co-hyponym-numeric,
ii,i,n,whetherY,,,0.76,,n,adj,co-hyponym-numeric,
iii,ii,n,whetherY,,,0.85,,n,adj,co-hyponym-numeric,
ill,healthy,n,whetherY,,,0.64,,n,adj,antonym,scalar
illegal,legal,y,whetherY,,,0.96,,n,adj,antonym,complementary
illegally,legally,n,both,0.51,,0.94,,n,adv,antonym,complementary
illicit,legal,n,whetherY,,,0.59,,n,adj,antonym,complementary
illuminated,dark,n,whetherY,,,0.5,,n,adj,antonym-secondary,scalar
illustrating,writing,n,whetherY,,,0.6,,n,verb,co-hyponym,
imaginary,real,n,both,0.59,,0.87,,n,adj,antonym,complementary
imagine,real,n,whetherY,,,0.79,,n,adj/verb,antonym,complementary
imagined,real,n,both,0.62,,0.89,,n,adj/verb,antonym,complementary
imagining,real,n,whetherY,,,0.53,,n,verb,antonym,complementary
immense,small,n,whetherY,,,0.55,,n,adj,antonym-secondary,scalar
immigrant,native,n,whetherY,,,0.75,paired,n,noun,antonym,complementary
immoral,moral,y,whetherY,,,0.67,,n,adj,antonym,scalar
imperfect,perfect,y,whetherY,,,0.68,,n,adj,antonym,scalar
implicit,explicit,y,both,0.98,paired,0.97,paired,n,adj,antonym,scalar
implicitly,explicitly,y,both,0.93,paired,0.9,paired,n,adv,antonym,scalar
implied,explicit,n,both,0.82,,0.62,,n,adj,antonym,scalar
import,export,y,both,0.91,paired,0.61,,n,noun,antonym,complementary
importing,exporting,n,both,0.93,paired,0.72,,n,verb,antonym,complementary
imports,exports,n,both,0.91,paired,0.66,,n,noun,antonym,complementary
impoverished,rich,n,whetherY,,,0.55,,n,adj,antonym-secondary,scalar
inaccessible,accessible,y,whetherY,,,0.59,,n,adj,antonym,scalar
inaction,action,y,whetherY,,,0.97,,n,noun,antonym,scalar
inactive,active,y,whetherY,,,0.93,,n,adj,antonym,scalar
inadvertently,intentionally,n,whetherY,,,0.63,,n,adv,antonym,complementary
inappropriate,appropriate,y,whetherY,,,0.6,,n,adj,antonym,scalar
include,exclude,y,whetherX,0.6,,,,n,verb,antonym,complementary
includes,excludes,n,whetherX,0.85,,,,n,verb,antonym,complementary
including,excluding,n,both,0.51,,0.5,paired,n,verb,antonym,scalar
inclusion,exclusion,y,whetherX,0.85,paired,,,n,noun,antonym,complementary
inclusive,exclusive,y,whetherY,,,0.54,,n,adj,antonym,complementary
incoming,outgoing,y,both,0.95,,0.95,,n,adj,antonym,complementary
incorrect,correct,y,whetherY,,,0.87,,n,adj,antonym,complementary
incorrectly,correctly,y,whetherY,,,0.75,,n,adv,antonym,complementary
increase,decrease,y,whetherX,0.86,paired,,,n,noun/verb,antonym,scalar
increased,decreased,y,whetherX,0.85,paired,,,n,adj/verb,antonym,scalar
increases,decreases,n,whetherX,0.79,paired,,,n,verb,antonym,scalar
increasing,decreasing,y,whetherX,0.65,paired,,,n,verb,antonym,scalar
incumbent,challenger,n,both,0.7,,0.83,,n,noun,antonym,complementary
independents,Democrats,n,whetherY,,,0.66,,n,noun,co-hyponym,
indigenous,white,n,whetherY,,,0.51,,n,adj,co-hyponym,
indirect,direct,y,both,0.87,paired,0.98,paired,n,adj,antonym,complementary
indirectly,directly,y,both,0.84,paired,1,paired,n,adj,antonym,complementary
individually,collectively,n,both,0.9,paired,0.89,paired,n,adv,antonym,complementary
indoor,outdoor,y,both,0.6,,0.81,paired,n,adj,antonym,complementary
indoors,outdoors,y,both,0.68,paired,0.81,paired,n,noun/adv,antonym,complementary
induced,natural,n,whetherY,,,0.88,,n,adj,antonym-secondary,complementary
ineffective,effective,y,whetherY,,,0.56,,n,adj,antonym,scalar
ineligible,eligible,y,whetherY,,,0.53,,n,adj,antonym,complementary
inexpensive,expensive,n,whetherX,0.58,,,,n,adj,antonym,complementary
inexperienced,experienced,y,whetherY,,,0.52,,n,adj,antonym,scalar
infamous,famous,n,whetherY,,,0.54,,n,adj,antonym,complementary
infant,adult,n,whetherY,,,0.7,,n,adj/noun,antonym,multiple incompatibility
inferior,superior,y,both,0.66,paired,0.95,,n,adj,antonym,scalar
infield,outfield,y,both,0.82,,0.96,paired,n,adj/noun,antonym,complementary
infinite,finite,y,both,0.67,paired,0.92,paired,n,adj,antonym,complementary
inflated,real,n,whetherY,,,0.61,,n,adj,other-related,
informal,formal,y,both,0.88,paired,0.95,paired,n,adj,antonym,complementary
infrared,visible,n,whetherY,,,0.61,,n,adj,co-hyponym,
initially,later,n,whetherY,,,0.57,,n,adv,co-hyponym-temporal,
injecting,smoking,n,whetherY,,,0.6,,n,adj/verb,co-hyponym,
injections,pills,n,whetherY,,,0.73,,n,noun,co-hyponym,
injure,kill,n,both,0.69,,0.82,,n,verb,co-hyponym,
injuring,killing,n,whetherY,,,0.78,,n,verb,co-hyponym,
inland,coastal,y,whetherY,,,0.69,paired,n,adj,antonym,complementary
inner,outer,y,whetherX,0.65,paired,,,n,adj,antonym,scalar
innings,runs,n,whetherY,,,0.61,,n,noun,co-hyponym,
innoc,guilty,n,both,0.61,,0.85,,n,partial token,x-none,
innocence,guilt,y,both,0.92,paired,1,paired,n,noun,antonym,complementary
innocent,guilty,y,both,0.98,,1,paired,n,adj,antonym,complementary
input,output,n,whetherX,0.89,paired,,,n,adj/noun,antonym,complementary
inputs,outputs,n,both,0.78,paired,0.62,paired,n,noun,antonym,complementary
inquest,trial,n,whetherY,,,0.52,,n,noun,co-hyponym,
ins,outs,n,whetherX,0.7,,,,n,noun,antonym,complementary
inside,outside,y,whetherY,,,0.88,paired,n,adj/noun,antonym,complementary
instinctively,consciously,n,whetherY,,,0.74,,n,adv,antonym,complementary
institution,individual,n,both,0.73,,0.84,,n,noun,contrast-group-individual ,
institutions,individuals,n,both,0.73,,0.83,,n,noun,contrast-group-individual ,
instructor,student,n,both,0.7,,0.82,,n,noun,antonym-secondary,complementary
instructors,students,n,both,0.69,,0.7,,n,noun,antonym-secondary,complementary
instrumental,vocal,y,both,0.55,,0.55,,n,adj,antonym,complementary
insults,compliments,n,whetherY,,,0.65,,n,noun,antonym,scalar
intangible,tangible,y,whetherY,,,0.89,,n,adj,antonym,complementary
intentional,accidental,n,whetherY,,,0.8,paired,n,adj,antonym,complementary
intentionally,accidentally,n,whetherY,,,0.61,paired,n,adv,antonym,complementary
interceptions,touchdowns,n,whetherY,,,0.57,,n,noun,co-hyponym,
interior,exterior,y,both,0.93,paired,0.94,paired,n,noun,antonym,complementary
intermediary,direct,n,whetherY,,,0.58,,n,adj,co-hyponym,
internal,external,y,both,0.99,paired,0.98,paired,n,adj,antonym,complementary
internally,externally,y,both,0.86,paired,0.83,paired,n,adv,antonym,complementary
international,domestic,n,both,0.54,,0.54,,n,adj,antonym-secondary,complementary
interstate,local,n,whetherY,,,0.8,,n,adj,co-hyponym,complementary
interstellar,terrestrial,n,both,0.5,,0.87,,n,adj,co-hyponym,multiple incompatibility
intoxicated,sober,y,whetherY,,,0.87,,n,adj,antonym-secondary,scalar
intricate,simple,n,whetherY,,,0.58,,n,adj,antonym,scalar
invalid,valid,y,whetherY,,,0.64,,n,adj,antonym,complementary
invisible,visible,y,whetherY,,,0.9,,n,adj,antonym,scalar
involuntary,voluntary,y,both,0.64,,0.95,,n,adj,antonym,complementary
inward,outward,y,both,0.91,paired,0.95,paired,n,adj,antonym,scalar
irrational,rational,y,whetherY,,,0.67,,n,adj,antonym,scalar
irreversible,temporary,n,whetherY,,,0.53,,n,adj,antonym-secondary,complementary
isn,is,n,whetherY,,,0.59,,n,partial token,x-none,
jog,walk,n,whetherY,,,0.75,,n,verb,co-hyponym,
joints,muscles,n,whetherY,,,0.53,,n,noun,co-hyponym,
joking,serious,n,whetherY,,,0.8,,n,adj/verb,antonym-secondary,scalar
journals,books,n,whetherY,,,0.54,,n,noun,co-hyponym,
journey,destination,n,whetherX,0.59,,,,n,noun,co-hyponym,
jump,run,n,whetherY,,,0.59,,n,verb,co-hyponym,
junior,senior,y,both,0.85,,0.96,paired,n,adj/noun,antonym,complementary
jurors,judges,n,whetherY,,,0.51,,n,noun,co-hyponym,
jury,judge,n,whetherY,,,0.9,,n,noun,co-hyponym,
juvenile,adult,y,both,0.91,,0.96,,n,noun,antonym,complementary
juveniles,adults,n,both,0.84,,0.92,,n,noun,antonym,complementary
kale,spinach,n,whetherY,,,0.61,,n,noun,co-hyponym,
keyboard,mouse,n,both,0.92,,0.93,,n,noun,co-hyponym,
keyboards,mice,n,whetherY,,,0.68,,n,noun,co-hyponym,
kg,lb,n,whetherY,,,0.62,paired,n,noun,co-hyponym,
kid,adult,n,both,0.5,,0.65,,n,noun,antonym,complementary
kidding,serious,n,whetherY,,,0.66,,n,verb,antonym-secondary,scalar
killer,victim,n,whetherX,0.56,,,,n,noun,antonym,complementary
kilograms,pounds,n,both,0.66,paired,0.88,,n,noun,co-hyponym,
kilometers,miles,n,both,0.88,paired,0.86,paired,n,noun,co-hyponym,
kilometres,miles,n,both,0.81,,0.8,,n,noun,co-hyponym,
kiss,hug,n,whetherY,,,0.56,,n,noun,co-hyponym,
kissed,hugged,n,whetherY,,,0.61,,n,verb,co-hyponym,
kisses,hugs,n,whetherY,,,0.66,,n,noun,co-hyponym,
kitten,adult,n,whetherY,,,0.81,,n,noun,antonym,complementary
km,miles,n,both,0.63,,0.75,,n,noun,co-hyponym,
kneeling,standing,n,whetherY,,,0.64,,n,adj/verb,co-hyponym,
knit,crochet,n,both,0.63,,0.72,paired,n,verb,co-hyponym,
known,unknown,y,whetherX,0.63,,,,n,adj,antonym,complementary
labour,capital,n,whetherY,,,0.56,,n,noun,other-related,
ladies,gentlemen,n,both,0.64,paired,0.77,paired,n,noun,antonym,complementary
lady,gentleman,n,both,0.88,,0.82,paired,n,noun,antonym,complementary
lakes,rivers,n,both,0.54,,0.65,paired,n,noun,co-hyponym,
land,sea,n,whetherX,0.53,paired,,,n,noun,antonym,complementary
landing,takeoff,n,whetherY,,,0.94,paired,n,noun,antonym,reversive
landlord,tenant,n,both,0.91,paired,0.91,paired,n,noun,antonym,converse
landlords,tenants,n,whetherX,0.69,,,,n,noun,antonym,converse
laptop,desktop,n,whetherY,,,0.75,,n,noun,co-hyponym,
large,small,y,both,0.88,paired,0.9,,n,adj,antonym,scalar
larger,smaller,n,both,0.9,paired,0.92,paired,n,adj,antonym,scalar
largest,smallest,n,whetherY,,,0.73,paired,n,adj,antonym,scalar
larvae,adult,n,whetherY,,,0.63,,n,noun,antonym,complementary
last,first,y,both,0.52,,0.92,,n,adj/noun,antonym-numeric,complementary
lasting,temporary,n,whetherY,,,0.8,,n,adj,antonym-secondary,scalar
late,early,y,both,0.68,paired,0.95,paired,n,adj,antonym-temporal,scalar
later,sooner,n,whetherY,,,0.52,paired,n,adj/adv,antonym-temporal,scalar
lateral,vertical,n,both,0.53,,0.71,,n,adj,antonym-secondary,complementary
latter,former,y,both,0.63,,0.8,,n,adj,antonym,complementary
laugh,cry,y,whetherY,,,0.6,paired,n,verb,antonym,scalar
laughing,crying,n,both,0.74,,0.73,paired,n,verb,antonym,scalar
laughter,tears,n,whetherY,,,0.67,,n,noun,antonym,scalar
lawful,illegal,n,whetherY,,,0.53,,n,adj,antonym,complementary
lawfully,illegally,n,whetherY,,,0.69,,n,adv,antonym,complementary
laying,standing,n,whetherX,0.51,,,,n,verb,antonym-secondary,scalar
lb,kg,n,both,0.71,,0.82,paired,n,noun,co-hyponym,
lbs,kg,n,whetherY,,,0.55,,n,noun,co-hyponym,
leader,follower,y,whetherX,0.67,,,,n,noun,antonym,complementary
leaders,followers,n,whetherX,0.51,,,,n,noun,antonym,complementary
leading,following,y,whetherX,0.56,,,,n,verb,antonym,complementary
leased,owned,n,whetherY,,,0.85,paired,n,adj/verb,co-hyponym,
least,most,y,whetherY,,,0.78,,n,adj,antonym,scalar
leaving,staying,n,both,0.54,,0.61,,n,verb,antonym,complementary
lecturer,student,n,whetherY,,,0.63,,n,noun,antonym-secondary,converse
left,right,y,both,0.97,,0.99,paired,n,adj/noun,antonym,complementary
leftist,conservative,n,both,0.51,,0.76,,n,noun,antonym,complementary
leftists,conservatives,n,both,0.64,,0.67,,n,noun,antonym,complementary
legs,arms,n,whetherY,,,0.74,,n,noun,co-hyponym,
lend,borrow,y,whetherY,,,0.71,,n,verb,antonym,converse
lengthy,short,n,both,0.79,,0.77,,n,adj,antonym,scalar
lens,camera,n,whetherY,,,0.84,,n,noun,nym-meronym,
lenses,cameras,n,whetherY,,,0.56,,n,noun,nym-meronym,
leptin,insulin,n,both,0.64,,0.68,,n,noun,co-hyponym,
lesbians,gays,n,whetherY,,,0.78,,n,noun,antonym,complementary
less,more,y,both,0.72,paired,0.97,paired,n,adj,antonym,scalar
lessen,increase,n,whetherY,,,0.52,,n,verb,antonym-secondary,scalar
lesser,greater,y,both,0.79,,0.97,,n,adj,antonym,scalar
letter,email,n,whetherX,0.63,,,,n,noun,co-hyponym,
liabilities,assets,n,whetherY,,,0.83,,n,noun,antonym,complementary
liable,responsible,n,whetherY,,,0.53,,n,adj,nym-near-synonym,
libel,slander,n,whetherY,,,0.73,paired,n,noun,antonym,complementary
liberal,conservative,y,both,0.95,paired,0.97,paired,n,noun,antonym,scalar
liberalism,conservatism,n,both,0.56,paired,0.79,paired,n,noun,antonym,scalar
liberals,conservatives,n,both,0.93,paired,0.93,paired,n,noun,antonym,scalar
libertarian,conservative,n,whetherY,,,0.68,,n,adj,antonym,scalar
liberties,rights,n,whetherY,,,0.55,,n,noun,nym-near-synonym,
lie,truth,n,whetherY,,,0.82,,n,noun,antonym,scalar
lies,truth,n,whetherY,,,0.58,,n,noun,antonym,scalar
lieutenant,captain,n,both,0.55,,0.63,,n,noun,co-hyponym,
life,death,n,whetherX,0.97,,,,n,noun,antonym,complementary
lifeless,alive,n,both,0.57,,0.59,,n,adj,antonym-secondary,complementary
lifelong,temporary,n,both,0.55,,0.61,,n,adj,antonym-secondary,complementary
light,dark,y,whetherY,,,0.58,paired,n,adj,antonym,scalar
lighter,heavier,n,both,0.86,paired,0.86,paired,n,adj,antonym,scalar
liked,disliked,y,both,0.94,,0.85,paired,n,adj/verb,antonym,scalar
likelihood,probability,n,both,0.61,,0.57,,n,noun,co-hyponym,
lil,big,n,whetherY,,,0.54,,n,adj,antonym-secondary,scalar
lime,lemon,n,whetherY,,,0.7,,n,noun,co-hyponym,
limited,unlimited,y,whetherY,,,0.5,,n,adj,antonym,complementary
limitless,finite,n,whetherY,,,0.55,,n,adj,antonym-secondary,complementary
linen,cotton,n,whetherY,,,0.84,,n,noun,co-hyponym,
liquid,solid,n,both,0.94,,0.97,,n,noun,antonym,multiple incompatibility
liquids,solid,n,whetherY,,,0.76,,n,noun,antonym,multiple incompatibility
listen,read,n,whetherY,,,0.71,,n,verb,co-hyponym,
listeners,readers,n,whetherY,,,0.52,,n,noun,co-hyponym,
litres,gallons,n,whetherY,,,0.65,,n,noun,co-hyponym,
little,big,y,whetherY,,,0.88,,n,adj,antonym,scalar
living,dead,y,both,0.52,,0.69,,n,adj,antonym,complementary
local,national,y,whetherY,,,0.51,paired,n,adj,antonym,complementary
locals,tourists,n,whetherY,,,0.56,,n,noun,antonym,complementary
lock,key,n,both,0.79,,0.73,,n,noun,co-hyponym,
locked,unlocked,n,both,0.57,paired,0.66,paired,n,adj,antonym,reversive
locks,keys,n,whetherY,,,0.52,,n,noun,co-hyponym,
long,short,y,both,0.96,paired,0.98,paired,n,adj,antonym,scalar
longer,shorter,n,both,0.9,paired,0.82,paired,n,adj,antonym,scalar
longest,shortest,n,both,0.79,paired,0.91,paired,n,adj,antonym,scalar
longstanding,recent,n,both,0.52,,0.59,,n,adj,antonym,complementary
lose,win,y,whetherY,,,0.98,paired,n,verb,antonym,converse
loser,winner,y,whetherY,,,0.94,,n,noun,antonym,converse
losers,winners,n,both,0.69,,0.97,,n,noun,antonym,converse
loses,wins,n,both,0.51,paired,0.97,,n,verb,antonym,converse
losing,winning,n,both,0.65,paired,0.96,paired,n,verb,antonym,converse
loss,profit,n,whetherY,,,0.57,,n,noun,antonym,scalar
losses,profits,n,whetherY,,,0.65,,n,noun,antonym,scalar
lost,found,y,whetherX,0.67,,,,n,adj,antonym,reversive
loudly,quietly,n,both,0.59,,0.77,,n,adv,antonym,scalar
low,high,y,both,0.75,paired,0.97,paired,n,adj,antonym,scalar
lower,higher,n,both,0.74,paired,0.87,paired,n,adj,antonym,scalar
lowered,raised,y,whetherY,,,0.69,,n,adj/verb,antonym,converse
lowest,highest,n,both,0.74,paired,0.93,paired,n,adj,antonym,scalar
lows,highs,n,both,0.54,paired,0.8,paired,n,noun,antonym,scalar
lunar,solar,n,whetherY,,,0.75,,n,adj,co-hyponym,
lunch,dinner,n,whetherX,0.76,,,,n,noun,co-hyponym,
lunch,breakfast,n,whetherY,,,0.8,,n,noun,co-hyponym,
lung,heart,n,whetherY,,,0.55,,n,noun,co-hyponym,
lungs,heart,n,whetherY,,,0.66,,n,noun,co-hyponym,
lust,love,n,whetherY,,,0.68,,n,noun,nym-near-synonym,
mRNA,DNA,n,whetherY,,,0.58,,n,noun,co-hyponym,
macOS,Windows,n,whetherY,,,0.54,,n,noun,co-hyponym,
machine,human,n,whetherY,,,0.52,,n,noun,co-hyponym,
macro,micro,n,both,0.72,paired,0.84,paired,n,adj,antonym,complementary
magazine,newspaper,n,whetherY,,,0.59,,n,noun,co-hyponym,
magic,science,n,whetherY,,,0.6,,n,noun,contrast-conceptual,
magically,physically,n,whetherY,,,0.51,,n,adv,co-hyponym,
major,minor,y,both,0.66,paired,0.89,,n,adj,antonym,scalar
majority,minority,y,whetherY,,,0.72,paired,n,noun,antonym,scalar
majors,minors,n,whetherY,,,0.53,,n,noun,antonym,complementary
male,female,y,both,0.99,paired,0.99,paired,n,adj/noun,antonym,complementary
males,females,n,both,0.98,paired,0.98,paired,n,noun,antonym,complementary
mammal,bird,n,whetherY,,,0.53,,n,noun,co-hyponym,
mammals,birds,n,whetherY,,,0.51,,n,noun,co-hyponym,
manager,player,n,whetherY,,,0.7,,n,noun,co-hyponym,
mandatory,optional,n,both,0.62,,0.59,paired,n,adj,antonym,complementary
manslaughter,murder,n,whetherY,,,0.79,,n,noun,co-hyponym,
manufactured,natural,n,whetherY,,,0.71,,n,adj,antonym-secondary,complementary
many,few,y,whetherX,0.61,paired,,,n,adj,antonym,scalar
many,one,n,whetherY,,,0.76,,n,adj,antonym,complementary
marathon,sprint,n,whetherY,,,0.6,,n,noun,antonym,complementary
marine,terrestrial,n,whetherX,0.65,,,,n,adj,co-hyponym,multiple incompatibility
marine,land,n,whetherY,,,0.52,,n,adj,antonym-secondary,multiple incompatibility
marriage,divorce,n,whetherX,0.56,,,,n,noun,antonym,complementary
married,single,n,both,0.61,paired,0.94,paired,n,adj,antonym,complementary
marry,divorce,n,whetherX,0.7,,,,n,verb,antonym,complementary
marrying,dating,n,whetherY,,,0.75,,n,verb,antonym-secondary,complementary
masculine,feminine,y,both,0.98,paired,0.97,paired,n,adj,antonym,complementary
massive,small,n,whetherY,,,0.58,,n,adj,antonym-secondary,scalar
master,slave,n,whetherX,0.66,,,,n,adj/noun,antonym,complementary
masters,slaves,n,whetherX,0.56,,,,n,adj/noun,antonym,complementary
maternal,paternal,y,both,0.7,,0.58,paired,n,adj,antonym,complementary
max,min,n,both,0.54,paired,0.83,paired,n,adj,antonym,complementary
maximum,minimum,y,whetherY,,,0.67,paired,n,noun,antonym,complementary
me,you,n,whetherY,,,0.67,,n,noun/pronoun,antonym,complementary
meal,snack,n,whetherY,,,0.71,,n,noun,co-hyponym,
meals,snacks,n,whetherY,,,0.58,paired,n,noun,co-hyponym,
medial,lateral,n,both,0.86,,0.7,,n,adj,co-hyponym,
meet,greet,n,whetherX,0.6,,,,n,verb,other-conventional,
melee,ranged,n,whetherX,0.87,,,,n,adj/noun,co-hyponym,
melted,frozen,n,whetherX,0.56,,,,n,adj/verb,antonym,scalar
men,women,n,both,0.94,paired,0.96,paired,n,noun,antonym,complementary
mental,physical,y,both,0.52,,0.81,,n,adj,antonym,complementary
mentally,physically,n,both,0.55,,0.87,,n,adv,antonym,complementary
metallic,plastic,n,whetherY,,,0.59,,n,adj,co-hyponym,
metres,feet,n,whetherY,,,0.61,,n,noun,co-hyponym,
metropolitan,rural,n,both,0.68,,0.64,,n,adj,antonym-secondary,complementary
micro,macro,n,both,0.97,paired,0.99,paired,n,adj,antonym,complementary
mid,late,n,whetherX,0.56,,,,n,adj,co-hyponym-temporal,
midterm,presidential,n,whetherY,,,0.66,,n,adj,co-hyponym,
mild,severe,n,both,0.64,,0.62,paired,n,adj,antonym,complementary
miles,kilometers,n,both,0.6,paired,0.54,paired,n,noun,co-hyponym,
military,civilian,y,whetherY,,,0.58,paired,n,adj,antonym,complementary
millions,billions,n,whetherX,0.63,,,,n,noun,co-hyponym,
millions,thousands,n,whetherY,,,0.66,,n,noun,co-hyponym-numeric,
milliseconds,seconds,n,whetherY,,,0.52,,n,noun,co-hyponym-temporal,
min,max,n,both,0.75,paired,0.68,paired,n,adj,antonym,complementary
mind,body,n,whetherY,,,0.74,paired,n,noun,antonym,complementary
mine,yours,n,both,0.67,,0.9,,n,other/possessive,co-hyponym,
miniature,large,n,whetherY,,,0.54,,n,adj,antonym-secondary,scalar
minimum,maximum,y,whetherY,,,0.58,paired,n,noun,antonym,complementary
minor,major,y,whetherX,0.5,paired,,,n,adj,antonym,scalar
minor,adult,n,whetherY,,,0.81,,n,noun,antonym-secondary,complementary
minorities,whites,n,whetherY,,,0.67,,n,noun,co-hyponym,
minority,majority,y,whetherY,,,0.88,paired,n,noun,antonym,scalar
minors,adults,n,both,0.72,,0.95,,n,noun,antonym,complementary
mins,hours,n,whetherY,,,0.51,,n,noun,co-hyponym-temporal,
minus,plus,y,both,0.66,paired,0.99,paired,n,adj,antonym,scalar
minute,hour,n,whetherY,,,0.51,,n,noun,co-hyponym-temporal,
minutes,hours,n,both,0.52,,0.76,,n,noun,co-hyponym-temporal,
mir,real,n,whetherY,,,0.55,,n,partial token,x-none,
misdemeanor,felony,n,both,0.91,paired,0.97,paired,n,noun,co-hyponym,
misinformation,truth,n,whetherY,,,0.62,,n,noun,antonym-secondary,scalar
misleading,FALSE,n,whetherY,,,0.81,,n,adj,co-hyponym,
miss,hit,y,whetherY,,,0.97,,n,noun,antonym,complementary
misses,hits,n,whetherY,,,0.94,,n,noun,antonym,complementary
mist,rain,n,whetherY,,,0.78,,n,noun,co-hyponym,
mitochondrial,nuclear,n,whetherY,,,0.82,,n,adj,co-hyponym,
mobile,desktop,n,whetherY,,,0.71,,n,adj,co-hyponym,
modified,original,n,whetherY,,,0.56,,n,adj,antonym-secondary,complementary
moist,dry,n,both,0.78,,0.97,,n,adj,antonym-secondary,scalar
molten,solid,n,both,0.86,,0.79,,n,adj,antonym-secondary,scalar
momentarily,permanently,n,both,0.52,,0.79,,n,adv,antonym-secondary,complementary
moms,dads,n,whetherX,0.56,,,,n,noun,antonym,complementary
monkey,human,n,whetherY,,,0.65,,n,noun,co-hyponym,
month,year,n,whetherX,0.69,,,,n,noun,co-hyponym-temporal,
monthly,weekly,n,whetherY,,,0.65,,n,adv,co-hyponym-temporal,
months,years,n,whetherX,0.91,,,,n,noun,co-hyponym-temporal,
months,weeks,n,whetherY,,,0.62,,n,noun,co-hyponym-temporal,
moon,sun,n,whetherY,,,0.85,,n,noun,co-hyponym,
moons,planets,n,both,0.54,,0.8,,n,noun,co-hyponym,
more,less,y,both,0.93,paired,0.54,paired,n,adj,antonym,scalar
mornings,evenings,n,both,0.74,,0.78,paired,n,noun,antonym,multiple incompatibility
mosque,church,n,whetherY,,,0.55,,n,noun,co-hyponym,
most,all,n,both,0.67,,0.57,,n,other/det,co-hyponym,
mothers,fathers,n,both,0.52,,0.61,paired,n,noun,antonym,complementary
motorcycle,car,n,whetherY,,,0.56,,n,noun,co-hyponym,
motorcycles,cars,n,whetherY,,,0.72,,n,noun,co-hyponym,
mountainous,flat,n,whetherY,,,0.63,,n,adj,antonym,scalar
movie,book,n,whetherY,,,0.54,,n,noun,co-hyponym,
movies,books,n,whetherY,,,0.63,,n,noun,co-hyponym,
much,little,y,whetherY,,,0.73,,n,adj/adv/pronoun,antonym,scalar
muddy,dry,n,whetherY,,,0.62,,n,adj,antonym-secondary,scalar
multi,single,n,both,0.81,,0.92,,n,adj,antonym,complementary
multinational,local,n,whetherY,,,0.6,,n,adj,co-hyponym,complementary
multiple,single,y,whetherY,,,0.68,,n,adj,antonym-numeric,complementary
multiplication,division,n,both,0.77,,0.52,,n,noun,antonym,complementary
mustache,beard,n,whetherY,,,0.69,,n,noun,co-hyponym,
muttered,spoken,n,whetherY,,,0.56,,n,adj/verb,nym-hyponym,
mythical,real,n,whetherY,,,0.52,,n,adj,antonym-secondary,scalar
naked,clothed,n,both,0.51,,0.69,,n,adj,antonym,complementary
narrated,written,n,whetherY,,,0.61,,n,adj/verb,co-hyponym,
narrow,broad,n,whetherY,,,0.57,,n,adj,antonym,scalar
narrower,wider,n,whetherY,,,0.52,,n,adj,antonym,scalar
narrowly,broadly,y,whetherY,,,0.53,,n,adv,antonym,scalar
national,local,y,whetherY,,,0.7,paired,n,adj,antonym,complementary
nationally,locally,n,both,0.79,,0.96,,n,adv,antonym,complementary
native,immigrant,n,whetherY,,,0.6,paired,n,noun,antonym,complementary
nature,nurture,n,whetherX,0.59,paired,,,n,noun,contrast-conceptual,complementary
naughty,nice,n,both,0.78,,0.56,,n,adj,antonym,scalar
naval,land,n,whetherY,,,0.62,,n,adj,co-hyponym,
near,far,y,both,0.54,paired,0.6,paired,n,adj,antonym,scalar
neat,messy,n,whetherY,,,0.59,,n,adj,antonym,scalar
neck,head,n,whetherY,,,0.56,,n,noun,co-hyponym,
needs,wants,n,both,0.59,,0.88,,n,noun,co-hyponym,
negative,positive,y,both,0.89,paired,0.99,paired,n,adj,antonym,scalar
negatively,positively,n,both,0.94,paired,0.99,paired,n,adv,antonym,scalar
negatives,positives,n,both,0.58,paired,0.88,paired,n,noun,antonym,scalar
neglect,abuse,n,both,0.66,,0.68,,n,noun,co-hyponym,
negligent,reckless,n,whetherX,0.56,,,,n,noun,co-hyponym,
negro,white,n,whetherY,,,0.85,,n,adj,antonym-secondary,complementary
neighbour,friend,n,whetherY,,,0.56,,n,noun,co-hyponym,
neighbours,friends,n,whetherY,,,0.5,,n,noun,co-hyponym,
neither,both,n,both,0.7,,0.76,,n,adj,antonym,complementary
nephew,uncle,n,whetherY,,,0.52,,n,noun,co-hyponym,
nerve,muscle,n,whetherY,,,0.7,,n,noun,co-hyponym,
net,gross,y,whetherY,,,0.9,paired,n,adj,antonym,complementary
never,now,n,whetherY,,,0.73,,n,adv,co-hyponym-temporal,complementary
new,old,y,whetherY,,,0.94,,n,adj,antonym,scalar
newer,older,n,both,0.76,,0.65,,n,adj,antonym,scalar
newest,oldest,n,whetherY,,,0.54,,n,adj,antonym,scalar
nicer,worse,n,whetherX,0.56,,,,n,adj,antonym-secondary,scalar
night,day,y,both,0.85,paired,0.96,paired,n,noun,antonym,complementary
nightmare,reality,n,whetherX,0.5,,,,n,noun,contrast-conceptual,complementary
nights,days,n,both,0.79,,0.93,,n,noun,antonym,complementary
nighttime,daytime,n,both,0.63,paired,0.73,paired,n,noun,antonym,complementary
nine,eight,n,whetherY,,,0.54,,n,noun,co-hyponym-numeric,
nineteen,eighteen,n,whetherY,,,0.88,,n,noun,co-hyponym-numeric,
nineteenth,twentieth,n,whetherX,0.96,,,,n,adj/noun,co-hyponym-numeric,
nineteenth,eighteenth,n,whetherY,,,0.85,,n,adj/noun,co-hyponym-numeric,
ninth,tenth,n,whetherX,0.52,,,,n,adj/noun,co-hyponym-numeric,
ninth,eighth,n,whetherY,,,0.67,,n,adj/noun,co-hyponym-numeric,
no,yes,y,both,0.96,paired,0.98,paired,n,noun/adv,antonym,complementary
nominated,elected,n,whetherY,,,0.61,,n,adj/verb,co-hyponym,
nominees,candidates,n,whetherY,,,0.67,,n,noun,co-hyponym,
nonviolent,violent,y,whetherX,0.55,,,,n,adj,antonym,scalar
norm,exception,n,whetherY,,,0.76,,n,noun,antonym,complementary
north,south,y,both,0.98,paired,0.92,paired,n,adj,antonym,multiple incompatibility
northeast,southwest,n,both,0.56,,0.51,paired,n,adj,antonym,multiple incompatibility
northern,southern,y,both,0.93,paired,0.89,paired,n,adj,antonym,multiple incompatibility
nos,yes,n,whetherY,,,0.87,,n,noun/adv,antonym,complementary
noticeably,subtly,n,whetherY,,,0.52,,n,adv,antonym,scalar
noun,adjective,n,both,0.64,paired,0.7,paired,n,noun,co-hyponym,
now,later,n,whetherX,0.52,,,,n,adv,co-hyponym-temporal,
now,then,n,whetherY,,,0.64,paired,n,adv/noun,co-hyponym-temporal,
nuclear,conventional,y,whetherY,,,0.95,,n,adj,antonym,complementary
nude,clothed,n,both,0.72,,0.86,,n,adj,antonym,complementary
nurture,nature,n,both,0.97,paired,1,,n,noun,contrast-conceptual,complementary
oats,barley,n,whetherX,0.68,,,,n,noun,co-hyponym,
obese,overweight,n,both,0.82,paired,0.57,,n,adj,co-hyponym,
objective,subjective,y,both,0.87,paired,0.83,paired,n,adj,antonym,scalar
obligatory,optional,y,both,0.54,,0.51,,n,adj,antonym-secondary,complementary
obscured,visible,n,whetherY,,,0.5,,n,adj,antonym,scalar
observer,participant,n,both,0.82,paired,0.69,,n,noun,antonym,complementary
ocean,land,n,whetherY,,,0.72,,n,noun,antonym-secondary,complementary
of,of,n,whetherY,,,0.78,paired,y,other/preposition,x-identical,
off,on,y,both,0.72,paired,0.65,paired,n,adj/adv,antonym,complementary
offence,defence,y,whetherX,0.84,,,,n,noun,antonym,complementary
offender,victim,n,both,0.78,,0.93,,n,noun,antonym,complementary
offenders,victims,n,both,0.62,,0.84,,n,noun,antonym,complementary
offense,defense,y,both,0.99,paired,0.99,paired,n,noun,antonym,complementary
offensively,defensively,y,both,0.99,paired,0.99,paired,n,adv,antonym,complementary
official,unofficial,y,whetherX,0.69,paired,,,n,adj,antonym,complementary
offline,online,n,both,0.79,paired,0.8,,n,adj,antonym,complementary
offshore,on,n,whetherY,,,0.67,,n,adj,antonym,complementary
oil,gas,n,both,0.55,,0.73,paired,n,noun,co-hyponym,
old,young,y,both,0.76,paired,0.82,paired,n,adj,antonym,scalar
older,younger,n,whetherX,0.9,paired,,,n,adj,antonym,scalar
oldest,youngest,n,whetherY,,,0.74,paired,n,adj,antonym,scalar
omega,alpha,n,whetherY,,,0.91,,n,noun,antonym,complementary
on,off,y,both,0.76,paired,0.83,paired,n,adj/adv,antonym,complementary
once,twice,n,whetherY,,,0.64,paired,n,adv,co-hyponym-numeric,
online,offline,n,whetherX,0.92,paired,,,n,adj,antonym,complementary
onstage,off,n,whetherX,0.52,,,,n,adj,antonym,complementary
opaque,transparent,n,both,0.65,,0.72,,n,adj,antonym,scalar
open,closed,y,both,0.73,,0.59,paired,n,adj,antonym,scalar
opened,closed,n,both,0.87,,0.67,,n,adj/verb,antonym,scalar
opening,closing,y,whetherX,0.74,,,,n,verb,antonym,scalar
opens,closes,n,whetherX,0.64,,,,n,verb,antonym,scalar
operated,owned,n,whetherY,,,0.83,,n,adj/verb,co-hyponym,
opinion,fact,n,whetherY,,,0.61,,n,noun,antonym,scalar
opinions,facts,n,whetherY,,,0.78,,n,noun,antonym,scalar
oppos,pro,n,whetherY,,,0.63,,n,partial token,x-none,
oppose,support,n,whetherY,,,0.62,,n,verb,antonym,complementary
opposes,supports,n,whetherY,,,0.79,,n,verb,antonym,complementary
opposing,supporting,n,whetherY,,,0.66,,n,verb,antonym,complementary
optimistic,pessimistic,y,both,0.69,paired,0.54,paired,n,adj,antonym,scalar
optional,mandatory,n,whetherY,,,0.52,paired,n,adj,antonym,complementary
or,or,n,whetherY,,,0.74,paired,y,other/disjunction,x-identical,
oral,written,n,both,0.85,,0.9,,n,adj,antonym,complementary
orc,human,n,whetherY,,,0.71,,n,noun,co-hyponym,
orcs,humans,n,whetherY,,,0.55,,n,noun,co-hyponym,
orderly,chaotic,n,whetherY,,,0.72,,n,adv,antonym,scalar
organic,conventional,n,whetherY,,,0.84,,n,adj,antonym,complementary
organisation,individual,n,both,0.74,,0.92,,n,noun,contrast-group-individual ,
organisations,individuals,n,both,0.78,,0.88,,n,noun,contrast-group-individual ,
organization,individual,n,both,0.85,,0.91,,n,noun,contrast-group-individual ,
organizational,personal,n,whetherY,,,0.51,,n,adj,antonym-secondary,complementary
organizations,individuals,n,both,0.73,,0.85,,n,noun,contrast-group-individual ,
originals,copies,n,whetherY,,,0.58,paired,n,noun,antonym,complementary
ounce,gram,n,whetherY,,,0.51,,n,noun,co-hyponym,
ourselves,others,n,whetherX,0.52,,,,n,noun/pronoun,antonym,complementary
out,in,n,whetherY,,,0.62,,n,other/preposition,antonym,complementary
outdoor,indoor,y,whetherY,,,0.83,paired,n,adj,antonym,complementary
outdoors,indoors,y,both,0.89,paired,0.95,paired,n,noun/adv,antonym,complementary
outer,inner,y,both,0.75,paired,0.93,,n,adj,antonym,scalar
outfield,infield,y,whetherY,,,0.95,paired,n,adj/noun,antonym,complementary
outfielder,pitcher,n,whetherY,,,0.56,,n,noun,co-hyponym,
output,input,n,both,0.54,paired,0.99,,n,adj/noun,antonym,complementary
outputs,inputs,n,both,0.85,paired,0.97,paired,n,noun,antonym,complementary
outs,hits,n,whetherY,,,0.8,,n,noun,co-hyponym,
outside,inside,y,both,0.68,,0.85,paired,n,adj/noun,antonym,complementary
outsider,insider,n,both,0.77,,0.92,,n,noun,antonym,complementary
outsiders,insiders,n,both,0.7,,0.8,,n,noun,antonym,complementary
outward,inward,y,both,0.72,paired,0.89,paired,n,adj,antonym,scalar
oven,microwave,n,both,0.62,,0.53,,n,noun,co-hyponym,
over,under,n,whetherX,0.82,,,,n,adv,antonym,scalar
overhead,below,n,whetherX,0.61,,,,n,adj/adv,antonym-secondary,complementary
overrun,planned,n,whetherY,,,0.6,,n,adj/verb,other-related,
overweight,obese,n,whetherX,0.67,paired,,,n,adj,co-hyponym,
owes,owes,n,whetherY,,,0.55,paired,y,verb,x-identical,
owing,owing,n,both,0.78,paired,0.56,paired,y,verb,x-identical,
owned,leased,n,both,0.68,,0.55,paired,n,adj/verb,co-hyponym,
owning,renting,n,whetherY,,,0.85,paired,n,verb,co-hyponym,
packs,singles,n,whetherY,,,0.65,,n,noun,contrast-group-individual ,complementary
pair,single,n,whetherY,,,0.69,,n,noun,antonym,complementary
pairs,singles,n,whetherY,,,0.61,,n,noun,antonym,complementary
pal,foe,n,whetherX,0.61,,,,n,noun,antonym-secondary,complementary
pale,dark,n,whetherY,,,0.54,,n,adj,antonym-secondary,scalar
pans,pots,n,whetherY,,,0.95,,n,noun,co-hyponym,
papers,books,n,whetherY,,,0.67,,n,noun,co-hyponym,
paradise,hell,n,whetherY,,,0.75,,n,noun,antonym,complementary
paragraph,sentence,n,whetherY,,,0.73,,n,noun,nym-meronym,
paragraphs,sentences,n,whetherY,,,0.58,,n,noun,nym-meronym,
parent,child,y,whetherY,,,0.52,,n,noun,antonym,converse
part,whole,n,whetherY,,,0.68,paired,n,noun,nym-meronym,
participant,observer,n,whetherX,0.67,paired,,,n,noun,antonym,complementary
participating,watching,n,whetherY,,,0.55,,n,verb,antonym-secondary,complementary
particular,general,y,both,0.55,,0.89,,n,adj,antonym,scalar
particularly,generally,n,whetherY,,,0.59,,n,adv,antonym,scalar
parts,whole,n,whetherY,,,0.82,,n,noun,nym-meronym,
party,individual,n,whetherY,,,0.74,,n,noun,contrast-group-individual ,
passenger,driver,n,whetherY,,,0.57,paired,n,noun,antonym,converse
passer,receiver,n,whetherX,0.52,,,,n,noun,antonym,complementary
passes,tickets,n,whetherY,,,0.57,,n,noun,co-hyponym,
passive,active,y,both,0.73,,0.72,paired,n,adj,antonym,scalar
passively,actively,y,both,0.67,paired,0.78,paired,n,adv,antonym,scalar
password,username,n,whetherY,,,0.88,,n,noun,co-hyponym,
past,present,n,both,0.66,,0.63,paired,n,noun,co-hyponym-temporal,
paternal,maternal,y,whetherY,,,0.61,paired,n,adj,antonym,complementary
payable,due,n,whetherY,,,0.93,,n,noun,nym-near-synonym,
peace,war,y,both,0.95,paired,0.99,paired,n,noun,antonym,complementary
peaceful,violent,n,whetherY,,,0.54,,n,adj,antonym,scalar
peacefully,violently,n,whetherY,,,0.69,,n,adv,antonym,scalar
peak,trough,n,whetherY,,,0.72,paired,n,noun,antonym,scalar
peaks,valleys,n,both,0.77,,0.73,,n,noun,antonym,complementary
pear,apple,n,whetherY,,,0.54,,n,noun,co-hyponym,
pediatric,adult,n,both,0.69,,0.66,,n,adj,antonym-secondary,complementary
pencil,pen,n,whetherY,,,0.65,,n,noun,co-hyponym,
peninsula,island,n,both,0.55,,0.85,,n,noun,co-hyponym,
pepper,salt,n,both,0.53,,0.98,,n,noun,co-hyponym,
perceived,real,n,whetherY,,,0.73,,n,adj,antonym,complementary
perception,reality,n,whetherX,0.51,,,,n,noun,antonym,scalar
perennial,annual,n,whetherY,,,0.79,,n,adj,co-hyponym-temporal,
performs,writes,n,whetherY,,,0.52,,n,verb,co-hyponym,
perimeter,interior,n,both,0.51,,0.53,,n,noun,antonym-secondary,complementary
peripheral,central,y,whetherY,,,0.53,,n,adj,antonym,scalar
periphery,core,n,whetherY,,,0.71,,n,noun,antonym-secondary,scalar
permanent,temporary,n,both,0.93,paired,0.99,paired,n,adj,antonym,scalar
permanently,temporarily,y,both,0.71,paired,0.96,paired,n,adv,antonym,scalar
perpendicular,parallel,n,whetherY,,,0.79,,n,adj,antonym,complementary
perpetrator,victim,n,both,0.75,paired,0.93,,n,noun,antonym,complementary
perpetrators,victims,n,both,0.65,,0.86,,n,noun,antonym,complementary
perpetual,temporary,n,whetherY,,,0.68,,n,adj,antonym-secondary,complementary
perpetually,temporarily,n,whetherY,,,0.77,,n,adv,antonym-secondary,complementary
personally,professionally,n,whetherY,,,0.55,paired,n,adv,antonym,complementary
pessimistic,optimistic,y,both,0.73,paired,0.81,paired,n,adj,antonym,scalar
pest,predator,n,whetherY,,,0.53,,n,noun,other-related,
pet,human,n,whetherY,,,0.76,,n,noun,co-hyponym,
petrol,diesel,n,both,0.9,,0.88,,n,noun,co-hyponym,
phantom,real,n,both,0.5,,0.89,,n,adj,antonym-secondary,scalar
phony,real,n,whetherY,,,0.73,,n,adj,antonym-secondary,scalar
phosphorus,nitrogen,n,both,0.57,,0.6,,n,noun,co-hyponym,
phrase,word,n,whetherY,,,0.57,,n,noun,nym-meronym,
phrases,words,n,whetherY,,,0.77,,n,noun,nym-meronym,
pickups,cars,n,whetherY,,,0.64,,n,noun,co-hyponym,
pie,cake,n,whetherY,,,0.5,,n,noun,co-hyponym,
pine,oak,n,whetherY,,,0.64,,n,noun,co-hyponym,
pistol,rifle,n,whetherY,,,0.53,paired,n,noun,co-hyponym,
pistols,rifles,n,both,0.59,,0.72,,n,noun,co-hyponym,
pitchers,hitters,n,whetherY,,,0.58,paired,n,noun,antonym,complementary
pitching,batting,n,whetherY,,,0.51,paired,n,verb,antonym,complementary
places,people,n,whetherY,,,0.64,,n,noun,co-hyponym,
plainly,subtly,n,whetherY,,,0.51,,n,adv,antonym,scalar
plaintiff,defendant,y,both,0.91,,0.96,,n,noun,antonym,complementary
plaintiffs,defendants,n,both,0.77,,0.8,,n,noun,antonym,complementary
plant,animal,n,both,0.89,,0.86,,n,noun,co-hyponym,
plants,animals,n,both,0.61,,0.69,,n,noun,co-hyponym,
plasma,blood,n,whetherY,,,0.63,,n,noun,co-hyponym,
plates,cups,n,whetherY,,,0.51,,n,noun,co-hyponym,
playful,serious,n,whetherY,,,0.65,,n,adj,antonym,scalar
plea,indictment,n,whetherY,,,0.58,,n,noun,co-hyponym,
pleasure,pain,y,whetherX,0.55,,,,n,adj,antonym,scalar
plentiful,scarce,n,whetherY,,,0.58,,n,adj,antonym,scalar
plural,singular,y,both,0.95,paired,0.98,paired,n,adj,antonym,complementary
plurality,majority,n,whetherY,,,0.87,,n,noun,co-hyponym,
plus,minus,y,both,0.93,paired,0.82,paired,n,adj,antonym,scalar
plutonium,uranium,n,both,0.76,paired,0.87,paired,n,noun,co-hyponym,
poetry,prose,n,both,0.55,paired,0.67,paired,n,noun,antonym,complementary
pokemon,human,n,whetherY,,,0.55,,n,noun,co-hyponym,
political,personal,n,whetherY,,,0.58,,n,adj,antonym,scalar
polymer,metal,n,both,0.52,,0.62,,n,noun,co-hyponym,
pomp,circumstance,n,whetherX,0.54,,,,n,noun,other-conventional,
ponds,lakes,n,whetherY,,,0.52,,n,noun,co-hyponym,
poor,rich,y,both,0.53,paired,0.96,paired,n,adj,antonym,scalar
poorer,richer,n,both,0.61,paired,0.93,paired,n,adj,antonym,scalar
poorest,richest,n,both,0.58,paired,0.85,paired,n,adj,antonym,scalar
pop,rock,n,whetherY,,,0.51,,n,adj,co-hyponym,
pork,beef,n,whetherY,,,0.6,,n,noun,co-hyponym,
portion,whole,n,whetherY,,,0.79,,n,noun,nym-meronym,
portions,whole,n,whetherY,,,0.69,,n,noun,nym-meronym,
portrayed,real,n,whetherY,,,0.54,,n,adj/verb,antonym-secondary,complementary
posed,real,n,whetherY,,,0.68,,n,adj/verb,antonym-secondary,complementary
positive,negative,y,both,0.98,paired,0.99,paired,n,adj,antonym,scalar
positively,negatively,n,both,0.96,paired,0.97,paired,n,adv,antonym,scalar
positives,negatives,n,both,0.97,paired,0.96,paired,n,noun,antonym,scalar
possible,probable,n,whetherY,,,0.56,,n,adj,contrast-scalar,
posterior,anterior,y,both,0.87,paired,0.89,paired,n,adj,antonym,complementary
postpone,cancel,n,whetherY,,,0.56,,n,verb,co-hyponym,
posts,comments,n,whetherX,0.57,,,,n,noun,co-hyponym,
postseason,regular,n,whetherY,,,0.9,,n,adj,co-hyponym,
potassium,sodium,n,both,0.74,,0.88,paired,n,noun,co-hyponym,
pounds,kilograms,n,whetherX,0.59,paired,,,n,noun,co-hyponym,
poverty,wealth,y,whetherY,,,0.62,,n,noun,antonym,scalar
powder,liquid,n,whetherY,,,0.57,,n,noun,co-hyponym,
powdered,liquid,n,both,0.65,,0.71,,n,noun,co-hyponym,
practically,theoretically,n,whetherY,,,0.54,,n,adv,antonym,scalar
praising,criticizing,n,whetherX,0.68,,,,n,verb,antonym,scalar
pre,post,n,both,0.98,,0.59,,n,other/prefix,antonym-temporal,complementary
predator,prey,n,both,0.98,paired,0.97,paired,n,noun,antonym,converse
predators,prey,n,both,0.92,,0.93,,n,noun,antonym,converse
predecessor,successor,n,whetherX,0.69,,,,n,noun,antonym,complementary
prefix,suffix,y,whetherX,0.5,,,,n,noun,antonym,complementary
prehistoric,modern,n,whetherY,,,0.61,,n,adj,antonym,complementary
prepaid,cash,n,whetherY,,,0.77,,n,adj,co-hyponym,
presence,absence,y,whetherX,0.85,,,,n,noun,antonym,complementary
present,past,n,whetherY,,,0.91,paired,n,noun,co-hyponym-temporal,
pretend,real,n,both,0.62,,0.9,,n,adj,antonym,scalar
pretended,real,n,both,0.58,,0.84,,n,adj,antonym-secondary,scalar
pretending,real,n,whetherY,,,0.66,,n,adj/verb,antonym-secondary,scalar
prey,predator,n,both,0.95,paired,0.96,paired,n,noun,antonym,converse
primaries,caucuses,n,whetherY,,,0.57,paired,n,noun,co-hyponym,
primary,general,n,both,0.55,,0.73,,n,noun,co-hyponym,
princess,prince,n,whetherY,,,0.62,,n,noun,antonym,complementary
privat,public,n,whetherY,,,0.55,,n,partial token,x-none,
private,public,y,both,0.91,paired,0.96,paired,n,noun,antonym,complementary
privately,publicly,y,both,0.87,paired,0.95,paired,n,adv,antonym,complementary
privileged,poor,n,whetherY,,,0.52,,n,adj,antonym-secondary,scalar
prizes,cash,n,whetherY,,,0.66,,n,noun,co-hyponym,
pro,con,y,whetherX,0.93,,,,n,noun,antonym,complementary
proactive,reactive,n,both,0.83,,0.66,paired,n,adj,antonym,scalar
problem,solution,n,whetherY,,,0.56,,n,noun,antonym,complementary
processed,raw,n,whetherY,,,0.79,,n,adj,antonym,scalar
producer,consumer,n,whetherX,0.72,,,,n,noun,antonym,complementary
producers,consumers,n,both,0.82,,0.62,,n,noun,antonym,complementary
product,service,n,whetherX,0.57,,,,n,noun,antonym,complementary
products,services,n,whetherX,0.77,,,,n,noun,antonym,complementary
prof,student,n,whetherY,,,0.62,,n,noun,antonym-secondary,converse
professional,personal,n,both,0.71,,0.82,,n,adj,antonym,complementary
professionally,personally,n,both,0.74,,0.91,paired,n,adv,antonym,complementary
professor,student,n,whetherY,,,0.72,,n,noun,antonym,converse
professors,students,n,both,0.54,,0.6,,n,noun,antonym,complementary
progressive,conservative,n,both,0.68,,0.75,,n,adj,antonym,scalar
progressives,conservatives,n,both,0.67,,0.8,,n,noun,antonym,scalar
prohibits,permits,n,whetherY,,,0.58,,n,verb,antonym,complementary
proletarian,bourgeois,n,whetherY,,,0.5,,n,adj,antonym,scalar
prop,real,n,whetherY,,,0.71,,n,noun,antonym-secondary,complementary
proponent,opponent,n,both,0.72,,0.62,,n,noun,antonym,complementary
pros,cons,n,both,0.94,,0.9,paired,n,noun,antonym,complementary
prose,poetry,n,both,0.65,paired,0.86,paired,n,noun,antonym,complementary
prosecutors,judges,n,whetherX,0.52,,,,n,noun,co-hyponym,
prospect,veteran,n,whetherY,,,0.59,,n,noun,opposition-indirect,
prosperous,poor,n,whetherY,,,0.75,,n,adj,antonym-secondary,scalar
prostate,breast,n,whetherY,,,0.64,,n,noun,co-hyponym,
protagonist,antagonist,n,both,0.6,,0.56,paired,n,noun,antonym,complementary
protagonists,antagonists,n,whetherX,0.53,,,,n,noun,antonym,complementary
protein,fat,n,whetherY,,,0.65,,n,noun,co-hyponym,
proteins,fats,n,whetherY,,,0.52,,n,noun,co-hyponym,
province,state,n,whetherY,,,0.54,,n,noun,nym-meronym,
provinces,states,n,both,0.52,,0.84,,n,noun,nym-meronym,
psychologically,physically,n,whetherY,,,0.59,,n,adv,antonym,scalar
public,private,y,both,0.94,paired,0.93,paired,n,noun,antonym,complementary
publicly,privately,y,both,0.93,paired,0.87,paired,n,adv,antonym,complementary
pull,push,y,whetherY,,,0.9,paired,n,adj/verb,antonym,complementary
pulling,pushing,n,whetherY,,,0.74,,n,verb,antonym,complementary
pulls,pushes,n,whetherY,,,0.59,,n,verb,antonym,complementary
pup,adult,n,whetherY,,,0.54,,n,noun,antonym,complementary
pupil,teacher,n,whetherY,,,0.69,,n,noun,antonym,converse
purchaser,seller,n,both,0.71,,0.79,,n,noun,antonym,converse
purchasing,renting,n,whetherY,,,0.77,,n,verb,co-hyponym,
purported,real,n,whetherY,,,0.59,,n,adj,antonym-secondary,complementary
purposefully,accidentally,n,whetherY,,,0.78,,n,adv,antonym,complementary
purposely,accidentally,n,whetherY,,,0.66,,n,adv,antonym,complementary
push,pull,y,both,0.79,,0.68,paired,n,verb,antonym,reversive
puts,calls,n,whetherY,,,0.89,,n,noun,antonym-secondary,complementary
quad,single,n,whetherY,,,0.53,,n,noun,co-hyponym,
qualitative,quantitative,y,both,0.99,paired,0.99,paired,n,adj,antonym,complementary
quality,quantity,n,both,0.73,paired,0.72,paired,n,noun,contrast-conceptual,
quantitative,qualitative,y,both,0.96,paired,0.89,paired,n,adj,antonym,complementary
quantity,quality,n,both,0.9,paired,0.93,paired,n,noun,contrast-conceptual,
quarterly,monthly,n,whetherY,,,0.77,,n,adv,co-hyponym-temporal,
quarters,months,n,whetherY,,,0.69,,n,noun,co-hyponym-temporal,
queen,king,y,whetherY,,,0.86,,n,noun,antonym,complementary
queens,kings,n,whetherY,,,0.94,,n,noun,antonym,complementary
queer,straight,n,whetherY,,,0.94,,n,adj,antonym,complementary
question,answer,y,whetherX,0.59,,,,n,noun,antonym,complementary
questions,answers,n,whetherX,0.56,,,,n,noun,antonym,complementary
quick,slow,n,whetherY,,,0.56,,n,adj,antonym,scalar
quicker,slower,n,both,0.61,,0.59,,n,adv,antonym,scalar
quiet,loud,n,whetherY,,,0.6,,n,adj,antonym,scalar
quieter,louder,n,whetherY,,,0.65,,n,adj,antonym,scalar
radicals,moderates,n,whetherY,,,0.55,,n,noun,antonym,scalar
rain,shine,n,whetherX,0.85,paired,,,n,noun,co-hyponym,
rain,snow,n,whetherY,,,0.53,paired,n,noun,co-hyponym,
raining,sunny,n,whetherY,,,0.79,,n,adj/verb,co-hyponym,
rainy,sunny,n,whetherY,,,0.7,,n,adj,co-hyponym,
ran,walked,n,whetherY,,,0.74,,n,verb,co-hyponym,
randomized,random,n,both,0.57,,0.89,,n,adj,nym-near-synonym,
rapid,slow,n,whetherY,,,0.54,,n,adj,antonym-secondary,scalar
rapidly,slowly,n,whetherY,,,0.67,,n,adv,antonym-secondary,scalar
rare,common,n,whetherY,,,0.81,,n,adj,antonym,scalar
raw,cooked,y,whetherY,,,0.73,paired,n,adj,antonym,scalar
reactive,proactive,n,whetherY,,,0.69,paired,n,adj,antonym,scalar
realism,fantasy,n,whetherY,,,0.65,,n,noun,antonym,scalar
reap,sow,n,whetherY,,,0.84,,n,verb,other-conventional,
rear,front,y,both,0.51,,0.97,,n,noun,antonym,complementary
rebirth,death,n,whetherY,,,0.83,,n,noun,antonym-secondary,complementary
receive,give,n,whetherY,,,0.55,,n,verb,antonym,reversive
received,sent,n,whetherY,,,0.52,,n,verb,antonym,reversive
receiver,quarterback,n,whetherY,,,0.64,,n,noun,co-hyponym,
receivers,quarterbacks,n,whetherY,,,0.73,,n,noun,co-hyponym,
receives,gives,n,whetherY,,,0.58,,n,verb,antonym,reversive
recipient,donor,n,whetherY,,,0.61,,n,noun,antonym,converse
recipients,donors,n,whetherY,,,0.61,,n,noun,antonym,converse
recovered,lost,n,whetherY,,,0.66,,n,adj/verb,antonym,reversive
recreation,work,n,whetherY,,,0.52,,n,noun,antonym,scalar
rectangle,square,n,whetherY,,,0.66,,n,noun,co-hyponym,
rectangular,square,n,both,0.52,,0.58,,n,adj,co-hyponym,
reddit,Twitter,n,whetherY,,,0.5,,n,noun,co-hyponym,
reduces,increases,n,whetherY,,,0.73,,n,verb,antonym,scalar
refined,raw,n,whetherY,,,0.56,,n,adj,antonym-secondary,scalar
refrigerator,freezer,n,both,0.55,,0.56,,n,noun,co-hyponym,
refurb,new,n,both,0.61,,0.9,,n,adj,antonym-secondary,complementary
regained,lost,n,whetherY,,,0.83,,n,adj/verb,antonym,reversive
regimes,individuals,n,whetherY,,,0.6,,n,noun,contrast-group-individual ,
regional,national,n,both,0.57,,0.56,,n,adj,co-hyponym,
registering,existing,n,whetherY,,,0.58,,n,adj/verb,x-odd,
regress,linear,n,whetherY,,,0.7,,n,adj/verb,other-related,
reject,accept,y,whetherY,,,0.85,,n,verb,antonym,converse
rejected,accepted,n,whetherY,,,0.69,paired,n,verb,antonym,converse
rejection,acceptance,y,whetherY,,,0.56,,n,noun,antonym,converse
rejects,accepts,n,whetherY,,,0.52,,n,verb,antonym,converse
relatives,friends,n,whetherY,,,0.64,,n,noun,co-hyponym,
relegated,promoted,n,both,0.75,,0.93,,n,adj/verb,antonym,scalar
relegation,promotion,n,both,0.85,,0.98,,n,noun,antonym,scalar
reliever,starter,n,both,0.89,,0.99,,n,noun,antonym-secondary,complementary
relocate,stay,n,whetherY,,,0.54,,n,verb,antonym-secondary,complementary
remake,original,n,whetherY,,,0.89,,n,noun,antonym,complementary
remix,original,n,whetherY,,,0.71,,n,noun,antonym-secondary,complementary
remotely,locally,n,whetherY,,,0.58,,n,adv,antonym,scalar
removable,permanent,n,whetherY,,,0.73,,n,adj,antonym-secondary,complementary
renovated,new,n,whetherY,,,0.89,,n,adj/verb,antonym-secondary,complementary
rented,owned,n,whetherY,,,0.53,,n,adj/verb,antonym,complementary
renters,homeowners,n,whetherY,,,0.58,paired,n,noun,antonym,complementary
renting,owning,n,whetherY,,,0.58,paired,n,adj/verb,antonym,complementary
reopened,closed,n,both,0.58,,0.76,,n,adj,antonym-secondary,complementary
repeatedly,once,n,whetherY,,,0.8,,n,adv,co-hyponym-temporal,
replay,live,n,whetherY,,,0.66,,n,adj/noun,antonym,complementary
replica,original,n,both,0.54,,0.65,,n,noun,antonym-secondary,complementary
reprinted,original,n,whetherY,,,0.65,,n,adj/verb,antonym-secondary,complementary
resident,visitor,n,whetherX,0.54,paired,,,n,noun,antonym,complementary
residential,commercial,n,both,0.74,,0.83,,n,adj,antonym,complementary
residents,visitors,n,whetherX,0.52,,,,n,noun,antonym,complementary
respected,feared,n,whetherY,,,0.5,,n,adj/verb,co-hyponym,
resurrection,death,n,whetherY,,,0.84,,n,noun,antonym-secondary,complementary
retired,active,n,whetherY,,,0.53,,n,adj/verb,antonym-secondary,scalar
retirees,students,n,whetherY,,,0.61,,n,noun,antonym,complementary
retrieval,storage,n,whetherY,,,0.56,,n,noun,antonym-secondary,reversive
reusable,disposable,n,whetherY,,,0.52,,n,adj,antonym,complementary
reversible,permanent,n,whetherY,,,0.59,,n,adj,antonym-secondary,complementary
revised,original,n,whetherY,,,0.52,,n,adj,antonym-secondary,complementary
revision,original,n,whetherY,,,0.68,,n,noun,antonym-secondary,complementary
revolving,fixed,n,whetherY,,,0.63,,n,adj/verb,antonym-secondary,complementary
reward,punishment,n,both,0.76,,0.72,,n,noun,antonym,complementary
rewards,punishments,n,both,0.66,,0.56,,n,noun,antonym,complementary
rice,wheat,n,whetherY,,,0.55,,n,noun,co-hyponym,
rich,poor,y,both,0.96,paired,0.99,paired,n,adj,antonym,scalar
richer,poorer,n,both,0.86,paired,0.77,paired,n,adj,antonym,scalar
richest,poorest,n,both,0.52,paired,0.85,paired,n,adj,antonym,scalar
ridden,walked,n,whetherY,,,0.81,,n,adj/verb,co-hyponym,
ride,walk,y,whetherY,,,0.88,,n,adj/verb,co-hyponym,
riding,walking,n,both,0.57,,0.65,,n,verb,co-hyponym,
rifle,pistol,n,whetherY,,,0.51,paired,n,noun,co-hyponym,
right,wrong,y,whetherX,0.87,,,,n,adj,antonym,complementary
right,left,y,whetherY,,,0.74,paired,n,adj/noun,antonym,complementary
rightly,wrongly,n,both,0.94,,0.8,paired,n,adv,antonym,complementary
rigid,flexible,n,both,0.68,,0.53,,n,adj,antonym,scalar
rise,fall,y,whetherX,0.62,,,,n,verb,antonym,reversive
rises,falls,n,both,0.76,,0.6,,n,verb,antonym,reversive
rising,falling,y,whetherX,0.68,,,,n,verb,antonym,reversive
rivers,lakes,n,whetherY,,,0.53,paired,n,noun,co-hyponym,
rm,rm,n,whetherY,,,0.55,paired,y,verb,x-identical,
roaming,local,n,whetherY,,,0.77,,n,adj/verb,antonym-secondary,complementary
robot,human,n,whetherY,,,0.79,,n,noun,co-hyponym,
robotic,human,n,whetherY,,,0.66,,n,adj/noun,co-hyponym,
rode,walked,n,both,0.56,,0.91,,n,verb,co-hyponym,
rodent,human,n,both,0.59,,0.57,,n,noun,co-hyponym,
rookie,veteran,n,both,0.59,,0.76,,n,noun,antonym,scalar
rookies,veterans,n,both,0.64,,0.77,,n,noun,antonym,scalar
rotating,stationary,n,whetherY,,,0.67,,n,adj/verb,antonym-secondary,complementary
round,square,y,whetherY,,,0.75,,n,adj/noun,co-hyponym,
rounded,square,n,whetherY,,,0.55,,n,adj,co-hyponym,
row,column,n,both,0.62,,0.85,,n,noun,antonym,complementary
rows,columns,n,both,0.72,,0.8,,n,noun,antonym,complementary
rule,exception,n,whetherX,0.6,,,,n,noun,antonym,complementary
rumor,fact,n,whetherY,,,0.51,,n,noun,antonym-secondary,complementary
run,walk,n,both,0.71,,0.96,paired,n,verb,co-hyponym,
running,walking,n,whetherY,,,0.7,,n,verb,co-hyponym,
runs,walks,n,whetherY,,,0.84,paired,n,verb,co-hyponym,
rural,urban,y,both,0.84,paired,0.89,paired,n,adj,antonym,scalar
rye,barley,n,whetherX,0.6,,,,n,noun,co-hyponym,
rye,wheat,n,whetherY,,,0.5,,n,noun,co-hyponym,
sad,happy,n,both,0.5,,0.72,paired,n,adj,antonym,scalar
saliva,blood,n,whetherY,,,0.55,,n,noun,co-hyponym,
salmon,trout,n,whetherY,,,0.58,paired,n,noun,co-hyponym,
salty,sweet,n,both,0.62,,0.85,,n,adj,co-hyponym,
same,different,y,both,0.62,,0.84,,n,adj,antonym,scalar
sat,standing,n,whetherX,0.71,,,,n,adj/verb,antonym,multiple incompatibility
saturated,dry,n,whetherY,,,0.55,,n,adj/verb,antonym-secondary,scalar
sciences,arts,n,whetherY,,,0.76,,n,noun,co-hyponym,
scrimmage,game,n,whetherY,,,0.52,,n,noun,co-hyponym,
scripted,spontaneous,n,whetherY,,,0.56,,n,adj/verb,antonym,complementary
sculptures,paintings,n,whetherY,,,0.61,,n,noun,co-hyponym,
sea,land,n,both,0.73,paired,0.97,,n,noun,antonym,complementary
seafood,meat,n,whetherY,,,0.8,,n,noun,co-hyponym,
sealed,open,n,whetherY,,,0.78,,n,adj/verb,antonym-secondary,complementary
seated,standing,y,both,0.99,,0.99,,n,adj/verb,antonym,multiple incompatibility
seating,standing,n,whetherX,0.51,,,,n,adj/verb,antonym,multiple incompatibility
second,third,n,whetherX,0.62,,,,n,adj/noun,co-hyponym-numeric,
second,first,y,whetherY,,,0.96,,n,adj/noun,co-hyponym-numeric,
secondary,primary,y,both,0.59,,0.72,,n,adj,co-hyponym,
secondly,first,n,whetherY,,,0.93,,n,adj/adv,co-hyponym-numeric,
seconds,minutes,n,whetherY,,,0.74,,n,noun,co-hyponym-temporal,
secret,open,n,whetherY,,,0.57,,n,adj/noun,antonym,scalar
secretive,open,n,whetherY,,,0.71,,n,adj,antonym-secondary,scalar
secular,religious,y,both,0.55,,0.63,,n,adj,antonym,complementary
seem,real,n,whetherY,,,0.54,,n,adj/verb,x-odd,
segregated,integrated,y,whetherY,,,0.6,,n,adj/verb,antonym,scalar
sell,buy,y,whetherY,,,0.94,,n,verb,antonym,converse
seller,buyer,n,both,0.91,paired,0.97,paired,n,noun,antonym,converse
sellers,buyers,n,both,0.87,paired,0.97,paired,n,noun,antonym,converse
selling,buying,n,both,0.54,paired,0.9,,n,verb,antonym,converse
sells,buys,n,whetherY,,,0.88,paired,n,verb,antonym,converse
semi,final,n,whetherX,0.53,,,,n,noun,co-hyponym,
semifinals,finals,n,whetherX,0.56,,,,n,noun,co-hyponym,
semifinals,quarters,n,whetherY,,,0.89,,n,noun,co-hyponym,
senate,house,n,whetherY,,,0.78,,n,noun,co-hyponym,
sender,receiver,n,both,0.85,,0.54,,n,noun,antonym,converse
sending,receiving,n,both,0.88,,0.52,,n,verb,antonym,converse
sends,receives,n,whetherX,0.55,,,,n,verb,antonym,converse
senior,junior,y,whetherY,,,0.8,paired,n,adj/noun,antonym,complementary
sent,received,n,whetherX,0.65,,,,n,adj/verb,antonym,converse
sentenced,convicted,n,whetherY,,,0.78,,n,adj/verb,co-hyponym,
separated,married,n,whetherY,,,0.79,,n,adj/verb,antonym,complementary
separately,together,n,whetherY,,,0.54,,n,adv,antonym,complementary
separating,married,n,whetherY,,,0.56,,n,adj/verb,antonym,complementary
serotonin,dopamine,n,whetherY,,,0.88,paired,n,noun,co-hyponym,
servant,master,n,whetherY,,,0.69,,n,noun,antonym,converse
server,client,n,both,0.56,,0.8,,n,noun,antonym,converse
services,goods,n,whetherY,,,0.76,,n,noun,antonym,complementary
seven,six,n,whetherY,,,0.8,,n,noun,co-hyponym-numeric,
seventh,sixth,n,whetherY,,,0.57,,n,adj/noun,co-hyponym-numeric,
several,one,n,whetherY,,,0.93,,n,adj/pronoun,co-hyponym-numeric,
severe,mild,n,whetherY,,,0.62,paired,n,adj,antonym,complementary
severely,moderately,n,both,0.55,,0.78,,n,adv,contrast-scalar,
sew,knit,n,whetherY,,,0.54,,n,verb,co-hyponym,
sex,race,n,whetherY,,,0.59,,n,noun,co-hyponym,
sexism,racism,n,whetherY,,,0.71,,n,noun,co-hyponym,
sexist,racist,n,whetherY,,,0.66,,n,adj,co-hyponym,
shade,sun,n,both,0.57,,0.67,,n,noun,antonym,scalar
shadow,light,n,whetherY,,,0.53,,n,noun,antonym,scalar
shallow,deep,y,both,0.78,,0.81,paired,n,adj,antonym,scalar
sham,real,n,whetherY,,,0.7,,n,adj,antonym-secondary,complementary
shampoo,soap,n,whetherY,,,0.55,,n,noun,co-hyponym,
shared,private,n,both,0.59,,0.73,,n,adj,antonym-secondary,complementary
she,he,n,whetherY,,,0.94,paired,n,noun/pronoun,antonym,complementary
sheets,blankets,n,whetherX,0.51,,,,n,noun,co-hyponym,
shield,sword,n,whetherY,,,0.73,,n,noun,co-hyponym,
shine,rain,n,both,0.92,paired,0.99,,n,noun,co-hyponym,
shines,rains,n,whetherY,,,0.79,,n,verb,co-hyponym,
shipped,mailed,n,whetherY,,,0.52,,n,adj/verb,co-hyponym,
shoe,sock,n,whetherY,,,0.58,,n,noun,co-hyponym,
shooter,victim,n,whetherY,,,0.63,,n,noun,co-hyponym,
short,long,y,both,0.82,paired,1,paired,n,adj,antonym,scalar
shorter,longer,n,both,0.78,paired,0.8,paired,n,adj,antonym,scalar
shortest,longest,n,both,0.67,paired,0.78,paired,n,adj,antonym,scalar
shortfall,surplus,n,whetherY,,,0.83,,n,noun,antonym,scalar
shotgun,rifle,n,both,0.57,,0.71,,n,noun,co-hyponym,
shotguns,rifles,n,both,0.76,,0.87,,n,noun,co-hyponym,
shoved,pushed,n,whetherY,,,0.51,,n,verb,other-conventional,
shrink,grow,n,whetherY,,,0.73,,n,verb,antonym,scalar
shrinking,growing,n,both,0.54,,0.56,,n,verb,antonym,scalar
shut,open,y,whetherY,,,0.87,,n,adj/verb,antonym,scalar
sibling,parent,n,whetherY,,,0.55,,n,noun,co-hyponym,
signal,noise,n,whetherX,0.54,,,,n,noun,antonym,complementary
silk,cotton,n,whetherY,,,0.53,,n,noun,co-hyponym,
silver,gold,n,both,0.87,paired,0.92,paired,n,noun,co-hyponym,
similarities,differences,n,both,0.82,paired,0.73,paired,n,noun,antonym,scalar
simple,complex,y,both,0.54,paired,0.57,paired,n,adj,antonym,scalar
simul,live,n,whetherY,,,0.63,,n,partial token,x-none,
simulate,real,n,whetherY,,,0.82,,n,adj/verb,x-odd,
simulated,real,n,both,0.68,,0.9,,n,adj,antonym,scalar
simulation,real,n,whetherY,,,0.58,,n,noun,antonym,scalar
since,before,n,whetherY,,,0.84,,n,adv,antonym-temporal,
single,married,n,both,0.7,paired,0.86,paired,n,adj,antonym,complementary
singles,couples,n,whetherY,,,0.64,paired,n,noun,antonym,complementary
singular,plural,y,both,0.95,paired,0.93,paired,n,adj,antonym,complementary
sinners,saints,n,whetherY,,,0.51,,n,noun,antonym,scalar
sister,brother,y,whetherY,,,0.93,,n,noun,antonym,complementary
sisters,brothers,n,whetherY,,,0.97,,n,noun,antonym,complementary
sit,stand,y,both,0.93,,0.81,paired,n,verb,antonym,multiple incompatibility
sits,stands,n,both,0.65,,0.73,,n,verb,antonym,multiple incompatibility
sitting,standing,n,both,0.97,paired,0.95,paired,n,verb,antonym,multiple incompatibility
six,five,n,whetherY,,,0.74,,n,noun,co-hyponym-numeric,
sixteen,fifteen,n,whetherY,,,0.54,,n,noun,co-hyponym-numeric,
sizable,small,n,whetherY,,,0.76,,n,adj,antonym-secondary,scalar
sizeable,small,n,whetherY,,,0.74,,n,adj,antonym-secondary,scalar
sizes,shapes,n,whetherY,,,0.56,,n,noun,co-hyponym,
skeptics,believers,n,both,0.68,paired,0.78,paired,n,noun,antonym,complementary
skinny,fat,n,whetherY,,,0.74,,n,adj,antonym,scalar
slander,libel,n,whetherY,,,0.59,paired,n,noun,antonym,complementary
slave,free,n,both,0.66,,0.72,,n,adj/noun,antonym,scalar
sleeping,awake,n,both,0.68,,0.66,,n,adj,antonym-secondary,complementary
sleepy,awake,n,both,0.52,,0.65,,n,adj,antonym-secondary,complementary
slow,fast,y,both,0.7,paired,0.96,paired,n,adj,antonym,scalar
slower,faster,n,both,0.87,paired,0.94,paired,n,adj,antonym,scalar
small,large,y,whetherX,0.73,paired,,,n,adj,antonym,scalar
small,big,y,whetherY,,,0.62,paired,n,adj,antonym,scalar
smaller,larger,n,both,0.75,paired,0.61,paired,n,adj,antonym,scalar
smallest,largest,n,both,0.81,,0.7,paired,n,adj,antonym,scalar
smartphone,tablet,n,both,0.73,paired,0.5,,n,noun,co-hyponym,
smartphones,tablets,n,both,0.64,,0.59,,n,noun,co-hyponym,
smokers,drinkers,n,whetherY,,,0.75,,n,noun,co-hyponym,
smokes,drinks,n,whetherY,,,0.52,,n,verb,co-hyponym,
smoking,drinking,n,whetherY,,,0.64,,n,verb,co-hyponym,
snacks,meals,n,whetherY,,,0.67,paired,n,noun,co-hyponym,
snow,rain,n,both,0.52,,0.9,paired,n,noun,co-hyponym,
soaked,dry,n,whetherY,,,0.75,,n,adj/verb,antonym-secondary,scalar
sober,drunk,n,whetherY,,,0.78,paired,n,adj,antonym,scalar
socialism,capitalism,y,both,0.8,,0.91,paired,n,noun,co-hyponym,
socialist,capitalist,n,whetherY,,,0.69,paired,n,adj,co-hyponym,
societal,individual,n,both,0.58,,0.52,,n,adj,contrast-group-individual ,
societies,individuals,n,whetherY,,,0.77,,n,noun,contrast-group-individual ,
society,individual,n,whetherY,,,0.68,,n,noun,contrast-group-individual ,
socks,shoes,n,whetherY,,,0.55,,n,noun,co-hyponym,
sodium,potassium,n,whetherY,,,0.72,paired,n,noun,co-hyponym,
sofa,chair,n,whetherY,,,0.59,,n,noun,co-hyponym,
soft,hard,y,both,0.64,paired,0.84,paired,n,adj,antonym,scalar
software,hardware,y,both,0.87,paired,0.86,paired,n,noun,antonym,complementary
soluble,solid,n,whetherY,,,0.61,,n,adj/noun,co-hyponym,
solvent,solid,n,whetherY,,,0.83,,n,adj/noun,co-hyponym,
some,all,n,both,0.69,,0.79,,n,other/det,co-hyponym-numeric,
someday,now,n,whetherY,,,0.6,,n,adv,co-hyponym-temporal,
someone,something,n,whetherY,,,0.72,,n,noun/pronoun,co-hyponym,
son,father,n,whetherY,,,0.89,,n,noun,antonym,converse
sons,daughters,n,both,0.79,paired,0.51,paired,n,noun,antonym,complementary
sooner,later,n,both,0.97,,0.91,paired,n,adj/adv,antonym-temporal,scalar
sophomore,senior,n,both,0.64,,0.51,,n,noun,co-hyponym,
soul,body,n,whetherY,,,0.71,,n,noun,contrast-conceptual,
sour,sweet,y,both,0.79,paired,0.97,,n,adj,antonym,scalar
south,north,y,both,0.77,paired,0.99,paired,n,adj,antonym,multiple incompatibility
southern,northern,y,both,0.71,paired,0.88,paired,n,adj,antonym,multiple incompatibility
southwest,northeast,n,whetherY,,,0.6,paired,n,adj/noun,antonym,multiple incompatibility
soy,corn,n,both,0.59,,0.69,,n,noun,co-hyponym,
space,time,n,whetherY,,,0.6,,n,noun,co-hyponym,
spatial,temporal,n,both,0.74,,0.73,,n,adj,co-hyponym,
specialized,general,n,whetherY,,,0.67,,n,adj/verb,antonym,scalar
specific,general,y,both,0.58,paired,0.73,paired,n,adj,antonym,scalar
specifically,generally,y,whetherY,,,0.52,paired,n,adv,antonym,scalar
specifics,general,n,whetherY,,,0.57,,n,adj/noun,antonym,scalar
speedy,slow,n,whetherY,,,0.62,,n,adj,antonym-secondary,scalar
spend,save,n,both,0.86,,0.88,,n,verb,antonym,scalar
spending,saving,n,whetherY,,,0.81,,n,verb,antonym,scalar
sperm,egg,n,both,0.65,,0.63,,n,noun,antonym,complementary
spices,herbs,n,whetherY,,,0.52,,n,noun,co-hyponym,
spiritually,physically,n,whetherY,,,0.51,,n,adv,contrast-conceptual,
spoken,written,y,both,0.56,,0.82,paired,n,adj,antonym,complementary
sponsored,independent,n,whetherY,,,0.57,,n,adj/verb,opposition-indirect,
spontaneous,planned,n,whetherY,,,0.68,,n,adj,antonym,complementary
spoon,fork,n,whetherY,,,0.64,,n,noun,co-hyponym,
spring,winter,n,whetherY,,,0.57,,n,adj/noun,co-hyponym,multiple incompatibility
sprint,marathon,n,whetherX,0.76,,,,n,noun,antonym,scalar
squid,fish,n,whetherY,,,0.65,,n,noun,co-hyponym,
stabbed,shot,n,whetherY,,,0.76,,n,verb,co-hyponym,
stabilize,decline,n,whetherX,0.56,,,,n,verb,co-hyponym,
stack,single,n,whetherY,,,0.51,,n,noun,contrast-group-individual ,
staged,real,n,whetherY,,,0.58,,n,adj/verb,antonym-secondary,complementary
stagnation,growth,n,whetherY,,,0.57,,n,noun,antonym,scalar
stainless,aluminum,n,whetherY,,,0.52,,n,noun,co-hyponym,
stale,fresh,y,whetherY,,,0.73,,n,adj,antonym,scalar
stamps,coins,n,whetherY,,,0.62,,n,noun,co-hyponym,
stand,sit,y,whetherY,,,0.83,paired,n,verb,antonym,multiple incompatibility
standing,sitting,n,both,0.72,paired,0.77,paired,n,verb,antonym,multiple incompatibility
start,finish,y,whetherX,0.63,,,,n,noun/verb,antonym,complementary
starter,backup,n,whetherY,,,0.56,,n,noun,antonym-secondary,complementary
stated,implied,n,both,0.78,,0.64,,n,adj/verb,antonym-secondary,scalar
statewide,local,n,whetherY,,,0.79,,n,adj,co-hyponym,multiple incompatibility
static,dynamic,n,both,0.71,paired,0.7,paired,n,adj,antonym,complementary
statically,dynamically,n,both,0.59,,0.89,,n,adv,antonym,complementary
stationary,moving,n,both,0.7,,0.75,,n,adj,antonym,complementary
stay,go,n,whetherX,0.63,paired,,,n,verb,antonym,complementary
stayed,left,n,both,0.75,,0.5,,n,verb,antonym,complementary
steering,driving,n,whetherY,,,0.5,,n,verb,co-hyponym,
stereo,mono,n,both,0.77,,0.87,,n,adj,antonym,complementary
stimulates,inhibits,n,whetherX,0.6,,,,n,verb,antonym,scalar
stocks,bonds,n,both,0.81,,0.83,paired,n,noun,co-hyponym,
stood,sat,n,both,0.55,,0.61,,n,verb,antonym,multiple incompatibility
stop,go,n,whetherX,0.7,,,,n,verb,antonym,complementary
store,online,n,whetherX,0.64,,,,n,adj/noun,antonym-secondary,complementary
stores,online,n,both,0.55,,0.54,,n,adj/noun,antonym-secondary,complementary
straight,gay,n,both,0.76,paired,0.97,paired,n,adj,antonym,complementary
stranger,friend,n,whetherY,,,0.72,,n,noun,antonym,complementary
strangers,friends,n,whetherY,,,0.74,,n,noun,antonym,complementary
strategic,tactical,n,both,0.53,paired,0.62,paired,n,adj,antonym,scalar
strengthened,weakened,n,both,0.75,,0.56,,n,adj/verb,antonym,scalar
strengthening,weakening,y,whetherX,0.55,,,,n,verb/noun,antonym,scalar
strengths,weaknesses,n,both,0.92,paired,0.83,paired,n,noun,antonym,scalar
strikeouts,walks,n,whetherX,0.53,,,,n,noun,co-hyponym,
strikers,defenders,n,whetherY,,,0.59,,n,noun,co-hyponym,
strong,weak,y,both,0.91,,0.88,paired,n,adj,antonym,scalar
stronger,weaker,n,both,0.92,paired,0.92,paired,n,adj,antonym,scalar
strongest,weakest,n,both,0.73,paired,0.52,paired,n,adj,antonym,scalar
studying,working,n,whetherY,,,0.58,,n,adj/verb,co-hyponym,
styled,natural,n,whetherY,,,0.65,,n,adj,antonym-secondary,scalar
subcommittee,committee,n,whetherY,,,0.61,,n,noun,nym-meronym,
subconscious,conscious,n,both,0.59,,0.96,,n,adj/noun,co-hyponym,
subjective,objective,y,both,0.89,paired,0.93,paired,n,adj,antonym,scalar
subs,starters,n,whetherY,,,0.62,,n,noun,antonym-secondary,complementary
subsidiary,parent,n,whetherY,,,0.7,,n,noun,nym-meronym,
subtly,overtly,n,whetherY,,,0.6,,n,adv,antonym,scalar
subtract,add,y,both,0.67,,0.98,,n,verb,antonym,complementary
suburb,city,n,whetherY,,,0.73,,n,noun,nym-meronym,
succeed,fail,y,both,0.83,,0.65,paired,n,verb,antonym,scalar
succeeds,fails,n,both,0.78,,0.82,paired,n,verb,antonym,scalar
success,failure,y,both,0.9,paired,0.86,paired,n,noun,antonym,scalar
successes,failures,n,both,0.84,,0.76,paired,n,noun,antonym,scalar
suddenly,gradually,n,whetherY,,,0.55,,n,adv,antonym,scalar
sudo,root,n,whetherY,,,0.63,,n,noun,other-related,
suffix,prefix,y,whetherY,,,0.83,,n,noun,antonym,complementary
summer,winter,n,both,0.63,paired,0.71,paired,n,noun,antonym,multiple incompatibility
summers,winters,n,both,0.87,paired,0.97,paired,n,noun,antonym,multiple incompatibility
sung,spoken,n,both,0.65,,0.92,,n,adj,antonym-secondary,complementary
sunny,cloudy,n,both,0.86,paired,0.68,paired,n,adj,co-hyponym,
sunrise,sunset,y,both,0.99,paired,0.88,paired,n,noun,antonym,complementary
sunset,sunrise,y,both,0.95,paired,0.97,paired,n,noun,antonym,complementary
sunshine,rain,n,both,0.63,,0.71,,n,noun,co-hyponym,
superior,inferior,y,whetherX,0.57,paired,,,n,adj,antonym,scalar
superiors,subordinates,n,whetherX,0.91,,,,n,noun,antonym,complementary
supernatural,natural,y,whetherY,,,0.55,,n,adj,antonym-secondary,scalar
supper,breakfast,n,whetherY,,,0.53,,n,noun,co-hyponym,
supplement,food,n,whetherY,,,0.51,,n,noun,co-hyponym,
supply,demand,y,both,0.98,paired,0.98,paired,n,noun,antonym,complementary
supporter,opponent,n,whetherY,,,0.72,,n,noun,antonym,scalar
supporters,opponents,n,whetherY,,,0.58,,n,noun,antonym,scalar
supporting,opposing,n,whetherX,0.64,,,,n,adj/verb,antonym,scalar
supports,opposes,n,whetherX,0.74,,,,n,adj/verb,antonym,scalar
surgeon,patient,n,whetherY,,,0.53,,n,noun,antonym,complementary
surplus,deficit,n,both,0.77,paired,0.74,paired,n,noun,antonym,complementary
survives,dies,n,whetherX,0.52,,,,n,verb,antonym,complementary
surviving,dead,n,whetherY,,,0.76,,n,adj/verb,antonym,complementary
survivor,victim,n,whetherY,,,0.72,,n,noun,co-hyponym,
survivors,victims,n,whetherY,,,0.61,,n,noun,co-hyponym,
suspects,witnesses,n,whetherY,,,0.55,,n,noun,co-hyponym,
suspensions,fines,n,whetherY,,,0.52,,n,noun,other-related,
sustained,temporary,n,whetherY,,,0.62,,n,adj/verb,antonym-secondary,complementary
swallow,chew,n,whetherY,,,0.57,,n,verb,co-hyponym,
sweet,sour,y,whetherX,0.54,paired,,,n,adj,antonym,scalar
swift,slow,n,whetherY,,,0.72,,n,adj,antonym-secondary,scalar
swiftly,slowly,n,whetherY,,,0.58,,n,adv,antonym-secondary,scalar
swirling,stationary,n,whetherY,,,0.56,,n,adj,antonym-secondary,scalar
symptoms,signs,n,whetherY,,,0.51,,n,noun,nym-near-synonym,
synthetic,natural,n,both,0.66,,0.71,,n,adj,antonym-secondary,scalar
system,individual,n,both,0.56,,0.82,,n,noun,antonym,complementary
systematically,individually,n,whetherY,,,0.55,,n,adv,contrast-conceptual,
systemic,individual,n,whetherY,,,0.54,,n,adj,contrast-conceptual,
tablet,smartphone,n,whetherX,0.56,paired,,,n,noun,co-hyponym,
tacit,explicit,n,both,0.78,,0.55,,n,adj,antonym,scalar
tactical,strategic,n,both,0.57,paired,0.67,paired,n,adj,antonym,scalar
tail,head,y,whetherY,,,0.7,,n,noun,antonym,complementary
tails,heads,n,whetherY,,,0.93,,n,noun,antonym,complementary
take,give,y,whetherY,,,0.97,,n,verb,antonym,reversive
takeoff,landing,n,both,0.85,,0.92,paired,n,noun,antonym,reversive
taking,giving,n,whetherY,,,0.81,,n,verb,antonym,reversive
tall,short,y,both,0.78,,0.86,,n,adj,antonym,scalar
taller,shorter,n,both,0.76,,0.81,,n,adj,antonym,scalar
tallest,shortest,n,both,0.58,,0.59,,n,adj,antonym,scalar
tangible,intangible,y,whetherX,0.76,,,,n,adj,antonym,scalar
taped,live,n,whetherY,,,0.79,,n,adj/verb,antonym-secondary,complementary
targeted,random,n,whetherY,,,0.64,,n,adj,antonym,complementary
tart,sweet,n,whetherY,,,0.81,,n,adj,antonym-secondary,scalar
taxed,free,n,whetherY,,,0.57,,n,adj/verb,antonym-secondary,scalar
tea,coffee,n,both,0.76,paired,0.96,paired,n,noun,co-hyponym,
teacher,student,n,both,0.58,,0.63,,n,noun,antonym,converse
teachers,students,n,whetherX,0.53,,,,n,noun,antonym,converse
team,individual,n,both,0.62,,0.8,,n,noun,contrast-group-individual ,
teams,individuals,n,whetherY,,,0.68,,n,noun,contrast-group-individual ,
tear,wear,n,whetherY,,,0.92,,n,verb,other-conventional,
teenage,adult,n,whetherY,,,0.52,,n,adj,antonym,multiple incompatibility
tell,show,n,whetherY,,,0.51,,n,verb,co-hyponym,
temporarily,permanently,y,both,0.85,paired,0.95,paired,n,adv,antonym,scalar
temporary,permanent,n,both,0.85,paired,0.88,paired,n,adj,antonym,scalar
tenant,landlord,n,both,0.77,paired,0.86,paired,n,noun,antonym,converse
tendon,muscle,n,whetherY,,,0.69,,n,noun,co-hyponym,
tenth,first,n,whetherY,,,0.56,,n,adj/noun,co-hyponym-numeric,
territories,states,n,whetherY,,,0.88,,n,noun,co-hyponym,
testament,will,n,whetherY,,,0.86,,n,noun,other-conventional,
testosterone,estrogen,n,both,0.55,paired,0.8,paired,n,noun,antonym,complementary
texting,calling,n,whetherY,,,0.5,,n,verb,co-hyponym,
texts,emails,n,whetherY,,,0.56,,n,noun,co-hyponym,
that,this,n,whetherY,,,0.97,,n,other/det,antonym,complementary
thats,this,n,whetherY,,,0.82,,n,other/det,co-hyponym,
thee,I,n,whetherY,,,0.59,,n,noun/pronoun,antonym,complementary
theirs,yours,n,whetherY,,,0.55,,n,other/possessive,co-hyponym,
them,us,n,whetherY,,,0.6,,n,noun/pronoun,antonym,complementary
then,now,n,both,0.74,,0.93,paired,n,adv,co-hyponym-temporal,complementary
thence,here,n,whetherY,,,0.57,,n,adv,co-hyponym-temporal,
theoretical,practical,n,whetherX,0.53,,,,n,adj,antonym,scalar
there,here,y,whetherY,,,0.93,,n,noun/adv,antonym,complementary
thick,thin,y,both,0.82,,0.89,,n,adj,antonym,scalar
thicker,thinner,n,both,0.93,,0.83,,n,adj,antonym,scalar
thin,fat,y,whetherY,,,0.55,,n,adj,antonym,scalar
thing,person,n,whetherY,,,0.71,,n,noun,co-hyponym,
things,people,n,whetherY,,,0.71,,n,noun,co-hyponym,
third,first,n,whetherY,,,0.5,,n,adj/noun,co-hyponym-numeric,
thirds,halves,n,whetherY,,,0.64,,n,noun,co-hyponym,
thirst,hunger,n,whetherY,,,0.7,,n,noun,co-hyponym,
thirsty,hungry,y,whetherY,,,0.65,,n,adj,co-hyponym,
thirteen,twelve,n,whetherY,,,0.55,,n,adj/noun,co-hyponym-numeric,
this,that,n,whetherX,0.59,,,,n,other/det,antonym,complementary
this,this,n,whetherY,,,0.78,paired,y,other/det,x-identical,
thou,I,n,whetherY,,,0.75,,n,noun/pronoun,antonym,complementary
thousands,millions,n,whetherX,0.8,,,,n,noun,co-hyponym-numeric,
thousands,hundreds,n,whetherY,,,0.85,,n,noun,co-hyponym-numeric,
three,two,n,whetherY,,,0.92,,n,noun,co-hyponym-numeric,
thumb,finger,n,whetherY,,,0.6,,n,noun,co-hyponym,
thus,so,n,whetherY,,,0.74,,n,adv,x-odd,
thy,mine,n,whetherY,,,0.83,,n,other/possessive,co-hyponym,
tidy,messy,n,whetherY,,,0.66,,n,adj,antonym,scalar
tight,loose,y,both,0.54,,0.78,,n,adj,antonym,scalar
tightening,easing,n,whetherY,,,0.51,,n,adj/verb,antonym,scalar
tightly,loosely,n,both,0.59,,0.69,,n,adv,antonym,scalar
times,dates,n,whetherY,,,0.66,,n,noun,co-hyponym,
tires,wheels,n,whetherY,,,0.55,,n,noun,nym-near-synonym,
today,tomorrow,n,whetherX,0.64,,,,n,noun/adv,co-hyponym-temporal,
today,yesterday,n,whetherY,,,0.75,paired,n,noun/adv,co-hyponym-temporal,
toes,fingers,n,whetherY,,,0.77,,n,noun,co-hyponym,
toggle,on,n,whetherY,,,0.54,,n,adj/verb,other-related,
tomorrow,today,n,whetherY,,,0.86,,n,noun/adv,co-hyponym-temporal,
tonight,tomorrow,n,whetherY,,,0.63,,n,noun/adv,co-hyponym-temporal,
top,bottom,y,both,0.54,paired,0.61,paired,n,adj,antonym,scalar
torque,power,n,whetherY,,,0.68,,n,noun,other-related,
totalitarian,democratic,n,whetherY,,,0.56,,n,adj,antonym,scalar
totally,partially,n,whetherY,,,0.58,,n,adv,antonym,scalar
towns,cities,n,both,0.51,,0.61,,n,noun,co-hyponym,
township,city,n,whetherY,,,0.66,,n,noun,co-hyponym,
trails,roads,n,whetherY,,,0.59,,n,noun,co-hyponym,
trained,natural,n,whetherY,,,0.5,,n,adj/verb,antonym-secondary,complementary
tram,bus,n,whetherY,,,0.59,,n,noun,co-hyponym,
trans,cis,n,whetherY,,,0.7,paired,n,adj,antonym,complementary
transient,permanent,n,both,0.71,,0.73,,n,adj,antonym,scalar
transitional,permanent,n,whetherY,,,0.55,,n,adj,antonym-secondary,scalar
translucent,opaque,n,whetherY,,,0.53,,n,adj,antonym,scalar
transmit,receive,n,whetherX,0.69,,,,n,verb,antonym,complementary
transmitter,receiver,n,both,0.89,,0.7,,n,noun,antonym,complementary
transmitting,receiving,n,both,0.89,,0.55,,n,verb,antonym,complementary
tri,single,n,whetherY,,,0.71,,n,partial token,x-none,
trick,treat,n,whetherX,0.79,,,,n,noun,other-conventional,
tried,acquitted,n,whetherX,0.74,,,,n,adj/verb,co-hyponym,
trillion,billion,n,whetherY,,,0.55,,n,noun,co-hyponym-numeric,
trillions,billions,n,whetherY,,,0.55,,n,noun,co-hyponym-numeric,
triple,single,n,whetherY,,,0.62,,n,adj/noun,co-hyponym-numeric,
tripled,doubled,n,whetherY,,,0.97,paired,n,adj/verb,co-hyponym-numeric,
trough,peak,n,both,0.51,,0.95,paired,n,noun,antonym,scalar
trout,salmon,n,whetherY,,,0.72,paired,n,noun,co-hyponym,
truce,war,n,whetherY,,,0.59,,n,noun,antonym-secondary,complementary
truck,car,n,whetherY,,,0.69,,n,noun,co-hyponym,
trucks,cars,n,whetherY,,,0.78,,n,noun,co-hyponym,
TRUE,FALSE,y,both,0.7,paired,0.63,paired,n,adj,antonym,complementary
truths,lies,n,whetherX,0.58,,,,n,noun,antonym,scalar
tsunami,earthquake,n,whetherY,,,0.65,,n,noun,co-hyponym,
tuna,salmon,n,whetherY,,,0.62,,n,noun,co-hyponym,
tunnels,bridges,n,whetherY,,,0.53,,n,noun,co-hyponym,
turkey,chicken,n,whetherY,,,0.56,,n,noun,co-hyponym,
tutor,student,n,whetherY,,,0.54,,n,noun,antonym-secondary,converse
twenties,teens,n,whetherY,,,0.93,,n,noun,co-hyponym-numeric,
twentieth,nineteenth,n,whetherY,,,0.82,,n,noun,co-hyponym-numeric,
twice,once,n,both,0.64,,0.99,paired,n,adv,co-hyponym-numeric,
twists,turns,n,whetherX,0.82,,,,n,noun,other-conventional,
two,one,n,whetherY,,,0.97,,n,noun,co-hyponym-numeric,
typed,handwritten,n,whetherY,,,0.79,paired,n,adj,antonym,complementary
uint,float,n,whetherX,0.52,,,,n,partial token,x-none,
ultraviolet,visible,n,whetherY,,,0.5,,n,adj,co-hyponym,
unable,unwilling,n,whetherX,0.91,paired,,,n,adj,co-hyponym,
unacceptable,acceptable,y,whetherY,,,0.85,,n,adj,antonym,scalar
unarmed,armed,y,both,0.6,paired,0.99,paired,n,adj,antonym,complementary
unauthorized,authorized,y,whetherY,,,0.84,,n,adj,antonym,complementary
uncommon,common,y,whetherY,,,0.81,,n,adj,antonym,complementary
unconditional,conditional,y,both,0.77,,0.89,,n,adj,antonym,complementary
unconscious,awake,n,whetherX,0.51,,,,n,adj,antonym,scalar
unconscious,conscious,y,whetherY,,,0.63,,n,adj,antonym,complementary
unconsciously,consciously,y,both,0.51,,0.98,paired,n,adv,antonym,complementary
unconstitutional,constitutional,y,whetherY,,,0.52,,n,adj,antonym,complementary
uncontrolled,controlled,y,whetherY,,,0.55,,n,adj,antonym,scalar
unconventional,conventional,y,whetherY,,,0.54,,n,adj,antonym,complementary
undead,living,n,whetherY,,,0.72,,n,adj,antonym,complementary
under,over,n,whetherY,,,0.61,,n,adv,antonym,complementary
undergraduate,graduate,n,both,0.73,,0.86,paired,n,noun,co-hyponym,
underneath,above,n,both,0.53,,0.65,,n,adv,antonym,complementary
undesirable,desirable,y,whetherY,,,0.93,,n,adj,antonym,scalar
undisclosed,known,n,whetherY,,,0.64,,n,adj,antonym,complementary
undocumented,documented,y,whetherY,,,0.85,,n,adj,antonym,complementary
undrafted,signed,n,whetherY,,,0.54,,n,adj/verb,antonym,complementary
unemployed,employed,y,whetherY,,,0.79,,n,adj/verb,antonym,complementary
unfair,fair,y,whetherY,,,0.74,,n,adj,antonym,scalar
unfairly,fairly,y,whetherY,,,0.81,,n,adv,antonym,scalar
unfamiliar,familiar,y,whetherY,,,0.56,,n,adj,antonym,scalar
unfavorable,favorable,y,both,0.92,paired,0.99,paired,n,adj,antonym,scalar
unfolded,folded,n,whetherX,0.51,,,,n,adj,antonym,complementary
unfortunately,fortunately,y,both,0.72,,0.69,,n,adv,antonym,complementary
unhappy,happy,y,whetherY,,,0.85,,n,adj,antonym,scalar
unhealthy,healthy,y,whetherY,,,0.94,,n,adj,antonym,scalar
uninsured,insured,y,whetherY,,,0.71,,n,adj,antonym,complementary
unintended,intended,y,whetherY,,,0.54,,n,adj/verb,antonym,scalar
unintentional,intentional,n,whetherY,,,0.73,,n,adj,antonym,complementary
unintentionally,intentionally,y,whetherY,,,0.83,,n,adv,antonym,complementary
unjust,just,y,whetherY,,,0.88,,n,adj,antonym,scalar
unknow,known,n,whetherY,,,0.81,,n,partial token,x-none,
unknown,known,y,whetherY,,,0.59,,n,adj,antonym,scalar
unlawful,lawful,y,whetherY,,,0.82,,n,adj,antonym,complementary
unlawfully,legally,n,whetherY,,,0.56,,n,adv,antonym,complementary
unless,,n,whetherY,,,0.53,,n,other/conjunction,x-odd,
unlike,like,y,whetherY,,,0.62,,n,adj/verb,antonym,scalar
unloaded,loaded,y,whetherY,,,0.88,,n,adj,antonym,reversive
unlocked,locked,n,both,0.52,paired,0.94,paired,n,adj,antonym,reversive
unlucky,lucky,y,whetherY,,,0.86,,n,adj,antonym,scalar
unmanned,manned,y,both,0.81,,0.99,,n,adj,antonym,complementary
unmarked,marked,y,both,0.63,,0.81,,n,adj,antonym,complementary
unmarried,married,y,both,0.67,,0.98,,n,adj,antonym,complementary
unnatural,natural,y,whetherY,,,0.85,,n,adj,antonym,scalar
unofficial,official,y,both,0.5,paired,0.96,,n,adj,antonym,complementary
unpaid,paid,y,whetherY,,,0.94,,n,adj,antonym,complementary
unpleasant,pleasant,y,whetherY,,,0.65,,n,adj,antonym,scalar
unpopular,popular,y,whetherY,,,0.86,,n,adj,antonym,scalar
unpublished,published,y,whetherY,,,0.7,,n,adj,antonym,complementary
unreal,real,y,whetherY,,,0.77,,n,adj,antonym,complementary
unrealistic,realistic,y,whetherY,,,0.65,,n,adj,antonym,scalar
unreasonable,reasonable,y,whetherY,,,0.68,,n,adj,antonym,scalar
unregulated,regulated,y,whetherY,,,0.83,,n,adj,antonym,scalar
unrelated,related,y,whetherY,,,0.66,,n,adj,antonym,scalar
unrestricted,restricted,y,both,0.68,,0.58,,n,adj,antonym,scalar
unsafe,safe,n,whetherY,,,0.6,,n,adj,antonym,scalar
unseen,seen,n,whetherY,,,0.84,,n,adj,antonym,scalar
unsigned,signed,y,whetherY,,,0.75,,n,adj,antonym,complementary
unsolved,solved,y,whetherY,,,0.61,,n,adj,antonym,complementary
unstable,stable,y,whetherY,,,0.53,,n,adj,antonym,scalar
unsuccessful,successful,y,whetherY,,,0.96,,n,adj,antonym,scalar
unsuccessfully,successfully,y,whetherY,,,0.96,,n,adv,antonym,scalar
untold,known,n,whetherY,,,0.51,,n,adj,antonym,complementary
untrue,TRUE,n,both,0.71,,1,,n,adj,antonym-secondary,complementary
unwelcome,welcome,y,whetherY,,,0.57,,n,adj,antonym,scalar
unwilling,unable,n,whetherX,0.52,paired,,,n,adj,co-hyponym,
unworthy,worthy,y,whetherY,,,0.82,,n,adj,antonym,complementary
up,down,y,both,0.95,,0.92,paired,n,adj/adv,antonym,scalar
uphill,downhill,n,both,0.79,paired,0.87,paired,n,adj,antonym,scalar
uploading,downloading,n,both,0.53,,0.56,,n,adj/verb,antonym,complementary
upper,lower,n,both,0.95,,0.96,,n,adj,antonym,scalar
ups,downs,n,whetherX,0.95,,,,n,noun,antonym,scalar
upside,downside,n,both,0.93,,0.77,paired,n,noun,antonym,scalar
upstairs,downstairs,y,both,0.84,paired,0.96,paired,n,adj/adv/noun,antonym,complementary
upstream,downstream,y,both,0.97,paired,0.93,paired,n,adj/adv,antonym,complementary
upward,downward,y,both,0.9,paired,0.82,paired,n,adj/adv,antonym,scalar
upwards,downwards,y,both,0.88,paired,0.68,paired,n,adj/adv,antonym,scalar
uranium,plutonium,n,both,0.71,paired,0.79,paired,n,noun,co-hyponym,
urban,rural,y,both,0.79,paired,0.89,paired,n,adj,antonym,scalar
urine,blood,n,whetherY,,,0.55,,n,noun,co-hyponym,
us,them,n,whetherX,0.52,,,,n,noun/pronoun,antonym,complementary
useless,useful,y,whetherY,,,0.53,,n,adj,antonym,scalar
username,password,n,whetherX,0.91,,,,n,noun,co-hyponym,
uttered,written,n,whetherY,,,0.52,,n,adj/verb,co-hyponym,
vacation,work,n,whetherY,,,0.64,,n,noun,antonym,complementary
vagina,penis,n,whetherY,,,0.62,,n,noun,co-hyponym,
vaginal,oral,n,whetherY,,,0.61,,n,adj,co-hyponym,
vanilla,chocolate,n,both,0.66,,0.93,,n,noun,co-hyponym,
vanquished,victorious,n,whetherY,,,0.5,,n,adj/noun,antonym,complementary
vans,cars,n,whetherY,,,0.67,,n,noun,co-hyponym,
vaping,smoking,n,whetherY,,,0.76,,n,verb,co-hyponym,
vapor,solid,n,whetherY,,,0.73,,n,noun,co-hyponym,
variable,fixed,n,whetherY,,,0.75,,n,adj,antonym,complementary
vast,small,n,whetherY,,,0.54,,n,adj,antonym-secondary,scalar
vegan,vegetarian,n,whetherY,,,0.87,paired,n,adj/noun,co-hyponym,
vegetable,animal,n,both,0.56,,0.68,,n,noun,co-hyponym,
vegetables,fruits,n,whetherY,,,0.56,,n,noun,co-hyponym,
vegetarian,vegan,n,both,0.52,,0.85,paired,n,adj,co-hyponym,
verb,noun,n,both,0.87,,0.92,,n,noun,co-hyponym,
verbal,written,n,whetherY,,,0.78,,n,adj,co-hyponym,
verse,chapter,n,whetherY,,,0.6,,n,noun,nym-meronym,
verses,chapters,n,whetherY,,,0.51,,n,noun,nym-meronym,
vertical,horizontal,n,both,0.97,paired,0.99,paired,n,adj,antonym,complementary
vertically,horizontally,n,both,0.99,paired,0.99,paired,n,adj,antonym,complementary
vice,virtue,n,whetherY,,,0.81,,n,noun,antonym,complementary
victim,perpetrator,n,whetherX,0.54,paired,,,n,noun,antonym,complementary
victory,defeat,y,both,0.77,paired,0.76,paired,n,noun,antonym,complementary
villages,towns,n,whetherY,,,0.59,,n,noun,co-hyponym,
villain,hero,n,whetherY,,,0.87,,n,noun,antonym,complementary
villains,heroes,n,both,0.78,paired,0.94,paired,n,noun,antonym,complementary
vintage,new,n,whetherY,,,0.52,,n,adj,antonym-secondary,scalar
vinyl,CD,n,whetherY,,,0.82,,n,noun,co-hyponym,
violet,blue,n,whetherY,,,0.55,,n,adj/noun,co-hyponym,
violin,guitar,n,whetherY,,,0.5,,n,noun,co-hyponym,
virtual,real,n,whetherY,,,0.56,,n,adj,antonym,complementary
virtually,physically,n,both,0.54,,0.93,,n,adv,antonym,complementary
virtue,vice,n,whetherX,0.65,,,,n,noun,antonym,complementary
virus,bacteria,n,both,0.55,,0.62,,n,noun,co-hyponym,
viruses,bacteria,n,whetherY,,,0.62,,n,noun,co-hyponym,
visited,lived,n,whetherY,,,0.68,,n,verb,co-hyponym,
visiting,living,n,whetherY,,,0.54,,n,verb,co-hyponym,
visitor,resident,n,both,0.71,paired,0.67,,n,noun,antonym,complementary
visually,verbally,n,whetherY,,,0.6,,n,adv,antonym-secondary,complementary
vitamin,mineral,n,both,0.81,,0.57,,n,noun,co-hyponym,
vodka,beer,n,whetherY,,,0.57,,n,noun,co-hyponym,
void,valid,n,whetherY,,,0.57,,n,adj,antonym,complementary
volatile,stable,n,whetherY,,,0.79,,n,adj,antonym,scalar
voltage,current,n,both,0.58,,0.89,,n,noun,co-hyponym,
voucher,cash,n,whetherY,,,0.87,,n,noun,co-hyponym,
vouchers,cash,n,whetherY,,,0.88,,n,noun,co-hyponym,
vs,vs,n,whetherY,,,0.53,paired,y,adv/conjunction,x-identical,
waking,asleep,n,whetherX,0.75,,,,n,adj/verb,antonym,scalar
walk,run,n,whetherY,,,0.63,paired,n,verb,co-hyponym,
walks,runs,n,whetherY,,,0.67,paired,n,verb,co-hyponym,
war,peace,y,both,0.54,paired,0.63,paired,n,noun,antonym,complementary
warm,cold,n,both,0.62,,0.58,,n,adj,antonym-secondary,scalar
warmer,colder,n,both,0.63,paired,0.52,paired,n,adj,antonym,scalar
warming,cooling,n,whetherX,0.66,,,,n,adj/verb,antonym,scalar
warranties,representations,n,whetherY,,,0.57,,n,noun,other-related,
watching,listening,n,whetherX,0.51,,,,n,adj/verb,co-hyponym,
waters,land,n,whetherY,,,0.56,,n,noun,co-hyponym,
way,another,n,whetherX,0.54,,,,n,noun/proform,x-odd,
weak,strong,y,whetherY,,,0.9,paired,n,adj,antonym,scalar
weaker,stronger,n,both,0.77,paired,0.95,paired,n,adj,antonym,scalar
weakest,strongest,n,both,0.54,paired,0.95,paired,n,adj,antonym,scalar
weakness,strength,y,both,0.66,,0.9,,n,noun,antonym,scalar
weaknesses,strengths,n,both,0.87,paired,0.97,paired,n,noun,antonym,scalar
wealthier,poorer,n,both,0.77,,0.69,,n,adj,antonym-secondary,scalar
wealthiest,poorest,n,both,0.65,,0.88,,n,adj,antonym-secondary,scalar
wealthy,poor,n,both,0.62,,0.94,,n,noun,antonym-secondary,scalar
wed,single,n,whetherY,,,0.84,,n,adj,antonym-secondary,complementary
week,day,n,whetherY,,,0.85,,n,noun,co-hyponym-temporal,
weekday,weekend,n,both,0.82,,0.9,paired,n,noun,co-hyponym-temporal,
weekend,weekday,n,whetherY,,,0.77,paired,n,noun,co-hyponym-temporal,
weekly,monthly,n,whetherX,0.61,,,,n,adv,co-hyponym-temporal,
weekly,daily,n,whetherY,,,0.7,paired,n,adv,co-hyponym-temporal,
weeks,months,n,whetherX,0.73,,,,n,noun,co-hyponym-temporal,
weeks,days,n,whetherY,,,0.88,,n,noun,co-hyponym-temporal,
weep,laugh,n,whetherY,,,0.51,,n,verb,antonym,scalar
weighed,measured,n,both,0.55,,0.54,,n,adj/verb,co-hyponym,
weight,height,n,whetherY,,,0.71,paired,n,adj,co-hyponym,
wells,pipelines,n,whetherY,,,0.57,,n,noun,co-hyponym,
went,came,n,whetherY,,,0.77,,n,verb,antonym,reversive
west,east,y,both,0.89,paired,0.99,paired,n,adj/noun,antonym,multiple incompatibility
western,eastern,y,both,0.78,paired,0.84,paired,n,adj,antonym,multiple incompatibility
wet,dry,y,both,0.83,paired,0.94,paired,n,adj,antonym,scalar
wheat,barley,n,both,0.79,paired,0.5,paired,n,noun,co-hyponym,
wherever,whenever,n,whetherX,0.58,,,,n,adv,co-hyponym,
while,before,n,whetherY,,,0.55,,n,adv/conjunction,co-hyponym-temporal,
whilst,before,n,whetherY,,,0.57,,n,adv/conjunction,co-hyponym-temporal,
white,black,y,both,0.62,paired,0.96,paired,n,adj,antonym,complementary
whites,blacks,n,both,0.56,paired,0.87,paired,n,noun,antonym,complementary
whole,part,n,both,0.86,,0.93,paired,n,noun,nym-meronym,
wholesale,retail,y,both,0.82,,0.74,,n,adj,antonym,complementary
wholly,partly,y,whetherY,,,0.54,,n,adv,antonym,scalar
wide,narrow,y,whetherX,0.68,,,,n,adj,antonym,scalar
wider,narrower,n,whetherX,0.56,,,,n,adj,antonym,scalar
widow,husband,n,whetherY,,,0.53,,n,noun,antonym,complementary
width,height,n,whetherX,0.54,,,,n,adj,co-hyponym,
wife,husband,y,whetherY,,,0.94,paired,n,noun,antonym,complementary
willful,accidental,n,whetherY,,,0.52,,n,adj,antonym-secondary,complementary
win,lose,y,both,0.6,,0.51,paired,n,verb,antonym,complementary
window,door,n,whetherY,,,0.53,paired,n,noun,co-hyponym,
windows,doors,n,both,0.58,paired,0.78,paired,n,noun,co-hyponym,
wine,beer,n,both,0.55,paired,0.87,paired,n,noun,co-hyponym,
wines,beers,n,whetherY,,,0.59,,n,noun,co-hyponym,
winger,striker,n,both,0.63,,0.71,,n,noun,co-hyponym,
winning,losing,n,both,0.77,paired,0.73,paired,n,verb,antonym,complementary
wins,loses,n,whetherX,0.66,paired,,,n,verb,antonym,complementary
winter,summer,n,both,0.85,paired,0.95,paired,n,noun,antonym-temporal,multiple incompatibility
winters,summers,n,both,0.86,paired,0.99,paired,n,noun,antonym-temporal,multiple incompatibility
wired,wireless,y,both,0.66,paired,0.72,paired,n,adj,antonym,complementary
wireless,wired,y,both,0.91,paired,0.99,paired,n,adj,antonym,complementary
with,without,n,whetherX,0.97,paired,,,n,adv,antonym,complementary
with,alone,n,whetherY,,,0.59,,n,adv,antonym,complementary
withhold,give,n,whetherY,,,0.55,,n,verb,antonym-secondary,complementary
without,with,n,both,0.62,paired,0.91,,n,adv,antonym,complementary
wives,husbands,n,whetherY,,,0.72,paired,n,noun,antonym,complementary
wizards,witches,n,whetherY,,,0.57,,n,noun,co-hyponym,
woman,man,y,both,0.71,,0.99,,n,noun,antonym,complementary
women,men,n,both,0.83,paired,0.99,paired,n,noun,antonym,complementary
won,lost,y,both,0.85,,0.79,,n,adj/verb,antonym,complementary
wooden,plastic,n,whetherY,,,0.52,,n,adj,co-hyponym,
wool,synthetic,n,whetherX,0.51,,,,n,adj,co-hyponym,
worldly,spiritual,n,whetherX,0.58,,,,n,adv,antonym,scalar
worn,new,y,whetherY,,,0.57,,n,adj,antonym,scalar
worse,better,y,both,0.8,paired,0.98,paired,n,adj,antonym,scalar
worst,best,y,whetherY,,,0.8,,n,adj,antonym,scalar
write,read,n,whetherY,,,0.59,,n,verb,antonym,complementary
written,spoken,y,whetherY,,,0.62,paired,n,verb,antonym,complementary
wrong,right,y,whetherY,,,0.99,,n,adj,antonym,complementary
wrongly,rightly,n,whetherY,,,0.84,paired,n,adv,antonym,complementary
yea,no,n,both,0.74,,0.63,,n,adv/noun,antonym,complementary
yeah,no,n,whetherX,0.72,,,,n,adv/noun,antonym,complementary
year,month,n,whetherY,,,0.69,,n,noun,co-hyponym-temporal,
yearly,monthly,n,whetherY,,,0.75,,n,noun,co-hyponym-temporal,
years,months,n,whetherY,,,0.71,,n,noun,co-hyponym-temporal,
yeast,bacteria,n,both,0.6,,0.74,,n,noun,co-hyponym,
yes,no,y,both,0.98,paired,0.86,paired,n,adv/noun,antonym,complementary
yesterday,today,n,both,0.78,,0.89,paired,n,adv,co-hyponym-temporal,
young,old,y,both,0.91,paired,0.98,paired,n,adj,antonym,scalar
younger,older,n,both,0.92,paired,0.88,,n,adj,antonym,scalar
youngest,oldest,n,both,0.93,,0.9,paired,n,adj,antonym,scalar
youth,adult,n,whetherY,,,0.65,,n,noun,co-hyponym,
zinc,lead,n,whetherY,,,0.74,,n,noun,co-hyponym,
zip,city,n,whetherY,,,0.67,,n,noun,other-related,
abiding,not,n,whetherX,0.58,,,,n,not-annotated,proform,
aborted,not,n,whetherX,0.5,,,,n,not-annotated,proform,
abound,not,n,whetherX,0.51,,,,n,not-annotated,proform,
absorbed,not,n,whetherX,0.5,,,,n,not-annotated,proform,
abundantly,not,n,whetherX,0.66,,,,n,not-annotated,proform,
acceptable,not,n,whetherX,0.6,,,,n,not-annotated,proform,
accessed,not,n,whetherX,0.55,,,,n,not-annotated,proform,
accessible,not,n,whetherX,0.87,,,,n,not-annotated,proform,
acclaimed,not,n,whetherX,0.71,,,,n,not-annotated,proform,
accommodate,not,n,whetherX,0.55,,,,n,not-annotated,proform,
accompanied,not,n,whetherX,0.52,,,,n,not-annotated,proform,
accomplished,not,n,whetherX,0.67,,,,n,not-annotated,proform,
accountable,not,n,whetherX,0.69,,,,n,not-annotated,proform,
accounted,not,n,whetherX,0.85,,,,n,not-annotated,proform,
accredited,not,n,whetherX,0.72,,,,n,not-annotated,proform,
accused,not,n,whetherX,0.55,,,,n,not-annotated,proform,
accustomed,not,n,whetherX,0.66,,,,n,not-annotated,proform,
achieved,not,n,whetherX,0.68,,,,n,not-annotated,proform,
acknowledging,not,n,whetherX,0.61,,,,n,not-annotated,proform,
acquainted,not,n,whetherX,0.6,,,,n,not-annotated,proform,
acted,not,n,whetherX,0.55,,,,n,not-annotated,proform,
adaptive,not,n,whetherX,0.64,,,,n,not-annotated,proform,
addict,not,n,whetherX,0.73,,,,n,not-annotated,proform,
addicted,not,n,whetherX,0.65,,,,n,not-annotated,proform,
addictive,not,n,whetherX,0.79,,,,n,not-annotated,proform,
addicts,not,n,whetherX,0.62,,,,n,not-annotated,proform,
addressed,not,n,whetherX,0.59,,,,n,not-annotated,proform,
adept,not,n,whetherX,0.66,,,,n,not-annotated,proform,
adequately,not,n,whetherX,0.51,,,,n,not-annotated,proform,
adherent,not,n,whetherX,0.82,,,,n,not-annotated,proform,
administered,not,n,whetherX,0.52,,,,n,not-annotated,proform,
admirable,not,n,whetherX,0.67,,,,n,not-annotated,proform,
admittedly,not,n,whetherX,0.66,,,,n,not-annotated,proform,
advanced,not,n,whetherX,0.53,,,,n,not-annotated,proform,
advertise,not,n,whetherX,0.58,,,,n,not-annotated,proform,
advertised,not,n,whetherX,0.76,,,,n,not-annotated,proform,
advisable,not,n,whetherX,0.65,,,,n,not-annotated,proform,
advised,not,n,whetherX,0.78,,,,n,not-annotated,proform,
affected,not,n,whetherX,0.56,,,,n,not-annotated,proform,
afflicted,not,n,whetherX,0.7,,,,n,not-annotated,proform,
afforded,not,n,whetherX,0.55,,,,n,not-annotated,proform,
aforementioned,not,n,whetherX,0.6,,,,n,not-annotated,proform,
agenda,not,n,whetherX,0.58,,,,n,not-annotated,proform,
aging,not,n,whetherX,0.51,,,,n,not-annotated,proform,
agreeable,not,n,whetherX,0.76,,,,n,not-annotated,proform,
agreed,not,n,whetherX,0.76,,,,n,not-annotated,proform,
agreeing,not,n,whetherX,0.58,,,,n,not-annotated,proform,
alarming,not,n,whetherX,0.62,,,,n,not-annotated,proform,
alcoholic,not,n,whetherX,0.83,,,,n,not-annotated,proform,
alerted,not,n,whetherX,0.71,,,,n,not-annotated,proform,
allegedly,not,n,whetherX,0.53,,,,n,not-annotated,proform,
alleges,not,n,whetherX,0.58,,,,n,not-annotated,proform,
alleging,not,n,whetherX,0.52,,,,n,not-annotated,proform,
allergic,not,n,whetherX,0.56,,,,n,not-annotated,proform,
allow,not,n,whetherX,0.53,,,,n,not-annotated,proform,
allowable,not,n,whetherX,0.69,,,,n,not-annotated,proform,
allowed,not,n,whetherX,0.75,,,,n,not-annotated,proform,
already,not,n,whetherX,0.54,,,,n,not-annotated,proform,
alright,not,n,whetherX,0.8,,,,n,not-annotated,proform,
alum,not,n,whetherX,0.59,,,,n,not-annotated,proform,
amazing,not,n,whetherX,0.52,,,,n,not-annotated,proform,
amnesty,not,n,whetherX,0.6,,,,n,not-annotated,proform,
annexed,not,n,whetherX,0.55,,,,n,not-annotated,proform,
announced,not,n,whetherX,0.62,,,,n,not-annotated,proform,
announces,not,n,whetherX,0.53,,,,n,not-annotated,proform,
anonymous,not,n,whetherX,0.62,,,,n,not-annotated,proform,
answered,not,n,whetherX,0.78,,,,n,not-annotated,proform,
answering,not,n,whetherX,0.56,,,,n,not-annotated,proform,
anthem,not,n,whetherX,0.6,,,,n,not-annotated,proform,
anticipate,not,n,whetherX,0.52,,,,n,not-annotated,proform,
anticipated,not,n,whetherX,0.51,,,,n,not-annotated,proform,
antidepressant,not,n,whetherX,0.77,,,,n,not-annotated,proform,
antitrust,not,n,whetherX,0.51,,,,n,not-annotated,proform,
anymore,not,n,whetherX,0.59,,,,n,not-annotated,proform,
apartheid,not,n,whetherX,0.55,,,,n,not-annotated,proform,
apologized,not,n,whetherX,0.51,,,,n,not-annotated,proform,
apologizing,not,n,whetherX,0.8,,,,n,not-annotated,proform,
apparently,not,n,whetherX,0.54,,,,n,not-annotated,proform,
appear,not,n,whetherX,0.57,,,,n,not-annotated,proform,
appearing,not,n,whetherX,0.56,,,,n,not-annotated,proform,
appears,not,n,whetherX,0.54,,,,n,not-annotated,proform,
applicable,not,n,whetherX,0.62,,,,n,not-annotated,proform,
applied,not,n,whetherX,0.55,,,,n,not-annotated,proform,
applies,not,n,whetherX,0.51,,,,n,not-annotated,proform,
apply,not,n,whetherX,0.76,,,,n,not-annotated,proform,
applying,not,n,whetherX,0.65,,,,n,not-annotated,proform,
appreciated,not,n,whetherX,0.58,,,,n,not-annotated,proform,
apprehended,not,n,whetherX,0.67,,,,n,not-annotated,proform,
apprehens,not,n,whetherX,0.55,,,,n,not-annotated,proform,
approved,not,n,whetherX,0.6,,,,n,not-annotated,proform,
argued,not,n,whetherX,0.5,,,,n,not-annotated,proform,
armoured,not,n,whetherX,0.55,,,,n,not-annotated,proform,
asserted,not,n,whetherX,0.58,,,,n,not-annotated,proform,
assisted,not,n,whetherX,0.53,,,,n,not-annotated,proform,
assumed,not,n,whetherX,0.51,,,,n,not-annotated,proform,
asylum,not,n,whetherX,0.57,,,,n,not-annotated,proform,
attached,not,n,whetherX,0.62,,,,n,not-annotated,proform,
attaching,not,n,whetherX,0.53,,,,n,not-annotated,proform,
attend,not,n,whetherX,0.66,,,,n,not-annotated,proform,
attended,not,n,whetherX,0.76,,,,n,not-annotated,proform,
attending,not,n,whetherX,0.56,,,,n,not-annotated,proform,
attest,not,n,whetherX,0.58,,,,n,not-annotated,proform,
attractive,not,n,whetherX,0.59,,,,n,not-annotated,proform,
attributable,not,n,whetherX,0.68,,,,n,not-annotated,proform,
attributed,not,n,whetherX,0.68,,,,n,not-annotated,proform,
audible,not,n,whetherX,0.56,,,,n,not-annotated,proform,
augmented,not,n,whetherX,0.51,,,,n,not-annotated,proform,
authentic,not,n,whetherX,0.61,,,,n,not-annotated,proform,
authenticated,not,n,whetherX,0.84,,,,n,not-annotated,proform,
authored,not,n,whetherX,0.51,,,,n,not-annotated,proform,
authorised,not,n,whetherX,0.69,,,,n,not-annotated,proform,
authorize,not,n,whetherX,0.61,,,,n,not-annotated,proform,
authorized,not,n,whetherX,0.75,,,,n,not-annotated,proform,
autism,not,n,whetherX,0.57,,,,n,not-annotated,proform,
autistic,not,n,whetherX,0.75,,,,n,not-annotated,proform,
autonomous,not,n,whetherX,0.81,,,,n,not-annotated,proform,
avail,not,n,whetherX,0.53,,,,n,not-annotated,proform,
available,not,n,whetherX,0.53,,,,n,not-annotated,proform,
awarded,not,n,whetherX,0.51,,,,n,not-annotated,proform,
aware,not,n,whetherX,0.72,,,,n,not-annotated,proform,
awesome,not,n,whetherX,0.6,,,,n,not-annotated,proform,
backdoor,not,n,whetherX,0.52,,,,n,not-annotated,proform,
backed,not,n,whetherX,0.75,,,,n,not-annotated,proform,
badass,not,n,whetherX,0.57,,,,n,not-annotated,proform,
bailed,not,n,whetherX,0.58,,,,n,not-annotated,proform,
bailout,not,n,whetherX,0.51,,,,n,not-annotated,proform,
baked,not,n,whetherX,0.6,,,,n,not-annotated,proform,
balanced,not,n,whetherX,0.5,,,,n,not-annotated,proform,
ban,not,n,whetherX,0.57,,,,n,not-annotated,proform,
bandwagon,not,n,whetherX,0.59,,,,n,not-annotated,proform,
banned,not,n,whetherX,0.57,,,,n,not-annotated,proform,
baptized,not,n,whetherX,0.9,,,,n,not-annotated,proform,
barred,not,n,whetherX,0.52,,,,n,not-annotated,proform,
barring,not,n,whetherX,0.52,,,,n,not-annotated,proform,
bearded,not,n,whetherX,0.76,,,,n,not-annotated,proform,
beautiful,not,n,whetherX,0.51,,,,n,not-annotated,proform,
belie,not,n,whetherX,0.52,,,,n,not-annotated,proform,
believable,not,n,whetherX,0.75,,,,n,not-annotated,proform,
believe,not,n,whetherX,0.83,,,,n,not-annotated,proform,
believed,not,n,whetherX,0.85,,,,n,not-annotated,proform,
believer,not,n,whetherX,0.55,,,,n,not-annotated,proform,
believing,not,n,whetherX,0.73,,,,n,not-annotated,proform,
belong,not,n,whetherX,0.73,,,,n,not-annotated,proform,
belonged,not,n,whetherX,0.66,,,,n,not-annotated,proform,
belonging,not,n,whetherX,0.79,,,,n,not-annotated,proform,
belongs,not,n,whetherX,0.54,,,,n,not-annotated,proform,
benefiting,not,n,whetherX,0.54,,,,n,not-annotated,proform,
bestselling,not,n,whetherX,0.68,,,,n,not-annotated,proform,
beware,not,n,whetherX,0.67,,,,n,not-annotated,proform,
biased,not,n,whetherX,0.52,,,,n,not-annotated,proform,
bilingual,not,n,whetherX,0.54,,,,n,not-annotated,proform,
binding,not,n,whetherX,0.52,,,,n,not-annotated,proform,
bipartisan,not,n,whetherX,0.5,,,,n,not-annotated,proform,
bitcoin,not,n,whetherX,0.56,,,,n,not-annotated,proform,
blamed,not,n,whetherX,0.76,,,,n,not-annotated,proform,
blasphemy,not,n,whetherX,0.58,,,,n,not-annotated,proform,
blessed,not,n,whetherX,0.63,,,,n,not-annotated,proform,
blinding,not,n,whetherX,0.55,,,,n,not-annotated,proform,
blockbuster,not,n,whetherX,0.55,,,,n,not-annotated,proform,
blockchain,not,n,whetherX,0.56,,,,n,not-annotated,proform,
blocker,not,n,whetherX,0.52,,,,n,not-annotated,proform,
blurred,not,n,whetherX,0.56,,,,n,not-annotated,proform,
boasted,not,n,whetherX,0.61,,,,n,not-annotated,proform,
bonded,not,n,whetherX,0.64,,,,n,not-annotated,proform,
booted,not,n,whetherX,0.79,,,,n,not-annotated,proform,
bothering,not,n,whetherX,0.5,,,,n,not-annotated,proform,
bound,not,n,whetherX,0.55,,,,n,not-annotated,proform,
boycot,not,n,whetherX,0.51,,,,n,not-annotated,proform,
boycott,not,n,whetherX,0.61,,,,n,not-annotated,proform,
braces,not,n,whetherX,0.53,,,,n,not-annotated,proform,
breastfeeding,not,n,whetherX,0.52,,,,n,not-annotated,proform,
breathed,not,n,whetherX,0.51,,,,n,not-annotated,proform,
breathing,not,n,whetherX,0.64,,,,n,not-annotated,proform,
brethren,not,n,whetherX,0.51,,,,n,not-annotated,proform,
briefed,not,n,whetherX,0.65,,,,n,not-annotated,proform,
buggy,not,n,whetherX,0.66,,,,n,not-annotated,proform,
busted,not,n,whetherX,0.71,,,,n,not-annotated,proform,
called,not,n,whetherX,0.63,,,,n,not-annotated,proform,
campaigned,not,n,whetherX,0.69,,,,n,not-annotated,proform,
campaigning,not,n,whetherX,0.51,,,,n,not-annotated,proform,
canon,not,n,whetherX,0.67,,,,n,not-annotated,proform,
capped,not,n,whetherX,0.61,,,,n,not-annotated,proform,
caps,not,n,whetherX,0.54,,,,n,not-annotated,proform,
captcha,not,n,whetherX,0.72,,,,n,not-annotated,proform,
cared,not,n,whetherX,0.69,,,,n,not-annotated,proform,
caring,not,n,whetherX,0.67,,,,n,not-annotated,proform,
carry,not,n,whetherX,0.57,,,,n,not-annotated,proform,
catchy,not,n,whetherX,0.6,,,,n,not-annotated,proform,
caucus,not,n,whetherX,0.54,,,,n,not-annotated,proform,
caught,not,n,whetherX,0.69,,,,n,not-annotated,proform,
causal,not,n,whetherX,0.52,,,,n,not-annotated,proform,
caused,not,n,whetherX,0.68,,,,n,not-annotated,proform,
ceasefire,not,n,whetherX,0.62,,,,n,not-annotated,proform,
celeb,not,n,whetherX,0.74,,,,n,not-annotated,proform,
celebrated,not,n,whetherX,0.66,,,,n,not-annotated,proform,
celebrity,not,n,whetherX,0.54,,,,n,not-annotated,proform,
censored,not,n,whetherX,0.61,,,,n,not-annotated,proform,
certified,not,n,whetherX,0.59,,,,n,not-annotated,proform,
chained,not,n,whetherX,0.51,,,,n,not-annotated,proform,
championship,not,n,whetherX,0.59,,,,n,not-annotated,proform,
cheating,not,n,whetherX,0.54,,,,n,not-annotated,proform,
checked,not,n,whetherX,0.52,,,,n,not-annotated,proform,
cheered,not,n,whetherX,0.57,,,,n,not-annotated,proform,
chill,not,n,whetherX,0.5,,,,n,not-annotated,proform,
chosen,not,n,whetherX,0.58,,,,n,not-annotated,proform,
circled,not,n,whetherX,0.63,,,,n,not-annotated,proform,
circumcised,not,n,whetherX,0.73,,,,n,not-annotated,proform,
circumcision,not,n,whetherX,0.72,,,,n,not-annotated,proform,
cited,not,n,whetherX,0.64,,,,n,not-annotated,proform,
civilized,not,n,whetherX,0.75,,,,n,not-annotated,proform,
clad,not,n,whetherX,0.57,,,,n,not-annotated,proform,
claimed,not,n,whetherX,0.63,,,,n,not-annotated,proform,
classified,not,n,whetherX,0.52,,,,n,not-annotated,proform,
classy,not,n,whetherX,0.54,,,,n,not-annotated,proform,
cleared,not,n,whetherX,0.62,,,,n,not-annotated,proform,
clichÃÂÃÂÃÂÃÂ©,not,n,whetherX,0.61,,,,n,not-annotated,proform,
clicked,not,n,whetherX,0.61,,,,n,not-annotated,proform,
cloaked,not,n,whetherX,0.69,,,,n,not-annotated,proform,
clothed,not,n,whetherX,0.66,,,,n,not-annotated,proform,
clutch,not,n,whetherX,0.51,,,,n,not-annotated,proform,
coaster,not,n,whetherX,0.51,,,,n,not-annotated,proform,
commented,not,n,whetherX,0.7,,,,n,not-annotated,proform,
committed,not,n,whetherX,0.68,,,,n,not-annotated,proform,
committing,not,n,whetherX,0.66,,,,n,not-annotated,proform,
communion,not,n,whetherX,0.72,,,,n,not-annotated,proform,
compassionate,not,n,whetherX,0.55,,,,n,not-annotated,proform,
compatibility,not,n,whetherX,0.52,,,,n,not-annotated,proform,
compatible,not,n,whetherX,0.66,,,,n,not-annotated,proform,
compelled,not,n,whetherX,0.57,,,,n,not-annotated,proform,
compelling,not,n,whetherX,0.64,,,,n,not-annotated,proform,
compensated,not,n,whetherX,0.66,,,,n,not-annotated,proform,
competed,not,n,whetherX,0.51,,,,n,not-annotated,proform,
complained,not,n,whetherX,0.58,,,,n,not-annotated,proform,
compliance,not,n,whetherX,0.56,,,,n,not-annotated,proform,
compliant,not,n,whetherX,0.84,,,,n,not-annotated,proform,
complicit,not,n,whetherX,0.5,,,,n,not-annotated,proform,
complied,not,n,whetherX,0.95,,,,n,not-annotated,proform,
complimentary,not,n,whetherX,0.77,,,,n,not-annotated,proform,
comply,not,n,whetherX,0.88,,,,n,not-annotated,proform,
complying,not,n,whetherX,0.94,,,,n,not-annotated,proform,
comprehend,not,n,whetherX,0.72,,,,n,not-annotated,proform,
compromised,not,n,whetherX,0.63,,,,n,not-annotated,proform,
compromising,not,n,whetherX,0.7,,,,n,not-annotated,proform,
conceded,not,n,whetherX,0.67,,,,n,not-annotated,proform,
conceivable,not,n,whetherX,0.55,,,,n,not-annotated,proform,
conceive,not,n,whetherX,0.55,,,,n,not-annotated,proform,
concluded,not,n,whetherX,0.71,,,,n,not-annotated,proform,
conclusive,not,n,whetherX,0.65,,,,n,not-annotated,proform,
condemned,not,n,whetherX,0.56,,,,n,not-annotated,proform,
conditioned,not,n,whetherX,0.51,,,,n,not-annotated,proform,
condom,not,n,whetherX,0.63,,,,n,not-annotated,proform,
conducive,not,n,whetherX,0.54,,,,n,not-annotated,proform,
conferred,not,n,whetherX,0.68,,,,n,not-annotated,proform,
confess,not,n,whetherX,0.73,,,,n,not-annotated,proform,
confessed,not,n,whetherX,0.84,,,,n,not-annotated,proform,
configured,not,n,whetherX,0.82,,,,n,not-annotated,proform,
confirmed,not,n,whetherX,0.64,,,,n,not-annotated,proform,
confirms,not,n,whetherX,0.52,,,,n,not-annotated,proform,
conform,not,n,whetherX,0.52,,,,n,not-annotated,proform,
confounding,not,n,whetherX,0.74,,,,n,not-annotated,proform,
connect,not,n,whetherX,0.51,,,,n,not-annotated,proform,
connected,not,n,whetherX,0.73,,,,n,not-annotated,proform,
connecting,not,n,whetherX,0.62,,,,n,not-annotated,proform,
conscientious,not,n,whetherX,0.51,,,,n,not-annotated,proform,
consensual,not,n,whetherX,0.7,,,,n,not-annotated,proform,
consent,not,n,whetherX,0.65,,,,n,not-annotated,proform,
considered,not,n,whetherX,0.66,,,,n,not-annotated,proform,
constituted,not,n,whetherX,0.64,,,,n,not-annotated,proform,
constitutional,not,n,whetherX,0.61,,,,n,not-annotated,proform,
constitutionally,otherwise,n,whetherX,0.51,,,,n,not-annotated,proform,
construed,not,n,whetherX,0.65,,,,n,not-annotated,proform,
consumed,not,n,whetherX,0.65,,,,n,not-annotated,proform,
contagious,not,n,whetherX,0.72,,,,n,not-annotated,proform,
contained,not,n,whetherX,0.53,,,,n,not-annotated,proform,
containing,not,n,whetherX,0.51,,,,n,not-annotated,proform,
contaminated,not,n,whetherX,0.65,,,,n,not-annotated,proform,
contemplate,not,n,whetherX,0.57,,,,n,not-annotated,proform,
contend,not,n,whetherX,0.58,,,,n,not-annotated,proform,
contended,not,n,whetherX,0.78,,,,n,not-annotated,proform,
contentious,not,n,whetherX,0.51,,,,n,not-annotated,proform,
contested,not,n,whetherX,0.66,,,,n,not-annotated,proform,
contiguous,not,n,whetherX,0.54,,,,n,not-annotated,proform,
continued,not,n,whetherX,0.62,,,,n,not-annotated,proform,
contraceptive,not,n,whetherX,0.58,,,,n,not-annotated,proform,
contractual,otherwise,n,whetherX,0.5,,,,n,not-annotated,proform,
contribute,not,n,whetherX,0.6,,,,n,not-annotated,proform,
controlled,not,n,whetherX,0.53,,,,n,not-annotated,proform,
controversial,not,n,whetherX,0.58,,,,n,not-annotated,proform,
convened,not,n,whetherX,0.65,,,,n,not-annotated,proform,
convinced,not,n,whetherX,0.83,,,,n,not-annotated,proform,
convincing,not,n,whetherX,0.66,,,,n,not-annotated,proform,
cookies,not,n,whetherX,0.62,,,,n,not-annotated,proform,
cool,not,n,whetherX,0.73,,,,n,not-annotated,proform,
cooper,not,n,whetherX,0.66,,,,n,not-annotated,proform,
cooperate,not,n,whetherX,0.69,,,,n,not-annotated,proform,
cooperating,not,n,whetherX,0.86,,,,n,not-annotated,proform,
copyright,not,n,whetherX,0.58,,,,n,not-annotated,proform,
copyrighted,not,n,whetherX,0.86,,,,n,not-annotated,proform,
corrupted,not,n,whetherX,0.57,,,,n,not-annotated,proform,
counted,not,n,whetherX,0.79,,,,n,not-annotated,proform,
counts,not,n,whetherX,0.55,,,,n,not-annotated,proform,
covered,not,n,whetherX,0.8,,,,n,not-annotated,proform,
coy,not,n,whetherX,0.53,,,,n,not-annotated,proform,
crawled,not,n,whetherX,0.66,,,,n,not-annotated,proform,
credible,not,n,whetherX,0.77,,,,n,not-annotated,proform,
credited,not,n,whetherX,0.71,,,,n,not-annotated,proform,
criminally,otherwise,n,whetherX,0.63,,,,n,not-annotated,proform,
crisis,not,n,whetherX,0.5,,,,n,not-annotated,proform,
crowned,not,n,whetherX,0.58,,,,n,not-annotated,proform,
cryptographic,otherwise,n,whetherX,0.55,,,,n,not-annotated,proform,
cultivated,not,n,whetherX,0.56,,,,n,not-annotated,proform,
cured,not,n,whetherX,0.79,,,,n,not-annotated,proform,
curfew,not,n,whetherX,0.67,,,,n,not-annotated,proform,
customary,not,n,whetherX,0.52,,,,n,not-annotated,proform,
customizable,not,n,whetherX,0.7,,,,n,not-annotated,proform,
customized,not,n,whetherX,0.82,,,,n,not-annotated,proform,
damned,not,n,whetherX,0.58,,,,n,not-annotated,proform,
damning,not,n,whetherX,0.73,,,,n,not-annotated,proform,
danced,not,n,whetherX,0.54,,,,n,not-annotated,proform,
dared,not,n,whetherX,0.57,,,,n,not-annotated,proform,
deadline,not,n,whetherX,0.52,,,,n,not-annotated,proform,
deal,not,n,whetherX,0.63,,,,n,not-annotated,proform,
debunk,not,n,whetherX,0.51,,,,n,not-annotated,proform,
debunked,not,n,whetherX,0.76,,,,n,not-annotated,proform,
decided,not,n,whetherX,0.63,,,,n,not-annotated,proform,
decisively,not,n,whetherX,0.52,,,,n,not-annotated,proform,
declared,not,n,whetherX,0.57,,,,n,not-annotated,proform,
declares,not,n,whetherX,0.54,,,,n,not-annotated,proform,
deductible,not,n,whetherX,0.71,,,,n,not-annotated,proform,
deemed,not,n,whetherX,0.7,,,,n,not-annotated,proform,
delicious,not,n,whetherX,0.53,,,,n,not-annotated,proform,
delivered,not,n,whetherX,0.6,,,,n,not-annotated,proform,
democracies,not,n,whetherX,0.6,,,,n,not-annotated,proform,
democratically,otherwise,n,whetherX,0.53,,,,n,not-annotated,proform,
demonstrated,not,n,whetherX,0.52,,,,n,not-annotated,proform,
depicted,not,n,whetherX,0.55,,,,n,not-annotated,proform,
deployed,not,n,whetherX,0.74,,,,n,not-annotated,proform,
deploying,not,n,whetherX,0.52,,,,n,not-annotated,proform,
deported,not,n,whetherX,0.63,,,,n,not-annotated,proform,
derby,not,n,whetherX,0.52,,,,n,not-annotated,proform,
descendant,not,n,whetherX,0.55,,,,n,not-annotated,proform,
descended,not,n,whetherX,0.62,,,,n,not-annotated,proform,
deserve,not,n,whetherX,0.57,,,,n,not-annotated,proform,
deserved,not,n,whetherX,0.82,,,,n,not-annotated,proform,
deserving,not,n,whetherX,0.57,,,,n,not-annotated,proform,
desirable,not,n,whetherX,0.5,,,,n,not-annotated,proform,
despicable,not,n,whetherX,0.53,,,,n,not-annotated,proform,
destined,not,n,whetherX,0.64,,,,n,not-annotated,proform,
detectable,not,n,whetherX,0.6,,,,n,not-annotated,proform,
detected,not,n,whetherX,0.57,,,,n,not-annotated,proform,
detonated,not,n,whetherX,0.62,,,,n,not-annotated,proform,
developed,not,n,whetherX,0.53,,,,n,not-annotated,proform,
devote,not,n,whetherX,0.59,,,,n,not-annotated,proform,
devout,not,n,whetherX,0.59,,,,n,not-annotated,proform,
diabetic,not,n,whetherX,0.81,,,,n,not-annotated,proform,
diagnosed,not,n,whetherX,0.66,,,,n,not-annotated,proform,
dire,not,n,whetherX,0.59,,,,n,not-annotated,proform,
disabled,not,n,whetherX,0.78,,,,n,not-annotated,proform,
disabling,not,n,whetherX,0.77,,,,n,not-annotated,proform,
disclaimer,not,n,whetherX,0.53,,,,n,not-annotated,proform,
disclose,not,n,whetherX,0.66,,,,n,not-annotated,proform,
disclosed,not,n,whetherX,0.72,,,,n,not-annotated,proform,
disclosing,not,n,whetherX,0.77,,,,n,not-annotated,proform,
discounted,not,n,whetherX,0.62,,,,n,not-annotated,proform,
discovered,not,n,whetherX,0.63,,,,n,not-annotated,proform,
discredited,not,n,whetherX,0.75,,,,n,not-annotated,proform,
discriminate,not,n,whetherX,0.62,,,,n,not-annotated,proform,
discussed,not,n,whetherX,0.56,,,,n,not-annotated,proform,
displayed,not,n,whetherX,0.58,,,,n,not-annotated,proform,
disputed,not,n,whetherX,0.64,,,,n,not-annotated,proform,
disqualified,not,n,whetherX,0.56,,,,n,not-annotated,proform,
disturb,not,n,whetherX,0.53,,,,n,not-annotated,proform,
disturbing,not,n,whetherX,0.59,,,,n,not-annotated,proform,
doctoral,otherwise,n,whetherX,0.51,,,,n,not-annotated,proform,
documented,not,n,whetherX,0.65,,,,n,not-annotated,proform,
done,not,n,whetherX,0.67,,,,n,not-annotated,proform,
doomed,not,n,whetherX,0.62,,,,n,not-annotated,proform,
dope,not,n,whetherX,0.78,,,,n,not-annotated,proform,
doping,not,n,whetherX,0.59,,,,n,not-annotated,proform,
dossier,not,n,whetherX,0.58,,,,n,not-annotated,proform,
doubted,not,n,whetherX,0.7,,,,n,not-annotated,proform,
doubtless,not,n,whetherX,0.62,,,,n,not-annotated,proform,
dressed,not,n,whetherX,0.61,,,,n,not-annotated,proform,
drifted,not,n,whetherX,0.54,,,,n,not-annotated,proform,
dubious,not,n,whetherX,0.51,,,,n,not-annotated,proform,
due,not,n,whetherX,0.6,,,,n,not-annotated,proform,
duly,not,n,whetherX,0.64,,,,n,not-annotated,proform,
dumped,not,n,whetherX,0.58,,,,n,not-annotated,proform,
dystopian,not,n,whetherX,0.5,,,,n,not-annotated,proform,
earn,not,n,whetherX,0.53,,,,n,not-annotated,proform,
earned,not,n,whetherX,0.67,,,,n,not-annotated,proform,
easing,not,n,whetherX,0.64,,,,n,not-annotated,proform,
eaten,not,n,whetherX,0.65,,,,n,not-annotated,proform,
eclipse,not,n,whetherX,0.76,,,,n,not-annotated,proform,
eco,not,n,whetherX,0.52,,,,n,not-annotated,proform,
edible,not,n,whetherX,0.82,,,,n,not-annotated,proform,
educated,not,n,whetherX,0.78,,,,n,not-annotated,proform,
effected,not,n,whetherX,0.66,,,,n,not-annotated,proform,
effective,not,n,whetherX,0.53,,,,n,not-annotated,proform,
effectively,not,n,whetherX,0.56,,,,n,not-annotated,proform,
elect,not,n,whetherX,0.65,,,,n,not-annotated,proform,
elected,not,n,whetherX,0.55,,,,n,not-annotated,proform,
electing,not,n,whetherX,0.7,,,,n,not-annotated,proform,
eligible,not,n,whetherX,0.72,,,,n,not-annotated,proform,
elite,not,n,whetherX,0.58,,,,n,not-annotated,proform,
embargo,not,n,whetherX,0.59,,,,n,not-annotated,proform,
embattled,not,n,whetherX,0.62,,,,n,not-annotated,proform,
embedded,not,n,whetherX,0.74,,,,n,not-annotated,proform,
embroiled,not,n,whetherX,0.73,,,,n,not-annotated,proform,
employed,not,n,whetherX,0.56,,,,n,not-annotated,proform,
enabling,not,n,whetherX,0.67,,,,n,not-annotated,proform,
enacted,not,n,whetherX,0.52,,,,n,not-annotated,proform,
enclosed,not,n,whetherX,0.51,,,,n,not-annotated,proform,
encoded,not,n,whetherX,0.52,,,,n,not-annotated,proform,
encountered,not,n,whetherX,0.64,,,,n,not-annotated,proform,
encouraged,not,n,whetherX,0.57,,,,n,not-annotated,proform,
encrypted,not,n,whetherX,0.76,,,,n,not-annotated,proform,
endemic,not,n,whetherX,0.6,,,,n,not-annotated,proform,
endorsed,not,n,whetherX,0.83,,,,n,not-annotated,proform,
endorsing,not,n,whetherX,0.65,,,,n,not-annotated,proform,
endowed,not,n,whetherX,0.6,,,,n,not-annotated,proform,
enforce,not,n,whetherX,0.55,,,,n,not-annotated,proform,
enforced,not,n,whetherX,0.66,,,,n,not-annotated,proform,
engulfed,not,n,whetherX,0.51,,,,n,not-annotated,proform,
enjoy,not,n,whetherX,0.51,,,,n,not-annotated,proform,
enjoyable,not,n,whetherX,0.78,,,,n,not-annotated,proform,
enjoyed,not,n,whetherX,0.64,,,,n,not-annotated,proform,
enjoying,not,n,whetherX,0.69,,,,n,not-annotated,proform,
enlightened,not,n,whetherX,0.73,,,,n,not-annotated,proform,
enough,not,n,whetherX,0.52,,,,n,not-annotated,proform,
enrolled,not,n,whetherX,0.7,,,,n,not-annotated,proform,
ensured,not,n,whetherX,0.67,,,,n,not-annotated,proform,
ensuring,not,n,whetherX,0.53,,,,n,not-annotated,proform,
entangled,not,n,whetherX,0.57,,,,n,not-annotated,proform,
enter,not,n,whetherX,0.69,,,,n,not-annotated,proform,
entered,not,n,whetherX,0.56,,,,n,not-annotated,proform,
enticing,not,n,whetherX,0.6,,,,n,not-annotated,proform,
entitled,not,n,whetherX,0.85,,,,n,not-annotated,proform,
equilibrium,not,n,whetherX,0.55,,,,n,not-annotated,proform,
equitable,not,n,whetherX,0.53,,,,n,not-annotated,proform,
escorted,not,n,whetherX,0.82,,,,n,not-annotated,proform,
established,not,n,whetherX,0.55,,,,n,not-annotated,proform,
esteemed,not,n,whetherX,0.54,,,,n,not-annotated,proform,
eurozone,not,n,whetherX,0.6,,,,n,not-annotated,proform,
evac,not,n,whetherX,0.67,,,,n,partial token,x-none,
evacuated,not,n,whetherX,0.71,,,,n,not-annotated,proform,
evid,not,n,whetherX,0.61,,,,n,partial token,x-none,
evidenced,not,n,whetherX,0.6,,,,n,not-annotated,proform,
evident,not,n,whetherX,0.68,,,,n,not-annotated,proform,
evidently,not,n,whetherX,0.66,,,,n,not-annotated,proform,
evolved,not,n,whetherX,0.64,,,,n,not-annotated,proform,
exclaimed,not,n,whetherX,0.53,,,,n,not-annotated,proform,
executable,not,n,whetherX,0.7,,,,n,not-annotated,proform,
exempt,not,n,whetherX,0.59,,,,n,not-annotated,proform,
exempted,not,n,whetherX,0.66,,,,n,not-annotated,proform,
exist,not,n,whetherX,0.62,,,,n,not-annotated,proform,
exists,not,n,whetherX,0.62,,,,n,not-annotated,proform,
expected,not,n,whetherX,0.6,,,,n,not-annotated,proform,
expecting,not,n,whetherX,0.63,,,,n,not-annotated,proform,
experienced,not,n,whetherX,0.63,,,,n,not-annotated,proform,
experimented,not,n,whetherX,0.64,,,,n,not-annotated,proform,
explained,not,n,whetherX,0.5,,,,n,not-annotated,proform,
exploited,not,n,whetherX,0.68,,,,n,not-annotated,proform,
expose,not,n,whetherX,0.52,,,,n,not-annotated,proform,
extradition,not,n,whetherX,0.77,,,,n,not-annotated,proform,
eyed,not,n,whetherX,0.64,,,,n,not-annotated,proform,
faced,not,n,whetherX,0.6,,,,n,not-annotated,proform,
facilitated,not,n,whetherX,0.59,,,,n,not-annotated,proform,
facing,not,n,whetherX,0.54,,,,n,not-annotated,proform,
fair,not,n,whetherX,0.71,,,,n,not-annotated,proform,
fairly,not,n,whetherX,0.61,,,,n,not-annotated,proform,
faithful,not,n,whetherX,0.65,,,,n,not-annotated,proform,
faithfully,not,n,whetherX,0.7,,,,n,not-annotated,proform,
familiar,not,n,whetherX,0.56,,,,n,not-annotated,proform,
famous,not,n,whetherX,0.73,,,,n,not-annotated,proform,
fashionable,not,n,whetherX,0.65,,,,n,not-annotated,proform,
fasting,not,n,whetherX,0.67,,,,n,not-annotated,proform,
fault,not,n,whetherX,0.54,,,,n,not-annotated,proform,
favorite,not,n,whetherX,0.58,,,,n,not-annotated,proform,
favourite,not,n,whetherX,0.53,,,,n,not-annotated,proform,
feared,not,n,whetherX,0.63,,,,n,not-annotated,proform,
featured,not,n,whetherX,0.78,,,,n,not-annotated,proform,
featuring,not,n,whetherX,0.51,,,,n,not-annotated,proform,
fed,not,n,whetherX,0.77,,,,n,not-annotated,proform,
felon,not,n,whetherX,0.55,,,,n,not-annotated,proform,
fermented,not,n,whetherX,0.5,,,,n,not-annotated,proform,
fertile,not,n,whetherX,0.72,,,,n,not-annotated,proform,
fib,not,n,whetherX,0.58,,,,n,not-annotated,proform,
fielded,not,n,whetherX,0.58,,,,n,not-annotated,proform,
filibuster,not,n,whetherX,0.5,,,,n,not-annotated,proform,
filtered,not,n,whetherX,0.6,,,,n,not-annotated,proform,
finals,not,n,whetherX,0.6,,,,n,not-annotated,proform,
firewall,not,n,whetherX,0.58,,,,n,not-annotated,proform,
fitted,not,n,whetherX,0.54,,,,n,not-annotated,proform,
fitting,not,n,whetherX,0.66,,,,n,not-annotated,proform,
flagged,not,n,whetherX,0.78,,,,n,not-annotated,proform,
flashing,not,n,whetherX,0.53,,,,n,not-annotated,proform,
flattering,not,n,whetherX,0.57,,,,n,not-annotated,proform,
flawed,not,n,whetherX,0.54,,,,n,not-annotated,proform,
flipped,not,n,whetherX,0.51,,,,n,not-annotated,proform,
fluent,not,n,whetherX,0.79,,,,n,not-annotated,proform,
followed,not,n,whetherX,0.67,,,,n,not-annotated,proform,
fooled,not,n,whetherX,0.72,,,,n,not-annotated,proform,
foresee,not,n,whetherX,0.62,,,,n,not-annotated,proform,
foreseeable,not,n,whetherX,0.66,,,,n,not-annotated,proform,
foreskin,not,n,whetherX,0.54,,,,n,not-annotated,proform,
forged,not,n,whetherX,0.52,,,,n,not-annotated,proform,
forgiven,not,n,whetherX,0.73,,,,n,not-annotated,proform,
formatted,not,n,whetherX,0.57,,,,n,not-annotated,proform,
forwarded,not,n,whetherX,0.52,,,,n,not-annotated,proform,
fost,not,n,whetherX,0.53,,,,n,partial token,x-none,
foul,not,n,whetherX,0.58,,,,n,not-annotated,proform,
found,not,n,whetherX,0.55,,,,n,not-annotated,proform,
fraught,not,n,whetherX,0.53,,,,n,not-annotated,proform,
freaking,not,n,whetherX,0.52,,,,n,not-annotated,proform,
free,not,n,whetherX,0.68,,,,n,not-annotated,proform,
frowned,not,n,whetherX,0.62,,,,n,not-annotated,proform,
fruitful,not,n,whetherX,0.59,,,,n,not-annotated,proform,
fucked,not,n,whetherX,0.79,,,,n,not-annotated,proform,
fuckin,not,n,whetherX,0.65,,,,n,not-annotated,proform,
fulfill,not,n,whetherX,0.51,,,,n,not-annotated,proform,
fulfilled,not,n,whetherX,0.76,,,,n,not-annotated,proform,
fused,not,n,whetherX,0.55,,,,n,not-annotated,proform,
game,not,n,whetherX,0.56,,,,n,not-annotated,proform,
genetically,otherwise,n,whetherX,0.51,,,,n,not-annotated,proform,
genius,not,n,whetherX,0.59,,,,n,not-annotated,proform,
genocide,not,n,whetherX,0.52,,,,n,not-annotated,proform,
genuine,not,n,whetherX,0.54,,,,n,not-annotated,proform,
genuinely,not,n,whetherX,0.66,,,,n,not-annotated,proform,
gladly,not,n,whetherX,0.73,,,,n,not-annotated,proform,
glasses,not,n,whetherX,0.71,,,,n,not-annotated,proform,
gmaxwell,not,n,whetherX,0.7,,,,n,not-annotated,proform,
goddamn,not,n,whetherX,0.63,,,,n,not-annotated,proform,
goggles,not,n,whetherX,0.55,,,,n,not-annotated,proform,
gonna,not,n,whetherX,0.72,,,,n,not-annotated,proform,
gotta,not,n,whetherX,0.6,,,,n,not-annotated,proform,
governed,not,n,whetherX,0.8,,,,n,not-annotated,proform,
graded,not,n,whetherX,0.62,,,,n,not-annotated,proform,
graduated,not,n,whetherX,0.52,,,,n,not-annotated,proform,
graduating,not,n,whetherX,0.64,,,,n,not-annotated,proform,
grasped,not,n,whetherX,0.54,,,,n,not-annotated,proform,
grinning,not,n,whetherX,0.68,,,,n,not-annotated,proform,
groundbreaking,not,n,whetherX,0.6,,,,n,not-annotated,proform,
guaranteed,not,n,whetherX,0.64,,,,n,not-annotated,proform,
guessed,not,n,whetherX,0.52,,,,n,not-annotated,proform,
guilty,not,n,whetherX,0.63,,,,n,not-annotated,proform,
habitable,not,n,whetherX,0.79,,,,n,not-annotated,proform,
hacked,not,n,whetherX,0.71,,,,n,not-annotated,proform,
haha,not,n,whetherX,0.7,,,,n,not-annotated,proform,
hairy,not,n,whetherX,0.7,,,,n,not-annotated,proform,
hammered,not,n,whetherX,0.53,,,,n,not-annotated,proform,
handcuffed,not,n,whetherX,0.85,,,,n,not-annotated,proform,
happen,not,n,whetherX,0.74,,,,n,not-annotated,proform,
happened,not,n,whetherX,0.67,,,,n,not-annotated,proform,
happening,not,n,whetherX,0.78,,,,n,not-annotated,proform,
happens,not,n,whetherX,0.68,,,,n,not-annotated,proform,
happily,not,n,whetherX,0.79,,,,n,not-annotated,proform,
hatched,not,n,whetherX,0.63,,,,n,not-annotated,proform,
haunted,not,n,whetherX,0.83,,,,n,not-annotated,proform,
have,not,n,whetherX,0.65,,,,n,not-annotated,proform,
having,not,n,whetherX,0.56,,,,n,not-annotated,proform,
headed,not,n,whetherX,0.67,,,,n,not-annotated,proform,
healed,not,n,whetherX,0.7,,,,n,not-annotated,proform,
healthier,not,n,whetherX,0.5,,,,n,not-annotated,proform,
heck,not,n,whetherX,0.52,,,,n,not-annotated,proform,
heir,not,n,whetherX,0.52,,,,n,not-annotated,proform,
helpful,not,n,whetherX,0.69,,,,n,not-annotated,proform,
helping,not,n,whetherX,0.61,,,,n,not-annotated,proform,
heresy,not,n,whetherX,0.51,,,,n,not-annotated,proform,
hes,not,n,whetherX,0.71,,,,n,not-annotated,proform,
hey,not,n,whetherX,0.54,,,,n,not-annotated,proform,
hi,not,n,whetherX,0.8,,,,n,not-annotated,proform,
highlighted,not,n,whetherX,0.51,,,,n,not-annotated,proform,
hijab,not,n,whetherX,0.73,,,,n,not-annotated,proform,
hoax,not,n,whetherX,0.54,,,,n,not-annotated,proform,
holy,not,n,whetherX,0.51,,,,n,not-annotated,proform,
homemade,not,n,whetherX,0.55,,,,n,not-annotated,proform,
homework,not,n,whetherX,0.54,,,,n,not-annotated,proform,
honorary,otherwise,n,whetherX,0.52,,,,n,not-annotated,proform,
honoured,not,n,whetherX,0.51,,,,n,not-annotated,proform,
hooked,not,n,whetherX,0.73,,,,n,not-annotated,proform,
hoped,not,n,whetherX,0.57,,,,n,not-annotated,proform,
hopeless,not,n,whetherX,0.62,,,,n,not-annotated,proform,
horny,not,n,whetherX,0.51,,,,n,not-annotated,proform,
humane,not,n,whetherX,0.68,,,,n,not-annotated,proform,
hyper,not,n,whetherX,0.53,,,,n,not-annotated,proform,
iCloud,not,n,whetherX,0.58,,,,n,not-annotated,proform,
ignited,not,n,whetherX,0.54,,,,n,not-annotated,proform,
ignor,not,n,whetherX,0.51,,,,n,not-annotated,proform,
illegitimate,not,n,whetherX,0.59,,,,n,not-annotated,proform,
illustrated,not,n,whetherX,0.62,,,,n,not-annotated,proform,
im,not,n,whetherX,0.55,,,,n,not-annotated,proform,
imaginable,not,n,whetherX,0.64,,,,n,not-annotated,proform,
immersed,not,n,whetherX,0.54,,,,n,not-annotated,proform,
immersive,not,n,whetherX,0.7,,,,n,not-annotated,proform,
immortal,not,n,whetherX,0.71,,,,n,not-annotated,proform,
impeachment,not,n,whetherX,0.54,,,,n,not-annotated,proform,
implicated,not,n,whetherX,0.79,,,,n,not-annotated,proform,
imply,not,n,whetherX,0.5,,,,n,not-annotated,proform,
important,not,n,whetherX,0.54,,,,n,not-annotated,proform,
impressive,not,n,whetherX,0.54,,,,n,not-annotated,proform,
incarcerated,not,n,whetherX,0.61,,,,n,not-annotated,proform,
inclined,not,n,whetherX,0.58,,,,n,not-annotated,proform,
included,not,n,whetherX,0.69,,,,n,not-annotated,proform,
incorporated,not,n,whetherX,0.83,,,,n,not-annotated,proform,
indebted,not,n,whetherX,0.59,,,,n,not-annotated,proform,
indeed,not,n,whetherX,0.64,,,,n,not-annotated,proform,
indexed,not,n,whetherX,0.82,,,,n,not-annotated,proform,
indicating,not,n,whetherX,0.51,,,,n,not-annotated,proform,
indict,not,n,whetherX,0.53,,,,n,not-annotated,proform,
indicted,not,n,whetherX,0.53,,,,n,not-annotated,proform,
indispensable,not,n,whetherX,0.76,,,,n,not-annotated,proform,
indulge,not,n,whetherX,0.54,,,,n,not-annotated,proform,
industrialized,not,n,whetherX,0.69,,,,n,not-annotated,proform,
inevitable,not,n,whetherX,0.59,,,,n,not-annotated,proform,
infall,not,n,whetherX,0.6,,,,n,not-annotated,proform,
infected,not,n,whetherX,0.63,,,,n,not-annotated,proform,
infectious,not,n,whetherX,0.56,,,,n,not-annotated,proform,
inferred,not,n,whetherX,0.53,,,,n,not-annotated,proform,
infiltrated,not,n,whetherX,0.64,,,,n,not-annotated,proform,
infinity,not,n,whetherX,0.52,,,,n,not-annotated,proform,
informed,not,n,whetherX,0.85,,,,n,not-annotated,proform,
infringing,not,n,whetherX,0.66,,,,n,not-annotated,proform,
inhabited,not,n,whetherX,0.75,,,,n,not-annotated,proform,
initialized,not,n,whetherX,0.53,,,,n,not-annotated,proform,
initiated,not,n,whetherX,0.63,,,,n,not-annotated,proform,
inline,not,n,whetherX,0.57,,,,n,not-annotated,proform,
inquire,not,n,whetherX,0.5,,,,n,not-annotated,proform,
inquired,not,n,whetherX,0.65,,,,n,not-annotated,proform,
inscribed,not,n,whetherX,0.57,,,,n,not-annotated,proform,
insider,not,n,whetherX,0.57,,,,n,not-annotated,proform,
insiders,not,n,whetherX,0.6,,,,n,not-annotated,proform,
insisting,not,n,whetherX,0.58,,,,n,not-annotated,proform,
insol,not,n,whetherX,0.52,,,,n,not-annotated,proform,
inspected,not,n,whetherX,0.64,,,,n,not-annotated,proform,
installed,not,n,whetherX,0.6,,,,n,not-annotated,proform,
instituted,not,n,whetherX,0.54,,,,n,not-annotated,proform,
instructed,not,n,whetherX,0.53,,,,n,not-annotated,proform,
insulated,not,n,whetherX,0.7,,,,n,not-annotated,proform,
insure,not,n,whetherX,0.76,,,,n,not-annotated,proform,
insured,not,n,whetherX,0.82,,,,n,not-annotated,proform,
integrate,not,n,whetherX,0.63,,,,n,not-annotated,proform,
integrated,not,n,whetherX,0.61,,,,n,not-annotated,proform,
integrating,not,n,whetherX,0.55,,,,n,not-annotated,proform,
intelligent,not,n,whetherX,0.66,,,,n,not-annotated,proform,
intend,not,n,whetherX,0.67,,,,n,not-annotated,proform,
intended,not,n,whetherX,0.69,,,,n,not-annotated,proform,
intending,not,n,whetherX,0.83,,,,n,not-annotated,proform,
interacted,not,n,whetherX,0.52,,,,n,not-annotated,proform,
interacting,not,n,whetherX,0.55,,,,n,not-annotated,proform,
interactive,not,n,whetherX,0.72,,,,n,not-annotated,proform,
interconnected,not,n,whetherX,0.53,,,,n,not-annotated,proform,
interested,not,n,whetherX,0.63,,,,n,not-annotated,proform,
interesting,not,n,whetherX,0.62,,,,n,not-annotated,proform,
interestingly,not,n,whetherX,0.5,,,,n,not-annotated,proform,
interpreted,not,n,whetherX,0.69,,,,n,not-annotated,proform,
intervene,not,n,whetherX,0.61,,,,n,not-annotated,proform,
intoxicated,not,n,whetherX,0.57,,,,n,not-annotated,proform,
intriguing,not,n,whetherX,0.61,,,,n,not-annotated,proform,
invented,not,n,whetherX,0.59,,,,n,not-annotated,proform,
invested,not,n,whetherX,0.51,,,,n,not-annotated,proform,
investigated,not,n,whetherX,0.65,,,,n,not-annotated,proform,
invincible,not,n,whetherX,0.56,,,,n,not-annotated,proform,
invited,not,n,whetherX,0.64,,,,n,not-annotated,proform,
invoked,not,n,whetherX,0.73,,,,n,not-annotated,proform,
involve,not,n,whetherX,0.5,,,,n,not-annotated,proform,
involved,not,n,whetherX,0.6,,,,n,not-annotated,proform,
ironically,not,n,whetherX,0.51,,,,n,not-annotated,proform,
irresistible,not,n,whetherX,0.73,,,,n,not-annotated,proform,
irreversible,not,n,whetherX,0.54,,,,n,not-annotated,proform,
it,not,n,whetherX,0.89,,,,n,not-annotated,proform,
joined,not,n,whetherX,0.61,,,,n,not-annotated,proform,
joining,not,n,whetherX,0.54,,,,n,not-annotated,proform,
joked,not,n,whetherX,0.66,,,,n,not-annotated,proform,
judged,not,n,whetherX,0.7,,,,n,not-annotated,proform,
justified,not,n,whetherX,0.72,,,,n,not-annotated,proform,
justifies,not,n,whetherX,0.64,,,,n,not-annotated,proform,
justify,not,n,whetherX,0.69,,,,n,not-annotated,proform,
justifying,not,n,whetherX,0.58,,,,n,not-annotated,proform,
kidding,not,n,whetherX,0.8,,,,n,not-annotated,proform,
kin,not,n,whetherX,0.61,,,,n,not-annotated,proform,
kindly,not,n,whetherX,0.6,,,,n,not-annotated,proform,
kindred,not,n,whetherX,0.75,,,,n,not-annotated,proform,
know,not,n,whetherX,0.53,,,,n,not-annotated,proform,
knowing,not,n,whetherX,0.84,,,,n,not-annotated,proform,
knowingly,not,n,whetherX,0.52,,,,n,not-annotated,proform,
knowledgeable,not,n,whetherX,0.61,,,,n,not-annotated,proform,
kosher,not,n,whetherX,0.9,,,,n,not-annotated,proform,
labeled,not,n,whetherX,0.57,,,,n,not-annotated,proform,
labelled,not,n,whetherX,0.69,,,,n,not-annotated,proform,
laced,not,n,whetherX,0.65,,,,n,not-annotated,proform,
launched,not,n,whetherX,0.55,,,,n,not-annotated,proform,
laureate,not,n,whetherX,0.65,,,,n,not-annotated,proform,
lawful,not,n,whetherX,0.55,,,,n,not-annotated,proform,
leaning,not,n,whetherX,0.58,,,,n,not-annotated,proform,
learned,not,n,whetherX,0.52,,,,n,not-annotated,proform,
legal,not,n,whetherX,0.72,,,,n,not-annotated,proform,
legalization,not,n,whetherX,0.51,,,,n,not-annotated,proform,
legalize,not,n,whetherX,0.76,,,,n,not-annotated,proform,
legalized,not,n,whetherX,0.88,,,,n,not-annotated,proform,
legalizing,not,n,whetherX,0.57,,,,n,not-annotated,proform,
legit,not,n,whetherX,0.72,,,,n,not-annotated,proform,
legitimate,not,n,whetherX,0.67,,,,n,not-annotated,proform,
lethal,not,n,whetherX,0.71,,,,n,not-annotated,proform,
leveling,not,n,whetherX,0.58,,,,n,not-annotated,proform,
levied,not,n,whetherX,0.5,,,,n,not-annotated,proform,
liable,not,n,whetherX,0.71,,,,n,not-annotated,proform,
liar,not,n,whetherX,0.54,,,,n,not-annotated,proform,
liber,not,n,whetherX,0.53,,,,n,not-annotated,proform,
licensed,not,n,whetherX,0.63,,,,n,not-annotated,proform,
lied,not,n,whetherX,0.54,,,,n,not-annotated,proform,
liking,not,n,whetherX,0.75,,,,n,not-annotated,proform,
linked,not,n,whetherX,0.7,,,,n,not-annotated,proform,
linking,not,n,whetherX,0.56,,,,n,not-annotated,proform,
listed,not,n,whetherX,0.7,,,,n,not-annotated,proform,
listened,not,n,whetherX,0.66,,,,n,not-annotated,proform,
loaded,not,n,whetherX,0.76,,,,n,not-annotated,proform,
lockout,not,n,whetherX,0.59,,,,n,not-annotated,proform,
lodged,not,n,whetherX,0.52,,,,n,not-annotated,proform,
logged,not,n,whetherX,0.82,,,,n,not-annotated,proform,
lol,not,n,whetherX,0.6,,,,n,not-annotated,proform,
loved,not,n,whetherX,0.55,,,,n,not-annotated,proform,
loving,not,n,whetherX,0.52,,,,n,not-annotated,proform,
loyal,not,n,whetherX,0.53,,,,n,not-annotated,proform,
luckily,not,n,whetherX,0.57,,,,n,not-annotated,proform,
lying,not,n,whetherX,0.53,,,,n,not-annotated,proform,
made,not,n,whetherX,0.51,,,,n,not-annotated,proform,
magically,otherwise,n,whetherX,0.77,,,,n,not-annotated,proform,
mainstream,not,n,whetherX,0.52,,,,n,not-annotated,proform,
makeup,not,n,whetherX,0.55,,,,n,not-annotated,proform,
managed,not,n,whetherX,0.51,,,,n,not-annotated,proform,
mapped,not,n,whetherX,0.63,,,,n,not-annotated,proform,
marched,not,n,whetherX,0.67,,,,n,not-annotated,proform,
marital,otherwise,n,whetherX,0.64,,,,n,not-annotated,proform,
marked,not,n,whetherX,0.65,,,,n,not-annotated,proform,
marketed,not,n,whetherX,0.53,,,,n,not-annotated,proform,
masked,not,n,whetherX,0.71,,,,n,not-annotated,proform,
mastered,not,n,whetherX,0.59,,,,n,not-annotated,proform,
matched,not,n,whetherX,0.65,,,,n,not-annotated,proform,
matching,not,n,whetherX,0.7,,,,n,not-annotated,proform,
mattered,not,n,whetherX,0.73,,,,n,not-annotated,proform,
matters,not,n,whetherX,0.76,,,,n,not-annotated,proform,
meaningful,not,n,whetherX,0.54,,,,n,not-annotated,proform,
meant,not,n,whetherX,0.68,,,,n,not-annotated,proform,
mechanically,otherwise,n,whetherX,0.56,,,,n,not-annotated,proform,
meddling,not,n,whetherX,0.62,,,,n,not-annotated,proform,
member,not,n,whetherX,0.67,,,,n,not-annotated,proform,
members,not,n,whetherX,0.5,,,,n,not-annotated,proform,
memorable,not,n,whetherX,0.62,,,,n,not-annotated,proform,
menstrual,not,n,whetherX,0.56,,,,n,not-annotated,proform,
mentioned,not,n,whetherX,0.56,,,,n,not-annotated,proform,
merge,not,n,whetherX,0.53,,,,n,not-annotated,proform,
midterm,not,n,whetherX,0.57,,,,n,not-annotated,proform,
minded,not,n,whetherX,0.77,,,,n,not-annotated,proform,
mindful,not,n,whetherX,0.68,,,,n,not-annotated,proform,
mir,not,n,whetherX,0.62,,,,n,not-annotated,proform,
miraculous,not,n,whetherX,0.6,,,,n,not-annotated,proform,
mirrored,not,n,whetherX,0.51,,,,n,not-annotated,proform,
mitigating,not,n,whetherX,0.53,,,,n,not-annotated,proform,
mobilized,not,n,whetherX,0.62,,,,n,not-annotated,proform,
mod,not,n,whetherX,0.61,,,,n,not-annotated,proform,
monitored,not,n,whetherX,0.59,,,,n,not-annotated,proform,
monopoly,not,n,whetherX,0.51,,,,n,not-annotated,proform,
must,not,n,whetherX,0.51,,,,n,not-annotated,proform,
mutant,not,n,whetherX,0.51,,,,n,not-annotated,proform,
naÃÂÃÂÃÂÃÂ¯ve,not,n,whetherX,0.5,,,,n,not-annotated,proform,
nested,not,n,whetherX,0.53,,,,n,not-annotated,proform,
netted,not,n,whetherX,0.53,,,,n,not-annotated,proform,
nevertheless,not,n,whetherX,0.51,,,,n,not-annotated,proform,
nicely,not,n,whetherX,0.56,,,,n,not-annotated,proform,
nominated,not,n,whetherX,0.53,,,,n,not-annotated,proform,
normalized,not,n,whetherX,0.61,,,,n,not-annotated,proform,
noted,not,n,whetherX,0.55,,,,n,not-annotated,proform,
noteworthy,not,n,whetherX,0.61,,,,n,not-annotated,proform,
notice,not,n,whetherX,0.59,,,,n,not-annotated,proform,
noticeable,not,n,whetherX,0.65,,,,n,not-annotated,proform,
noticed,not,n,whetherX,0.74,,,,n,not-annotated,proform,
noticing,not,n,whetherX,0.76,,,,n,not-annotated,proform,
notified,not,n,whetherX,0.74,,,,n,not-annotated,proform,
notify,not,n,whetherX,0.57,,,,n,not-annotated,proform,
noting,not,n,whetherX,0.52,,,,n,not-annotated,proform,
notoriously,not,n,whetherX,0.52,,,,n,not-annotated,proform,
nun,not,n,whetherX,0.53,,,,n,not-annotated,proform,
nuns,not,n,whetherX,0.51,,,,n,not-annotated,proform,
nutritious,not,n,whetherX,0.57,,,,n,not-annotated,proform,
obedient,not,n,whetherX,0.58,,,,n,not-annotated,proform,
objectionable,not,n,whetherX,0.54,,,,n,not-annotated,proform,
obligated,not,n,whetherX,0.72,,,,n,not-annotated,proform,
obliged,not,n,whetherX,0.69,,,,n,not-annotated,proform,
observable,not,n,whetherX,0.68,,,,n,not-annotated,proform,
occupied,not,n,whetherX,0.66,,,,n,not-annotated,proform,
occur,not,n,whetherX,0.54,,,,n,not-annotated,proform,
ok,not,n,whetherX,0.94,,,,n,not-annotated,proform,
okay,not,n,whetherX,0.9,,,,n,not-annotated,proform,
ominous,not,n,whetherX,0.53,,,,n,not-annotated,proform,
operate,not,n,whetherX,0.54,,,,n,not-annotated,proform,
operating,not,n,whetherX,0.51,,,,n,not-annotated,proform,
opted,not,n,whetherX,0.73,,,,n,not-annotated,proform,
optimal,not,n,whetherX,0.52,,,,n,not-annotated,proform,
optimized,not,n,whetherX,0.57,,,,n,not-annotated,proform,
opting,not,n,whetherX,0.91,,,,n,not-annotated,proform,
ordained,not,n,whetherX,0.91,,,,n,not-annotated,proform,
organize,not,n,whetherX,0.51,,,,n,not-annotated,proform,
orgasm,not,n,whetherX,0.65,,,,n,not-annotated,proform,
ousted,not,n,whetherX,0.52,,,,n,not-annotated,proform,
outlawed,not,n,whetherX,0.73,,,,n,not-annotated,proform,
overflowing,not,n,whetherX,0.58,,,,n,not-annotated,proform,
overseen,not,n,whetherX,0.56,,,,n,not-annotated,proform,
overtime,not,n,whetherX,0.54,,,,n,not-annotated,proform,
owed,not,n,whetherX,0.53,,,,n,not-annotated,proform,
pa,not,n,whetherX,0.64,,,,n,not-annotated,proform,
paced,not,n,whetherX,0.52,,,,n,not-annotated,proform,
packed,not,n,whetherX,0.56,,,,n,not-annotated,proform,
padded,not,n,whetherX,0.55,,,,n,not-annotated,proform,
partake,not,n,whetherX,0.72,,,,n,not-annotated,proform,
participate,not,n,whetherX,0.81,,,,n,not-annotated,proform,
participated,not,n,whetherX,0.78,,,,n,not-annotated,proform,
participating,not,n,whetherX,0.82,,,,n,not-annotated,proform,
passed,not,n,whetherX,0.78,,,,n,not-annotated,proform,
patched,not,n,whetherX,0.67,,,,n,not-annotated,proform,
patented,not,n,whetherX,0.71,,,,n,not-annotated,proform,
paycheck,not,n,whetherX,0.5,,,,n,not-annotated,proform,
payday,not,n,whetherX,0.58,,,,n,not-annotated,proform,
paying,not,n,whetherX,0.6,,,,n,not-annotated,proform,
peaked,not,n,whetherX,0.6,,,,n,not-annotated,proform,
perceive,not,n,whetherX,0.58,,,,n,not-annotated,proform,
performed,not,n,whetherX,0.51,,,,n,not-annotated,proform,
permissible,not,n,whetherX,0.62,,,,n,not-annotated,proform,
permitted,not,n,whetherX,0.67,,,,n,not-annotated,proform,
persecuted,not,n,whetherX,0.51,,,,n,not-annotated,proform,
persuaded,not,n,whetherX,0.79,,,,n,not-annotated,proform,
persuasive,not,n,whetherX,0.58,,,,n,not-annotated,proform,
pertinent,not,n,whetherX,0.59,,,,n,not-annotated,proform,
perv,not,n,whetherX,0.62,,,,n,not-annotated,proform,
picked,not,n,whetherX,0.65,,,,n,not-annotated,proform,
pictured,not,n,whetherX,0.6,,,,n,not-annotated,proform,
pierced,not,n,whetherX,0.6,,,,n,not-annotated,proform,
pious,not,n,whetherX,0.57,,,,n,not-annotated,proform,
plagued,not,n,whetherX,0.62,,,,n,not-annotated,proform,
plausible,not,n,whetherX,0.64,,,,n,not-annotated,proform,
playable,not,n,whetherX,0.91,,,,n,not-annotated,proform,
playback,not,n,whetherX,0.78,,,,n,not-annotated,proform,
played,not,n,whetherX,0.62,,,,n,not-annotated,proform,
playoff,not,n,whetherX,0.6,,,,n,not-annotated,proform,
playoffs,not,n,whetherX,0.67,,,,n,not-annotated,proform,
pleasantly,not,n,whetherX,0.57,,,,n,not-annotated,proform,
please,not,n,whetherX,0.74,,,,n,not-annotated,proform,
pleased,not,n,whetherX,0.66,,,,n,not-annotated,proform,
podium,not,n,whetherX,0.66,,,,n,not-annotated,proform,
poised,not,n,whetherX,0.51,,,,n,not-annotated,proform,
poisonous,not,n,whetherX,0.79,,,,n,not-annotated,proform,
polite,not,n,whetherX,0.56,,,,n,not-annotated,proform,
polled,not,n,whetherX,0.75,,,,n,not-annotated,proform,
pope,not,n,whetherX,0.57,,,,n,not-annotated,proform,
popular,not,n,whetherX,0.62,,,,n,not-annotated,proform,
populated,not,n,whetherX,0.62,,,,n,not-annotated,proform,
ported,not,n,whetherX,0.58,,,,n,not-annotated,proform,
posted,not,n,whetherX,0.67,,,,n,not-annotated,proform,
postseason,not,n,whetherX,0.56,,,,n,not-annotated,proform,
pot,not,n,whetherX,0.53,,,,n,not-annotated,proform,
practiced,not,n,whetherX,0.75,,,,n,not-annotated,proform,
practicing,not,n,whetherX,0.55,,,,n,not-annotated,proform,
prayed,not,n,whetherX,0.6,,,,n,not-annotated,proform,
preached,not,n,whetherX,0.54,,,,n,not-annotated,proform,
predicted,not,n,whetherX,0.68,,,,n,not-annotated,proform,
preferable,not,n,whetherX,0.51,,,,n,not-annotated,proform,
preferential,not,n,whetherX,0.56,,,,n,not-annotated,proform,
pregnant,not,n,whetherX,0.66,,,,n,not-annotated,proform,
prepared,not,n,whetherX,0.58,,,,n,not-annotated,proform,
prescribe,not,n,whetherX,0.61,,,,n,not-annotated,proform,
prescribed,not,n,whetherX,0.66,,,,n,not-annotated,proform,
preseason,not,n,whetherX,0.51,,,,n,not-annotated,proform,
preset,not,n,whetherX,0.53,,,,n,not-annotated,proform,
presided,not,n,whetherX,0.61,,,,n,not-annotated,proform,
presiding,not,n,whetherX,0.57,,,,n,not-annotated,proform,
prestigious,not,n,whetherX,0.52,,,,n,not-annotated,proform,
presume,not,n,whetherX,0.51,,,,n,not-annotated,proform,
presumed,not,n,whetherX,0.62,,,,n,not-annotated,proform,
pretending,not,n,whetherX,0.59,,,,n,not-annotated,proform,
pretty,not,n,whetherX,0.54,,,,n,not-annotated,proform,
prevalent,not,n,whetherX,0.53,,,,n,not-annotated,proform,
priesthood,not,n,whetherX,0.51,,,,n,not-annotated,proform,
privileged,not,n,whetherX,0.77,,,,n,not-annotated,proform,
probable,not,n,whetherX,0.75,,,,n,not-annotated,proform,
problematic,not,n,whetherX,0.69,,,,n,not-annotated,proform,
proceeded,not,n,whetherX,0.53,,,,n,not-annotated,proform,
proclaimed,not,n,whetherX,0.67,,,,n,not-annotated,proform,
profitable,not,n,whetherX,0.63,,,,n,not-annotated,proform,
prog,not,n,whetherX,0.54,,,,n,not-annotated,proform,
programmed,not,n,whetherX,0.73,,,,n,not-annotated,proform,
prohibition,not,n,whetherX,0.59,,,,n,not-annotated,proform,
promised,not,n,whetherX,0.56,,,,n,not-annotated,proform,
promising,not,n,whetherX,0.69,,,,n,not-annotated,proform,
prompted,not,n,whetherX,0.69,,,,n,not-annotated,proform,
pronounced,not,n,whetherX,0.73,,,,n,not-annotated,proform,
prophetic,not,n,whetherX,0.74,,,,n,not-annotated,proform,
proprietary,not,n,whetherX,0.53,,,,n,not-annotated,proform,
prosecute,not,n,whetherX,0.66,,,,n,not-annotated,proform,
prosecuted,not,n,whetherX,0.66,,,,n,not-annotated,proform,
protected,not,n,whetherX,0.8,,,,n,not-annotated,proform,
protested,not,n,whetherX,0.78,,,,n,not-annotated,proform,
prove,not,n,whetherX,0.58,,,,n,not-annotated,proform,
proved,not,n,whetherX,0.9,,,,n,not-annotated,proform,
proven,not,n,whetherX,0.91,,,,n,not-annotated,proform,
proves,not,n,whetherX,0.68,,,,n,not-annotated,proform,
proving,not,n,whetherX,0.58,,,,n,not-annotated,proform,
provoked,not,n,whetherX,0.65,,,,n,not-annotated,proform,
psychedelic,not,n,whetherX,0.57,,,,n,not-annotated,proform,
psycho,not,n,whetherX,0.55,,,,n,not-annotated,proform,
psychopath,not,n,whetherX,0.65,,,,n,not-annotated,proform,
publicized,not,n,whetherX,0.66,,,,n,not-annotated,proform,
published,not,n,whetherX,0.5,,,,n,not-annotated,proform,
punishable,not,n,whetherX,0.88,,,,n,not-annotated,proform,
pursued,not,n,whetherX,0.65,,,,n,not-annotated,proform,
qualified,not,n,whetherX,0.66,,,,n,not-annotated,proform,
qualifies,not,n,whetherX,0.68,,,,n,not-annotated,proform,
qualify,not,n,whetherX,0.76,,,,n,not-annotated,proform,
questionable,not,n,whetherX,0.52,,,,n,not-annotated,proform,
quoted,not,n,whetherX,0.57,,,,n,not-annotated,proform,
rabid,not,n,whetherX,0.55,,,,n,not-annotated,proform,
raced,not,n,whetherX,0.62,,,,n,not-annotated,proform,
racist,not,n,whetherX,0.68,,,,n,not-annotated,proform,
raided,not,n,whetherX,0.52,,,,n,not-annotated,proform,
rainbow,not,n,whetherX,0.51,,,,n,not-annotated,proform,
raining,not,n,whetherX,0.64,,,,n,not-annotated,proform,
ranked,not,n,whetherX,0.61,,,,n,not-annotated,proform,
ratified,not,n,whetherX,0.64,,,,n,not-annotated,proform,
read,not,n,whetherX,0.6,,,,n,not-annotated,proform,
readable,not,n,whetherX,0.78,,,,n,not-annotated,proform,
readily,not,n,whetherX,0.5,,,,n,not-annotated,proform,
ready,not,n,whetherX,0.89,,,,n,not-annotated,proform,
realise,not,n,whetherX,0.57,,,,n,not-annotated,proform,
realistic,not,n,whetherX,0.55,,,,n,not-annotated,proform,
realize,not,n,whetherX,0.75,,,,n,not-annotated,proform,
realized,not,n,whetherX,0.55,,,,n,not-annotated,proform,
realizing,not,n,whetherX,0.81,,,,n,not-annotated,proform,
really,not,n,whetherX,0.69,,,,n,not-annotated,proform,
recalled,not,n,whetherX,0.55,,,,n,not-annotated,proform,
recession,not,n,whetherX,0.58,,,,n,not-annotated,proform,
reckon,not,n,whetherX,0.57,,,,n,not-annotated,proform,
reckoned,not,n,whetherX,0.69,,,,n,not-annotated,proform,
recognised,not,n,whetherX,0.76,,,,n,not-annotated,proform,
recognizable,not,n,whetherX,0.59,,,,n,not-annotated,proform,
recognize,not,n,whetherX,0.54,,,,n,not-annotated,proform,
recognized,not,n,whetherX,0.79,,,,n,not-annotated,proform,
recommend,not,n,whetherX,0.84,,,,n,not-annotated,proform,
recommended,not,n,whetherX,0.74,,,,n,not-annotated,proform,
recommending,not,n,whetherX,0.67,,,,n,not-annotated,proform,
recount,not,n,whetherX,0.7,,,,n,not-annotated,proform,
recounts,not,n,whetherX,0.66,,,,n,not-annotated,proform,
recovering,not,n,whetherX,0.54,,,,n,not-annotated,proform,
redirected,not,n,whetherX,0.59,,,,n,not-annotated,proform,
reelection,not,n,whetherX,0.51,,,,n,not-annotated,proform,
referendum,not,n,whetherX,0.51,,,,n,not-annotated,proform,
reformed,not,n,whetherX,0.73,,,,n,not-annotated,proform,
refugee,not,n,whetherX,0.61,,,,n,not-annotated,proform,
refuted,not,n,whetherX,0.66,,,,n,not-annotated,proform,
regarded,not,n,whetherX,0.61,,,,n,not-annotated,proform,
register,not,n,whetherX,0.76,,,,n,not-annotated,proform,
registered,not,n,whetherX,0.84,,,,n,not-annotated,proform,
registering,not,n,whetherX,0.79,,,,n,not-annotated,proform,
registration,not,n,whetherX,0.52,,,,n,not-annotated,proform,
regretted,not,n,whetherX,0.58,,,,n,not-annotated,proform,
regulate,not,n,whetherX,0.51,,,,n,not-annotated,proform,
regulated,not,n,whetherX,0.82,,,,n,not-annotated,proform,
reigning,not,n,whetherX,0.54,,,,n,not-annotated,proform,
reinstated,not,n,whetherX,0.61,,,,n,not-annotated,proform,
relapse,not,n,whetherX,0.55,,,,n,not-annotated,proform,
released,not,n,whetherX,0.59,,,,n,not-annotated,proform,
relevant,not,n,whetherX,0.61,,,,n,not-annotated,proform,
relied,not,n,whetherX,0.56,,,,n,not-annotated,proform,
remarkable,not,n,whetherX,0.54,,,,n,not-annotated,proform,
remarkably,not,n,whetherX,0.53,,,,n,not-annotated,proform,
remarked,not,n,whetherX,0.66,,,,n,not-annotated,proform,
remember,not,n,whetherX,0.63,,,,n,not-annotated,proform,
remembered,not,n,whetherX,0.69,,,,n,not-annotated,proform,
remembering,not,n,whetherX,0.57,,,,n,not-annotated,proform,
reminded,not,n,whetherX,0.64,,,,n,not-annotated,proform,
renewable,not,n,whetherX,0.62,,,,n,not-annotated,proform,
repaid,not,n,whetherX,0.65,,,,n,not-annotated,proform,
repeated,not,n,whetherX,0.55,,,,n,not-annotated,proform,
repent,not,n,whetherX,0.76,,,,n,not-annotated,proform,
replicated,not,n,whetherX,0.58,,,,n,not-annotated,proform,
replied,not,n,whetherX,0.72,,,,n,not-annotated,proform,
reported,not,n,whetherX,0.84,,,,n,not-annotated,proform,
reputable,not,n,whetherX,0.79,,,,n,not-annotated,proform,
require,not,n,whetherX,0.59,,,,n,not-annotated,proform,
required,not,n,whetherX,0.61,,,,n,not-annotated,proform,
requiring,not,n,whetherX,0.52,,,,n,not-annotated,proform,
requisite,not,n,whetherX,0.66,,,,n,not-annotated,proform,
resign,not,n,whetherX,0.51,,,,n,not-annotated,proform,
resolved,not,n,whetherX,0.64,,,,n,not-annotated,proform,
resorted,not,n,whetherX,0.52,,,,n,not-annotated,proform,
respectable,not,n,whetherX,0.67,,,,n,not-annotated,proform,
responded,not,n,whetherX,0.7,,,,n,not-annotated,proform,
responding,not,n,whetherX,0.54,,,,n,not-annotated,proform,
responsibly,not,n,whetherX,0.54,,,,n,not-annotated,proform,
responsive,not,n,whetherX,0.52,,,,n,not-annotated,proform,
resulted,not,n,whetherX,0.53,,,,n,not-annotated,proform,
resumed,not,n,whetherX,0.57,,,,n,not-annotated,proform,
resurrected,not,n,whetherX,0.63,,,,n,not-annotated,proform,
retarded,not,n,whetherX,0.52,,,,n,not-annotated,proform,
retire,not,n,whetherX,0.54,,,,n,not-annotated,proform,
reunited,not,n,whetherX,0.69,,,,n,not-annotated,proform,
reuse,not,n,whetherX,0.56,,,,n,not-annotated,proform,
revealed,not,n,whetherX,0.56,,,,n,not-annotated,proform,
revealing,not,n,whetherX,0.51,,,,n,not-annotated,proform,
reversible,not,n,whetherX,0.51,,,,n,not-annotated,proform,
revived,not,n,whetherX,0.56,,,,n,not-annotated,proform,
riddled,not,n,whetherX,0.56,,,,n,not-annotated,proform,
rife,not,n,whetherX,0.53,,,,n,not-annotated,proform,
rigged,not,n,whetherX,0.69,,,,n,not-annotated,proform,
righteous,not,n,whetherX,0.55,,,,n,not-annotated,proform,
rightful,not,n,whetherX,0.67,,,,n,not-annotated,proform,
ripe,not,n,whetherX,0.78,,,,n,not-annotated,proform,
risked,not,n,whetherX,0.55,,,,n,not-annotated,proform,
rocked,not,n,whetherX,0.65,,,,n,not-annotated,proform,
rotten,not,n,whetherX,0.71,,,,n,not-annotated,proform,
ruled,not,n,whetherX,0.62,,,,n,not-annotated,proform,
rumored,not,n,whetherX,0.54,,,,n,not-annotated,proform,
safe,not,n,whetherX,0.6,,,,n,not-annotated,proform,
safer,not,n,whetherX,0.56,,,,n,not-annotated,proform,
safest,not,n,whetherX,0.55,,,,n,not-annotated,proform,
sailed,not,n,whetherX,0.52,,,,n,not-annotated,proform,
sanctioned,not,n,whetherX,0.72,,,,n,not-annotated,proform,
sanctuary,not,n,whetherX,0.58,,,,n,not-annotated,proform,
sandbox,not,n,whetherX,0.59,,,,n,not-annotated,proform,
satisfied,not,n,whetherX,0.62,,,,n,not-annotated,proform,
satisfy,not,n,whetherX,0.63,,,,n,not-annotated,proform,
satisfying,not,n,whetherX,0.68,,,,n,not-annotated,proform,
scalable,not,n,whetherX,0.66,,,,n,not-annotated,proform,
scored,not,n,whetherX,0.54,,,,n,not-annotated,proform,
screened,not,n,whetherX,0.7,,,,n,not-annotated,proform,
screwed,not,n,whetherX,0.6,,,,n,not-annotated,proform,
seam,otherwise,n,whetherX,0.52,,,,n,not-annotated,proform,
seasoned,not,n,whetherX,0.56,,,,n,not-annotated,proform,
secure,not,n,whetherX,0.77,,,,n,not-annotated,proform,
securely,not,n,whetherX,0.52,,,,n,not-annotated,proform,
see,not,n,whetherX,0.64,,,,n,not-annotated,proform,
selected,not,n,whetherX,0.54,,,,n,not-annotated,proform,
selfie,not,n,whetherX,0.52,,,,n,not-annotated,proform,
sentient,not,n,whetherX,0.88,,,,n,not-annotated,proform,
serve,not,n,whetherX,0.58,,,,n,not-annotated,proform,
served,not,n,whetherX,0.77,,,,n,not-annotated,proform,
serving,not,n,whetherX,0.65,,,,n,not-annotated,proform,
settled,not,n,whetherX,0.53,,,,n,not-annotated,proform,
sever,otherwise,n,whetherX,0.51,,,,n,not-annotated,proform,
sexually,otherwise,n,whetherX,0.6,,,,n,not-annotated,proform,
sexy,not,n,whetherX,0.54,,,,n,not-annotated,proform,
shaved,not,n,whetherX,0.67,,,,n,not-annotated,proform,
shaving,not,n,whetherX,0.69,,,,n,not-annotated,proform,
sheltered,not,n,whetherX,0.6,,,,n,not-annotated,proform,
shipped,not,n,whetherX,0.54,,,,n,not-annotated,proform,
shit,not,n,whetherX,0.55,,,,n,not-annotated,proform,
showed,not,n,whetherX,0.79,,,,n,not-annotated,proform,
showing,not,n,whetherX,0.71,,,,n,not-annotated,proform,
shown,not,n,whetherX,0.71,,,,n,not-annotated,proform,
shutdown,not,n,whetherX,0.85,,,,n,not-annotated,proform,
signaled,not,n,whetherX,0.57,,,,n,not-annotated,proform,
silenced,not,n,whetherX,0.7,,,,n,not-annotated,proform,
sincere,not,n,whetherX,0.7,,,,n,not-annotated,proform,
sincerely,not,n,whetherX,0.6,,,,n,not-annotated,proform,
sinful,not,n,whetherX,0.7,,,,n,not-annotated,proform,
skeptical,not,n,whetherX,0.53,,,,n,not-annotated,proform,
slammed,not,n,whetherX,0.52,,,,n,not-annotated,proform,
slated,not,n,whetherX,0.54,,,,n,not-annotated,proform,
smiled,not,n,whetherX,0.55,,,,n,not-annotated,proform,
smiling,not,n,whetherX,0.72,,,,n,not-annotated,proform,
smoked,not,n,whetherX,0.75,,,,n,not-annotated,proform,
smoker,not,n,whetherX,0.87,,,,n,not-annotated,proform,
smokers,not,n,whetherX,0.73,,,,n,not-annotated,proform,
smoking,not,n,whetherX,0.58,,,,n,not-annotated,proform,
snowy,not,n,whetherX,0.59,,,,n,not-annotated,proform,
snug,not,n,whetherX,0.51,,,,n,not-annotated,proform,
so,not,n,whetherX,0.83,,,,n,not-annotated,proform,
sober,not,n,whetherX,0.56,,,,n,not-annotated,proform,
solved,not,n,whetherX,0.78,,,,n,not-annotated,proform,
sorry,not,n,whetherX,0.76,,,,n,not-annotated,proform,
sought,not,n,whetherX,0.5,,,,n,not-annotated,proform,
sourced,not,n,whetherX,0.62,,,,n,not-annotated,proform,
sovereign,not,n,whetherX,0.8,,,,n,not-annotated,proform,
spawned,not,n,whetherX,0.56,,,,n,not-annotated,proform,
spiked,not,n,whetherX,0.54,,,,n,not-annotated,proform,
spilled,not,n,whetherX,0.59,,,,n,not-annotated,proform,
spoiler,not,n,whetherX,0.61,,,,n,not-annotated,proform,
spoilers,not,n,whetherX,0.66,,,,n,not-annotated,proform,
sponsored,not,n,whetherX,0.88,,,,n,not-annotated,proform,
spotted,not,n,whetherX,0.63,,,,n,not-annotated,proform,
spurious,not,n,whetherX,0.54,,,,n,not-annotated,proform,
squeezed,not,n,whetherX,0.55,,,,n,not-annotated,proform,
stacked,not,n,whetherX,0.69,,,,n,not-annotated,proform,
stamped,not,n,whetherX,0.62,,,,n,not-annotated,proform,
standout,not,n,whetherX,0.56,,,,n,not-annotated,proform,
starred,not,n,whetherX,0.55,,,,n,not-annotated,proform,
sterile,not,n,whetherX,0.66,,,,n,not-annotated,proform,
stocked,not,n,whetherX,0.57,,,,n,not-annotated,proform,
stoked,not,n,whetherX,0.56,,,,n,not-annotated,proform,
strapped,not,n,whetherX,0.52,,,,n,not-annotated,proform,
streak,not,n,whetherX,0.53,,,,n,not-annotated,proform,
strike,not,n,whetherX,0.64,,,,n,not-annotated,proform,
strikes,not,n,whetherX,0.52,,,,n,not-annotated,proform,
striving,not,n,whetherX,0.5,,,,n,not-annotated,proform,
studied,not,n,whetherX,0.5,,,,n,not-annotated,proform,
stuffed,not,n,whetherX,0.53,,,,n,not-annotated,proform,
subjected,not,n,whetherX,0.58,,,,n,not-annotated,proform,
subscribe,not,n,whetherX,0.8,,,,n,not-annotated,proform,
subscribed,not,n,whetherX,0.76,,,,n,not-annotated,proform,
subscriber,not,n,whetherX,0.54,,,,n,not-annotated,proform,
subscribers,not,n,whetherX,0.51,,,,n,not-annotated,proform,
subscribing,not,n,whetherX,0.85,,,,n,not-annotated,proform,
subversive,not,n,whetherX,0.52,,,,n,not-annotated,proform,
successfully,not,n,whetherX,0.59,,,,n,not-annotated,proform,
succumbed,not,n,whetherX,0.5,,,,n,not-annotated,proform,
sucked,not,n,whetherX,0.6,,,,n,not-annotated,proform,
sucks,not,n,whetherX,0.55,,,,n,not-annotated,proform,
sued,not,n,whetherX,0.51,,,,n,not-annotated,proform,
suffice,not,n,whetherX,0.51,,,,n,not-annotated,proform,
sufficiently,not,n,whetherX,0.5,,,,n,not-annotated,proform,
suggesting,not,n,whetherX,0.51,,,,n,not-annotated,proform,
suitable,not,n,whetherX,0.58,,,,n,not-annotated,proform,
suited,not,n,whetherX,0.56,,,,n,not-annotated,proform,
summoned,not,n,whetherX,0.65,,,,n,not-annotated,proform,
sunscreen,not,n,whetherX,0.64,,,,n,not-annotated,proform,
super,not,n,whetherX,0.56,,,,n,not-annotated,proform,
superhuman,not,n,whetherX,0.66,,,,n,not-annotated,proform,
superpower,not,n,whetherX,0.62,,,,n,not-annotated,proform,
superstar,not,n,whetherX,0.61,,,,n,not-annotated,proform,
supervised,not,n,whetherX,0.75,,,,n,not-annotated,proform,
supported,not,n,whetherX,0.71,,,,n,not-annotated,proform,
suppose,not,n,whetherX,0.5,,,,n,not-annotated,proform,
sure,not,n,whetherX,0.53,,,,n,not-annotated,proform,
surely,not,n,whetherX,0.52,,,,n,not-annotated,proform,
surgical,otherwise,n,whetherX,0.6,,,,n,not-annotated,proform,
surprising,not,n,whetherX,0.59,,,,n,not-annotated,proform,
surprisingly,not,n,whetherX,0.72,,,,n,not-annotated,proform,
sustainable,not,n,whetherX,0.62,,,,n,not-annotated,proform,
swayed,not,n,whetherX,0.77,,,,n,not-annotated,proform,
swear,not,n,whetherX,0.56,,,,n,not-annotated,proform,
swearing,not,n,whetherX,0.6,,,,n,not-annotated,proform,
swore,not,n,whetherX,0.55,,,,n,not-annotated,proform,
sworn,not,n,whetherX,0.56,,,,n,not-annotated,proform,
sympathetic,not,n,whetherX,0.58,,,,n,not-annotated,proform,
taboo,not,n,whetherX,0.68,,,,n,not-annotated,proform,
tackled,not,n,whetherX,0.7,,,,n,not-annotated,proform,
tagged,not,n,whetherX,0.83,,,,n,not-annotated,proform,
tainted,not,n,whetherX,0.64,,,,n,not-annotated,proform,
tallied,not,n,whetherX,0.63,,,,n,not-annotated,proform,
tapped,not,n,whetherX,0.65,,,,n,not-annotated,proform,
tasty,not,n,whetherX,0.62,,,,n,not-annotated,proform,
taxable,not,n,whetherX,0.78,,,,n,not-annotated,proform,
taxed,not,n,whetherX,0.88,,,,n,not-annotated,proform,
taxing,not,n,whetherX,0.51,,,,n,not-annotated,proform,
tempted,not,n,whetherX,0.51,,,,n,not-annotated,proform,
tempting,not,n,whetherX,0.58,,,,n,not-annotated,proform,
tested,not,n,whetherX,0.76,,,,n,not-annotated,proform,
testified,not,n,whetherX,0.8,,,,n,not-annotated,proform,
testify,not,n,whetherX,0.74,,,,n,not-annotated,proform,
testifying,not,n,whetherX,0.57,,,,n,not-annotated,proform,
thankful,not,n,whetherX,0.65,,,,n,not-annotated,proform,
thankfully,not,n,whetherX,0.65,,,,n,not-annotated,proform,
thanks,not,n,whetherX,0.58,,,,n,not-annotated,proform,
the,the,n,both,0.69,paired,0.63,paired,y,other/det,x-identical,
therefore,otherwise,n,whetherX,0.5,,,,n,not-annotated,proform,
they,not,n,whetherX,0.58,,,,n,not-annotated,proform,
threaded,not,n,whetherX,0.61,,,,n,not-annotated,proform,
ticking,not,n,whetherX,0.63,,,,n,not-annotated,proform,
timeout,not,n,whetherX,0.51,,,,n,not-annotated,proform,
tipped,not,n,whetherX,0.85,,,,n,not-annotated,proform,
toler,not,n,whetherX,0.55,,,,n,not-annotated,proform,
tolerant,not,n,whetherX,0.57,,,,n,not-annotated,proform,
tolerated,not,n,whetherX,0.7,,,,n,not-annotated,proform,
toppled,not,n,whetherX,0.54,,,,n,not-annotated,proform,
tort,otherwise,n,whetherX,0.7,,,,n,not-annotated,proform,
touchscreen,not,n,whetherX,0.5,,,,n,not-annotated,proform,
touted,not,n,whetherX,0.72,,,,n,not-annotated,proform,
touting,not,n,whetherX,0.51,,,,n,not-annotated,proform,
traced,not,n,whetherX,0.84,,,,n,not-annotated,proform,
tracked,not,n,whetherX,0.87,,,,n,not-annotated,proform,
tracking,not,n,whetherX,0.6,,,,n,not-annotated,proform,
trained,not,n,whetherX,0.65,,,,n,not-annotated,proform,
traitor,not,n,whetherX,0.52,,,,n,not-annotated,proform,
transcript,not,n,whetherX,0.52,,,,n,not-annotated,proform,
transcripts,not,n,whetherX,0.61,,,,n,not-annotated,proform,
transformed,not,n,whetherX,0.63,,,,n,not-annotated,proform,
transgender,not,n,whetherX,0.51,,,,n,not-annotated,proform,
transitioned,not,n,whetherX,0.66,,,,n,not-annotated,proform,
transitioning,not,n,whetherX,0.74,,,,n,not-annotated,proform,
transpired,not,n,whetherX,0.51,,,,n,not-annotated,proform,
transplant,otherwise,n,whetherX,0.52,,,,n,not-annotated,proform,
traveled,not,n,whetherX,0.79,,,,n,not-annotated,proform,
travelled,not,n,whetherX,0.81,,,,n,not-annotated,proform,
treated,not,n,whetherX,0.75,,,,n,not-annotated,proform,
trend,not,n,whetherX,0.61,,,,n,not-annotated,proform,
trending,not,n,whetherX,0.87,,,,n,not-annotated,proform,
trendy,not,n,whetherX,0.64,,,,n,not-annotated,proform,
tricked,not,n,whetherX,0.59,,,,n,not-annotated,proform,
triggered,not,n,whetherX,0.52,,,,n,not-annotated,proform,
triggering,not,n,whetherX,0.65,,,,n,not-annotated,proform,
trolling,not,n,whetherX,0.57,,,,n,not-annotated,proform,
troublesome,not,n,whetherX,0.65,,,,n,not-annotated,proform,
troubling,not,n,whetherX,0.76,,,,n,not-annotated,proform,
truly,not,n,whetherX,0.53,,,,n,not-annotated,proform,
trusted,not,n,whetherX,0.67,,,,n,not-annotated,proform,
trustworthy,not,n,whetherX,0.62,,,,n,not-annotated,proform,
truthful,not,n,whetherX,0.58,,,,n,not-annotated,proform,
trying,not,n,whetherX,0.67,,,,n,not-annotated,proform,
umbrella,not,n,whetherX,0.61,,,,n,not-annotated,proform,
unaccount,not,n,whetherX,0.54,,,,n,not-annotated,proform,
unbearable,not,n,whetherX,0.55,,,,n,not-annotated,proform,
unbelievable,not,n,whetherX,0.62,,,,n,not-annotated,proform,
unconstitutional,not,n,whetherX,0.63,,,,n,not-annotated,proform,
uncont,not,n,whetherX,0.56,,,,n,not-annotated,proform,
undeniable,not,n,whetherX,0.67,,,,n,not-annotated,proform,
undeniably,not,n,whetherX,0.52,,,,n,not-annotated,proform,
undercover,not,n,whetherX,0.53,,,,n,not-annotated,proform,
undergone,not,n,whetherX,0.57,,,,n,not-annotated,proform,
underrated,not,n,whetherX,0.69,,,,n,not-annotated,proform,
understand,not,n,whetherX,0.72,,,,n,not-annotated,proform,
understandable,not,n,whetherX,0.53,,,,n,not-annotated,proform,
understandably,not,n,whetherX,0.69,,,,n,not-annotated,proform,
understanding,not,n,whetherX,0.54,,,,n,not-annotated,proform,
understood,not,n,whetherX,0.75,,,,n,not-annotated,proform,
undertaken,not,n,whetherX,0.56,,,,n,not-annotated,proform,
undocumented,not,n,whetherX,0.52,,,,n,not-annotated,proform,
undoubtedly,not,n,whetherX,0.51,,,,n,not-annotated,proform,
unfairly,not,n,whetherX,0.54,,,,n,not-annotated,proform,
unforgettable,not,n,whetherX,0.64,,,,n,not-annotated,proform,
uniform,not,n,whetherX,0.56,,,,n,not-annotated,proform,
unintended,not,n,whetherX,0.55,,,,n,not-annotated,proform,
unknow,not,n,whetherX,0.61,,,,n,not-annotated,proform,
unnoticed,not,n,whetherX,0.52,,,,n,not-annotated,proform,
unparalleled,not,n,whetherX,0.54,,,,n,not-annotated,proform,
unstoppable,not,n,whetherX,0.62,,,,n,not-annotated,proform,
unsupported,not,n,whetherX,0.77,,,,n,not-annotated,proform,
unsurprisingly,not,n,whetherX,0.65,,,,n,not-annotated,proform,
unsus,not,n,whetherX,0.57,,,,n,partial token,x-none,
unsustainable,not,n,whetherX,0.67,,,,n,not-annotated,proform,
unwanted,not,n,whetherX,0.57,,,,n,not-annotated,proform,
unwelcome,not,n,whetherX,0.67,,,,n,not-annotated,proform,
unwitting,not,n,whetherX,0.57,,,,n,not-annotated,proform,
urgently,not,n,whetherX,0.6,,,,n,not-annotated,proform,
usable,not,n,whetherX,0.64,,,,n,not-annotated,proform,
used,not,n,whetherX,0.52,,,,n,not-annotated,proform,
using,not,n,whetherX,0.55,,,,n,not-annotated,proform,
utilized,not,n,whetherX,0.65,,,,n,not-annotated,proform,
vacc,not,n,whetherX,0.63,,,,n,not-annotated,proform,
vaccinated,not,n,whetherX,0.92,,,,n,not-annotated,proform,
vaccination,not,n,whetherX,0.57,,,,n,not-annotated,proform,
vaccinations,not,n,whetherX,0.51,,,,n,not-annotated,proform,
vaccines,not,n,whetherX,0.56,,,,n,not-annotated,proform,
valid,not,n,whetherX,0.61,,,,n,not-annotated,proform,
validate,not,n,whetherX,0.54,,,,n,not-annotated,proform,
validated,not,n,whetherX,0.71,,,,n,not-annotated,proform,
veil,not,n,whetherX,0.52,,,,n,not-annotated,proform,
veiled,not,n,whetherX,0.54,,,,n,not-annotated,proform,
verified,not,n,whetherX,0.89,,,,n,not-annotated,proform,
verify,not,n,whetherX,0.58,,,,n,not-annotated,proform,
verifying,not,n,whetherX,0.61,,,,n,not-annotated,proform,
vested,not,n,whetherX,0.57,,,,n,not-annotated,proform,
veterans,not,n,whetherX,0.51,,,,n,not-annotated,proform,
vetted,not,n,whetherX,0.86,,,,n,not-annotated,proform,
viable,not,n,whetherX,0.57,,,,n,not-annotated,proform,
victimized,not,n,whetherX,0.76,,,,n,not-annotated,proform,
vile,not,n,whetherX,0.52,,,,n,not-annotated,proform,
violate,not,n,whetherX,0.54,,,,n,not-annotated,proform,
virgin,not,n,whetherX,0.54,,,,n,not-annotated,proform,
visa,otherwise,n,whetherX,0.55,,,,n,not-annotated,proform,
visited,not,n,whetherX,0.51,,,,n,not-annotated,proform,
vital,not,n,whetherX,0.52,,,,n,not-annotated,proform,
void,not,n,whetherX,0.64,,,,n,not-annotated,proform,
volatile,not,n,whetherX,0.51,,,,n,not-annotated,proform,
voluntarily,not,n,whetherX,0.53,,,,n,not-annotated,proform,
voted,not,n,whetherX,0.6,,,,n,not-annotated,proform,
voting,not,n,whetherX,0.74,,,,n,not-annotated,proform,
vowed,not,n,whetherX,0.6,,,,n,not-annotated,proform,
waged,not,n,whetherX,0.57,,,,n,not-annotated,proform,
wanna,not,n,whetherX,0.72,,,,n,not-annotated,proform,
wanted,not,n,whetherX,0.59,,,,n,not-annotated,proform,
warned,not,n,whetherX,0.71,,,,n,not-annotated,proform,
warranted,not,n,whetherX,0.85,,,,n,not-annotated,proform,
warranty,not,n,whetherX,0.53,,,,n,not-annotated,proform,
watched,not,n,whetherX,0.72,,,,n,not-annotated,proform,
watered,not,n,whetherX,0.68,,,,n,not-annotated,proform,
waterproof,not,n,whetherX,0.58,,,,n,not-annotated,proform,
wearing,not,n,whetherX,0.7,,,,n,not-annotated,proform,
wedding,otherwise,n,whetherX,0.56,,,,n,not-annotated,proform,
weddings,otherwise,n,whetherX,0.52,,,,n,not-annotated,proform,
welcome,not,n,whetherX,0.81,,,,n,not-annotated,proform,
welcomed,not,n,whetherX,0.73,,,,n,not-annotated,proform,
welcoming,not,n,whetherX,0.53,,,,n,not-annotated,proform,
welfare,not,n,whetherX,0.55,,,,n,not-annotated,proform,
whether,not,n,whetherX,0.6,,,,n,not-annotated,proform,
whipped,not,n,whetherX,0.65,,,,n,not-annotated,proform,
whistleblower,not,n,whetherX,0.54,,,,n,not-annotated,proform,
willingly,not,n,whetherX,0.78,,,,n,not-annotated,proform,
winner,not,n,whetherX,0.53,,,,n,not-annotated,proform,
wiped,not,n,whetherX,0.53,,,,n,not-annotated,proform,
wisely,not,n,whetherX,0.56,,,,n,not-annotated,proform,
wished,not,n,whetherX,0.57,,,,n,not-annotated,proform,
witnessed,not,n,whetherX,0.62,,,,n,not-annotated,proform,
woke,not,n,whetherX,0.7,,,,n,not-annotated,proform,
wondered,not,n,whetherX,0.53,,,,n,not-annotated,proform,
wore,not,n,whetherX,0.73,,,,n,not-annotated,proform,
worn,not,n,whetherX,0.69,,,,n,not-annotated,proform,
worrisome,not,n,whetherX,0.68,,,,n,not-annotated,proform,
worrying,not,n,whetherX,0.53,,,,n,not-annotated,proform,
worth,not,n,whetherX,0.7,,,,n,not-annotated,proform,
worthwhile,not,n,whetherX,0.71,,,,n,not-annotated,proform,
worthy,not,n,whetherX,0.61,,,,n,not-annotated,proform,
wound,not,n,whetherX,0.55,,,,n,not-annotated,proform,
wrapped,not,n,whetherX,0.64,,,,n,not-annotated,proform,
wrongdoing,not,n,whetherX,0.54,,,,n,not-annotated,proform,
wrongful,not,n,whetherX,0.52,,,,n,not-annotated,proform,
ya,not,n,whetherX,0.77,,,,n,not-annotated,proform,
yours,not,n,whetherX,0.71,,,,n,not-annotated,proform,