Seed,Mask,InWordNet,Cxn,ProbX,HasPairX,ProbY,HasPairY,WordsMatch,POS,NymType,AntonymType
able,willing,n,betweenY,,,0.68,,n,adj,co-hyponym,
abnormal,normal,y,both,0.88,,0.94,,n,adj,antonym,scalar
above,below,y,betweenX,0.87,paired,,,n,adj/adv,antonym,complementary
absence,presence,y,betweenY,,,0.58,,n,noun,antonym,complementary
absent,absent,n,betweenX,0.62,paired,,,y,,x-identical,
absolute,relative,y,both,0.84,paired,0.84,paired,n,adj,antonym,complementary
abundance,scarcity,y,both,0.63,,0.69,,n,noun,antonym,scalar
abuser,victim,n,both,0.62,,0.51,,n,noun,antonym,converse
abusers,victims,n,betweenX,0.65,,,,n,noun,antonym-secondary,complementary
accepted,rejected,n,betweenX,0.63,,,,n,verb,antonym,converse
accidental,intentional,n,betweenX,0.5,paired,,,n,adj,antonym,complementary
accrued,payable,n,betweenX,0.55,,,,n,,co-hyponym,
acquaintances,friends,n,betweenY,,,0.86,,n,noun,nym-near-synonym,
actress,actor,n,betweenY,,,0.67,,n,noun,antonym,complementary
actresses,actors,n,betweenY,,,0.78,,n,noun,antonym,complementary
acute,chronic,y,betweenX,0.77,paired,,,n,adj,antonym,complementary
address,name,n,betweenY,,,0.58,,n,,co-hyponym,
addresses,names,n,betweenY,,,0.54,,n,,other-related,
adjective,noun,n,both,0.76,,0.84,paired,n,noun,co-hyponym,
administrator,user,n,betweenY,,,0.61,,n,,co-hyponym,
admission,graduation,n,betweenX,0.5,,,,n,,co-hyponym,
adolescence,adulthood,n,betweenX,0.65,,,,n,,co-hyponym,
adolescence,childhood,n,betweenY,,,0.82,,n,noun,co-hyponym,multiple incompatibility
adolescents,adults,n,betweenX,0.5,,,,n,,co-hyponym,
adolescents,children,n,betweenY,,,0.59,,n,,co-hyponym,
adoption,birth,n,betweenY,,,0.83,,n,,other-related,
adult,child,n,betweenX,0.67,,,,n,noun,antonym,multiple incompatibility
adults,children,n,both,0.67,,0.59,,n,noun,antonym,multiple incompatibility
advantage,disadvantage,y,betweenX,0.86,,,,n,noun,antonym,complementary
advantages,disadvantages,n,betweenX,0.86,,,,n,noun,antonym,complementary
adversely,positively,n,betweenY,,,0.68,,n,adv,antonym-secondary,scalar
adviser,client,n,both,0.76,,0.7,,n,noun,antonym,converse
advisers,clients,n,betweenX,0.68,,,,n,noun,antonym,converse
advisor,client,n,both,0.72,,0.6,,n,noun,antonym,converse
aerobic,aerobic,n,betweenY,,,0.57,paired,y,,x-identical,
affair,marriage,n,betweenY,,,0.57,,n,,co-hyponym,
affirmative,negative,y,both,0.84,,0.77,,n,adj,antonym,complementary
affluent,poor,n,both,0.71,,0.86,,n,adj/noun,antonym-secondary,scalar
aft,fore,y,betweenY,,,0.96,,n,adj,antonym,complementary
afternoon,evening,n,betweenX,0.57,,,,n,,co-hyponym-temporal,
afternoon,morning,n,betweenY,,,0.92,,n,noun,co-hyponym-temporal,
again,again,n,betweenX,0.54,paired,,,y,,x-identical,
agent,client,n,both,0.83,,0.58,,n,,co-hyponym,
aggressive,passive,n,betweenY,,,0.58,,n,adj,antonym,scalar
aiding,ab,n,betweenX,0.82,,,,n,partial token,x-none,
air,water,n,betweenY,,,0.53,,n,,co-hyponym,
albums,singles,n,both,0.71,,0.9,,n,noun,antonym,meronym
alias,name,n,betweenY,,,0.52,,n,,co-hyponym,
alien,human,n,both,0.52,,0.6,,n,,co-hyponym,
alike,different,n,betweenX,0.69,,,,n,adj,antonym,complementary
alive,dead,y,both,0.95,,0.97,,n,adj,antonym,complementary
all,none,n,betweenX,0.59,,,,n,noun/pronoun,antonym-numeric,complementary
all,one,n,betweenY,,,0.73,,n,,co-hyponym-numeric,
ally,foe,n,betweenX,0.51,,,,n,noun,antonym,complementary
alpha,beta,n,both,0.87,,0.83,paired,n,adj,co-hyponym,
always,now,n,betweenY,,,0.51,,n,,co-hyponym-temporal,
am,pm,n,betweenX,0.8,,,,n,other/acronym,antonym-temporal,complementary
amateur,professional,y,betweenX,0.73,,,,n,noun,antonym,complementary
an,an,n,betweenY,,,0.52,paired,y,,x-identical,
analog,digital,n,both,0.95,,0.93,paired,n,adj,antonym,complementary
analogue,digital,y,both,0.95,,0.94,,n,adj,antonym,complementary
analysts,investors,n,betweenY,,,0.55,,n,,co-hyponym,
ancestors,descendants,n,betweenX,0.56,,,,n,noun,antonym,complementary
ancient,modern,n,both,0.69,,0.5,,n,adj,antonym,complementary
angel,devil,n,betweenY,,,0.6,,n,noun,antonym,scalar
animal,man,n,betweenY,,,0.55,,n,,co-hyponym,
animals,humans,n,both,0.59,,0.56,,n,noun,co-hyponym,
anime,manga,n,both,0.69,,0.73,,n,,co-hyponym,
ankles,knees,n,both,0.64,,0.59,,n,,co-hyponym,
annually,annually,n,betweenX,0.71,paired,,,y,,x-identical,
another,one,n,betweenY,,,0.69,,n,other/det,co-hyponym-numeric,
answer,question,y,betweenY,,,0.93,paired,n,noun/verb,antonym,complementary
answered,asked,n,betweenY,,,0.85,,n,verb,antonym,complementary
answering,asking,n,betweenY,,,0.7,,n,verb,antonym,complementary
answers,questions,n,betweenY,,,0.94,paired,n,noun,antonym,complementary
antagonist,protagonist,n,both,0.54,paired,0.76,,n,noun,antonym,complementary
antagonists,protagonists,n,betweenY,,,0.79,,n,noun,antonym,complementary
anterior,posterior,y,betweenX,0.72,,,,n,adj,antonym,complementary
anti,pro,y,both,0.81,,0.92,,n,adj,antonym,complementary
anticipated,actual,n,betweenX,0.72,,,,n,,co-hyponym,
antique,modern,n,betweenX,0.57,,,,n,adj,antonym,complementary
anus,vagina,n,both,0.65,,0.56,,n,,co-hyponym,
any,all,n,betweenX,0.6,,,,n,adj,antonym-secondary,complementary
anything,everything,n,betweenX,0.53,,,,n,,co-hyponym,
anytime,anywhere,n,betweenY,,,0.74,,n,,other-related,
aperture,lens,n,betweenY,,,0.52,,n,,other-related,
apes,humans,n,both,0.65,,0.63,,n,noun,co-hyponym,
appellant,respondent,n,betweenX,0.69,,,,n,noun,antonym,converse
appellate,trial,n,betweenY,,,0.82,,n,adj,co-hyponym,
apprentice,master,n,both,0.93,,0.87,,n,noun,antonym-secondary,complementary
aquatic,terrestrial,n,both,0.88,,0.87,,n,adj,co-hyponym,multiple incompatibility
archaic,modern,n,both,0.73,,0.6,,n,adj,antonym-secondary,complementary
architect,client,n,both,0.51,,0.55,,n,noun,antonym,converse
armed,unarmed,y,both,0.6,paired,0.65,paired,n,adj,antonym,complementary
aroused,aroused,n,betweenY,,,0.59,paired,y,,x-identical,
arrival,departure,n,both,0.78,paired,0.81,paired,n,noun,antonym,reversive
arrivals,departures,n,both,0.87,,0.81,paired,n,noun,antonym,reversive
arriving,leaving,n,betweenY,,,0.54,,n,verb,antonym,reversive
arteries,veins,n,both,0.55,paired,0.56,paired,n,noun,antonym,complementary
artificial,natural,y,both,0.75,,0.87,,n,adj,antonym,complementary
ascend,fall,n,betweenX,0.51,,,,n,verb,antonym-secondary,reversive
ascending,descending,y,both,0.77,paired,0.61,paired,n,adj/verb,antonym,complementary
ascent,descent,y,betweenX,0.65,,,,n,noun,antonym,complementary
asked,answered,n,betweenX,0.64,,,,n,verb,antonym,complementary
asleep,awake,y,both,0.91,paired,0.97,,n,adj,antonym,complementary
assailant,victim,n,betweenX,0.69,,,,n,noun,antonym,complementary
assault,battery,n,betweenX,0.51,,,,n,,other-related,
assets,liabilities,n,both,0.93,paired,0.56,paired,n,noun,antonym,complementary
assists,goals,n,both,0.7,,0.96,,n,noun,co-hyponym,complementary
assurances,promises,n,betweenY,,,0.52,,n,,co-hyponym,
asteroids,planets,n,betweenY,,,0.55,,n,noun,co-hyponym,
asylum,deportation,n,betweenX,0.5,,,,n,,other-related,
athlete,coach,n,betweenY,,,0.65,,n,,co-hyponym,
attack,defense,n,both,0.63,,0.66,,n,noun,antonym,converse
attacker,victim,n,both,0.63,,0.68,,n,noun,antonym,complementary
attacking,defending,n,betweenX,0.64,paired,,,n,adj/verb,antonym,complementary
attorney,client,n,betweenX,0.57,,,,n,noun,antonym,converse
attorneys,clients,n,betweenX,0.67,,,,n,noun,antonym,converse
audio,video,n,betweenX,0.51,,,,n,adj,co-hyponym,
auditory,visual,n,betweenY,,,0.62,,n,adj,co-hyponym,
augmented,real,n,both,0.51,,0.79,,n,adj,antonym,scalar
authenticated,authenticated,n,betweenX,0.61,paired,,,y,,x-identical,
author,publisher,n,betweenX,0.63,,,,n,noun,antonym,converse
authored,published,n,betweenX,0.72,,,,n,,co-hyponym,
automated,manual,n,betweenY,,,0.78,,n,adj,antonym,scalar
automatic,manual,y,both,0.67,,0.86,,n,adj,antonym,scalar
autumn,winter,n,betweenX,0.53,,,,n,noun,co-hyponym,multiple incompatibility
autumn,summer,n,betweenY,,,0.52,,n,noun,co-hyponym,multiple incompatibility
avenues,streets,n,betweenY,,,0.66,,n,,co-hyponym,
avg,mean,n,betweenY,,,0.67,,n,,co-hyponym-numeric,
awake,asleep,y,betweenX,0.61,paired,,,n,adj,antonym,complementary
awake,sleep,n,betweenY,,,0.58,,n,verb,antonym,scalar
awaken,sleep,n,betweenY,,,0.81,,n,verb,antonym-secondary,complementary
awards,nominations,n,betweenX,0.53,,,,n,,co-hyponym,
away,home,y,both,0.96,,1,,n,adj/adv,antonym,complementary
back,there,n,betweenY,,,0.52,,n,,other-conventional,
background,foreground,y,both,0.9,paired,0.7,paired,n,noun,antonym,complementary
backs,forwards,n,betweenX,0.56,,,,n,noun,antonym,complementary
backward,forward,y,both,0.91,,0.93,,n,adj/adv,antonym,complementary
backwards,forwards,n,both,0.82,,0.85,,n,adj/adv,antonym,complementary
bad,good,y,betweenY,,,0.97,paired,n,adj,antonym,scalar
balances,checks,n,betweenY,,,0.98,,n,noun,other-conventional,
bandwidth,latency,n,betweenX,0.5,,,,n,,other-related,
barley,wheat,n,both,0.66,paired,0.87,paired,n,noun,co-hyponym,
barn,house,n,betweenY,,,0.65,,n,,co-hyponym,
basic,advanced,n,betweenX,0.59,,,,n,,co-hyponym,
bat,ball,n,both,0.79,,0.65,,n,noun,co-hyponym,
bath,shower,n,betweenX,0.51,,,,n,,co-hyponym,
baths,showers,n,both,0.54,,0.67,paired,n,noun,co-hyponym,
batters,pitchers,n,both,0.57,,0.76,,n,noun,antonym,complementary
batting,bowling,n,both,0.53,,0.64,,n,verb,antonym,complementary
beans,rice,n,betweenY,,,0.67,,n,noun,co-hyponym,
beast,man,n,both,0.75,,0.9,,n,noun,co-hyponym,
beck,call,n,betweenX,0.59,,,,n,,nym-near-synonym,
bedroom,bathroom,n,betweenX,0.65,,,,n,,co-hyponym,
beef,pork,n,betweenY,,,0.5,paired,n,,co-hyponym,
beer,wine,n,betweenY,,,0.65,paired,n,noun,co-hyponym,
before,after,n,betweenX,0.88,,,,n,adv,antonym-temporal,complementary
begin,end,y,both,0.89,,0.59,,n,verb,antonym,complementary
beginners,experts,n,both,0.61,,0.66,,n,noun,antonym,scalar
beginning,end,n,both,0.77,paired,0.57,,n,noun,antonym,complementary
beginnings,endings,n,both,0.55,,0.7,paired,n,noun,antonym,complementary
begins,ends,n,both,0.64,,0.58,,n,verb,antonym,complementary
behaving,thinking,n,betweenY,,,0.52,,n,,co-hyponym,
behind,front,n,betweenY,,,0.75,,n,adv,antonym,complementary
being,being,n,both,0.69,paired,0.59,paired,y,,x-identical,
below,above,y,both,0.83,paired,0.86,,n,adj/adv,antonym,complementary
beneath,above,n,both,0.72,,0.93,,n,adj/adv,antonym,complementary
beneficial,harmful,n,betweenX,0.55,,,,n,other/preposition,antonym,scalar
benefit,cost,n,betweenY,,,0.57,,n,noun,antonym,scalar
benefits,costs,n,both,0.61,,0.55,,n,noun,antonym,scalar
bent,straight,n,betweenY,,,0.55,,n,adj,antonym,complementary
best,worst,y,betweenX,0.74,paired,,,n,adj,antonym,scalar
beta,alpha,n,betweenY,,,0.96,paired,n,adj,co-hyponym,
better,worse,y,betweenX,0.91,paired,,,n,adj,antonym,scalar
better,good,n,betweenY,,,0.61,,n,,contrast-scalar,
between,between,n,betweenX,0.62,paired,,,y,,x-identical,
beverage,food,n,both,0.55,,0.95,,n,noun,antonym,complementary
beverages,food,n,betweenY,,,0.7,,n,noun,antonym,complementary
beyond,beyond,n,betweenX,0.6,paired,,,y,,x-identical,
bicycles,cars,n,betweenY,,,0.54,,n,,co-hyponym,
big,small,y,both,0.65,,0.67,,n,adj,antonym,scalar
bigger,smaller,n,both,0.68,,0.56,,n,adj,antonym,scalar
biggest,smallest,n,both,0.72,,0.83,,n,adj,antonym,scalar
bilateral,bilateral,n,betweenY,,,0.52,paired,y,,x-identical,
billion,million,n,betweenY,,,0.62,,n,,co-hyponym-numeric,
billions,trillions,n,betweenX,0.54,paired,,,n,,co-hyponym-numeric,
billions,millions,n,betweenY,,,0.94,,n,noun,co-hyponym-numeric,
bipolar,schizophrenia,n,both,0.62,,0.63,,n,,co-hyponym,
birth,conception,n,betweenY,,,0.76,,n,,co-hyponym,
birthday,Christmas,n,betweenY,,,0.6,,n,,co-hyponym,
bitter,sweet,n,betweenY,,,0.9,,n,,co-hyponym,
black,white,y,betweenX,0.76,paired,,,n,adj,antonym,complementary
blacks,whites,n,both,0.94,paired,0.97,paired,n,noun,antonym,complementary
blah,blah,n,both,0.65,paired,0.74,paired,y,adj,x-identical,
bless,curse,y,betweenX,0.74,,,,n,verb,antonym,complementary
blessing,curse,n,betweenX,0.56,,,,n,noun,antonym,complementary
blinded,blind,n,betweenY,,,0.56,,n,,other-related,
boarding,landing,n,betweenX,0.55,,,,n,,co-hyponym,
body,mind,n,betweenY,,,0.65,paired,n,noun,antonym,complementary
boil,simmer,n,both,0.55,paired,0.84,paired,n,,co-hyponym,
boils,boils,n,betweenX,0.59,paired,,,y,,x-identical,
bolt,nut,n,betweenY,,,0.69,,n,,co-hyponym,
bolts,nuts,n,betweenY,,,0.64,,n,,co-hyponym,
bonds,stocks,n,betweenY,,,0.6,,n,noun,co-hyponym,
boom,bust,n,betweenX,0.97,,,,n,noun,antonym,complementary
boon,curse,n,betweenX,0.61,,,,n,noun,antonym,complementary
born,conception,n,betweenY,,,0.74,,n,,other-related,
borrower,lender,y,both,0.67,paired,0.69,paired,n,noun,antonym,complementary
borrowers,lenders,n,both,0.78,paired,0.8,,n,noun,antonym,converse
boss,employee,n,betweenY,,,0.52,,n,noun,antonym,converse
bothered,hot,n,betweenY,,,0.89,,n,,other-related,
bots,humans,n,both,0.53,,0.63,,n,,co-hyponym,
bottom,top,y,both,0.61,paired,0.74,paired,n,adj,antonym,scalar
bought,sold,n,betweenX,0.61,,,,n,verb,antonym,complementary
bourgeoisie,proletariat,n,betweenY,,,0.72,,n,noun,antonym,complementary
bow,arrow,n,betweenX,0.77,,,,n,,co-hyponym,
bows,arrows,n,betweenX,0.88,,,,n,noun,co-hyponym,
boy,girl,y,betweenY,,,0.6,paired,n,noun,antonym,complementary
boyfriend,girlfriend,n,both,0.88,paired,0.6,paired,n,noun,antonym,complementary
boys,girls,n,both,0.77,paired,0.51,paired,n,noun,antonym,complementary
braking,acceleration,n,betweenY,,,0.69,,n,noun,antonym,scalar
branded,generic,n,betweenX,0.6,paired,,,n,adj,antonym-secondary,complementary
breakfast,lunch,n,betweenX,0.67,,,,n,,co-hyponym,
breakup,marriage,n,both,0.55,,0.5,,n,noun,antonym-secondary,complementary
brethren,sisters,n,betweenX,0.54,,,,n,noun,antonym-secondary,complementary
brick,mortar,n,betweenX,0.58,,,,n,,co-hyponym,
bricks,mortar,n,betweenX,0.69,,,,n,,co-hyponym,
bride,groom,n,both,0.98,paired,0.96,paired,n,noun,antonym,complementary
brightest,darkest,n,betweenX,0.86,paired,,,n,adj,antonym,scalar
brightest,best,n,betweenY,,,0.59,,n,adj,other-conventional,
brightness,color,n,betweenY,,,0.55,,n,noun,co-hyponym,
broad,narrow,n,betweenX,0.68,,,,n,adj,antonym,scalar
broker,client,n,betweenX,0.51,,,,n,noun,antonym,converse
brother,sister,y,betweenX,0.91,paired,,,n,noun,antonym,complementary
brothers,sisters,n,both,0.93,paired,0.63,paired,n,noun,antonym,complementary
brunch,dinner,n,betweenX,0.68,,,,n,noun,co-hyponym,
bullied,bullied,n,both,0.52,paired,0.65,paired,y,,x-identical,
bullish,neutral,n,betweenY,,,0.79,,n,,co-hyponym,
bully,victim,n,betweenX,0.55,,,,n,noun,antonym,converse
burial,death,n,betweenY,,,0.67,,n,,other-related,
busiest,busiest,n,betweenX,0.51,paired,,,y,,x-identical,
buttocks,thighs,n,betweenY,,,0.51,,n,,co-hyponym,
buy,sell,y,betweenX,0.93,paired,,,n,verb,antonym,converse
buyer,seller,n,both,0.98,paired,0.94,paired,n,noun,antonym,converse
buyers,sellers,n,both,0.95,paired,0.89,paired,n,noun,antonym,converse
buying,selling,n,betweenX,0.87,paired,,,n,verb,antonym,converse
buys,sells,n,betweenX,0.77,,,,n,verb,antonym,converse
ca,ca,n,betweenX,0.67,paired,,,y,,x-identical,
calf,cow,n,betweenY,,,0.61,,n,noun,antonym,converse
calls,texts,n,betweenY,,,0.51,,n,,co-hyponym,
calves,cows,n,betweenY,,,0.58,,n,noun,antonym,converse
can,bottle,n,both,0.59,,0.57,,n,,co-hyponym,
candidates,voters,n,betweenY,,,0.58,paired,n,,co-hyponym,
canine,human,n,betweenY,,,0.54,,n,adj,co-hyponym,
canned,bottled,n,both,0.64,,0.74,,n,adj,co-hyponym,
cannot,can,n,betweenY,,,0.52,,n,verb,antonym,complementary
cans,bottles,n,both,0.52,,0.84,,n,noun,co-hyponym,
cant,can,n,betweenY,,,0.64,,n,verb,antonym,complementary
capitalism,socialism,y,both,0.51,paired,0.58,paired,n,noun,co-hyponym,
carbohydrate,protein,n,betweenX,0.57,,,,n,noun,co-hyponym,
carriage,horse,n,betweenY,,,0.63,,n,noun,other-related,
cast,crew,n,betweenX,0.75,,,,n,,co-hyponym,
cat,dog,n,betweenY,,,0.59,,n,noun,co-hyponym,
catcher,pitcher,n,both,0.76,,0.88,,n,noun,antonym,complementary
catching,throwing,n,betweenY,,,0.82,,n,verb,antonym,converse
cats,dogs,n,both,0.82,paired,0.94,paired,n,noun,co-hyponym,
caucuses,primaries,n,betweenY,,,0.92,paired,n,noun,co-hyponym,
causation,correlation,n,betweenY,,,0.53,,n,noun,contrast-conceptual,
cause,effect,n,both,0.93,,0.79,paired,n,noun,antonym,complementary
causes,effects,n,both,0.61,,0.53,paired,n,noun,antonym,complementary
cavalry,infantry,n,both,0.65,,0.82,,n,noun,co-hyponym,
ceilings,walls,n,betweenY,,,0.7,,n,noun,co-hyponym,
celestial,terrestrial,n,betweenX,0.67,,,,n,adj,co-hyponym,multiple incompatibility
center,left,n,betweenY,,,0.54,,n,,co-hyponym,
centimeters,inches,n,betweenY,,,0.58,paired,n,,co-hyponym,
centralized,decentralized,y,both,0.66,paired,0.62,paired,n,adj/verb,antonym,complementary
centre,left,n,betweenY,,,0.53,,n,,co-hyponym,
cents,dollars,n,betweenX,0.56,,,,n,noun,co-hyponym,
champ,challenger,n,betweenX,0.69,,,,n,noun,antonym-secondary,complementary
champion,challenger,n,betweenX,0.59,,,,n,noun,antonym-secondary,complementary
championship,semifinals,n,betweenY,,,0.54,,n,,co-hyponym,
chances,goals,n,betweenX,0.53,,,,n,,co-hyponym,
chaos,order,n,both,0.74,,0.68,,n,noun,antonym,scalar
chassis,engine,n,betweenY,,,0.52,,n,,co-hyponym,
chemically,physically,n,betweenY,,,0.52,,n,,co-hyponym,
chew,swallow,n,betweenX,0.58,,,,n,,co-hyponym,
chewing,swallowing,n,betweenX,0.67,,,,n,,co-hyponym,
childbirth,pregnancy,n,betweenY,,,0.51,,n,,other-related,
childhood,adolescence,n,betweenX,0.51,,,,n,,co-hyponym,
childhood,infancy,n,betweenY,,,0.74,,n,,co-hyponym,
children,parents,n,betweenY,,,0.69,,n,noun,antonym,converse
chilled,frozen,n,betweenX,0.51,,,,n,,contrast-scalar,
chilled,hot,n,betweenY,,,0.52,,n,adj,antonym-secondary,scalar
chimpanzees,humans,n,both,0.63,,0.66,,n,,co-hyponym,
chronic,acute,y,both,0.57,paired,0.83,,n,adj,antonym,complementary
church,state,n,betweenX,0.78,,,,n,,co-hyponym,
cider,beer,n,betweenY,,,0.62,,n,noun,co-hyponym,
cigars,cigarettes,n,betweenY,,,0.6,,n,,co-hyponym,
cis,trans,n,both,0.82,paired,0.7,paired,n,adj,antonym,complementary
civil,criminal,n,betweenY,,,0.56,,n,adj,antonym,complementary
civilian,military,y,both,0.74,,0.6,,n,adj,antonym,complementary
classical,modern,n,betweenX,0.71,,,,n,adj,antonym,scalar
classified,secret,n,betweenY,,,0.63,,n,,contrast-scalar,
classmates,teachers,n,both,0.55,,0.52,,n,,co-hyponym,
clean,dirty,y,betweenX,0.72,paired,,,n,adj,antonym,scalar
cleaned,dirty,n,betweenX,0.63,,,,n,adj,antonym,scalar
clinicians,patients,n,both,0.72,,0.7,,n,noun,antonym-secondary,converse
clinics,hospitals,n,betweenY,,,0.5,,n,,co-hyponym,
close,open,y,both,0.6,,0.8,,n,verb,antonym,scalar
closed,open,y,both,0.57,paired,0.79,paired,n,adj,antonym,scalar
closing,opening,y,betweenY,,,0.69,paired,n,verb,antonym,scalar
closure,opening,n,betweenY,,,0.51,,n,noun,antonym,scalar
clot,blood,n,betweenY,,,0.52,,n,,other-related,
clothed,naked,n,both,0.61,,0.77,paired,n,adj,antonym,complementary
clouds,sun,n,betweenY,,,0.84,,n,noun,co-hyponym,
cloudy,sunny,n,both,0.87,paired,0.72,paired,n,adj,co-hyponym,
cloves,cinnamon,n,betweenY,,,0.57,,n,,co-hyponym,
club,player,n,betweenY,,,0.6,,n,,nym-meronym,
coach,player,n,both,0.64,,0.75,,n,noun,co-hyponym,
coaches,players,n,both,0.79,,0.81,,n,noun,co-hyponym,
coffee,tea,n,both,0.66,paired,0.83,paired,n,noun,co-hyponym,
cold,hot,y,betweenY,,,0.58,,n,adj,antonym,scalar
colder,warmer,n,both,0.82,paired,0.74,,n,adj,antonym,scalar
collective,individual,n,both,0.83,,0.86,,n,adj,antonym,complementary
collectively,individually,n,betweenY,,,0.77,,n,adv,antonym,complementary
colleges,universities,n,betweenX,0.61,,,,n,,co-hyponym,
collegiate,professional,n,betweenX,0.78,,,,n,,co-hyponym,
column,row,n,both,0.57,paired,0.92,paired,n,noun,antonym,complementary
columns,rows,n,both,0.77,paired,0.93,paired,n,noun,antonym,complementary
come,go,y,betweenX,0.64,,,,n,verb,antonym,complementary
comedic,serious,n,betweenY,,,0.69,,n,adj,antonym,scalar
comedy,drama,n,betweenY,,,0.53,,n,noun,co-hyponym,
comfortably,comfortably,n,betweenX,0.61,paired,,,y,,x-identical,
coming,going,n,both,0.76,,0.61,paired,n,verb,antonym,complementary
commencement,graduation,n,both,0.55,,0.63,,n,,contrast-sequence,
commenters,moderators,n,betweenX,0.59,,,,n,,co-hyponym,
communism,capitalism,n,both,0.84,,0.7,,n,noun,co-hyponym,
comparing,comparing,n,betweenX,0.57,paired,,,y,,x-identical,
compatible,incompatible,y,betweenX,0.53,,,,n,adj,antonym,scalar
complete,incomplete,y,betweenX,0.62,,,,n,adj,antonym,complementary
completing,starting,n,betweenY,,,0.53,,n,verb,antonym,complementary
complex,simple,y,both,0.81,,0.81,,n,adj,antonym,scalar
complicated,simple,n,betweenY,,,0.65,,n,adj,antonym,scalar
compliment,insult,n,betweenX,0.56,,,,n,noun,antonym,scalar
con,pro,y,betweenY,,,0.75,,n,noun,antonym,complementary
condos,apartments,n,both,0.57,,0.61,,n,,co-hyponym,
confession,arrest,n,betweenY,,,0.51,,n,,co-hyponym,
confirm,deny,n,betweenX,0.65,,,,n,verb,antonym,complementary
connected,disconnected,n,betweenX,0.52,,,,n,adj/verb,antonym,scalar
conquered,conquered,n,betweenY,,,0.83,paired,y,,x-identical,
cons,pros,n,betweenY,,,0.99,,n,noun,antonym,complementary
conscious,unconscious,y,both,0.77,,0.67,,n,adj,antonym,scalar
consensus,consensus,n,betweenY,,,0.5,paired,y,,x-identical,
conservatism,liberalism,n,both,0.51,,0.75,paired,n,noun,antonym,scalar
conservative,liberal,y,both,0.65,paired,0.83,paired,n,noun,antonym,scalar
conservatives,liberals,n,both,0.61,paired,0.75,paired,n,noun,antonym,scalar
constructive,destructive,y,betweenX,0.62,,,,n,adj,antonym,scalar
consultant,client,n,betweenX,0.78,,,,n,noun,antonym,converse
consultants,clients,n,betweenX,0.53,,,,n,noun,antonym,converse
consumption,production,n,betweenY,,,0.71,,n,noun,antonym-secondary,
continents,oceans,n,betweenY,,,0.5,,n,,co-hyponym,
contra,pro,n,betweenY,,,0.71,,n,adv,antonym-secondary,complementary
controlled,uncontrolled,y,betweenX,0.74,,,,n,adj,antonym,scalar
convertible,sedan,n,betweenY,,,0.51,,n,,co-hyponym,
conviction,arrest,n,betweenY,,,0.55,,n,,co-hyponym,
cooked,raw,y,betweenY,,,0.77,,n,adj,antonym,scalar
cool,hot,n,betweenY,,,0.56,,n,adj,antonym-secondary,scalar
cooled,heated,n,betweenY,,,0.52,,n,adj/verb,antonym,scalar
cooler,warmer,n,betweenX,0.68,,,,n,adj,antonym,scalar
cooling,heating,n,both,0.79,paired,0.94,paired,n,adj/verb,antonym,scalar
copies,originals,n,betweenY,,,0.63,,n,noun,antonym,complementary
copy,paste,n,betweenX,0.52,,,,n,,other-related,
corn,wheat,n,betweenY,,,0.52,,n,,co-hyponym,
correctly,incorrectly,y,betweenX,0.51,,,,n,adv,antonym,complementary
counties,cities,n,betweenY,,,0.67,,n,noun,co-hyponym,
countryside,city,n,both,0.64,,0.8,,n,noun,antonym,complementary
county,state,n,betweenX,0.53,,,,n,noun,co-hyponym,
county,city,n,betweenY,,,0.61,,n,noun,co-hyponym,
courier,sender,n,betweenY,,,0.57,,n,,co-hyponym,
cousins,siblings,n,betweenY,,,0.5,,n,,co-hyponym,
crafts,arts,n,betweenY,,,0.72,,n,,co-hyponym,
crawling,walking,n,both,0.78,,0.69,,n,verb,co-hyponym,
creditor,debtor,y,both,0.74,paired,0.66,paired,n,noun,antonym,converse
creed,race,n,betweenY,,,0.69,,n,,other-related,
criticism,praise,n,betweenY,,,0.65,,n,noun,antonym,scalar
critique,praise,n,betweenY,,,0.62,,n,noun,antonym,scalar
crochet,knitting,n,both,0.6,,0.7,,n,,co-hyponym,
cub,mother,n,betweenY,,,0.59,,n,noun,antonym-secondary,converse
curly,straight,y,betweenY,,,0.61,,n,adj,antonym,scalar
curse,blessing,n,betweenY,,,0.7,,n,noun,antonym,complementary
cursed,blessed,y,both,0.53,,0.65,,n,adj/verb,antonym,complementary
cursing,swearing,n,betweenY,,,0.57,,n,,nym-near-synonym,
curved,straight,y,both,0.51,,0.79,,n,adj,antonym,scalar
dad,mom,n,betweenY,,,0.75,,n,noun,antonym,complementary
dads,moms,n,betweenY,,,0.87,paired,n,noun,antonym,complementary
daily,weekly,n,betweenX,0.65,,,,n,adv,co-hyponym-temporal,
daily,hourly,n,betweenY,,,0.69,paired,n,,co-hyponym-temporal,
dairy,meat,n,betweenY,,,0.67,,n,noun,co-hyponym,
damp,dry,n,betweenY,,,0.62,,n,adj,antonym-secondary,scalar
dark,light,y,both,0.82,,0.91,,n,adj/noun,antonym,scalar
darker,lighter,n,both,0.58,,0.53,,n,adj,antonym,scalar
darkest,brightest,n,betweenX,0.52,paired,,,n,adj,antonym,scalar
darkness,light,n,both,0.87,paired,0.84,paired,n,noun,antonym,scalar
dating,marriage,n,betweenX,0.61,,,,n,,co-hyponym,
daughters,mothers,n,betweenY,,,0.54,,n,,co-hyponym,
dawn,dusk,n,both,0.75,paired,0.51,paired,n,noun,antonym,complementary
day,night,y,both,0.97,paired,0.93,paired,n,noun,antonym,complementary
days,nights,n,betweenX,0.69,paired,,,n,noun,antonym,complementary
days,hours,n,betweenY,,,0.66,,n,noun,co-hyponym-temporal,
daytime,nighttime,n,betweenX,0.6,,,,n,noun,antonym,complementary
dear,near,n,betweenY,,,0.57,,n,,other-related,
death,rebirth,n,betweenX,0.54,paired,,,n,,co-hyponym,
death,life,n,betweenY,,,0.69,paired,n,noun,antonym,complementary
debit,credit,y,both,0.93,,0.96,,n,noun,antonym,complementary
debtor,creditor,y,both,0.93,paired,0.86,paired,n,noun,antonym,converse
deceased,living,n,betweenY,,,0.68,,n,adj,antonym,complementary
decentralized,centralized,y,both,0.69,paired,0.89,paired,n,adj/verb,antonym,complementary
deceptive,misleading,n,both,0.77,,0.63,,n,adj,nym-near-synonym,
decode,encode,y,betweenY,,,0.74,paired,n,verb,antonym,reversive
decoding,encoding,n,betweenY,,,0.84,paired,n,verb,antonym,reversive
decrease,increase,y,both,0.52,paired,0.88,paired,n,noun/verb,antonym,scalar
decreased,increased,y,both,0.58,paired,0.75,,n,adj/verb,antonym,scalar
decreases,increases,n,both,0.58,paired,0.94,,n,verb,antonym,scalar
decreasing,increasing,y,both,0.57,paired,0.72,,n,verb,antonym,scalar
decrypt,encrypt,n,betweenY,,,0.52,,n,verb,antonym,complementary
deeds,words,n,betweenY,,,0.88,,n,noun,contrast-conceptual,complementary
defeat,victory,y,both,0.76,paired,0.94,paired,n,noun,antonym,complementary
defences,attacks,n,betweenY,,,0.56,,n,noun,antonym,complementary
defend,attack,y,betweenX,0.54,,,,n,verb,antonym,reversive
defendant,plaintiff,y,both,0.62,paired,0.73,paired,n,noun,antonym,complementary
defender,attacker,n,betweenY,,,0.5,,n,noun,antonym,reversive
defending,attacking,n,both,0.68,paired,0.6,,n,adj/verb,antonym,reversive
defense,offense,y,both,0.9,paired,0.94,paired,n,noun,antonym,complementary
defensive,offensive,y,both,0.78,paired,0.93,paired,n,adj,antonym,complementary
defensively,offensively,y,both,0.52,paired,0.93,paired,n,adv,antonym,complementary
deficit,surplus,n,betweenY,,,0.59,paired,n,noun,antonym,complementary
deflation,inflation,y,both,0.83,,0.81,,n,noun,antonym,complementary
demand,supply,y,both,0.91,paired,0.98,paired,n,noun,antonym,complementary
democrat,republican,n,both,0.6,paired,0.51,,n,noun,co-hyponym,complementary
demolition,construction,n,betweenY,,,0.57,,n,noun,antonym,complementary
demonic,human,n,both,0.62,,0.56,,n,,co-hyponym,
demons,angels,n,betweenY,,,0.69,,n,,co-hyponym,
demonstrators,police,n,both,0.92,,0.94,,n,,co-hyponym,
deny,confirm,n,betweenY,,,0.69,,n,verb,antonym,complementary
departing,arriving,n,betweenY,,,0.79,,n,adj/verb,antonym,reversive
departure,arrival,n,both,0.59,paired,0.64,paired,n,noun,antonym,reversive
departures,arrivals,n,betweenY,,,0.68,paired,n,noun,antonym,reversive
depiction,reality,n,betweenX,0.51,,,,n,,opposition-indirect,
deploy,build,n,betweenY,,,0.58,,n,,co-hyponym,
deport,arrest,n,betweenY,,,0.51,,n,,co-hyponym,
deportation,arrest,n,betweenY,,,0.53,,n,,co-hyponym,
depreciation,inflation,n,betweenY,,,0.68,,n,noun,co-hyponym,
depressive,manic,n,betweenY,,,0.57,,n,adj,co-hyponym,
descendant,parent,n,betweenY,,,0.57,,n,,co-hyponym,
descended,ascended,n,betweenY,,,0.56,,n,verb,antonym,complementary
descending,ascending,y,both,0.54,paired,0.8,paired,n,adj/verb,antonym,complementary
descent,ascent,y,betweenY,,,0.73,,n,noun,antonym,reversive
deserving,deserving,n,betweenX,0.55,paired,,,y,,x-identical,
despair,hope,y,betweenY,,,0.75,,n,noun,antonym,scalar
dessert,dinner,n,betweenY,,,0.5,,n,,co-hyponym,
detention,arrest,n,betweenY,,,0.75,,n,,co-hyponym,
detract,add,n,betweenY,,,0.58,,n,verb,antonym-secondary,scalar
developed,developing,n,betweenX,0.52,,,,n,,contrast-scalar,
deviation,mean,n,both,0.6,,0.89,,n,,co-hyponym,
dexter,sinister,n,betweenX,0.72,,,,n,adj,antonym,complementary
diabetes,obesity,n,betweenY,,,0.51,,n,,other-related,
diagnoses,symptoms,n,betweenY,,,0.6,,n,,co-hyponym,
diagnosis,treatment,n,betweenX,0.6,,,,n,,co-hyponym,
diamonds,gold,n,betweenY,,,0.52,,n,noun,co-hyponym,
diarrhea,vomiting,n,both,0.62,,0.65,,n,noun/verb,co-hyponym,
dictatorship,democracy,n,both,0.61,,0.59,,n,noun,antonym,scalar
diesel,gasoline,n,both,0.73,paired,0.72,paired,n,noun,co-hyponym,
diet,exercise,n,betweenY,,,0.58,,n,,other-related,
differences,similarities,n,betweenY,,,0.82,paired,n,noun,antonym,scalar
digital,analog,n,betweenY,,,0.55,paired,n,adj,antonym,complementary
digitally,physically,n,both,0.6,,0.81,,n,adv,antonym,complementary
digits,letters,n,betweenY,,,0.79,,n,noun,co-hyponym,
dinner,lunch,n,betweenY,,,0.83,,n,noun,co-hyponym,
dips,peaks,n,both,0.53,,0.61,,n,noun,antonym-secondary,scalar
direct,indirect,y,both,0.95,paired,0.93,paired,n,adj,antonym,complementary
directly,indirectly,y,betweenX,0.79,,,,n,adv,antonym,complementary
directors,shareholders,n,both,0.58,,0.55,,n,noun,co-hyponym,
directory,file,n,betweenY,,,0.51,,n,,nym-meronym,
dirty,clean,y,both,0.51,paired,0.78,,n,adj,antonym,scalar
disable,enable,y,both,0.67,paired,0.97,,n,verb,antonym,reversive
disabling,enabling,y,betweenY,,,0.59,,n,adj/verb,antonym,complementary
disadvantage,advantage,y,betweenY,,,0.67,,n,noun,antonym,complementary
disadvantages,advantages,n,betweenY,,,0.85,,n,noun,antonym,complementary
disagree,agree,y,betweenY,,,0.95,,n,verb,antonym,complementary
disagreement,agreement,y,betweenY,,,0.65,,n,noun,antonym,complementary
disapproval,approval,y,betweenY,,,0.73,,n,noun,antonym,scalar
disapprove,approve,y,both,0.51,,0.98,,n,verb,antonym,scalar
discouraging,encouraging,y,betweenY,,,0.52,,n,adj/verb,antonym,scalar
dislike,like,y,betweenY,,,0.53,paired,n,verb,antonym,scalar
dismissed,suspended,n,betweenY,,,0.54,,n,,co-hyponym,
disposable,reusable,n,betweenX,0.61,paired,,,n,adj,antonym,complementary
dissertation,thesis,n,betweenY,,,0.51,,n,,nym-near-synonym,
dissolved,solid,n,both,0.81,,0.55,,n,adj,antonym-secondary,scalar
distant,near,n,betweenY,,,0.53,,n,adj,antonym-secondary,scalar
divide,conquer,n,betweenX,0.74,,,,n,noun,other-conventional,
divine,human,n,both,0.55,,0.64,,n,adj,antonym-secondary,complementary
diving,swimming,n,betweenY,,,0.51,,n,,co-hyponym,
divor,marriage,n,betweenY,,,0.56,,n,partial token,x-none,
divorce,marriage,n,betweenY,,,0.81,,n,noun,antonym,complementary
divorced,married,n,betweenY,,,0.81,,n,adj/verb,antonym,complementary
doctor,patient,n,both,0.88,,0.86,,n,noun,antonym,converse
doctoral,undergraduate,n,betweenY,,,0.68,,n,adj/noun,co-hyponym,
doctors,patients,n,both,0.82,,0.75,,n,noun,antonym,converse
doctrine,practice,n,betweenX,0.78,,,,n,,co-hyponym,
documentary,fiction,n,both,0.64,,0.51,,n,noun,antonym,complementary
doesnt,dos,n,betweenY,,,0.8,,n,verb,antonym-secondary,complementary
dogs,cats,n,both,0.65,paired,0.64,paired,n,noun,co-hyponym,
donor,recipient,n,betweenX,0.84,,,,n,noun,antonym,complementary
dont,do,n,betweenY,,,0.53,,n,verb,antonym,complementary
doors,windows,n,both,0.62,,0.72,paired,n,noun,co-hyponym,
dormant,active,y,both,0.73,,0.91,,n,adj,antonym-secondary,complementary
double,single,y,both,0.58,,0.95,,n,adj,co-hyponym-numeric,complementary
doubled,tripled,n,betweenX,0.61,,,,n,adj/verb,co-hyponym-numeric,
doubles,singles,n,both,0.96,,0.98,paired,n,noun,co-hyponym-numeric,complementary
down,up,y,both,0.71,paired,0.95,,n,adj/adv,antonym,scalar
download,upload,y,both,0.54,paired,0.76,paired,n,verb,antonym,complementary
downs,ups,n,betweenY,,,0.95,paired,n,noun,antonym,scalar
downside,upside,n,both,0.6,paired,0.82,paired,n,noun,antonym,scalar
downstairs,upstairs,y,both,0.9,paired,0.98,paired,n,adj/adv/noun,antonym,complementary
downstream,upstream,y,both,0.72,paired,0.96,paired,n,adj/adv,antonym,complementary
downward,upward,y,both,0.72,paired,0.63,paired,n,adj/adv,antonym,scalar
downwards,upwards,y,both,0.6,paired,0.57,,n,adj/adv,antonym,scalar
dozens,hundreds,n,betweenX,0.59,,,,n,noun,co-hyponym-numeric,
dracon,human,n,betweenY,,,0.64,,n,,co-hyponym,
dragons,humans,n,betweenX,0.51,,,,n,,co-hyponym,
drawbacks,benefits,n,betweenY,,,0.6,,n,noun,antonym,scalar
dream,reality,n,both,0.77,,0.63,,n,noun,antonym,scalar
dreaming,waking,n,both,0.73,paired,0.75,,n,,co-hyponym,
dreams,reality,n,both,0.67,,0.53,,n,noun,antonym-secondary,scalar
dressed,naked,n,betweenY,,,0.58,,n,adj,antonym,complementary
dried,wet,n,betweenY,,,0.79,,n,adj,antonym,scalar
drink,food,n,betweenY,,,0.91,,n,noun,co-hyponym,
drinking,driving,n,betweenX,0.55,,,,n,,other-conventional,
drinks,food,n,betweenY,,,0.61,,n,noun,co-hyponym,
driver,passenger,n,betweenX,0.58,,,,n,noun,antonym,converse
drowning,drowning,n,betweenY,,,0.64,paired,y,,x-identical,
drugs,sex,n,betweenY,,,0.51,,n,,co-hyponym,
drunk,sober,n,both,0.55,,0.83,paired,n,adj,antonym,scalar
drunken,sober,n,betweenY,,,0.52,,n,adj,antonym-secondary,scalar
dry,wet,y,both,0.86,paired,0.97,paired,n,adj,antonym,scalar
drying,washing,n,betweenY,,,0.69,,n,,co-hyponym,
dual,single,n,both,0.68,,0.69,,n,adj,antonym,complementary
duplicate,original,n,betweenY,,,0.79,,n,,co-hyponym,
during,after,n,betweenX,0.56,,,,n,other/preposition,co-hyponym-temporal,
dusk,dawn,n,both,0.99,paired,0.94,paired,n,noun,antonym,complementary
dyed,natural,n,betweenY,,,0.56,,n,adj,antonym-secondary,complementary
dying,living,n,betweenY,,,0.69,,n,adj/verb,antonym,scalar
dynamic,static,n,both,0.83,paired,0.91,paired,n,adj,antonym,complementary
each,each,n,betweenY,,,0.88,paired,y,,x-identical,
earlier,later,n,betweenX,0.54,,,,n,adj,antonym-temporal,scalar
earth,heaven,n,betweenY,,,0.81,,n,,co-hyponym,
earthquake,tsunami,n,betweenX,0.67,,,,n,,co-hyponym,
easier,harder,n,both,0.69,,0.54,,n,adj,antonym,scalar
easiest,hardest,n,both,0.79,paired,0.67,paired,n,adj,antonym,scalar
east,west,y,betweenX,0.76,paired,,,n,adj/noun,antonym,multiple incompatibility
eastern,western,y,betweenX,0.51,paired,,,n,adj,antonym,multiple incompatibility
ebook,print,n,betweenY,,,0.61,,n,adj,co-hyponym,
educator,student,n,both,0.67,,0.59,,n,noun,antonym,converse
effect,cause,n,betweenY,,,0.97,paired,n,noun,antonym,complementary
effects,causes,n,betweenY,,,0.57,paired,n,noun,antonym,complementary
efficacy,safety,n,betweenX,0.52,,,,n,,other-related,
eighteenth,twentieth,n,betweenX,0.61,,,,n,,co-hyponym-numeric,
eighth,ninth,n,betweenX,0.58,,,,n,adj,co-hyponym-numeric,
eighty,ninety,n,betweenX,0.53,,,,n,,co-hyponym-numeric,
elbows,knees,n,betweenY,,,0.54,,n,,co-hyponym,
eldest,youngest,n,both,0.82,,0.72,,n,adj,antonym,scalar
elected,appointed,n,betweenX,0.64,,,,n,,co-hyponym,
electors,candidates,n,betweenY,,,0.56,,n,,co-hyponym,
electronically,physically,n,betweenY,,,0.78,,n,adv,antonym-secondary,complementary
elf,human,n,betweenY,,,0.55,,n,noun,co-hyponym,
elves,humans,n,both,0.65,,0.68,,n,,co-hyponym,
emancipation,slavery,n,betweenY,,,0.6,,n,,contrast-sequence,
emotionally,physically,n,betweenY,,,0.73,,n,,co-hyponym,
employed,unemployed,y,betweenY,,,0.58,paired,n,adj,antonym,complementary
employer,employee,y,both,0.85,,0.78,,n,noun,antonym,converse
employers,employees,n,both,0.82,,0.64,,n,noun,antonym,converse
emptied,full,n,betweenX,0.62,,,,n,adj,antonym,complementary
enable,disable,y,betweenX,0.63,paired,,,n,verb,antonym,reversive
enabled,disabled,n,both,0.8,,0.62,,n,adj/verb,antonym,reversive
encode,decode,y,both,0.99,,0.63,paired,n,verb,antonym,complementary
encoding,decoding,n,both,0.97,,0.62,paired,n,verb,antonym,reversive
end,beginning,n,betweenX,0.5,paired,,,n,noun,antonym,complementary
ending,beginning,y,both,0.54,,0.61,,n,noun,antonym,complementary
endings,beginnings,n,betweenY,,,0.87,paired,n,noun,antonym,complementary
enemies,friends,n,betweenY,,,0.77,,n,noun,antonym,scalar
engaged,married,n,betweenX,0.68,,,,n,,co-hyponym,
engineered,natural,n,betweenX,0.68,,,,n,adj,antonym-secondary,complementary
enslaved,free,n,both,0.65,,0.8,,n,adj,antonym,complementary
enter,exit,y,betweenX,0.71,,,,n,verb,antonym,reversive
entering,leaving,n,betweenY,,,0.6,,n,verb,antonym,reversive
entrance,exit,n,betweenX,0.9,,,,n,noun,antonym,complementary
entrances,exits,n,both,0.89,,0.57,paired,n,noun,antonym,complementary
entry,exit,n,both,0.88,,0.5,,n,noun,antonym,reversive
epoch,present,n,betweenX,0.56,,,,n,,co-hyponym-temporal,
eq,eq,n,betweenY,,,0.62,paired,y,,x-identical,
equitable,fair,n,betweenY,,,0.6,,n,adj,other-conventional,
estrogen,testosterone,n,both,0.81,paired,0.84,paired,n,noun,antonym,complementary
ethnicity,race,n,betweenY,,,0.74,,n,noun,co-hyponym,
euros,dollars,n,both,0.77,,0.78,,n,noun,co-hyponym,
evening,morning,n,betweenY,,,0.75,,n,noun,antonym,multiple incompatibility
evenings,weekends,n,betweenX,0.54,,,,n,,co-hyponym-temporal,
evenings,mornings,n,betweenY,,,0.92,paired,n,noun,antonym,multiple incompatibility
evenly,evenly,n,both,0.72,paired,0.87,paired,y,,x-identical,
ever,ever,n,betweenX,0.62,paired,,,y,,x-identical,
ever,now,n,betweenY,,,0.8,,n,adv,co-hyponym-temporal,
every,every,n,betweenX,0.83,paired,,,y,,x-identical,
everything,nothing,n,betweenX,0.75,paired,,,n,noun/pronoun,antonym,complementary
everywhere,nowhere,n,both,0.8,,0.61,,n,noun/pronoun,antonym,complementary
evil,good,y,both,0.85,,0.97,,n,adj,antonym,scalar
exact,approximate,n,betweenY,,,0.7,,n,adj,antonym-secondary,scalar
excellent,good,n,betweenY,,,0.72,,n,adj,contrast-scalar,scalar
exclude,include,y,both,0.69,,0.89,,n,verb,antonym,scalar
excluded,included,n,both,0.64,,0.82,,n,adj/verb,antonym,scalar
excludes,includes,n,betweenY,,,0.54,,n,verb,antonym,scalar
exclusion,inclusion,y,betweenY,,,0.87,,n,noun,antonym,complementary
exit,entrance,n,betweenY,,,0.58,,n,noun,antonym,reversive
exiting,entering,n,betweenY,,,0.79,,n,verb,antonym,reversive
exits,entrances,n,betweenY,,,0.81,paired,n,noun,antonym,reversive
expansion,contraction,y,betweenX,0.66,,,,n,noun,antonym,scalar
expected,actual,n,both,0.67,,0.58,,n,,opposition-indirect,
expenditure,income,n,betweenY,,,0.72,,n,noun,antonym,complementary
expenditures,revenues,n,betweenY,,,0.52,,n,noun,antonym,complementary
expenses,income,n,betweenY,,,0.56,,n,noun,antonym,complementary
explicitly,implicitly,y,both,0.83,paired,0.68,paired,n,adv,antonym,scalar
exploited,exploited,n,both,0.7,paired,0.55,paired,y,,x-identical,
exponential,linear,n,both,0.71,,0.82,,n,adj,co-hyponym,
exponentially,exponentially,n,betweenX,0.51,paired,,,y,,x-identical,
export,import,y,both,0.7,paired,0.63,paired,n,noun,antonym,complementary
exporting,importing,n,betweenX,0.76,paired,,,n,verb,antonym,complementary
exports,imports,n,both,0.88,paired,0.84,paired,n,noun,antonym,complementary
exposed,hidden,n,betweenY,,,0.61,,n,adj,antonym-secondary,scalar
expressly,implicitly,n,betweenX,0.54,,,,n,adv,antonym-secondary,scalar
extant,extinct,y,betweenX,0.56,,,,n,adj,antonym-secondary,complementary
exterior,interior,y,both,0.98,paired,0.98,paired,n,noun,antonym,complementary
external,internal,y,both,0.97,paired,0.98,paired,n,adj,antonym,complementary
externally,internally,y,both,0.67,paired,0.9,,n,adv,antonym,complementary
extraordinary,ordinary,y,betweenY,,,0.52,,n,adj/noun,antonym,scalar
eyel,nose,n,betweenY,,,0.7,,n,partial token,x-none,
fact,fiction,n,betweenX,0.71,,,,n,noun,antonym,complementary
faculty,students,n,both,0.89,,0.89,,n,,co-hyponym,
fail,success,n,betweenX,0.56,,,,n,noun,antonym,scalar
failure,success,y,both,0.59,paired,0.76,,n,noun,antonym,scalar
failures,successes,n,betweenY,,,0.54,paired,n,noun,antonym,scalar
fake,real,n,both,0.72,,0.82,,n,adj,antonym,scalar
faked,real,n,both,0.58,,0.7,,n,adj,antonym,scalar
fall,winter,n,betweenX,0.66,,,,n,adj/noun,co-hyponym,multiple incompatibility
fallacy,truth,n,both,0.5,,0.64,,n,noun,antonym-secondary,complementary
falling,rising,y,both,0.64,paired,0.85,,n,adj/verb,antonym,reversive
FALSE,TRUE,y,both,0.74,paired,0.98,paired,n,adj,antonym,complementary
falsehood,truth,y,betweenY,,,0.9,,n,noun,antonym-secondary,complementary
fam,friends,n,betweenY,,,0.53,,n,,co-hyponym,
family,friends,n,betweenY,,,0.69,,n,noun,co-hyponym,
famous,rich,n,betweenY,,,0.76,,n,,co-hyponym,
fantasies,reality,n,both,0.75,,0.52,,n,noun,antonym-secondary,scalar
fantasy,reality,n,both,0.85,,0.79,,n,noun,antonym-secondary,scalar
far,near,y,both,0.86,paired,0.95,,n,adj,antonym,scalar
fascism,communism,n,betweenY,,,0.51,,n,,co-hyponym,
fast,slow,y,both,0.84,paired,0.82,paired,n,adj,antonym,scalar
faster,slower,n,both,0.8,paired,0.74,paired,n,adj,antonym,scalar
father,son,n,betweenX,0.63,paired,,,n,,co-hyponym,
fathers,mothers,n,betweenY,,,0.79,paired,n,noun,antonym,complementary
faux,real,n,both,0.72,,0.72,,n,adj,antonym,scalar
favorable,unfavorable,y,both,0.94,paired,0.57,paired,n,adj,antonym,scalar
favorably,negatively,n,betweenX,0.7,,,,n,adv,antonym,scalar
favourable,unfavorable,n,betweenX,0.78,,,,n,adj,antonym,scalar
feces,urine,n,betweenY,,,0.62,,n,,co-hyponym,
federal,state,n,both,0.7,,0.89,,n,noun,antonym,complementary
federally,states,n,betweenY,,,0.54,,n,,co-hyponym,
felony,misdemeanor,n,both,0.9,paired,0.88,paired,n,noun,co-hyponym,
female,male,y,both,0.93,paired,0.98,paired,n,adj/noun,antonym,complementary
females,males,n,both,0.97,paired,1,paired,n,noun,antonym,complementary
feminine,masculine,y,both,0.98,paired,0.99,paired,n,adj,antonym,complementary
fentanyl,heroin,n,both,0.57,,0.82,,n,noun,co-hyponym,
fetus,mother,n,betweenY,,,0.61,,n,,other-related,
few,many,y,betweenY,,,0.63,,n,adj,antonym,scalar
fewer,more,y,betweenX,0.62,,,,n,adj,antonym,scalar
fictional,real,n,betweenY,,,0.6,,n,adj,antonym,scalar
fictitious,real,n,betweenY,,,0.66,,n,adj,antonym,scalar
fifty,sixty,n,betweenX,0.63,,,,n,,co-hyponym-numeric,
figures,facts,n,betweenY,,,0.58,,n,noun,co-hyponym,
filled,empty,n,betweenX,0.61,,,,n,adj/verb,antonym,scalar
finals,finals,n,betweenX,0.52,paired,,,y,,x-identical,
finals,semifinals,n,betweenY,,,0.61,,n,,co-hyponym,
finer,finer,n,betweenX,0.63,paired,,,y,,x-identical,
fing,thumb,n,both,0.57,,0.59,,n,partial token,x-none,
finger,thumb,n,both,0.8,,0.92,,n,,co-hyponym,
fingers,thumb,n,betweenY,,,0.56,,n,,co-hyponym,
fingertips,thumb,n,betweenY,,,0.64,,n,,co-hyponym,
finish,start,y,betweenY,,,0.93,,n,verb,antonym,complementary
finishes,starts,n,betweenY,,,0.53,,n,verb,antonym,complementary
finite,infinite,y,both,0.89,,0.93,paired,n,adj,antonym,complementary
fired,hired,n,betweenY,,,0.72,,n,,co-hyponym,
first,last,y,betweenX,0.58,paired,,,n,adj,antonym,complementary
flashback,present,n,betweenX,0.76,,,,n,,co-hyponym-temporal,
flexible,rigid,n,both,0.68,paired,0.67,paired,n,adj,antonym,scalar
flight,landing,n,both,0.78,,0.55,,n,,other-related,
flipped,flipped,n,betweenY,,,0.62,paired,y,,x-identical,
flooded,dry,n,betweenY,,,0.78,,n,adj/verb,antonym-secondary,scalar
floor,ceiling,n,betweenX,0.81,,,,n,noun,antonym,complementary
floors,walls,n,betweenY,,,0.61,,n,noun,co-hyponym,
flu,cold,n,betweenY,,,0.58,,n,noun,co-hyponym,
foe,friend,y,betweenY,,,0.95,,n,noun,antonym,complementary
foes,friends,n,both,0.51,,0.97,,n,noun,antonym,complementary
folder,file,n,betweenY,,,0.64,,n,noun,co-hyponym,
folders,files,n,betweenY,,,0.75,,n,noun,co-hyponym,
folklore,science,n,betweenY,,,0.55,,n,,co-hyponym,
foot,ankle,n,betweenY,,,0.51,,n,,co-hyponym,
footwear,clothing,n,betweenY,,,0.56,,n,noun,co-hyponym,
fore,aft,y,betweenX,0.83,,,,n,adv,antonym,complementary
forefront,background,n,both,0.78,,0.58,,n,noun,antonym-secondary,complementary
foreground,background,y,both,0.97,paired,0.77,paired,n,adj/noun,antonym,complementary
foreign,domestic,y,both,0.67,,0.55,,n,adj,antonym,complementary
foremost,first,n,betweenY,,,0.66,,n,adj,other-conventional,
forever,now,n,betweenY,,,0.73,,n,,co-hyponym-temporal,
forget,remember,y,betweenX,0.55,paired,,,n,verb,antonym,scalar
form,function,n,betweenX,0.51,,,,n,,co-hyponym,
formal,informal,y,both,0.72,paired,0.72,paired,n,adj,antonym,complementary
former,current,n,betweenY,,,0.66,,n,adj,antonym,complementary
forth,back,n,betweenY,,,0.94,,n,adv,antonym,complementary
fortnight,year,n,betweenX,0.61,,,,n,,co-hyponym-temporal,
forty,thirty,n,betweenY,,,0.64,,n,,co-hyponym-numeric,
fostering,adoption,n,both,0.77,,0.87,,n,,co-hyponym,
found,lost,y,betweenY,,,0.76,,n,adj,antonym,complementary
four,two,n,betweenY,,,0.53,,n,,co-hyponym-numeric,
franc,euro,n,both,0.78,,0.69,,n,noun,co-hyponym,
freezer,fridge,n,betweenY,,,0.62,,n,noun,co-hyponym,
freezing,freezing,n,betweenY,,,0.59,paired,y,,x-identical,
french,english,n,both,0.7,,0.76,,n,,co-hyponym,
fresh,frozen,n,both,0.61,,0.63,,n,adj,co-hyponym,
freshman,sophomore,n,both,0.63,,0.61,paired,n,,co-hyponym,
freshmen,seniors,n,betweenX,0.8,,,,n,noun,co-hyponym,
friend,foe,y,betweenX,0.67,,,,n,noun,antonym,complementary
fries,burgers,n,betweenY,,,0.62,,n,noun,co-hyponym,
fringe,mainstream,n,both,0.79,,0.63,,n,adj,antonym,scalar
fro,to,n,betweenY,,,0.96,,n,adv,antonym,complementary
front,back,y,both,0.7,,0.64,,n,adj/noun,antonym,complementary
frown,smile,n,betweenY,,,0.62,,n,noun,antonym,scalar
frozen,warm,n,betweenY,,,0.56,,n,,contrast-scalar,
fructose,glucose,n,both,0.83,,0.87,,n,noun,co-hyponym,
fruits,vegetables,n,both,0.85,paired,0.67,paired,n,noun,co-hyponym,
fucked,fucked,n,betweenY,,,0.52,paired,y,,x-identical,
fulfillment,delivery,n,betweenX,0.53,,,,n,,co-hyponym,
fully,partially,n,betweenY,,,0.53,,n,adv,antonym,scalar
function,form,n,betweenY,,,0.58,,n,noun,contrast-conceptual,
funeral,burial,n,betweenX,0.67,,,,n,,other-related,
fungi,bacteria,n,betweenY,,,0.69,,n,noun,co-hyponym,
furious,fast,n,betweenY,,,0.61,,n,,other-conventional,
future,past,y,both,0.85,paired,0.91,paired,n,adj/noun,co-hyponym-temporal,multiple incompatibility
fuzzy,warm,n,betweenY,,,0.68,,n,,other-related,
gain,loss,y,both,0.95,,0.84,,n,noun,antonym-secondary,complementary
gained,lost,n,both,0.88,,0.83,,n,verb,antonym-secondary,complementary
gaining,losing,n,both,0.92,,0.64,,n,verb,antonym-secondary,complementary
gains,losses,n,both,0.91,,0.83,,n,noun,antonym-secondary,complementary
galleries,museums,n,betweenY,,,0.65,,n,,co-hyponym,
garbage,recycling,n,betweenX,0.67,,,,n,,co-hyponym,
gas,oil,n,betweenY,,,0.78,,n,noun,co-hyponym,
gases,liquids,n,betweenY,,,0.55,,n,noun,co-hyponym,multiple incompatibility
gasoline,diesel,n,both,0.64,paired,0.67,paired,n,noun,co-hyponym,
gay,straight,n,both,0.61,,0.77,,n,adj,antonym,complementary
gays,lesbians,n,betweenX,0.75,,,,n,,co-hyponym,
gender,race,n,betweenY,,,0.53,,n,noun,co-hyponym,
generic,branded,n,both,0.71,paired,0.64,,n,adj,antonym,complementary
genitals,anus,n,both,0.65,,0.77,,n,,nym-hyponym,
gentlemen,ladies,n,betweenY,,,0.93,paired,n,noun,antonym,complementary
genus,species,n,both,0.89,,0.88,,n,noun,nym-meronym,
gestation,birth,n,betweenX,0.65,,,,n,,other-related,
gestation,conception,n,betweenY,,,0.89,,n,,contrast-sequence,
gif,text,n,betweenY,,,0.53,,n,,co-hyponym,
girl,boy,y,both,0.75,,0.86,paired,n,noun,antonym,complementary
girlfriend,boyfriend,n,both,0.65,paired,0.75,paired,n,noun,antonym,complementary
girls,boys,n,both,0.9,paired,0.97,paired,n,noun,antonym,complementary
give,take,y,both,0.95,,0.65,paired,n,verb,antonym,reversive
giving,receiving,n,both,0.66,,0.5,,n,verb,antonym,reversive
global,local,n,betweenY,,,0.7,,n,adj,antonym,complementary
glossy,matte,n,betweenX,0.58,,,,n,adj,antonym,multiple incompatibility
go,stop,n,betweenY,,,0.51,,n,verb,antonym,complementary
god,man,n,both,0.52,,0.71,,n,,co-hyponym,
goddess,god,n,betweenY,,,0.56,,n,noun,antonym,complementary
goes,comes,n,betweenY,,,0.76,,n,verb,antonym,reversive
going,coming,n,betweenY,,,0.85,paired,n,verb,antonym,reversive
gold,silver,n,both,0.74,paired,0.78,paired,n,noun,co-hyponym,
gone,here,n,betweenY,,,0.81,,n,,opposition-indirect,
good,bad,y,both,0.68,,0.62,paired,n,adj,antonym,scalar
goodbye,hello,n,both,0.67,paired,0.9,,n,other/interjection,antonym,complementary
goodness,evil,n,betweenX,0.68,,,,n,noun,antonym,scalar
goods,services,n,betweenX,0.87,,,,n,noun,antonym,complementary
governed,governed,n,betweenX,0.63,paired,,,y,,x-identical,
graduate,undergraduate,n,betweenY,,,0.74,,n,noun,co-hyponym,
graduates,students,n,betweenY,,,0.59,,n,noun,co-hyponym,
grandparents,grandchildren,n,betweenX,0.68,,,,n,,co-hyponym,
grandparents,parents,n,betweenY,,,0.79,,n,noun,co-hyponym,
graphic,text,n,betweenY,,,0.69,,n,,co-hyponym,
graphics,text,n,betweenY,,,0.61,,n,,co-hyponym,
gravel,sand,n,both,0.69,,0.85,,n,noun,co-hyponym,
great,good,n,betweenY,,,0.96,,n,adj/noun,contrast-scalar,
greet,meet,n,betweenY,,,0.93,,n,verb,other-conventional,
greets,meet,n,betweenY,,,0.74,,n,,other-related,
groom,bride,n,both,0.9,paired,0.99,paired,n,noun,antonym,complementary
gross,net,y,both,0.8,paired,0.88,paired,n,adj,antonym,complementary
ground,sky,n,betweenX,0.58,,,,n,,co-hyponym,
group,individual,n,betweenY,,,0.64,,n,noun,antonym,complementary
groups,individuals,n,betweenY,,,0.82,,n,noun,antonym,complementary
guardian,child,n,both,0.64,,0.55,,n,noun,antonym-secondary,converse
guest,host,n,both,0.76,,0.78,,n,,co-hyponym,
guilty,innocent,y,both,0.58,paired,0.82,paired,n,adj,antonym,complementary
gunmen,police,n,betweenX,0.61,,,,n,,co-hyponym,
guy,girl,n,both,0.56,,0.6,,n,noun,antonym,complementary
guys,girls,n,both,0.68,,0.66,,n,noun,antonym,complementary
hail,rain,n,betweenY,,,0.59,,n,noun,co-hyponym,
hair,skin,n,betweenY,,,0.67,,n,,co-hyponym,
halfway,halfway,n,betweenY,,,0.64,paired,y,,x-identical,
handguns,rifles,n,both,0.67,,0.85,paired,n,noun,co-hyponym,
handwritten,typed,n,both,0.57,,0.74,,n,adj,antonym,complementary
happy,sad,n,betweenY,,,0.53,paired,n,adj,antonym,scalar
hard,soft,y,both,0.52,paired,0.59,paired,n,adj,antonym,scalar
hardest,easiest,n,both,0.78,paired,0.77,paired,n,adj,antonym,scalar
hardware,software,y,both,0.97,paired,0.92,paired,n,noun,antonym,complementary
harmful,helpful,n,betweenY,,,0.55,,n,adj,antonym,scalar
harmony,discord,n,betweenX,0.55,,,,n,noun,antonym,scalar
harms,benefits,n,betweenY,,,0.57,,n,noun,antonym,scalar
harvest,planting,n,betweenY,,,0.83,,n,,co-hyponym,
harvested,planted,n,betweenY,,,0.53,,n,,co-hyponym,
harvesting,planting,n,betweenY,,,0.81,,n,verb,antonym-secondary,complementary
hate,love,y,both,0.53,,0.81,,n,verb,antonym,scalar
hates,loves,n,betweenY,,,0.64,,n,verb,antonym,scalar
hatred,love,n,betweenY,,,0.75,,n,noun,antonym,scalar
haul,delivery,n,betweenX,0.57,,,,n,,other-related,
healer,patient,n,both,0.85,,0.71,,n,noun,antonym-secondary,converse
heard,seen,n,betweenY,,,0.76,,n,verb,co-hyponym,
hearts,minds,n,betweenX,0.79,,,,n,,contrast-conceptual,
heat,cold,n,betweenX,0.62,,,,n,noun,antonym,scalar
heating,cooling,n,both,0.96,paired,0.73,paired,n,adj/verb,antonym,scalar
heaven,hell,n,betweenY,,,0.56,paired,n,noun,antonym,complementary
heavenly,earthly,y,both,0.77,,0.77,,n,adj,antonym,scalar
heavens,earth,n,both,0.76,,0.57,,n,noun,antonym,complementary
heavier,lighter,n,both,0.73,paired,0.74,,n,adj,antonym,scalar
heck,heaven,n,both,0.66,,0.55,,n,,x-odd,
height,weight,n,betweenY,,,0.63,paired,n,adj,co-hyponym,
helium,hydrogen,n,both,0.57,,0.71,,n,noun,co-hyponym,
hell,heaven,n,both,0.89,,0.95,paired,n,noun,antonym,complementary
hello,goodbye,n,betweenX,0.59,paired,,,n,other/interjection,antonym,complementary
hemp,marijuana,n,betweenY,,,0.58,,n,,nym-near-synonym,
here,here,n,betweenY,,,0.88,paired,y,,x-identical,
hereafter,now,n,betweenY,,,0.69,,n,adv,co-hyponym-temporal,complementary
hero,villain,n,betweenX,0.66,paired,,,n,noun,antonym,complementary
heroes,villains,n,both,0.76,paired,0.66,paired,n,noun,antonym,complementary
heroine,hero,n,both,0.68,,0.87,,n,noun,antonym,complementary
hers,his,n,both,0.61,,0.73,,n,other/possessive,antonym,complementary
heterosexual,homosexual,n,both,0.76,paired,0.55,paired,n,adj,antonym,complementary
hi,hi,n,betweenY,,,0.56,paired,y,,x-identical,
hidden,visible,n,both,0.52,,0.53,,n,adj,antonym,scalar
hide,show,y,betweenY,,,0.54,,n,verb,antonym,scalar
high,low,y,both,0.76,paired,0.76,paired,n,adj,antonym,scalar
higher,lower,n,both,0.88,,0.62,,n,adj,antonym,scalar
highest,lowest,n,both,0.96,paired,0.95,paired,n,adj,antonym,scalar
highs,lows,n,both,0.98,paired,0.86,paired,n,noun,antonym,scalar
hinder,help,n,betweenY,,,0.61,,n,verb,antonym,scalar
hippocampus,cortex,n,betweenY,,,0.53,,n,noun,nym-hyponym,
hired,fired,n,betweenX,0.66,,,,n,,co-hyponym,
hitherto,now,n,betweenY,,,0.64,,n,adv,co-hyponym-temporal,complementary
hitter,pitcher,n,both,0.73,,0.92,,n,noun,antonym,complementary
hitters,pitchers,n,both,0.9,,0.94,paired,n,noun,antonym,complementary
hitting,pitching,n,betweenY,,,0.51,,n,verb,antonym,complementary
hold,release,n,betweenX,0.55,,,,n,verb,antonym-secondary,complementary
holidays,weekends,n,betweenY,,,0.62,,n,noun,co-hyponym-temporal,
homers,doubles,n,betweenY,,,0.51,,n,noun,co-hyponym,
homicide,suicide,n,both,0.51,,0.52,,n,noun,co-hyponym,
homosexual,heterosexual,n,both,0.75,paired,0.9,paired,n,adj,antonym,complementary
hope,despair,y,betweenX,0.63,,,,n,noun,antonym,scalar
hopefully,now,n,betweenY,,,0.7,,n,,x-incomplete,
horizontal,vertical,n,both,0.99,paired,1,paired,n,adj,antonym,complementary
horizontally,vertically,n,both,0.98,paired,0.99,paired,n,adv,antonym,complementary
horsepower,torque,n,both,0.53,,0.54,,n,,other-related,
hospitalized,discharged,n,betweenX,0.61,,,,n,,contrast-sequence,
hostile,friendly,y,both,0.59,,0.79,,n,adv,antonym,scalar
hosts,guests,n,betweenX,0.51,,,,n,noun,antonym,converse
hot,cold,y,betweenX,0.6,,,,n,adj,antonym,scalar
hourly,daily,n,both,0.86,,0.72,paired,n,adv,co-hyponym-temporal,
https,http,n,betweenY,,,0.62,,n,other/acronym,co-hyponym,
humanoid,animal,n,both,0.52,,0.78,,n,,co-hyponym,
humidity,temperature,n,both,0.53,,0.73,,n,noun,co-hyponym,
humorous,serious,n,betweenX,0.52,,,,n,adj,antonym,scalar
hundreds,thousands,n,betweenX,0.88,,,,n,noun,co-hyponym-numeric,
hunted,hunted,n,betweenX,0.73,paired,,,y,adj/verb,x-identical,
hunted,hunter,n,betweenY,,,0.79,,n,noun,antonym,complementary
hurricane,storm,n,betweenY,,,0.65,,n,,co-hyponym,
husband,wife,y,both,0.96,paired,0.85,paired,n,noun,antonym,complementary
husbands,wives,n,both,0.97,paired,0.93,paired,n,noun,antonym,complementary
hydrogen,oxygen,n,both,0.62,,0.51,,n,,co-hyponym,
hype,reality,n,both,0.6,,0.54,,n,,opposition-indirect,
iOS,Android,n,both,0.96,,0.95,,n,noun,co-hyponym,
iPad,iPhone,n,both,0.67,paired,0.88,,n,noun,co-hyponym,
iPads,iPhones,n,both,0.59,paired,0.83,paired,n,noun,co-hyponym,
iPhone,iPad,n,betweenX,0.54,paired,,,n,,co-hyponym,
iPhone,Android,n,betweenY,,,0.53,,n,noun,co-hyponym,
iPhones,iPads,n,both,0.79,paired,0.72,paired,n,noun,co-hyponym,
iPod,iPhone,n,both,0.58,,0.6,,n,,co-hyponym,
ice,water,n,betweenY,,,0.57,,n,,co-hyponym,
idle,active,n,betweenX,0.59,,,,n,adj,antonym,scalar
if,then,n,betweenX,0.55,,,,n,,co-hyponym,
ii,iii,n,betweenX,0.65,,,,n,adj,co-hyponym-numeric,
ii,i,n,betweenY,,,0.66,,n,adj,co-hyponym-numeric,
iii,ii,n,betweenY,,,0.85,,n,adj,co-hyponym-numeric,
illegal,legal,y,both,0.67,,0.92,,n,adj,antonym,complementary
illegally,legally,n,betweenY,,,0.52,,n,adv,antonym,complementary
illicit,legal,n,betweenY,,,0.65,,n,adj,antonym,complementary
illusion,reality,n,both,0.8,,0.73,,n,noun,antonym-secondary,scalar
illusions,reality,n,both,0.63,,0.56,,n,,opposition-indirect,
illustrating,writing,n,betweenY,,,0.72,,n,verb,co-hyponym,
image,text,n,betweenY,,,0.69,,n,,co-hyponym,
images,text,n,betweenY,,,0.66,,n,,co-hyponym,
imaginary,real,n,both,0.66,,0.83,,n,adj,antonym,complementary
imagination,reality,n,both,0.76,,0.55,,n,,co-hyponym,
imagine,reality,n,betweenX,0.6,,,,n,noun,antonym-secondary,scalar
imagined,real,n,betweenY,,,0.64,,n,adj/verb,antonym,complementary
immoral,moral,y,betweenY,,,0.59,,n,adj,antonym,scalar
immortal,mortal,y,betweenY,,,0.55,,n,adj,antonym,complementary
immortality,death,n,both,0.52,,0.84,,n,noun,antonym-secondary,complementary
impaired,impaired,n,betweenX,0.56,paired,,,y,,x-identical,
imperfect,perfect,y,both,0.6,,0.67,,n,adj,antonym,scalar
implicit,explicit,y,both,0.99,,0.97,,n,adj,antonym,scalar
implicitly,explicitly,y,both,0.82,paired,0.85,paired,n,adv,antonym,scalar
implied,explicit,n,betweenX,0.56,,,,n,adj,antonym,scalar
import,export,y,both,0.97,paired,0.93,paired,n,noun,antonym,complementary
imported,exported,n,betweenX,0.58,,,,n,adj/verb,antonym,complementary
importing,exporting,n,both,0.79,paired,0.66,,n,verb,antonym,complementary
imports,exports,n,both,0.93,paired,0.94,paired,n,noun,antonym,complementary
impoverished,rich,n,betweenY,,,0.53,,n,adj,antonym-secondary,scalar
impression,reality,n,betweenX,0.76,,,,n,,co-hyponym,
in,out,n,betweenX,0.83,,,,n,other/preposition,antonym,complementary
inaction,action,y,betweenY,,,0.82,,n,noun,antonym,scalar
inactive,active,y,both,0.56,,0.95,,n,adj,antonym,scalar
inauguration,election,n,betweenY,,,0.75,,n,,co-hyponym,
inc,inc,n,betweenY,,,0.51,paired,y,,x-identical,
inches,feet,n,betweenX,0.6,,,,n,,nym-meronym,
inches,centimeters,n,betweenY,,,0.65,paired,n,,co-hyponym,
including,and,n,betweenY,,,0.64,,n,,x-incomplete,
inclusion,exclusion,y,betweenX,0.86,,,,n,noun,antonym,complementary
incoming,outgoing,y,both,0.66,paired,0.78,paired,n,adj,antonym,complementary
incorrect,correct,y,betweenY,,,0.84,,n,adj,antonym,complementary
incorrectly,correctly,y,betweenY,,,0.66,,n,adv,antonym,complementary
increase,decrease,y,both,0.72,paired,0.52,paired,n,noun/verb,antonym,scalar
increased,decreased,y,betweenX,0.74,paired,,,n,adj/verb,antonym,scalar
increases,decreases,n,betweenX,0.77,paired,,,n,verb,antonym,scalar
increasing,decreasing,y,betweenX,0.66,paired,,,n,verb,antonym,scalar
incumbent,challenger,n,both,0.87,,0.71,,n,noun,antonym,complementary
indefinitely,now,n,betweenY,,,0.61,,n,,co-hyponym-temporal,
independents,Democrats,n,betweenY,,,0.73,,n,noun,co-hyponym,
indictment,arrest,n,betweenY,,,0.61,,n,,co-hyponym,
indirect,direct,y,both,0.93,paired,0.98,paired,n,adj,antonym,complementary
indirectly,directly,y,betweenY,,,0.97,,n,adj,antonym,complementary
indoor,outdoor,y,both,0.9,paired,0.85,paired,n,adj,antonym,complementary
indoors,outdoors,y,both,0.86,paired,0.8,paired,n,noun/adv,antonym,complementary
industry,government,n,betweenY,,,0.57,,n,,co-hyponym,
inert,active,n,both,0.52,,0.61,,n,adj,antonym,scalar
infancy,childhood,n,betweenX,0.54,,,,n,,co-hyponym,
infant,toddler,n,betweenX,0.74,,,,n,,contrast-sequence,
infant,mother,n,betweenY,,,0.59,,n,noun,antonym,converse
infants,toddlers,n,betweenX,0.57,,,,n,,co-hyponym,
infants,mothers,n,betweenY,,,0.71,,n,noun,antonym,converse
inferior,superior,y,both,0.74,paired,0.92,,n,adj,antonym,scalar
infield,outfield,y,both,0.76,paired,0.79,paired,n,adj/noun,antonym,complementary
infinite,finite,y,betweenY,,,0.52,paired,n,adj,antonym,complementary
informal,formal,y,both,0.95,paired,0.97,paired,n,adj,antonym,complementary
infrared,visible,n,both,0.58,,0.61,,n,adj,co-hyponym,
inhuman,human,n,betweenY,,,0.67,,n,adj,antonym,scalar
initial,final,n,betweenX,0.57,,,,n,adj,antonym,complementary
initials,names,n,betweenY,,,0.55,,n,,nym-meronym,
injure,kill,n,betweenX,0.6,,,,n,verb,co-hyponym,
inner,outer,y,both,0.98,paired,0.98,paired,n,adj,antonym,scalar
innocence,guilt,y,both,0.91,,0.97,,n,noun,antonym,complementary
innocent,guilty,y,both,0.96,paired,0.98,paired,n,adj,antonym,complementary
input,output,n,both,0.97,paired,0.51,paired,n,adj/noun,antonym,complementary
inputs,outputs,n,betweenY,,,0.56,paired,n,noun,antonym,complementary
ins,outs,n,betweenX,0.81,,,,n,noun,antonym,complementary
insecure,secure,y,both,0.58,,0.51,,n,adj,antonym,scalar
inside,outside,y,both,0.96,paired,0.98,paired,n,adj/noun,antonym,complementary
install,download,n,betweenY,,,0.64,,n,,co-hyponym,
installing,downloading,n,betweenY,,,0.73,,n,,co-hyponym,
installs,downloads,n,betweenY,,,0.61,,n,,co-hyponym,
instructor,student,n,both,0.78,,0.84,,n,noun,antonym-secondary,complementary
instructors,students,n,both,0.89,,0.86,,n,noun,antonym-secondary,complementary
instrumental,vocal,y,both,0.53,,0.58,,n,adj,antonym,complementary
insulin,glucose,n,betweenY,,,0.55,,n,,co-hyponym,
insured,uninsured,y,betweenX,0.53,,,,n,adj,antonym,complementary
intangible,tangible,y,both,0.62,paired,0.86,,n,adj,antonym,complementary
intending,doing,n,betweenX,0.56,,,,n,,co-hyponym,
intentional,accidental,n,both,0.56,paired,0.58,,n,adj,antonym,complementary
intentions,actions,n,betweenX,0.57,,,,n,,co-hyponym,
interceptions,touchdowns,n,both,0.73,,0.7,,n,noun,co-hyponym,
interior,exterior,y,both,0.97,paired,0.95,paired,n,noun,antonym,complementary
internal,external,y,both,0.98,paired,0.97,paired,n,adj,antonym,complementary
internally,externally,y,betweenX,0.93,paired,,,n,adv,antonym,complementary
intoxicated,sober,y,betweenY,,,0.89,,n,adj,antonym-secondary,scalar
intra,intra,n,betweenY,,,0.56,paired,y,,x-identical,
invalid,valid,y,betweenY,,,0.88,,n,adj,antonym,complementary
invasion,occupation,n,betweenX,0.56,,,,n,,co-hyponym,
invis,visible,n,both,0.75,,0.64,,n,partial token,x-none,
invisible,visible,y,both,0.85,paired,0.94,,n,adj,antonym,scalar
invited,invited,n,betweenY,,,0.57,paired,y,,x-identical,
involuntary,voluntary,y,both,0.83,,0.94,,n,adj,antonym,complementary
inward,outward,y,both,0.91,paired,0.95,paired,n,adj,antonym,scalar
ions,electrons,n,betweenY,,,0.62,,n,,co-hyponym,
irrational,rational,y,both,0.52,paired,0.68,,n,adj,antonym,scalar
irritating,annoying,n,both,0.51,,0.66,,n,,nym-near-synonym,
is,is,n,both,0.56,paired,0.71,paired,y,,x-identical,
ital,bold,n,betweenY,,,0.55,,n,partial token,x-none,
its,its,n,betweenX,0.61,paired,,,y,,x-identical,
jails,prisons,n,betweenX,0.65,,,,n,,nym-near-synonym,
jelly,butter,n,betweenY,,,0.5,,n,,other-conventional,
jog,walk,n,betweenY,,,0.79,,n,verb,co-hyponym,
joint,bone,n,betweenY,,,0.59,,n,,co-hyponym,
joking,serious,n,betweenY,,,0.56,,n,adj/verb,antonym-secondary,scalar
journey,destination,n,betweenX,0.83,,,,n,noun,co-hyponym,
judged,judge,n,betweenY,,,0.54,,n,,other-related,
junior,senior,y,betweenX,0.93,paired,,,n,noun/adj,antonym,complementary
jury,judge,n,betweenY,,,0.74,,n,noun,co-hyponym,
juvenile,adult,y,betweenX,0.86,,,,n,noun,antonym,complementary
juveniles,adults,n,both,0.88,,0.82,,n,noun,antonym,complementary
kale,spinach,n,betweenY,,,0.58,,n,noun,co-hyponym,
keyboard,mouse,n,both,0.89,paired,0.88,paired,n,noun,co-hyponym,
keyboards,mice,n,betweenY,,,0.55,,n,noun,co-hyponym,
kg,lb,n,betweenY,,,0.51,,n,noun,co-hyponym,
kicks,punches,n,betweenY,,,0.79,paired,n,,co-hyponym,
kidney,liver,n,betweenY,,,0.68,,n,,co-hyponym,
kidneys,liver,n,betweenY,,,0.66,,n,,co-hyponym,
kids,parents,n,betweenY,,,0.66,,n,noun,antonym-secondary,converse
kilograms,pounds,n,both,0.71,paired,0.94,,n,noun,co-hyponym,
kilometers,miles,n,both,0.73,,0.89,paired,n,noun,co-hyponym,
kilometres,miles,n,both,0.62,,0.71,,n,noun,co-hyponym,
kindergarten,preschool,n,betweenY,,,0.78,,n,,co-hyponym,
kindness,cruelty,n,betweenX,0.52,,,,n,noun,antonym,scalar
kisses,hugs,n,betweenY,,,0.81,,n,noun,co-hyponym,
kissing,hugging,n,betweenY,,,0.51,,n,,co-hyponym,
kneeling,sitting,n,betweenY,,,0.56,,n,,co-hyponym,
knockout,submission,n,betweenY,,,0.79,,n,,co-hyponym,
known,unknown,y,betweenX,0.69,,,,n,adj,antonym,complementary
labor,capital,n,betweenY,,,0.61,,n,,co-hyponym,
labour,capital,n,both,0.78,,0.9,,n,noun,other-related,
ladies,gentlemen,n,both,0.54,,0.54,paired,n,noun,antonym,complementary
lakes,rivers,n,betweenY,,,0.68,,n,noun,co-hyponym,
landed,takeoff,n,betweenY,,,0.79,,n,verb,antonym,complementary
landing,takeoff,n,both,0.72,paired,0.97,paired,n,noun,antonym,reversive
landlord,tenant,n,both,0.83,paired,0.82,paired,n,noun,antonym,converse
landlords,tenants,n,both,0.95,paired,0.92,paired,n,noun,antonym,converse
languages,cultures,n,betweenX,0.51,,,,n,,co-hyponym,
large,medium,n,both,0.5,,0.59,,n,,contrast-scalar,
larger,smaller,n,both,0.86,paired,0.74,,n,adj,antonym,scalar
largest,smallest,n,both,0.92,paired,0.95,paired,n,adj,antonym,scalar
lashes,eyebrows,n,betweenY,,,0.66,,n,,co-hyponym,
last,first,y,betweenX,0.5,paired,,,n,adj/noun,antonym-numeric,complementary
late,early,y,both,0.52,,0.61,,n,adj,antonym-temporal,scalar
latter,former,y,betweenY,,,0.75,,n,adj,antonym,complementary
laugh,cry,y,betweenX,0.6,,,,n,verb,antonym,scalar
laughing,crying,n,both,0.93,,0.72,,n,verb,antonym,scalar
laughs,tears,n,both,0.78,,0.68,,n,noun,antonym,complementary
laughter,tears,n,both,0.52,,0.61,paired,n,noun,antonym,scalar
lawyer,client,n,both,0.75,,0.53,,n,noun,antonym,converse
layer,layer,n,betweenY,,,0.58,paired,y,,x-identical,
laying,sitting,n,betweenY,,,0.67,,n,,co-hyponym,
lb,kg,n,betweenX,0.67,,,,n,noun,co-hyponym,
leading,following,y,betweenX,0.61,,,,n,verb,antonym,complementary
leaf,stem,n,betweenY,,,0.53,,n,,co-hyponym,
leaps,bounds,n,betweenX,0.74,,,,n,,nym-near-synonym,
learn,teach,n,betweenY,,,0.54,,n,,co-hyponym,
leased,owned,n,betweenY,,,0.6,,n,adj/verb,co-hyponym,
least,most,y,betweenY,,,0.72,paired,n,adj,antonym,scalar
leaving,returning,n,betweenX,0.59,,,,n,verb,antonym,reversive
lecturer,student,n,both,0.64,,0.76,,n,noun,antonym-secondary,converse
left,right,y,both,0.94,paired,0.9,paired,n,adj/noun,antonym,complementary
leftist,conservative,n,betweenY,,,0.52,,n,noun,antonym,complementary
legislative,executive,n,both,0.51,,0.51,,n,,co-hyponym,
leisure,work,n,both,0.63,,0.87,,n,,co-hyponym,
len,min,n,betweenX,0.54,,,,n,,co-hyponym,
lend,borrow,y,betweenY,,,0.56,,n,verb,antonym,converse
lender,borrower,y,both,0.98,paired,0.91,paired,n,noun,antonym,complementary
lenders,borrowers,n,betweenX,0.89,paired,,,n,noun,antonym,complementary
lengthy,short,n,both,0.53,,0.76,,n,adj,antonym,scalar
lens,camera,n,betweenY,,,0.62,,n,noun,nym-meronym,
leptin,insulin,n,betweenY,,,0.59,,n,noun,co-hyponym,
lesbian,gay,n,betweenY,,,0.69,,n,,co-hyponym,
lesbians,gays,n,betweenY,,,0.82,,n,noun,antonym,complementary
less,more,y,both,0.72,paired,0.73,,n,adj,antonym,scalar
lesser,greater,y,both,0.77,,0.89,,n,adj,antonym,scalar
letters,numbers,n,betweenX,0.55,,,,n,,co-hyponym,
liabilities,assets,n,both,0.59,paired,0.89,paired,n,noun,antonym,complementary
liberal,conservative,y,both,0.8,paired,0.75,paired,n,noun,antonym,scalar
liberalism,conservatism,n,betweenY,,,0.66,paired,n,noun,antonym,scalar
liberals,conservatives,n,both,0.8,paired,0.8,paired,n,noun,antonym,scalar
libertarian,conservative,n,betweenY,,,0.79,,n,adj,antonym,scalar
liberties,rights,n,betweenY,,,0.79,,n,noun,nym-near-synonym,
lie,truth,n,both,0.77,,0.89,,n,noun,antonym,scalar
lies,truth,n,both,0.52,,0.71,,n,noun,antonym,scalar
lif,death,n,betweenX,0.76,,,,n,partial token,x-none,
life,death,n,both,0.98,,0.83,paired,n,noun,antonym,complementary
lifeless,alive,n,betweenY,,,0.51,,n,adj,antonym-secondary,complementary
lifetime,death,n,betweenX,0.6,,,,n,,other-related,
lifetime,birth,n,betweenY,,,0.67,,n,,other-related,
light,darkness,n,both,0.56,paired,0.52,paired,n,noun,antonym-secondary,scalar
lighter,heavier,n,betweenX,0.72,paired,,,n,adj,antonym,scalar
lightweight,heavyweight,n,betweenX,0.58,,,,n,adj,antonym,scalar
like,dislike,y,both,0.66,,0.58,paired,n,verb/noun,antonym,scalar
liked,disliked,y,betweenX,0.65,,,,n,adj/verb,antonym,scalar
likely,possible,n,betweenY,,,0.59,,n,,contrast-scalar,
limitless,finite,n,betweenY,,,0.63,,n,adj,antonym-secondary,complementary
limp,limp,n,betweenY,,,0.51,paired,y,,x-identical,
liquid,solid,n,both,0.89,,0.88,,n,noun,antonym,multiple incompatibility
listener,speaker,n,both,0.54,,0.78,,n,,co-hyponym,
liter,gallon,n,betweenX,0.5,,,,n,,co-hyponym,
litres,gallons,n,both,0.62,,0.66,,n,noun,co-hyponym,
little,big,y,betweenY,,,0.87,,n,adj,antonym,scalar
living,dying,n,betweenX,0.66,,,,n,adj/verb,antonym,scalar
locked,unlocked,n,betweenX,0.59,,,,n,adj,antonym,reversive
locking,unlocking,n,betweenX,0.68,,,,n,verb,antonym,complementary
lockout,strike,n,betweenY,,,0.58,,n,,co-hyponym,
long,short,y,both,0.92,paired,0.95,paired,n,adj,antonym,scalar
longer,shorter,n,betweenX,0.84,paired,,,n,adj,antonym,scalar
longest,shortest,n,both,0.93,paired,0.96,paired,n,adj,antonym,scalar
look,feel,n,betweenX,0.57,,,,n,,other-conventional,
lose,win,y,both,0.81,,0.92,,n,verb,antonym,converse
loser,winner,y,both,0.72,paired,0.95,,n,noun,antonym,converse
losers,winners,n,both,0.81,paired,0.98,paired,n,noun,antonym,converse
loses,wins,n,both,0.63,,0.93,,n,verb,antonym,converse
losing,winning,n,both,0.85,paired,0.95,,n,verb,antonym,converse
loss,profit,n,betweenY,,,0.58,,n,noun,antonym,scalar
losses,profits,n,betweenY,,,0.56,,n,noun,antonym,scalar
lost,found,y,betweenX,0.74,,,,n,adj,antonym,reversive
lovers,friends,n,betweenY,,,0.55,,n,,co-hyponym,
low,high,y,both,0.61,paired,0.86,paired,n,adj,antonym,scalar
lowers,highs,n,betweenY,,,0.63,,n,noun,antonym-secondary,scalar
lowest,highest,n,both,0.87,paired,0.9,paired,n,adj,antonym,scalar
lows,highs,n,both,0.83,paired,0.85,paired,n,noun,antonym,scalar
lunch,dinner,n,betweenX,0.86,,,,n,noun,co-hyponym,
lunch,breakfast,n,betweenY,,,0.96,,n,noun,co-hyponym,
lung,heart,n,betweenY,,,0.57,,n,noun,co-hyponym,
lungs,heart,n,betweenY,,,0.76,,n,noun,co-hyponym,
lust,love,n,betweenY,,,0.64,,n,noun,nym-near-synonym,
mRNA,DNA,n,both,0.61,,0.66,,n,noun,co-hyponym,
ma,pa,n,betweenX,0.53,,,,n,noun,antonym,complementary
machine,man,n,both,0.61,,0.83,,n,,co-hyponym,
macro,micro,n,both,0.87,paired,0.84,paired,n,adj,antonym,complementary
madness,sanity,n,betweenX,0.57,,,,n,noun,antonym,scalar
magazine,newspaper,n,betweenY,,,0.67,,n,noun,co-hyponym,
magazines,newspapers,n,betweenY,,,0.62,,n,,co-hyponym,
magic,science,n,both,0.64,,0.6,,n,noun,contrast-conceptual,
magically,physically,n,betweenY,,,0.55,,n,adv,co-hyponym,
mainland,islands,n,betweenY,,,0.58,,n,,co-hyponym,
major,minor,y,both,0.76,paired,0.84,paired,n,adj,antonym,scalar
majorities,minorities,n,both,0.79,,0.54,,n,noun,antonym,complementary
majority,minority,y,both,0.82,paired,0.55,paired,n,noun,antonym,scalar
majors,minors,n,both,0.55,,0.94,,n,noun,antonym,complementary
makeup,hair,n,betweenY,,,0.64,,n,,co-hyponym,
male,female,y,both,0.98,paired,0.92,paired,n,adj/noun,antonym,complementary
males,females,n,both,0.98,paired,0.98,paired,n,noun,antonym,complementary
man,God,n,betweenY,,,0.57,,n,,contrast-conceptual,
manager,player,n,both,0.52,,0.59,,n,noun,co-hyponym,
managers,players,n,betweenX,0.63,,,,n,,co-hyponym,
mandatory,optional,n,betweenX,0.56,,,,n,adj,antonym,complementary
manufacture,design,n,betweenY,,,0.51,,n,,co-hyponym,
marriage,divorce,n,betweenX,0.65,,,,n,noun,antonym,complementary
married,divorced,n,betweenX,0.79,,,,n,,co-hyponym,
marry,divorce,n,betweenX,0.73,,,,n,verb,antonym,complementary
masculine,feminine,y,both,0.96,paired,0.95,paired,n,adj,antonym,complementary
master,slave,n,betweenX,0.56,paired,,,n,adj/noun,antonym,complementary
masters,slaves,n,both,0.68,paired,0.66,paired,n,adj/noun,antonym,complementary
maternity,pregnancy,n,betweenY,,,0.55,,n,,other-related,
max,min,n,betweenY,,,0.87,,n,adj,antonym,complementary
maximum,minimum,y,both,0.73,paired,0.83,paired,n,noun,antonym,complementary
mayor,council,n,betweenX,0.57,,,,n,,co-hyponym,
me,you,n,betweenY,,,0.84,paired,n,noun/pronoun,antonym,complementary
mean,median,n,betweenX,0.73,paired,,,n,,co-hyponym,
meanings,words,n,betweenY,,,0.57,,n,,contrast-conceptual,
means,ends,n,both,0.88,,0.87,,n,,other-related,
median,mean,n,both,0.66,paired,0.85,,n,,co-hyponym,
medieval,modern,n,betweenX,0.55,,,,n,,co-hyponym-temporal,
medium,low,n,betweenY,,,0.51,,n,,contrast-scalar,
meet,greet,n,betweenX,0.83,,,,n,verb,other-conventional,
melted,frozen,n,betweenY,,,0.6,,n,adj/verb,antonym,scalar
melting,freezing,n,both,0.86,,0.84,,n,verb,antonym,scalar
men,women,n,both,0.86,paired,0.87,paired,n,noun,antonym,complementary
mental,physical,y,both,0.81,paired,0.87,,n,adj,antonym,complementary
mentally,physically,n,both,0.66,,0.91,,n,adv,antonym,complementary
mentor,student,n,both,0.67,,0.75,,n,,co-hyponym,
mentors,students,n,betweenX,0.59,,,,n,,co-hyponym,
merchant,customer,n,betweenX,0.53,,,,n,noun,antonym-secondary,converse
metres,feet,n,betweenY,,,0.65,,n,noun,co-hyponym,
metric,imperial,n,both,0.82,,0.67,,n,,co-hyponym,
micro,macro,n,both,0.99,paired,0.99,paired,n,adj,antonym,complementary
mid,late,n,betweenX,0.69,,,,n,adj,co-hyponym-temporal,
midday,midnight,n,betweenX,0.54,,,,n,noun,antonym-temporal,complementary
midnight,dawn,n,betweenX,0.6,,,,n,,co-hyponym-temporal,
miles,kilometers,n,betweenY,,,0.71,paired,n,noun,co-hyponym,
militants,police,n,betweenX,0.54,,,,n,,co-hyponym,
millennia,centuries,n,betweenY,,,0.79,,n,,co-hyponym-temporal,
millionaires,billionaires,n,both,0.6,,0.5,,n,,co-hyponym-numeric,
millions,billions,n,betweenX,0.93,,,,n,noun,co-hyponym,
millions,thousands,n,betweenY,,,0.78,,n,noun,co-hyponym-numeric,
milliseconds,seconds,n,both,0.62,,0.86,,n,noun,co-hyponym-temporal,
mind,body,n,both,0.73,,0.81,paired,n,noun,antonym,complementary
minds,bodies,n,both,0.53,,0.56,,n,,co-hyponym,
minim,max,n,betweenY,,,0.52,,n,partial token,x-none,
minimum,maximum,y,both,0.87,paired,0.77,paired,n,noun,antonym,complementary
minor,major,y,both,0.88,paired,0.83,paired,n,adj,antonym,scalar
minority,majority,y,both,0.94,paired,0.98,paired,n,noun,antonym,scalar
minors,adults,n,both,0.72,,0.64,,n,noun,antonym,complementary
mins,hours,n,betweenX,0.59,,,,n,noun,co-hyponym-temporal,
mins,seconds,n,betweenY,,,0.75,,n,,co-hyponym-temporal,
minus,plus,y,both,0.59,paired,0.97,paired,n,adj,antonym,scalar
minute,hour,n,both,0.76,,0.57,,n,noun,co-hyponym-temporal,
minutes,hours,n,betweenX,0.8,,,,n,noun,co-hyponym-temporal,
minutes,seconds,n,betweenY,,,0.66,paired,n,,co-hyponym-temporal,
misdemeanor,felony,n,both,0.97,paired,0.92,paired,n,noun,co-hyponym,
misleading,FALSE,n,betweenY,,,0.7,,n,,co-hyponym,
miss,hit,y,betweenY,,,0.72,,n,noun,antonym,complementary
misses,hits,n,betweenY,,,0.97,,n,noun,antonym,complementary
mitochondrial,nuclear,n,betweenY,,,0.56,,n,adj,co-hyponym,
mob,police,n,betweenY,,,0.6,,n,,co-hyponym,
mobile,desktop,n,both,0.52,,0.73,,n,adj,co-hyponym,
moist,dry,n,both,0.88,,0.94,,n,adj,antonym-secondary,scalar
molten,solid,n,both,0.77,,0.59,,n,adj,antonym-secondary,scalar
mom,dad,n,betweenX,0.51,,,,n,noun,antonym,complementary
moms,dads,n,betweenY,,,0.55,paired,n,noun,antonym,complementary
mono,stereo,n,betweenX,0.62,paired,,,n,,co-hyponym,
monopoly,competition,n,both,0.73,,0.7,,n,noun,antonym-secondary,complementary
month,year,n,betweenX,0.55,,,,n,noun,co-hyponym-temporal,
month,week,n,betweenY,,,0.7,,n,,co-hyponym-temporal,
monthly,weekly,n,betweenY,,,0.87,,n,adv,co-hyponym-temporal,
months,years,n,betweenX,0.92,,,,n,noun,co-hyponym-temporal,
months,weeks,n,betweenY,,,0.69,,n,noun,co-hyponym-temporal,
moons,planets,n,betweenY,,,0.71,,n,noun,co-hyponym,
more,less,y,betweenX,0.94,paired,,,n,adj,antonym,scalar
morning,evening,n,betweenX,0.54,,,,n,,co-hyponym-temporal,
morning,midnight,n,betweenY,,,0.63,,n,,co-hyponym-temporal,
mornings,evenings,n,both,0.91,,0.83,paired,n,noun,antonym,multiple incompatibility
mosquitoes,humans,n,betweenX,0.57,,,,n,,co-hyponym,
most,least,y,both,0.74,,0.5,paired,n,adj,antonym,scalar
mothers,fathers,n,betweenY,,,0.61,paired,n,noun,antonym,complementary
motorcycle,car,n,betweenY,,,0.51,,n,noun,co-hyponym,
motorcycles,cars,n,betweenY,,,0.73,,n,noun,co-hyponym,
mouse,keyboard,n,both,0.73,paired,0.82,paired,n,,co-hyponym,
mouth,nose,n,betweenY,,,0.57,,n,,co-hyponym,
movie,book,n,betweenY,,,0.59,,n,noun,co-hyponym,
much,little,y,betweenY,,,0.72,,n,adj/adv/pronoun,antonym,scalar
muddy,wet,n,betweenY,,,0.5,,n,,other-related,
multi,single,n,both,0.71,,0.85,,n,adj,antonym,complementary
multimedia,text,n,betweenY,,,0.51,,n,,co-hyponym,
multiple,single,y,betweenY,,,0.54,,n,adj,antonym-numeric,complementary
multiplication,division,n,betweenX,0.78,,,,n,noun,antonym,complementary
multiplication,addition,n,betweenY,,,0.63,,n,,co-hyponym,
multiply,divide,y,betweenY,,,0.5,,n,,co-hyponym,
mutated,normal,n,betweenY,,,0.56,,n,,co-hyponym,
muttered,spoken,n,both,0.57,,0.57,,n,adj/verb,nym-hyponym,
myth,reality,n,betweenX,0.63,,,,n,noun,antonym-secondary,scalar
mythical,real,n,betweenY,,,0.51,,n,adj,antonym-secondary,scalar
mythology,science,n,both,0.53,,0.6,,n,,co-hyponym,
naked,clothed,n,betweenY,,,0.55,paired,n,adj,antonym,complementary
narrow,wide,y,betweenX,0.62,paired,,,n,adj,antonym,scalar
narrower,wider,n,both,0.54,,0.67,paired,n,adj,antonym,scalar
nature,man,n,betweenY,,,0.71,,n,,contrast-conceptual,
naughty,nice,n,betweenY,,,0.55,,n,adj,antonym,scalar
nausea,vomiting,n,betweenX,0.75,,,,n,,co-hyponym,
navy,army,n,betweenY,,,0.53,,n,,co-hyponym,
near,far,y,betweenX,0.56,paired,,,n,adj,antonym,scalar
need,want,n,both,0.54,paired,0.69,paired,n,,other-related,
needed,wanted,n,betweenY,,,0.56,,n,,other-related,
needing,wanting,n,both,0.66,,0.79,,n,,opposition-indirect,
needs,wants,n,both,0.71,paired,0.89,paired,n,noun,co-hyponym,
negative,positive,y,both,0.93,paired,0.99,paired,n,adj,antonym,scalar
negatively,positively,n,both,0.86,paired,0.97,,n,adv,antonym,scalar
negatives,positives,n,betweenY,,,0.85,paired,n,noun,antonym,scalar
neglect,abuse,n,betweenY,,,0.71,,n,noun,co-hyponym,
neither,neither,n,betweenX,0.68,paired,,,y,,x-identical,
neither,both,n,betweenY,,,0.75,,n,adj,antonym,complementary
net,gross,y,both,0.63,paired,0.83,paired,n,adj,antonym,complementary
neutron,electron,n,both,0.54,,0.6,,n,,co-hyponym,
never,now,n,betweenY,,,0.85,,n,adv,co-hyponym-temporal,complementary
new,old,y,both,0.9,paired,0.98,,n,adj,antonym,scalar
newborn,toddler,n,betweenX,0.71,,,,n,,co-hyponym,
newborn,pregnancy,n,betweenY,,,0.69,,n,,other-related,
newer,older,n,betweenX,0.61,,,,n,adj,antonym,scalar
newest,oldest,n,both,0.66,,0.81,,n,adj,antonym,scalar
nicer,worse,n,betweenX,0.51,,,,n,adj,antonym-secondary,scalar
nickname,name,n,betweenY,,,0.53,,n,,co-hyponym,
niece,nephew,y,betweenX,0.61,,,,n,noun,antonym,complementary
night,day,y,both,0.59,paired,0.87,paired,n,noun,antonym,complementary
nightly,daily,n,both,0.57,,0.71,,n,adv,antonym-temporal,scalar
nightmare,reality,n,betweenX,0.59,,,,n,noun,contrast-conceptual,complementary
nightmare,dream,n,betweenY,,,0.62,,n,noun,antonym,scalar
nightmares,dreams,n,betweenY,,,0.77,,n,noun,antonym,scalar
nights,days,n,both,0.58,paired,0.95,,n,noun,antonym,complementary
nighttime,dawn,n,betweenX,0.56,,,,n,,co-hyponym-temporal,
nineteenth,twentieth,n,betweenX,0.83,,,,n,noun/adj,co-hyponym-numeric,
ninth,tenth,n,betweenX,0.7,,,,n,noun/adj,co-hyponym-numeric,
no,yes,y,both,0.92,paired,0.97,paired,n,noun/adv,antonym,complementary
nods,smiles,n,betweenY,,,0.68,,n,,other-conventional,
nominees,candidates,n,betweenY,,,0.58,,n,noun,co-hyponym,
nonviolent,violent,y,betweenX,0.55,,,,n,adj,antonym,scalar
noon,midnight,n,both,0.67,,0.6,,n,noun,antonym-temporal,complementary
north,south,y,both,0.88,,0.75,paired,n,adj,antonym,multiple incompatibility
northwest,southeast,n,betweenX,0.58,,,,n,adj/noun,antonym,complementary
nos,yes,n,betweenY,,,0.72,,n,noun/adv,antonym,complementary
noses,eyes,n,betweenY,,,0.5,,n,,co-hyponym,
nothing,everything,n,both,0.57,paired,0.59,,n,noun/pronoun,antonym,complementary
noun,adjective,n,betweenY,,,0.51,paired,n,noun,co-hyponym,
now,then,n,betweenY,,,0.85,paired,n,adv/noun,co-hyponym-temporal,
nowhere,nowhere,n,betweenX,0.63,paired,,,y,,x-identical,
nuclear,conventional,y,betweenY,,,0.72,,n,adj,antonym,complementary
nude,clothed,n,betweenY,,,0.67,,n,adj,antonym,complementary
nurses,doctors,n,betweenY,,,0.55,,n,,co-hyponym,
nursing,pregnancy,n,betweenY,,,0.58,,n,,co-hyponym,
nurture,nature,n,both,0.96,,0.99,,n,noun,contrast-conceptual,complementary
oats,barley,n,both,0.5,,0.51,,n,noun,co-hyponym,
obese,overweight,n,both,0.87,paired,0.85,,n,adj,co-hyponym,
occult,science,n,betweenX,0.57,,,,n,,co-hyponym,
odd,even,y,both,0.91,,0.87,,n,adj,antonym,complementary
of,of,n,both,0.67,paired,0.59,paired,y,other/preposition,x-identical,
off,on,y,both,0.69,paired,0.92,,n,adj/adv,antonym,complementary
offence,defence,y,both,0.69,,0.93,,n,noun,antonym,complementary
offended,offended,n,betweenY,,,0.84,paired,y,,x-identical,
offender,victim,n,both,0.72,,0.73,,n,noun,antonym,complementary
offense,defense,y,both,0.99,paired,0.98,paired,n,noun,antonym,complementary
offensive,defensive,y,both,0.91,paired,0.92,paired,n,adj,antonym,complementary
offensively,defensively,y,both,0.51,paired,0.74,paired,n,adv,antonym,complementary
offline,online,n,both,0.91,paired,0.82,,n,adj,antonym,complementary
offspring,parents,n,betweenY,,,0.53,,n,noun,antonym-secondary,complementary
oil,gas,n,betweenX,0.54,,,,n,noun,co-hyponym,
oils,fats,n,both,0.72,,0.64,,n,,co-hyponym,
old,new,y,betweenX,0.8,paired,,,n,adj,antonym,scalar
old,young,y,betweenY,,,0.67,paired,n,adj,antonym,scalar
older,younger,n,betweenX,0.76,paired,,,n,adj,antonym,scalar
oldest,youngest,n,both,0.82,paired,0.9,paired,n,adj,antonym,scalar
omega,alpha,n,betweenY,,,0.92,,n,noun,antonym,complementary
omission,commission,n,betweenY,,,0.66,,n,,opposition-indirect,
on,off,y,betweenX,0.85,paired,,,n,adj/adv,antonym,complementary
one,zero,n,betweenY,,,0.73,,n,,co-hyponym-numeric,
online,offline,n,betweenX,0.98,paired,,,n,adj,antonym,complementary
onstage,off,n,betweenX,0.66,,,,n,adj,antonym,complementary
opacity,transparency,y,betweenX,0.5,,,,n,noun,antonym,scalar
opaque,transparent,n,both,0.72,paired,0.71,paired,n,adj,antonym,scalar
open,closed,y,both,0.7,paired,0.59,paired,n,adj,antonym,scalar
opened,closed,n,both,0.91,,0.75,,n,adj/verb,antonym,scalar
opening,closing,y,both,0.83,,0.65,paired,n,verb,antonym,scalar
opens,closes,n,both,0.74,,0.51,,n,verb,antonym,scalar
operated,owned,n,betweenY,,,0.61,,n,adj/verb,co-hyponym,
opinions,facts,n,both,0.57,,0.76,,n,noun,antonym,scalar
opposition,government,n,betweenY,,,0.57,,n,noun,antonym-secondary,complementary
oppress,oppress,n,betweenY,,,0.6,paired,y,,x-identical,
optimistic,pessimistic,y,betweenX,0.74,paired,,,n,adj,antonym,scalar
orange,yellow,n,betweenX,0.56,,,,n,,co-hyponym,
oranges,apples,n,betweenY,,,0.9,,n,,co-hyponym,
orc,human,n,both,0.5,,0.63,,n,noun,co-hyponym,
orderly,chaotic,n,both,0.58,,0.57,,n,adv,antonym,scalar
organic,conventional,n,both,0.6,,0.83,,n,adj,antonym,complementary
organisations,individuals,n,betweenY,,,0.53,,n,noun,contrast-group-individual ,
organizations,individuals,n,betweenY,,,0.52,,n,noun,contrast-group-individual ,
ounces,grams,n,betweenY,,,0.6,,n,,co-hyponym,
ours,yours,n,betweenX,0.67,,,,n,other/possessive,antonym,complementary
out,in,n,betweenY,,,0.81,,n,other/preposition,antonym,complementary
outdoor,indoor,y,both,0.74,paired,0.92,paired,n,adj,antonym,complementary
outdoors,indoors,y,both,0.86,paired,0.8,paired,n,noun/adv,antonym,complementary
outer,inner,y,both,0.82,paired,0.96,paired,n,adj,antonym,scalar
outfield,infield,y,both,0.67,paired,0.91,paired,n,adj/noun,antonym,complementary
outfielder,pitcher,n,betweenY,,,0.52,,n,noun,co-hyponym,
outgoing,incoming,y,both,0.61,paired,0.96,paired,n,adj,antonym,complementary
output,input,n,both,0.65,paired,0.99,paired,n,adj/noun,antonym,complementary
outputs,inputs,n,both,0.59,,0.96,paired,n,noun,antonym,complementary
outside,inside,y,both,0.84,paired,0.92,paired,n,adj/noun,antonym,complementary
outsider,insider,n,both,0.83,,0.67,,n,noun,antonym,complementary
outsiders,insiders,n,both,0.87,,0.73,,n,noun,antonym,complementary
outward,inward,y,both,0.69,paired,0.91,paired,n,adj,antonym,scalar
over,under,n,betweenX,0.65,paired,,,n,adv,antonym,scalar
overt,covert,y,betweenX,0.54,,,,n,adj,antonym,scalar
overtime,regulation,n,betweenY,,,0.88,,n,,co-hyponym,
overweight,obese,n,betweenX,0.56,paired,,,n,adj,co-hyponym,
owning,renting,n,betweenY,,,0.56,paired,n,verb,co-hyponym,
paid,unpaid,y,betweenX,0.64,,,,n,adj,antonym,complementary
painting,drawing,n,betweenY,,,0.65,,n,,co-hyponym,
paired,single,n,betweenY,,,0.54,,n,,co-hyponym-numeric,
pancakes,eggs,n,betweenY,,,0.52,,n,,co-hyponym,
pans,pots,n,betweenY,,,0.86,,n,noun,co-hyponym,
panties,bra,n,betweenY,,,0.69,,n,,co-hyponym,
paradise,hell,n,both,0.72,,0.79,,n,noun,antonym,complementary
paragraphs,sentences,n,betweenY,,,0.6,,n,noun,nym-meronym,
parasite,host,y,both,0.9,,0.93,,n,,other-related,
parent,child,y,both,0.93,,0.85,,n,noun,antonym,converse
parents,children,n,betweenX,0.58,,,,n,noun,antonym,converse
parody,satire,n,betweenY,,,0.57,,n,,nym-near-synonym,
partial,full,n,both,0.51,,0.54,,n,,nym-meronym,
particular,general,y,betweenY,,,0.64,,n,adj,antonym,scalar
partner,child,n,betweenX,0.7,,,,n,,co-hyponym,
pass,run,n,betweenY,,,0.54,,n,,co-hyponym,
passenger,driver,n,betweenY,,,0.62,,n,noun,antonym,converse
passer,receiver,n,betweenX,0.84,,,,n,noun,antonym,complementary
passive,active,y,both,0.83,,0.87,,n,adj,antonym,scalar
passively,actively,y,betweenY,,,0.66,,n,adv,antonym,scalar
password,username,n,betweenY,,,0.85,,n,noun,co-hyponym,
past,future,y,both,0.81,paired,0.57,paired,n,,co-hyponym-temporal,
paste,copy,n,betweenY,,,0.6,,n,,co-hyponym,
paternal,maternal,y,both,0.87,,0.94,,n,adj,antonym,complementary
pathological,normal,n,betweenY,,,0.71,,n,,co-hyponym,
payable,due,n,betweenY,,,0.77,,n,noun,nym-near-synonym,
paycheck,paycheck,n,betweenY,,,0.52,paired,y,,x-identical,
payoff,risk,n,betweenY,,,0.62,,n,noun,antonym-secondary,scalar
peace,war,y,both,0.94,paired,0.97,paired,n,noun,antonym,complementary
peak,trough,n,both,0.86,paired,0.71,paired,n,noun,antonym,scalar
peaks,valleys,n,both,0.64,,0.76,,n,noun,antonym,complementary
pear,apple,n,betweenY,,,0.56,,n,noun,co-hyponym,
pen,paper,n,betweenX,0.54,,,,n,,other-conventional,
pencil,paper,n,both,0.56,,0.6,,n,,co-hyponym,
penetration,orgasm,n,both,0.6,,0.5,,n,,other-related,
pepper,salt,n,both,0.58,,0.99,,n,noun,co-hyponym,
perceived,real,n,betweenY,,,0.58,,n,adj,antonym,complementary
percent,percent,n,both,0.53,paired,0.76,paired,y,,x-identical,
perceptions,reality,n,betweenX,0.57,,,,n,noun,antonym-secondary,scalar
perennial,annual,n,both,0.66,,0.88,,n,adj,co-hyponym-temporal,
performer,audience,n,both,0.88,,0.55,,n,noun,antonym-secondary,converse
peripheral,central,y,both,0.68,,0.64,,n,adj,antonym,scalar
permanent,temporary,n,both,0.8,paired,0.96,paired,n,adj,antonym,scalar
permanently,permanently,n,betweenX,0.81,paired,,,y,,x-identical,
permanently,temporarily,y,betweenY,,,0.66,,n,adv,antonym,scalar
perpetrator,victim,n,both,0.91,,0.87,,n,noun,antonym,complementary
perpetrators,victims,n,both,0.88,,0.81,,n,noun,antonym,complementary
personal,professional,n,betweenY,,,0.56,paired,n,,co-hyponym,
pessimistic,optimistic,y,both,0.73,paired,0.74,,n,adj,antonym,scalar
pet,owner,n,both,0.65,,0.54,,n,noun,antonym-secondary,converse
petrol,diesel,n,both,0.84,,0.62,,n,noun,co-hyponym,
pets,humans,n,betweenX,0.5,,,,n,,co-hyponym,
phantom,reality,n,betweenX,0.59,,,,n,,opposition-indirect,
phrase,word,n,betweenY,,,0.57,,n,noun,nym-meronym,
phrases,words,n,betweenY,,,0.88,,n,noun,nym-meronym,
physical,mental,y,betweenX,0.51,paired,,,n,adj,antonym,scalar
physician,patient,n,both,0.86,,0.9,,n,noun,antonym-secondary,converse
physicians,patients,n,both,0.82,,0.8,,n,noun,antonym,converse
pickup,delivery,n,both,0.8,,0.54,,n,noun,antonym,reversive
pickups,cars,n,betweenY,,,0.56,,n,noun,co-hyponym,
picture,text,n,betweenY,,,0.59,,n,,co-hyponym,
pilots,passengers,n,betweenX,0.52,,,,n,noun,antonym-secondary,converse
pistols,rifles,n,betweenY,,,0.63,,n,noun,co-hyponym,
pitchers,hitters,n,betweenY,,,0.51,paired,n,noun,antonym,complementary
place,time,n,both,0.69,,0.73,,n,,co-hyponym,
places,people,n,betweenY,,,0.58,,n,noun,co-hyponym,
plains,mountains,n,betweenX,0.54,,,,n,,co-hyponym,
plaintiff,defendant,y,both,0.95,paired,0.89,paired,n,noun,antonym,complementary
plaintiffs,defendants,n,betweenX,0.74,,,,n,noun,antonym,complementary
planets,stars,n,betweenX,0.57,,,,n,,co-hyponym,
planted,harvested,n,betweenX,0.59,,,,n,,contrast-sequence,
plants,animals,n,betweenX,0.65,,,,n,noun,co-hyponym,
platinum,gold,n,both,0.58,,0.7,,n,,co-hyponym,
play,practice,n,betweenY,,,0.55,,n,,co-hyponym,
playback,recording,n,betweenY,,,0.5,,n,,co-hyponym,
pleasant,unpleasant,y,betweenX,0.54,,,,n,adj,antonym,scalar
pleasure,pain,y,both,0.89,,0.94,,n,adj,antonym,scalar
plural,singular,y,both,0.92,paired,0.99,paired,n,adj,antonym,complementary
plus,minus,y,both,0.94,paired,0.89,paired,n,adj,antonym,scalar
plutonium,uranium,n,both,0.65,,0.77,paired,n,noun,co-hyponym,
polarized,polarized,n,betweenY,,,0.51,paired,y,,x-identical,
polluted,clean,n,betweenY,,,0.63,,n,adj,antonym-secondary,scalar
pomp,circumstance,n,betweenX,0.78,,,,n,noun,other-conventional,
poor,rich,y,both,0.67,paired,0.97,paired,n,adj,antonym,scalar
poorer,richer,n,both,0.69,paired,0.9,paired,n,adj,antonym,scalar
poorest,richest,n,both,0.74,paired,0.87,paired,n,adj,antonym,scalar
pork,beef,n,betweenY,,,0.68,paired,n,noun,co-hyponym,
portrayal,reality,n,betweenX,0.58,,,,n,,opposition-indirect,
positive,negative,y,both,0.97,paired,0.92,paired,n,adj,antonym,scalar
positively,negatively,n,betweenX,0.85,paired,,,n,adv,antonym,scalar
positives,negatives,n,both,0.99,,0.93,paired,n,noun,antonym,scalar
posterior,anterior,y,betweenY,,,0.73,,n,adj,antonym,complementary
potassium,sodium,n,both,0.54,paired,0.75,,n,noun,co-hyponym,
pounds,kilograms,n,betweenX,0.52,paired,,,n,noun,co-hyponym,
practices,games,n,betweenX,0.88,,,,n,,co-hyponym,
practise,theory,n,betweenY,,,0.58,,n,noun,antonym,complementary
practitioner,patient,n,both,0.52,,0.57,,n,noun,antonym-secondary,converse
practitioners,patients,n,betweenX,0.52,,,,n,noun,antonym-secondary,converse
pre,post,n,both,0.97,,0.62,,n,other/prefix,antonym-temporal,complementary
precept,practice,n,betweenX,0.64,,,,n,,co-hyponym,
predator,prey,n,both,1,paired,0.96,paired,n,noun,antonym,converse
predators,prey,n,both,0.99,,0.92,,n,noun,antonym,converse
predecessor,successor,n,betweenX,0.75,,,,n,noun,antonym,complementary
predecessors,successors,n,betweenX,0.51,,,,n,noun,antonym,complementary
predicted,actual,n,betweenX,0.61,,,,n,adj,antonym-secondary,complementary
prefix,suffix,y,betweenX,0.53,,,,n,noun,antonym,complementary
prehistoric,modern,n,betweenX,0.59,,,,n,adj,antonym,complementary
preschool,kindergarten,n,betweenX,0.78,,,,n,,co-hyponym,
presence,absence,y,betweenX,0.65,,,,n,noun,antonym,complementary
present,future,n,betweenX,0.75,,,,n,,co-hyponym-temporal,
pressed,folded,n,betweenY,,,0.5,,n,,co-hyponym,
pressure,temperature,n,betweenY,,,0.69,,n,,co-hyponym,
pretend,real,n,both,0.66,,0.77,,n,adj,antonym,scalar
pretended,real,n,betweenX,0.52,,,,n,adj,antonym-secondary,scalar
prev,next,n,both,0.61,,0.54,,n,adj,antonym,complementary
prey,predator,n,both,0.87,paired,0.82,paired,n,noun,antonym,converse
primaries,caucuses,n,betweenY,,,0.61,paired,n,noun,co-hyponym,
primary,secondary,y,both,0.94,,0.77,paired,n,,co-hyponym,
primates,humans,n,both,0.7,,0.64,,n,,co-hyponym,
prime,prime,n,betweenY,,,0.59,paired,y,,x-identical,
princess,prince,n,betweenY,,,0.58,,n,noun,antonym,complementary
principal,interest,n,both,0.6,,0.67,,n,,co-hyponym,
prisoners,guards,n,betweenY,,,0.59,,n,noun,antonym,converse
private,public,y,both,0.98,paired,0.99,,n,noun,antonym,complementary
privately,publicly,y,betweenY,,,0.56,paired,n,adv,antonym,complementary
pro,amateur,n,betweenX,0.62,,,,n,adj/noun,antonym,scalar
proactive,reactive,n,both,0.95,paired,0.91,paired,n,adj,antonym,scalar
problem,solution,n,betweenX,0.9,,,,n,noun,antonym,complementary
problems,solutions,n,betweenX,0.88,,,,n,noun,antonym,complementary
processed,raw,n,both,0.6,,0.98,,n,adj,antonym,scalar
producer,consumer,n,betweenX,0.81,,,,n,noun,antonym,complementary
producers,consumers,n,betweenX,0.69,,,,n,noun,antonym,complementary
products,services,n,betweenX,0.58,,,,n,noun,antonym,complementary
prof,student,n,both,0.68,,0.65,,n,noun,antonym-secondary,converse
professional,personal,n,betweenY,,,0.59,paired,n,adj,antonym,complementary
professor,student,n,both,0.7,,0.74,,n,noun,antonym,converse
professors,students,n,both,0.91,,0.88,,n,noun,antonym,complementary
profit,loss,n,betweenX,0.65,,,,n,noun,antonym,scalar
progressives,conservatives,n,betweenY,,,0.52,,n,noun,antonym,scalar
projected,actual,n,both,0.72,,0.6,,n,,opposition-indirect,
prom,graduation,n,betweenX,0.68,,,,n,,other-related,
proponent,opponent,n,betweenX,0.55,,,,n,noun,antonym,complementary
proponents,opponents,n,betweenX,0.55,,,,n,noun,antonym,complementary
pros,cons,n,betweenX,0.93,,,,n,noun,antonym,complementary
prose,poetry,n,both,0.75,,0.83,,n,noun,antonym,complementary
prosecuting,investigating,n,betweenY,,,0.57,,n,,co-hyponym,
prosecution,defense,y,betweenX,0.68,,,,n,noun,antonym,complementary
prosperous,poor,n,betweenY,,,0.59,,n,adj,antonym-secondary,scalar
protagonist,antagonist,n,betweenX,0.67,paired,,,n,noun,antonym,complementary
protagonists,antagonists,n,betweenX,0.66,,,,n,noun,antonym,complementary
protester,police,n,both,0.89,,0.76,,n,,co-hyponym,
protesters,police,n,both,0.9,,0.91,,n,,co-hyponym,
protestors,police,n,both,0.89,,0.9,,n,,co-hyponym,
provincial,federal,n,betweenX,0.63,,,,n,,co-hyponym,
psychiatrist,patient,n,both,0.56,,0.65,,n,noun,antonym-secondary,converse
psychologically,physically,n,betweenY,,,0.55,,n,adv,antonym,scalar
public,private,y,betweenX,0.96,paired,,,n,noun,antonym,complementary
publicly,privately,y,both,0.8,,0.57,paired,n,adv,antonym,complementary
pull,push,y,betweenY,,,0.94,paired,n,adj/verb,antonym,complementary
pulling,pushing,n,betweenY,,,0.9,paired,n,verb,antonym,complementary
pulls,pushes,n,betweenY,,,0.8,,n,verb,antonym,complementary
punches,kicks,n,both,0.54,,0.55,paired,n,,co-hyponym,
pupils,teachers,n,both,0.53,,0.63,,n,noun,antonym,converse
purchase,delivery,n,betweenX,0.64,,,,n,,co-hyponym,
purchaser,seller,n,both,0.94,,0.9,,n,noun,antonym,converse
push,pull,y,both,0.79,,0.89,paired,n,verb,antonym,reversive
pushing,pulling,n,both,0.69,,0.53,paired,n,verb,antonym,scalar
puts,calls,n,both,0.93,,0.8,,n,noun,antonym-secondary,complementary
quake,tsunami,n,betweenX,0.55,,,,n,,co-hyponym,
qualifier,final,n,betweenX,0.63,,,,n,,co-hyponym,
qualitative,quantitative,y,both,0.98,paired,0.97,paired,n,adj,antonym,complementary
quality,quantity,n,both,0.61,paired,0.55,paired,n,noun,contrast-conceptual,
quantitative,qualitative,y,both,0.94,paired,0.86,paired,n,adj,antonym,complementary
quantity,quality,n,both,0.96,paired,0.81,paired,n,noun,contrast-conceptual,
quarterly,monthly,n,betweenY,,,0.87,,n,adv,co-hyponym-temporal,
queen,king,y,betweenY,,,0.88,,n,noun,antonym,complementary
queens,kings,n,both,0.54,,0.93,,n,noun,antonym,complementary
query,response,n,betweenX,0.52,,,,n,noun,antonym,complementary
question,answer,y,both,0.91,,0.59,paired,n,noun,antonym,complementary
questions,answers,n,both,0.88,,0.54,paired,n,noun,antonym,complementary
quicker,slower,n,betweenX,0.5,,,,n,adv,antonym,scalar
quickest,fastest,n,betweenY,,,0.58,,n,,nym-near-synonym,
radicals,moderates,n,both,0.59,,0.55,,n,noun,antonym,scalar
rain,snow,n,betweenX,0.75,,,,n,noun,co-hyponym,
rainfall,temperature,n,betweenY,,,0.55,,n,,co-hyponym,
randomized,random,n,betweenX,0.52,,,,n,adj,nym-near-synonym,
ranged,melee,n,betweenY,,,0.57,,n,,co-hyponym,
rapist,victim,n,betweenX,0.58,,,,n,,co-hyponym,
rare,common,n,betweenY,,,0.54,,n,adj,antonym,scalar
rational,irrational,y,betweenX,0.65,paired,,,n,adj,antonym,scalar
reach,height,n,betweenY,,,0.7,,n,,other-related,
reactive,proactive,n,both,0.53,paired,0.62,paired,n,adj,antonym,scalar
read,write,n,betweenX,0.53,,,,n,verb,antonym,converse
reader,author,n,betweenY,,,0.58,,n,noun,antonym-secondary,converse
reading,writing,n,both,0.81,,0.66,paired,n,,co-hyponym,
reads,writes,n,both,0.81,,0.6,,n,verb,antonym,converse
realism,fantasy,n,both,0.6,,0.66,,n,noun,antonym,scalar
rear,front,y,both,0.53,,0.93,,n,noun,antonym,complementary
reasonable,unreasonable,y,betweenX,0.67,,,,n,adj,antonym,scalar
rebirth,death,n,both,0.62,paired,0.94,,n,noun,antonym-secondary,complementary
receive,send,n,both,0.79,paired,0.56,,n,verb,antonym,reversive
received,sent,n,betweenY,,,0.81,paired,n,verb,antonym,reversive
receiver,quarterback,n,both,0.55,,0.69,,n,noun,co-hyponym,
receivers,quarterbacks,n,betweenY,,,0.63,,n,noun,co-hyponym,
receiving,sending,n,both,0.55,paired,0.73,,n,adj/verb,antonym,reversive
recess,lunch,n,both,0.73,,0.72,,n,,co-hyponym,
recipient,sender,n,both,0.8,,0.99,,n,noun,antonym,reversive
recipients,sender,n,betweenY,,,0.57,,n,noun,antonym,reversive
recount,election,n,betweenY,,,0.66,,n,,co-hyponym,
rectangular,square,n,both,0.57,,0.54,,n,adj,co-hyponym,
reducing,increasing,n,betweenY,,,0.57,,n,verb,antonym,reversive
refined,raw,n,betweenY,,,0.8,,n,adj,antonym-secondary,scalar
regained,lost,n,betweenY,,,0.75,,n,adj/verb,antonym,reversive
regulated,unregulated,y,betweenX,0.64,paired,,,n,adj,antonym,complementary
rehearsal,performance,n,betweenX,0.53,,,,n,,co-hyponym,
rejecting,accepting,n,betweenY,,,0.56,,n,verb,antonym,scalar
relative,absolute,y,both,0.93,paired,0.84,paired,n,adj,antonym,complementary
relatives,friends,n,betweenY,,,0.68,,n,noun,co-hyponym,
relegated,promoted,n,both,0.83,,0.75,,n,adj/verb,antonym,scalar
relegation,promotion,n,both,0.91,,0.98,,n,noun,antonym,scalar
reliever,starter,n,both,0.94,,0.99,,n,noun,antonym-secondary,complementary
religious,secular,y,betweenY,,,0.53,,n,adj,antonym,complementary
reload,save,n,betweenY,,,0.53,,n,,co-hyponym,
remain,leave,n,betweenX,0.55,,,,n,verb,antonym,reversive
remember,forget,y,betweenX,0.55,paired,,,n,verb,antonym,scalar
remembering,forgetting,n,betweenX,0.69,,,,n,verb,antonym,scalar
remission,relapse,n,betweenX,0.71,,,,n,,co-hyponym,
remove,add,n,betweenY,,,0.61,,n,verb,antonym,reversive
renters,landlords,n,both,0.74,,0.76,,n,noun,antonym,converse
renting,owning,n,betweenY,,,0.55,paired,n,adj/verb,antonym,complementary
repealing,replacing,n,betweenX,0.58,,,,n,,co-hyponym,
reporters,editors,n,betweenX,0.6,,,,n,,co-hyponym,
republican,democrat,n,betweenX,0.69,paired,,,n,,co-hyponym,
researching,writing,n,betweenX,0.57,,,,n,,co-hyponym,
residential,commercial,n,both,0.7,,0.7,,n,adj,antonym,complementary
resorts,hotels,n,betweenY,,,0.53,,n,,co-hyponym,
respawn,death,n,betweenY,,,0.8,,n,,co-hyponym,
resurrected,dead,n,betweenY,,,0.6,,n,adj,antonym-secondary,complementary
resurrection,death,n,both,0.62,,0.94,,n,noun,antonym-secondary,complementary
retail,wholesale,y,betweenY,,,0.53,paired,n,adj,antonym,complementary
retailer,customer,n,betweenX,0.5,,,,n,noun,antonym,converse
retrieval,storage,n,betweenY,,,0.66,,n,noun,antonym-secondary,reversive
returning,leaving,n,betweenY,,,0.52,,n,verb,antonym,reversive
reusable,disposable,n,both,0.55,paired,0.6,,n,adj,antonym,complementary
revenues,expenses,n,betweenX,0.57,,,,n,noun,antonym-secondary,complementary
reverse,forward,y,betweenY,,,0.59,,n,adj,antonym,reversive
reward,risk,n,betweenY,,,0.55,,n,,contrast-conceptual,
rich,poor,y,both,0.98,paired,0.99,paired,n,adj,antonym,scalar
richer,poorer,n,both,0.84,paired,0.71,paired,n,adj,antonym,scalar
richest,poorest,n,both,0.94,paired,0.87,paired,n,adj,antonym,scalar
rifles,handguns,n,betweenY,,,0.55,paired,n,,co-hyponym,
right,left,y,both,0.9,paired,0.98,paired,n,adj/noun,antonym,complementary
rightly,wrongly,n,betweenX,0.8,,,,n,adv,antonym,complementary
rigid,flexible,n,both,0.64,paired,0.61,paired,n,adj,antonym,scalar
rise,fall,y,betweenX,0.68,,,,n,verb,antonym,reversive
rises,falls,n,betweenX,0.52,,,,n,verb,antonym,reversive
rising,falling,y,betweenX,0.74,paired,,,n,verb,antonym,reversive
robbers,cops,n,betweenY,,,0.86,,n,,other-conventional,
robotic,human,n,both,0.52,,0.63,,n,adj/noun,co-hyponym,
robots,humans,n,both,0.52,,0.53,,n,,co-hyponym,
rookies,veterans,n,both,0.78,,0.75,,n,noun,antonym,scalar
row,column,n,both,0.95,paired,0.92,paired,n,noun,antonym,complementary
rows,columns,n,both,0.84,paired,0.87,paired,n,noun,antonym,complementary
ruled,ruled,n,betweenY,,,0.55,paired,y,,x-identical,
rural,urban,y,both,0.79,paired,0.91,paired,n,adj,antonym,scalar
rye,barley,n,betweenX,0.63,,,,n,noun,co-hyponym,
rye,wheat,n,betweenY,,,0.52,,n,noun,co-hyponym,
sad,happy,n,betweenY,,,0.87,paired,n,adj,antonym,scalar
sadness,happiness,y,betweenY,,,0.51,,n,noun,antonym,scalar
safest,safest,n,betweenX,0.59,paired,,,y,,x-identical,
saints,sinners,n,betweenX,0.66,,,,n,noun,antonym,scalar
salesman,customer,n,betweenX,0.56,,,,n,noun,antonym,converse
saline,water,n,betweenY,,,0.6,,n,,other-related,
salt,water,n,betweenX,0.63,,,,n,,co-hyponym,
salty,sweet,n,betweenY,,,0.85,,n,adj,co-hyponym,
same,different,y,betweenY,,,0.66,,n,adj,antonym,scalar
satisfactory,excellent,n,betweenX,0.59,,,,n,,contrast-scalar,
saturated,dry,n,betweenY,,,0.56,,n,adj/verb,antonym-secondary,scalar
save,load,n,betweenY,,,0.71,,n,,co-hyponym,
saving,loading,n,betweenY,,,0.51,,n,,co-hyponym,
saying,doing,n,betweenX,0.7,,,,n,,co-hyponym,
school,college,n,betweenX,0.51,,,,n,,co-hyponym,
sciences,arts,n,betweenY,,,0.81,,n,noun,co-hyponym,
sea,land,n,betweenY,,,0.61,,n,noun,antonym,complementary
seafood,meat,n,betweenY,,,0.6,,n,noun,co-hyponym,
sealed,open,n,both,0.67,,0.75,,n,adj/verb,antonym-secondary,complementary
sealing,baptism,n,betweenY,,,0.52,,n,,other-related,
seated,standing,y,both,0.96,,0.97,,n,adj/verb,antonym,multiple incompatibility
second,third,n,betweenX,0.67,,,,n,adj/noun,co-hyponym-numeric,
second,first,y,betweenY,,,0.9,,n,adj/noun,co-hyponym-numeric,
secondary,primary,y,betweenY,,,0.53,paired,n,adj,co-hyponym,
secondly,first,n,betweenY,,,0.52,,n,adj/adv,co-hyponym-numeric,
seconds,minutes,n,both,0.77,,0.83,paired,n,noun,co-hyponym-temporal,
seeded,eliminated,n,betweenX,0.52,,,,n,,co-hyponym,
seek,hide,n,betweenY,,,0.88,,n,,other-conventional,
seen,unseen,n,betweenX,0.68,,,,n,adj,antonym,scalar
segregated,integrated,y,betweenY,,,0.51,,n,adj/verb,antonym,scalar
seizure,arrest,n,betweenY,,,0.62,,n,,co-hyponym,
sell,buy,y,both,0.9,paired,0.94,,n,verb,antonym,converse
seller,buyer,n,both,0.95,paired,0.96,paired,n,noun,antonym,converse
sellers,buyers,n,both,0.93,paired,0.98,paired,n,noun,antonym,converse
selling,buying,n,both,0.73,paired,0.95,,n,verb,antonym,converse
sells,buys,n,betweenY,,,0.78,,n,verb,antonym,converse
selves,others,n,betweenX,0.57,,,,n,noun/pronoun,antonym-secondary,complementary
semen,sperm,n,both,0.56,,0.72,,n,,co-hyponym,
semi,finals,n,betweenX,0.61,,,,n,,co-hyponym,
semifinals,finals,n,betweenX,0.81,,,,n,noun,co-hyponym,
semifinals,quarters,n,betweenY,,,0.95,,n,noun,co-hyponym,
send,receive,n,betweenX,0.64,paired,,,n,verb,antonym,reversive
sender,receiver,n,betweenX,0.8,,,,n,noun,antonym,converse
sending,receiving,n,betweenX,0.9,paired,,,n,verb,antonym,converse
senior,junior,y,both,0.51,paired,0.85,,n,noun/adj,antonym,complementary
sent,received,n,both,0.95,,0.69,paired,n,adj/verb,antonym,converse
sentenced,convicted,n,betweenY,,,0.55,,n,adj/verb,co-hyponym,
sentences,paragraphs,n,betweenX,0.55,,,,n,,nym-meronym,
serotonin,dopamine,n,betweenY,,,0.59,,n,noun,co-hyponym,
servant,master,n,both,0.94,,0.78,,n,noun,antonym,converse
servants,masters,n,both,0.79,,0.55,,n,noun,antonym,converse
server,client,n,both,0.87,,0.94,,n,noun,antonym,converse
servers,clients,n,both,0.51,,0.57,,n,noun,antonym,converse
seventy,eighty,n,betweenX,0.57,,,,n,,co-hyponym-numeric,
seventy,sixty,n,betweenY,,,0.55,,n,,co-hyponym-numeric,
severe,mild,n,betweenY,,,0.52,,n,adj,antonym,complementary
severely,moderately,n,betweenY,,,0.7,,n,adv,contrast-scalar,
shadow,light,n,both,0.71,,0.86,,n,noun,antonym,scalar
shadows,light,n,betweenY,,,0.61,,n,noun,antonym-secondary,scalar
shallow,deep,y,betweenX,0.56,,,,n,adj,antonym,scalar
shampoo,soap,n,betweenY,,,0.6,,n,noun,co-hyponym,
shared,private,n,betweenX,0.61,,,,n,adj,antonym-secondary,complementary
shield,sword,n,betweenY,,,0.69,,n,noun,co-hyponym,
shoes,socks,n,betweenY,,,0.53,,n,,co-hyponym,
shootout,overtime,n,betweenY,,,0.69,,n,,co-hyponym,
short,long,y,both,0.76,paired,0.77,paired,n,adj,antonym,scalar
shortcomings,strengths,n,betweenY,,,0.55,,n,noun,antonym-secondary,complementary
shorter,longer,n,both,0.7,paired,0.64,,n,adj,antonym,scalar
shortest,longest,n,both,0.87,paired,0.92,paired,n,adj,antonym,scalar
shortly,now,n,betweenY,,,0.82,,n,,co-hyponym-temporal,
shotguns,rifles,n,betweenY,,,0.59,,n,noun,co-hyponym,
shove,push,n,betweenY,,,0.73,,n,,nym-near-synonym,
show,tell,n,betweenX,0.92,paired,,,n,,other-related,
shower,bath,n,betweenY,,,0.57,,n,,co-hyponym,
showers,baths,n,betweenY,,,0.5,paired,n,,co-hyponym,
shrinking,growing,n,betweenY,,,0.51,,n,verb,antonym,scalar
shut,open,y,both,0.84,,0.95,,n,adj/verb,antonym,scalar
shutting,opening,n,betweenY,,,0.8,,n,verb/noun,antonym,scalar
sibling,parent,n,betweenY,,,0.66,,n,noun,co-hyponym,
siblings,parents,n,both,0.56,,0.92,,n,,co-hyponym,
sideways,vertical,n,both,0.51,,0.63,,n,,co-hyponym,
sights,sounds,n,betweenX,0.58,,,,n,,co-hyponym,
silver,gold,n,both,0.94,paired,0.97,paired,n,noun,co-hyponym,
similarities,differences,n,both,0.94,,0.81,paired,n,noun,antonym,scalar
simmer,boil,n,both,0.52,paired,0.51,paired,n,,co-hyponym,
simplicity,complexity,y,betweenY,,,0.5,,n,noun,antonym,scalar
simulated,real,n,both,0.76,,0.81,,n,adj,antonym,scalar
simulation,reality,n,betweenX,0.51,,,,n,,opposition-indirect,
singles,doubles,n,betweenY,,,0.87,paired,n,noun,antonym,complementary
singular,plural,y,both,0.95,paired,0.93,paired,n,adj,antonym,complementary
sinners,saints,n,betweenY,,,0.54,,n,noun,antonym,scalar
sins,sins,n,betweenY,,,0.51,paired,y,,x-identical,
sister,brother,y,both,0.73,paired,0.88,,n,noun,antonym,complementary
sisters,brothers,n,both,0.73,paired,0.98,paired,n,noun,antonym,complementary
sit,stand,y,both,0.77,,0.79,paired,n,verb,antonym,multiple incompatibility
sitcom,drama,n,betweenY,,,0.56,,n,,co-hyponym,
sitting,standing,n,both,0.78,,0.83,paired,n,verb,antonym,multiple incompatibility
sizeable,small,n,betweenY,,,0.6,,n,adj,antonym-secondary,scalar
sizes,shapes,n,betweenY,,,0.59,,n,noun,co-hyponym,
skeptics,believers,n,both,0.83,,0.83,,n,noun,antonym,complementary
skinny,fat,n,both,0.52,,0.55,,n,adj,antonym,scalar
sky,earth,n,betweenX,0.58,,,,n,,co-hyponym,
slander,libel,n,both,0.9,,0.88,,n,noun,antonym,complementary
slave,master,n,both,0.89,paired,0.83,,n,noun,antonym,complementary
slaves,masters,n,both,0.88,paired,0.88,paired,n,noun,antonym,complementary
sleeping,waking,y,both,0.84,,0.78,paired,n,adj/verb,antonym,scalar
sleepy,awake,n,both,0.83,,0.84,,n,adj,antonym-secondary,complementary
slept,awake,n,betweenX,0.72,,,,n,adj/verb,antonym,scalar
slept,woke,n,betweenY,,,0.5,,n,verb,antonym,complementary
slow,fast,y,both,0.7,paired,0.87,paired,n,adj,antonym,scalar
slower,faster,n,both,0.88,paired,0.84,paired,n,adj,antonym,scalar
slump,recovery,n,betweenX,0.51,,,,n,noun,antonym-secondary,scalar
smaller,larger,n,betweenX,0.62,paired,,,n,adj,antonym,scalar
smallest,largest,n,both,0.85,paired,0.83,paired,n,adj,antonym,scalar
smartphones,tablets,n,betweenY,,,0.57,,n,noun,co-hyponym,
smell,taste,n,betweenY,,,0.57,paired,n,,co-hyponym,
smile,frown,n,betweenX,0.51,,,,n,noun,antonym,scalar
smokers,drinkers,n,betweenY,,,0.6,,n,noun,co-hyponym,
smooth,rough,y,betweenY,,,0.67,,n,adj,antonym,scalar
snack,dinner,n,betweenX,0.6,,,,n,,co-hyponym,
snacks,meals,n,betweenY,,,0.74,,n,noun,co-hyponym,
snow,ice,n,betweenX,0.6,,,,n,,co-hyponym,
snow,rain,n,betweenY,,,0.72,,n,noun,co-hyponym,
so,so,n,both,0.94,paired,0.59,paired,y,,x-identical,
soaked,dry,n,both,0.53,,0.64,,n,adj/verb,antonym-secondary,scalar
soap,water,n,both,0.54,,0.56,,n,,co-hyponym,
sober,drunk,n,betweenY,,,0.73,paired,n,adj,antonym,scalar
socialism,capitalism,y,both,0.86,paired,0.87,paired,n,noun,co-hyponym,
sodium,potassium,n,betweenX,0.54,paired,,,n,noun,co-hyponym,
soft,hard,y,both,0.68,paired,0.69,paired,n,adj,antonym,scalar
software,hardware,y,both,0.94,paired,0.92,paired,n,noun,antonym,complementary
sold,bought,n,betweenY,,,0.81,,n,verb,antonym,converse
solicitor,client,n,betweenX,0.57,,,,n,noun,antonym,converse
solo,band,n,betweenY,,,0.62,,n,,contrast-group-individual,
solution,problem,n,betweenY,,,0.7,,n,noun,antonym,complementary
solutions,problems,n,betweenY,,,0.62,,n,noun,antonym,complementary
some,some,n,betweenY,,,0.51,paired,y,,x-identical,
someday,now,n,both,0.56,,0.82,,n,adv,co-hyponym-temporal,
something,someone,n,betweenY,,,0.54,,n,,co-hyponym,
son,father,n,both,0.65,paired,0.75,,n,noun,antonym,converse
sons,fathers,n,betweenY,,,0.88,,n,,co-hyponym,
soon,now,n,betweenY,,,0.92,,n,,co-hyponym-temporal,
sooner,later,n,betweenX,0.87,,,,n,adj/adv,antonym-temporal,scalar
sophomore,junior,n,betweenX,0.71,,,,n,,co-hyponym,
sophomore,freshman,n,betweenY,,,0.89,paired,n,,co-hyponym,
soul,body,n,both,0.55,,0.7,,n,noun,contrast-conceptual,
souls,bodies,n,betweenY,,,0.6,,n,,contrast-conceptual,
sour,sweet,y,both,0.5,paired,0.94,,n,adj,antonym,scalar
south,north,y,betweenY,,,0.93,paired,n,adj,antonym,multiple incompatibility
southern,northern,y,betweenY,,,0.55,,n,adj,antonym,multiple incompatibility
soy,corn,n,betweenY,,,0.65,,n,noun,co-hyponym,
space,time,n,both,0.98,paired,0.95,paired,n,noun,co-hyponym,
spacecraft,Earth,n,betweenX,0.54,,,,n,,other-related,
spatial,temporal,n,both,0.78,paired,0.68,paired,n,adj,co-hyponym,
specialized,general,n,betweenY,,,0.54,,n,adj/verb,antonym,scalar
specific,general,y,both,0.73,,0.73,,n,adj,antonym,scalar
spending,saving,n,betweenY,,,0.51,,n,verb,antonym,scalar
sperm,egg,n,both,0.69,,0.82,,n,noun,antonym,complementary
spices,herbs,n,betweenY,,,0.65,,n,noun,co-hyponym,
spicy,mild,n,betweenY,,,0.75,,n,adj,antonym-secondary,scalar
spiritual,physical,n,betweenY,,,0.54,,n,,contrast-conceptual,
spirituality,science,n,betweenY,,,0.66,,n,,co-hyponym,
spiritually,physically,n,betweenY,,,0.77,,n,adv,contrast-conceptual,
spite,love,n,betweenY,,,0.52,,n,,opposition-indirect,
spoken,written,y,both,0.61,paired,0.57,paired,n,adj,antonym,complementary
spoon,fork,n,betweenY,,,0.56,,n,noun,co-hyponym,
spouses,children,n,betweenX,0.77,,,,n,,co-hyponym,
spring,winter,n,betweenY,,,0.52,,n,adj/noun,co-hyponym,multiple incompatibility
squares,circles,n,betweenY,,,0.53,,n,,co-hyponym,
stable,unstable,y,both,0.68,paired,0.76,paired,n,adj,antonym,scalar
stagnation,growth,n,both,0.6,,0.51,,n,noun,antonym,scalar
stainless,aluminum,n,betweenY,,,0.54,,n,noun,co-hyponym,
stalking,harassment,n,betweenY,,,0.52,,n,,co-hyponym,
stand,sit,y,betweenY,,,0.6,paired,n,verb,antonym,multiple incompatibility
standing,sitting,n,betweenY,,,0.85,paired,n,verb,antonym,multiple incompatibility
start,finish,y,betweenX,0.54,,,,n,noun/verb,antonym,complementary
started,finished,n,betweenX,0.58,,,,n,verb,antonym,complementary
starter,backup,n,betweenX,0.59,,,,n,noun,antonym-secondary,complementary
starting,finishing,n,betweenX,0.59,,,,n,verb,antonym,reversive
static,dynamic,n,both,0.92,paired,0.85,paired,n,adj,antonym,complementary
stationary,moving,n,betweenY,,,0.62,,n,adj,antonym,complementary
stature,weight,n,betweenY,,,0.54,,n,,other-related,
staying,going,n,betweenX,0.63,,,,n,verb,antonym,reversive
staying,leaving,n,betweenY,,,0.53,,n,verb,antonym,reversive
steady,slow,n,betweenY,,,0.7,,n,,other-conventional,
steep,moderate,n,betweenY,,,0.61,,n,,contrast-scalar,
stems,leaves,n,betweenY,,,0.58,,n,,co-hyponym,
stereo,mono,n,both,0.79,paired,0.94,,n,adj,antonym,complementary
stereotype,reality,n,betweenX,0.54,,,,n,,opposition-indirect,
stern,bow,n,both,0.65,,0.83,,n,noun,antonym,complementary
stitching,cutting,n,betweenY,,,0.77,,n,,co-hyponym,
stocks,bonds,n,betweenX,0.59,,,,n,noun,co-hyponym,
stop,start,y,betweenY,,,0.6,,n,verb,antonym,complementary
stopping,starting,n,betweenY,,,0.5,,n,verb,antonym,complementary
stops,starts,n,betweenX,0.51,,,,n,noun,antonym,complementary
stranger,friend,n,betweenY,,,0.6,,n,noun,antonym,complementary
strangers,friends,n,betweenY,,,0.74,,n,noun,antonym,complementary
strategic,tactical,n,betweenY,,,0.6,paired,n,adj,antonym,scalar
strengths,weaknesses,n,both,0.89,paired,0.77,paired,n,noun,antonym,scalar
strikeouts,walks,n,both,0.54,,0.57,,n,noun,co-hyponym,
strikers,defenders,n,both,0.7,,0.57,,n,noun,co-hyponym,
strong,weak,y,betweenX,0.77,paired,,,n,adj,antonym,scalar
stronger,weaker,n,both,0.86,paired,0.78,paired,n,adj,antonym,scalar
strongest,weakest,n,both,0.83,paired,0.84,paired,n,adj,antonym,scalar
subconscious,conscious,n,both,0.63,,0.93,,n,adj/noun,co-hyponym,
subject,object,n,betweenX,0.67,,,,n,,co-hyponym,
subjective,objective,y,both,0.97,,0.95,,n,adj,antonym,scalar
subordinates,superiors,n,betweenX,0.61,paired,,,n,noun,antonym,complementary
subs,starters,n,betweenY,,,0.77,,n,noun,antonym-secondary,complementary
subsidiary,parent,n,betweenY,,,0.82,,n,noun,nym-meronym,
substitute,starter,n,betweenY,,,0.58,,n,,co-hyponym,
substituted,starters,n,betweenY,,,0.53,,n,noun,antonym-secondary,complementary
substitutes,starters,n,betweenY,,,0.85,,n,,co-hyponym,
subtract,add,y,betweenY,,,0.87,,n,verb,antonym,complementary
suburb,city,n,betweenY,,,0.63,,n,noun,nym-meronym,
suburban,urban,n,betweenY,,,0.66,,n,,co-hyponym,
suburbs,cities,n,betweenX,0.51,,,,n,,nym-meronym,
succeed,fail,y,betweenX,0.72,,,,n,verb,antonym,scalar
succeeding,failing,n,betweenY,,,0.54,,n,verb,antonym,scalar
success,failure,y,betweenX,0.9,paired,,,n,noun,antonym,scalar
successes,failures,n,both,0.79,,0.68,paired,n,noun,antonym,scalar
sudo,root,n,betweenX,0.55,,,,n,noun,other-related,
suffer,pain,n,betweenY,,,0.6,,n,,other-related,
sufficient,adequate,n,betweenY,,,0.68,,n,,nym-near-synonym,
suffix,prefix,y,betweenY,,,0.56,,n,noun,antonym,complementary
summer,spring,n,betweenY,,,0.94,,n,,co-hyponym,multiple incompatibility
summers,winters,n,both,0.69,paired,0.66,paired,n,noun,antonym,multiple incompatibility
sund,dawn,n,betweenX,0.89,,,,n,partial token,x-none,
sung,spoken,n,both,0.76,,0.84,,n,adj,antonym-secondary,complementary
sunny,cloudy,n,both,0.97,paired,0.94,paired,n,adj,co-hyponym,
sunrise,sunset,y,both,1,paired,0.8,paired,n,noun,antonym,complementary
sunset,sunrise,y,both,0.9,paired,0.95,paired,n,noun,antonym,complementary
superhuman,human,n,betweenY,,,0.52,,n,,co-hyponym,
superior,inferior,y,betweenX,0.82,paired,,,n,adj,antonym,scalar
superiors,subordinates,n,betweenX,0.95,paired,,,n,noun,antonym,complementary
supper,lunch,n,betweenY,,,0.55,,n,,co-hyponym,
supplier,customer,n,both,0.64,,0.54,,n,noun,antonym,converse
supply,demand,y,both,0.97,paired,0.97,paired,n,noun,antonym,complementary
supported,unsupported,y,betweenX,0.63,,,,n,adj,antonym,complementary
surgeon,patient,n,both,0.88,,0.88,,n,noun,antonym,complementary
surgeons,patients,n,both,0.85,,0.84,,n,noun,antonym-secondary,converse
surplus,deficit,n,both,0.89,,0.87,paired,n,noun,antonym,complementary
suspects,police,n,betweenY,,,0.54,,n,,co-hyponym,
swallowed,swallowed,n,betweenY,,,0.52,paired,y,,x-identical,
swallowing,chewing,n,betweenY,,,0.68,,n,,co-hyponym,
sweet,sour,y,betweenX,0.61,paired,,,n,adj,antonym,scalar
swell,trough,n,betweenX,0.7,,,,n,noun,antonym-secondary,scalar
synthetic,natural,n,both,0.73,,0.79,,n,adj,antonym-secondary,scalar
system,user,n,betweenY,,,0.7,,n,,other-related,
tablespoon,teaspoon,n,betweenY,,,0.68,,n,,co-hyponym,
tablespoons,teaspoons,n,betweenY,,,0.53,,n,,co-hyponym,
tacit,explicit,n,betweenX,0.84,,,,n,adj,antonym,scalar
tactic,strategy,n,betweenY,,,0.52,,n,,co-hyponym,
tactical,strategic,n,both,0.51,,0.57,paired,n,adj,antonym,scalar
tail,head,y,betweenY,,,0.53,,n,noun,antonym,complementary
tails,heads,n,betweenY,,,0.8,,n,noun,antonym,complementary
take,give,y,betweenY,,,0.96,paired,n,verb,antonym,reversive
takeoff,landing,n,both,0.9,paired,0.81,paired,n,noun,antonym,reversive
taking,giving,n,both,0.87,,0.94,,n,verb,antonym,reversive
tall,short,y,both,0.59,,0.52,,n,adj,antonym,scalar
taller,shorter,n,betweenX,0.72,,,,n,adj,antonym,scalar
tallest,shortest,n,betweenX,0.53,,,,n,adj,antonym,scalar
tangible,intangible,y,betweenX,0.66,paired,,,n,adj,antonym,scalar
taste,smell,n,betweenY,,,0.6,paired,n,,co-hyponym,
tea,coffee,n,both,0.72,paired,0.95,paired,n,noun,co-hyponym,
teacher,student,n,both,0.75,,0.75,,n,noun,antonym,converse
teachers,students,n,betweenX,0.65,,,,n,noun,antonym,converse
tear,wear,n,betweenY,,,0.95,,n,verb,other-conventional,
tears,laughter,n,betweenY,,,0.73,paired,n,noun,antonym,complementary
television,film,n,betweenY,,,0.51,,n,,co-hyponym,
tell,show,n,both,0.56,paired,0.95,,n,verb,co-hyponym,
telling,showing,n,betweenY,,,0.87,,n,,other-related,
temporal,spatial,n,both,0.76,paired,0.84,paired,n,,co-hyponym,
temporarily,permanently,y,betweenX,0.83,,,,n,adv,antonym,scalar
temporary,permanent,n,both,0.97,paired,0.91,paired,n,adj,antonym,scalar
tenant,landlord,n,both,0.93,paired,0.98,paired,n,noun,antonym,converse
tenants,landlords,n,both,0.88,paired,0.88,paired,n,noun,antonym,converse
tendon,bone,n,betweenX,0.6,,,,n,,co-hyponym,
terms,conditions,n,betweenX,0.87,,,,n,,other-related,
testament,will,n,betweenY,,,0.87,,n,noun,other-conventional,
testifying,sentencing,n,betweenX,0.53,,,,n,,co-hyponym,
testosterone,estrogen,n,both,0.76,paired,0.67,paired,n,noun,antonym,complementary
texted,spoken,n,both,0.58,,0.63,,n,,co-hyponym,
that,this,n,betweenY,,,0.93,,n,other/det,antonym,complementary
thats,this,n,betweenY,,,0.67,,n,other/det,co-hyponym,
the,the,n,both,0.8,paired,0.56,paired,y,other/det,x-identical,
thee,me,n,betweenY,,,0.66,,n,,co-hyponym,
their,their,n,betweenX,0.53,paired,,,y,,x-identical,
them,us,n,betweenY,,,0.86,,n,noun/pronoun,antonym,complementary
then,now,n,both,0.8,,0.9,paired,n,adv,co-hyponym-temporal,complementary
theoretical,practical,n,betweenX,0.66,,,,n,adj,antonym,scalar
theory,practice,n,betweenX,0.74,,,,n,noun,antonym,complementary
therapist,patient,n,betweenY,,,0.64,,n,noun,antonym-secondary,converse
therapists,patients,n,both,0.62,,0.58,,n,noun,antonym,converse
there,here,y,betweenY,,,0.96,,n,noun/adv,antonym,complementary
thick,thin,y,both,0.64,,0.57,paired,n,adj,antonym,scalar
thicker,thinner,n,both,0.77,paired,0.53,paired,n,adj,antonym,scalar
thin,thick,y,betweenY,,,0.6,paired,n,adj,antonym,scalar
things,people,n,both,0.69,,0.8,,n,noun,co-hyponym,
thinner,thicker,n,both,0.53,paired,0.56,paired,n,adj,antonym,scalar
third,fourth,n,betweenX,0.75,,,,n,,co-hyponym-numeric,
third,second,n,betweenY,,,0.61,,n,,co-hyponym-numeric,
thirds,halves,n,betweenY,,,0.61,,n,noun/adj,co-hyponym,
thirst,hunger,n,betweenY,,,0.51,,n,noun,co-hyponym,
thirty,forty,n,betweenX,0.59,,,,n,,co-hyponym-numeric,
this,this,n,betweenY,,,0.72,paired,y,other/det,x-identical,
thou,me,n,betweenY,,,0.86,,n,,co-hyponym,
thought,action,n,betweenX,0.62,,,,n,,contrast-conceptual,
thousand,hundred,n,betweenY,,,0.65,,n,,co-hyponym-numeric,
thousands,millions,n,betweenX,0.93,,,,n,noun,co-hyponym-numeric,
thousands,hundreds,n,betweenY,,,0.89,,n,noun,co-hyponym-numeric,
three,two,n,betweenY,,,0.51,,n,noun,co-hyponym-numeric,
thriving,surviving,n,betweenY,,,0.53,,n,,other-conventional,
throw,catch,n,both,0.65,,0.71,,n,verb,antonym,reversive
thrown,caught,n,betweenX,0.6,,,,n,verb,antonym,reversive
thumbs,fingers,n,betweenY,,,0.7,,n,,co-hyponym,
thunder,lightning,n,both,0.81,,0.6,,n,,co-hyponym,
ticks,mosquitoes,n,betweenY,,,0.56,,n,,co-hyponym,
tigers,lions,n,betweenY,,,0.56,,n,,co-hyponym,
tight,loose,y,both,0.67,,0.8,,n,adj,antonym,scalar
time,space,n,both,0.89,paired,0.84,paired,n,,co-hyponym,
today,tomorrow,n,betweenX,0.6,,,,n,noun/adv,co-hyponym-temporal,
toddlers,infants,n,betweenY,,,0.53,,n,,co-hyponym,
toe,heel,n,both,0.73,,0.6,,n,,co-hyponym,
toes,fingers,n,betweenY,,,0.67,,n,noun,co-hyponym,
together,apart,n,betweenX,0.69,,,,n,adv,antonym,complementary
tomorrow,today,n,betweenY,,,0.55,,n,noun/adv,co-hyponym-temporal,
tong,hammer,n,betweenY,,,0.51,,n,,other-conventional,
top,bottom,y,both,0.95,paired,0.54,paired,n,adj,antonym,scalar
topical,oral,n,betweenY,,,0.54,,n,,co-hyponym,
topped,bottom,n,betweenX,0.61,,,,n,noun,antonym,complementary
toughest,easiest,n,betweenY,,,0.75,,n,adj,antonym,scalar
tourists,locals,n,both,0.65,,0.61,,n,,co-hyponym,
traditional,modern,n,both,0.52,,0.55,,n,adj,antonym-secondary,scalar
trailer,truck,n,betweenY,,,0.55,,n,,co-hyponym,
trailing,leading,n,betweenY,,,0.73,,n,adj/verb,antonym-secondary,complementary
trans,cis,n,both,0.85,paired,0.74,paired,n,adj,antonym,complementary
transient,permanent,n,betweenX,0.71,,,,n,adj,antonym,scalar
transmit,receive,n,both,0.93,,0.89,,n,verb,antonym,complementary
transmitted,received,n,both,0.8,,0.56,,n,verb,antonym,reversive
transmitter,receiver,n,both,0.97,,0.78,,n,noun,antonym,complementary
transmitting,receiving,n,both,0.96,,0.75,,n,verb,antonym,complementary
transparent,opaque,n,both,0.75,paired,0.74,paired,n,adj,antonym,scalar
treated,untreated,y,betweenX,0.55,,,,n,adj,antonym,scalar
treatment,diagnosis,n,betweenY,,,0.87,,n,,co-hyponym,
trial,arrest,n,betweenY,,,0.51,,n,,co-hyponym,
tricks,tips,n,betweenY,,,0.56,,n,,other-related,
trillions,billions,n,both,0.76,paired,0.75,,n,noun,co-hyponym-numeric,
triple,double,n,betweenY,,,0.69,,n,,co-hyponym,
tripod,camera,n,betweenY,,,0.65,,n,,co-hyponym,
triumphant,defeated,n,betweenY,,,0.54,,n,,opposition-indirect,
trough,peak,n,both,0.74,paired,0.94,paired,n,noun,antonym,scalar
trout,salmon,n,both,0.53,,0.83,,n,noun,co-hyponym,
trucks,cars,n,betweenY,,,0.81,,n,noun,co-hyponym,
TRUE,FALSE,y,both,0.89,paired,0.92,paired,n,adj,antonym,complementary
truths,lies,n,betweenX,0.69,,,,n,noun,antonym,scalar
trying,failing,n,betweenX,0.58,,,,n,,other-conventional,
ts,ts,n,betweenY,,,0.53,paired,y,,x-identical,
tsunami,earthquake,n,betweenY,,,0.75,,n,noun,co-hyponym,
tuna,salmon,n,betweenY,,,0.82,,n,noun,co-hyponym,
turkey,chicken,n,betweenY,,,0.67,,n,noun,co-hyponym,
tutor,student,n,both,0.53,,0.6,,n,noun,antonym-secondary,converse
twenties,teens,n,betweenY,,,0.97,,n,noun,co-hyponym-numeric,
twentieth,twentieth,n,betweenX,0.69,paired,,,y,,x-identical,
twenty,thirty,n,betweenX,0.8,,,,n,,co-hyponym-numeric,
twice,once,n,betweenY,,,0.98,,n,adv,co-hyponym-numeric,
twilight,dawn,n,betweenX,0.72,,,,n,,co-hyponym-temporal,
twists,turns,n,betweenX,0.97,,,,n,noun,other-conventional,
two,one,n,betweenY,,,0.93,,n,noun,co-hyponym-numeric,
type,name,n,betweenY,,,0.53,,n,,other-related,
unacceptable,acceptable,y,betweenY,,,0.69,,n,adj,antonym,scalar
unarmed,armed,y,both,0.74,paired,0.96,paired,n,adj,antonym,complementary
unavailable,available,y,betweenY,,,0.6,,n,adj,antonym,complementary
uncommon,rare,n,both,0.95,,0.81,,n,,contrast-scalar,
unconscious,awake,n,both,0.71,,0.52,,n,adj,antonym,scalar
unconsciously,consciously,y,both,0.51,,0.95,,n,adv,antonym,complementary
uncontrolled,controlled,y,betweenY,,,0.65,,n,adj,antonym,scalar
unconventional,conventional,y,betweenY,,,0.6,,n,adj,antonym,complementary
undead,living,n,betweenY,,,0.74,,n,adj,antonym,complementary
under,over,n,betweenX,0.73,paired,,,n,adv,antonym,complementary
undergrad,grad,n,betweenX,0.68,,,,n,,co-hyponym,
undergraduate,graduate,n,betweenX,0.72,,,,n,noun,co-hyponym,
underground,surface,n,both,0.57,,0.69,,n,,co-hyponym,
underneath,above,n,both,0.58,,0.56,,n,adv,antonym,complementary
undesirable,desirable,y,betweenY,,,0.64,,n,adj,antonym,scalar
undocumented,documented,y,betweenY,,,0.57,,n,adj,antonym,complementary
unemployed,employed,y,both,0.56,,0.58,paired,n,adj/verb,antonym,complementary
unequal,equal,y,betweenY,,,0.56,,n,adj,antonym,complementary
unexpected,expected,y,both,0.58,,0.69,,n,adj,antonym,complementary
unfair,fair,y,betweenY,,,0.67,,n,adj,antonym,scalar
unfamiliar,familiar,y,both,0.51,,0.82,,n,adj,antonym,scalar
unfavorable,favorable,y,both,0.88,paired,0.96,paired,n,adj,antonym,scalar
unfolded,folded,n,betweenY,,,0.62,,n,adj,antonym,complementary
unhappy,happy,y,betweenY,,,0.8,,n,adj,antonym,scalar
unhealthy,healthy,y,both,0.57,,0.77,,n,adj,antonym,scalar
uninstall,install,n,betweenY,,,0.58,,n,verb,antonym,complementary
uninsured,insured,y,betweenY,,,0.77,,n,adj,antonym,complementary
unintended,intended,y,betweenY,,,0.73,,n,adj/verb,antonym,scalar
unintentional,intentional,n,both,0.69,,0.8,,n,adj,antonym,complementary
unintentionally,intentionally,y,betweenY,,,0.63,,n,adv,antonym,complementary
unions,employers,n,both,0.5,,0.51,,n,,co-hyponym,
unjust,just,y,betweenY,,,0.83,,n,adj,antonym,scalar
unknown,unknown,n,betweenX,0.51,paired,,,y,,x-identical,
unlawful,lawful,y,betweenY,,,0.73,,n,adj,antonym,complementary
unlike,like,y,betweenY,,,0.74,,n,adj/verb,antonym,scalar
unloaded,loaded,y,betweenY,,,0.9,,n,adj,antonym,reversive
unlocked,locked,n,betweenY,,,0.89,,n,adj,antonym,reversive
unlucky,lucky,y,betweenY,,,0.77,,n,adj,antonym,scalar
unmanned,manned,y,both,0.64,,0.91,,n,adj,antonym,complementary
unmarked,marked,y,both,0.73,,0.81,,n,adj,antonym,complementary
unmarried,married,y,both,0.72,,0.69,,n,adj,antonym,complementary
unnatural,natural,y,betweenY,,,0.81,,n,adj,antonym,scalar
unofficial,official,y,both,0.52,,0.87,,n,adj,antonym,complementary
unorthodox,conventional,n,betweenY,,,0.6,,n,adj,antonym-secondary,scalar
unreal,real,y,betweenY,,,0.76,,n,adj,antonym,complementary
unrealistic,realistic,y,both,0.68,,0.82,,n,adj,antonym,scalar
unreasonable,reasonable,y,betweenY,,,0.64,,n,adj,antonym,scalar
unregulated,regulated,y,both,0.76,paired,0.83,,n,adj,antonym,scalar
unrestricted,restricted,y,betweenY,,,0.5,,n,adj,antonym,scalar
unsafe,safe,n,betweenY,,,0.58,,n,adj,antonym,scalar
unseen,seen,n,betweenY,,,0.82,,n,adj,antonym,scalar
unstable,stable,y,both,0.59,paired,0.8,paired,n,adj,antonym,scalar
unsuccessful,successful,y,both,0.58,,0.57,,n,adj,antonym,scalar
untrue,TRUE,n,both,0.71,,0.95,,n,adj,antonym-secondary,complementary
unwilling,willing,y,betweenY,,,0.66,,n,adj,antonym,scalar
unworthy,worthy,y,betweenY,,,0.82,,n,adj,antonym,complementary
up,down,y,betweenX,0.93,paired,,,n,adj/adv,antonym,scalar
uphill,downhill,n,both,0.93,,0.83,,n,adj,antonym,scalar
upload,download,y,both,0.67,paired,0.67,paired,n,verb,antonym,complementary
upper,lower,n,both,0.87,,0.83,,n,adj,antonym,scalar
ups,downs,n,both,0.98,,0.85,paired,n,noun,antonym,scalar
upside,downside,n,both,0.93,paired,0.51,paired,n,noun,antonym,scalar
upstairs,downstairs,y,both,0.92,paired,0.87,paired,n,adj/adv/noun,antonym,complementary
upstream,downstream,y,both,0.99,paired,0.81,paired,n,adj/adv,antonym,complementary
upward,downward,y,both,0.93,paired,0.53,paired,n,adj/adv,antonym,scalar
upwards,downwards,y,betweenX,0.74,paired,,,n,adj/adv,antonym,scalar
uranium,plutonium,n,betweenY,,,0.71,paired,n,noun,co-hyponym,
urban,rural,y,both,0.75,paired,0.85,paired,n,adj,antonym,scalar
urine,feces,n,betweenX,0.5,,,,n,,co-hyponym,
username,password,n,betweenX,0.96,,,,n,noun,co-hyponym,
vaginal,oral,n,betweenY,,,0.64,,n,adj,co-hyponym,
valleys,mountains,n,betweenY,,,0.53,,n,noun,antonym,complementary
vampires,humans,n,betweenX,0.63,,,,n,,co-hyponym,
vans,cars,n,betweenY,,,0.61,,n,noun,co-hyponym,
variance,mean,n,betweenY,,,0.53,,n,,co-hyponym,
vast,small,n,betweenY,,,0.59,,n,adj,antonym-secondary,scalar
vegan,vegetarian,n,both,0.8,paired,0.92,paired,n,adj/noun,co-hyponym,
vegetable,fruit,n,betweenY,,,0.63,,n,noun,antonym,complementary
vegetables,fruits,n,both,0.59,paired,0.85,paired,n,noun,co-hyponym,
vegetarian,vegan,n,both,0.89,paired,0.89,paired,n,adj,co-hyponym,
veggies,fruits,n,betweenY,,,0.79,,n,,co-hyponym,
vehicles,pedestrians,n,betweenX,0.59,,,,n,,other-related,
veins,arteries,n,both,0.78,paired,0.79,paired,n,,co-hyponym,
vendor,customer,n,betweenX,0.58,,,,n,noun,antonym-secondary,complementary
verb,noun,n,both,0.67,,0.76,,n,noun,co-hyponym,
verbal,written,n,betweenY,,,0.7,,n,adj,co-hyponym,
verse,chapter,n,betweenY,,,0.93,,n,noun,nym-meronym,
verses,chapters,n,betweenY,,,0.52,,n,noun,nym-meronym,
vertical,horizontal,n,both,0.99,paired,0.99,paired,n,adj,antonym,complementary
vertically,horizontally,n,both,0.97,paired,0.98,paired,n,adj,antonym,complementary
vice,virtue,n,both,0.61,paired,0.81,,n,noun,antonym,complementary
victories,defeats,n,betweenX,0.61,,,,n,noun,antonym,complementary
victorious,defeated,n,betweenY,,,0.62,,n,adj,antonym,complementary
victory,defeat,y,both,0.83,paired,0.66,paired,n,noun,antonym,complementary
villagers,police,n,both,0.5,,0.72,,n,,co-hyponym,
villages,towns,n,betweenY,,,0.6,,n,noun,co-hyponym,
villain,hero,n,both,0.83,paired,0.9,,n,noun,antonym,complementary
villains,heroes,n,both,0.9,paired,0.92,paired,n,noun,antonym,complementary
vinyl,CD,n,betweenY,,,0.53,,n,noun,co-hyponym,
violet,blue,n,betweenY,,,0.52,,n,noun/adj,co-hyponym,
viral,bacterial,n,betweenY,,,0.78,,n,,co-hyponym,
virtual,real,n,both,0.65,,0.71,,n,adj,antonym,complementary
virtually,physically,n,betweenY,,,0.74,,n,adv,antonym,complementary
virtue,vice,n,betweenX,0.66,paired,,,n,noun,antonym,complementary
virus,host,n,betweenX,0.65,,,,n,noun,antonym,converse
virus,bacteria,n,betweenY,,,0.53,,n,noun,co-hyponym,
viruses,bacteria,n,betweenY,,,0.83,,n,noun,co-hyponym,
visible,invisible,y,betweenX,0.63,paired,,,n,adj,antonym,scalar
visions,dreams,n,betweenY,,,0.52,,n,,nym-near-synonym,
vitamins,minerals,n,betweenX,0.58,,,,n,,co-hyponym,
void,null,n,betweenY,,,0.78,,n,,nym-near-synonym,
volatile,stable,n,betweenX,0.61,,,,n,adj,antonym,scalar
voltage,current,n,both,0.64,,0.84,,n,noun,co-hyponym,
voters,candidates,n,betweenY,,,0.5,paired,n,,co-hyponym,
waist,hips,n,betweenX,0.61,,,,n,,co-hyponym,
waiter,customer,n,betweenX,0.5,,,,n,noun,antonym,converse
wake,sleep,y,both,0.71,,0.92,,n,verb,antonym,complementary
waking,dreaming,n,betweenX,0.85,paired,,,n,,co-hyponym,
waking,sleeping,y,betweenY,,,0.61,paired,n,verb,antonym,complementary
want,need,n,both,0.79,paired,0.8,paired,n,,other-related,
wants,needs,n,both,0.81,paired,0.87,paired,n,,other-related,
war,peace,y,both,0.94,paired,0.83,paired,n,noun,antonym,complementary
warm,cold,n,betweenX,0.7,,,,n,adj,antonym-secondary,scalar
warm,cool,y,betweenY,,,0.56,,n,adj,antonym,scalar
warmer,colder,n,betweenX,0.59,paired,,,n,adj,antonym,scalar
warmth,cold,n,both,0.61,,0.54,,n,noun,antonym-secondary,scalar
washed,dried,n,betweenX,0.77,,,,n,,co-hyponym,
washing,drying,n,betweenX,0.71,,,,n,,co-hyponym,
weak,strong,y,both,0.53,paired,0.85,,n,adj,antonym,scalar
weaker,stronger,n,both,0.8,paired,0.79,paired,n,adj,antonym,scalar
weakest,strongest,n,both,0.8,paired,0.93,paired,n,adj,antonym,scalar
weakness,strength,y,both,0.58,,0.81,,n,noun,antonym,scalar
weaknesses,strengths,n,both,0.78,paired,0.97,paired,n,noun,antonym,scalar
wealthier,poorer,n,both,0.81,,0.68,,n,adj,antonym-secondary,scalar
wealthiest,poorest,n,both,0.9,,0.87,,n,adj,antonym-secondary,scalar
wealthy,poor,n,both,0.79,,0.95,,n,noun,antonym-secondary,scalar
wear,tear,n,betweenX,0.82,,,,n,,other-related,
wears,wears,n,betweenY,,,0.59,paired,y,,x-identical,
wedding,engagement,n,betweenY,,,0.65,,n,,co-hyponym,
weeds,grass,n,betweenY,,,0.52,,n,,co-hyponym,
weekday,Sunday,n,betweenX,0.54,,,,n,,co-hyponym,
weekends,holidays,n,betweenX,0.83,,,,n,,co-hyponym,
weekends,evenings,n,betweenY,,,0.51,,n,,co-hyponym-temporal,
weekly,monthly,n,betweenX,0.75,,,,n,adv,co-hyponym-temporal,
weekly,daily,n,betweenY,,,0.88,,n,adv,co-hyponym-temporal,
weeks,months,n,betweenX,0.88,,,,n,noun,co-hyponym-temporal,
weeks,days,n,betweenY,,,0.96,,n,noun,co-hyponym-temporal,
weight,height,n,betweenY,,,0.55,paired,n,adj,co-hyponym,
went,came,n,betweenY,,,0.84,,n,verb,antonym,reversive
west,east,y,both,0.82,paired,0.94,,n,adj/noun,antonym,multiple incompatibility
western,eastern,y,both,0.8,paired,0.82,,n,adj,antonym,multiple incompatibility
wet,dry,y,both,0.87,paired,0.87,paired,n,adj,antonym,scalar
wheat,barley,n,both,0.64,paired,0.53,paired,n,noun,co-hyponym,
whenever,now,n,betweenY,,,0.63,,n,,co-hyponym-temporal,
where,when,n,betweenX,0.55,,,,n,,other-related,
wherever,whenever,n,betweenX,0.68,,,,n,adv,co-hyponym,
which,which,n,betweenY,,,0.66,paired,y,,x-identical,
whichever,whichever,n,betweenY,,,0.76,paired,y,,x-identical,
whispered,spoken,n,both,0.66,,0.8,,n,,nym-hyponym,
white,black,y,both,0.56,paired,0.93,,n,adj,antonym,complementary
whites,blacks,n,both,0.9,paired,0.95,paired,n,noun,antonym,complementary
wholesale,retail,y,both,0.95,,0.92,paired,n,adj,antonym,complementary
whom,whom,n,betweenY,,,0.71,paired,y,,x-identical,
why,how,n,betweenX,0.71,,,,n,other/interrogative,co-hyponym,
wide,narrow,y,betweenX,0.7,paired,,,n,adj,antonym,scalar
wider,narrower,n,betweenY,,,0.52,paired,n,adj,antonym,scalar
widow,husband,n,betweenY,,,0.71,,n,noun,antonym,complementary
width,height,n,both,0.99,,0.95,,n,adj,co-hyponym,
wife,husband,y,both,0.66,paired,0.94,paired,n,noun,antonym,complementary
wilderness,civilization,n,betweenX,0.58,,,,n,noun,antonym-secondary,scalar
wildlife,humans,n,betweenY,,,0.61,,n,,co-hyponym,
win,tie,n,betweenY,,,0.52,,n,,co-hyponym,
windows,doors,n,betweenY,,,0.6,paired,n,noun,co-hyponym,
wine,beer,n,betweenY,,,0.66,paired,n,noun,co-hyponym,
winger,striker,n,both,0.58,,0.54,,n,noun,co-hyponym,
winner,loser,y,betweenX,0.73,paired,,,n,noun,antonym,complementary
winners,losers,n,both,0.83,paired,0.6,paired,n,noun,antonym,complementary
winning,losing,n,betweenX,0.91,paired,,,n,verb,antonym,complementary
wins,losses,n,both,0.86,,0.7,,n,noun,antonym,complementary
winter,spring,n,betweenX,0.9,,,,n,,co-hyponym,
winters,summers,n,both,0.75,paired,0.92,paired,n,noun,antonym,multiple incompatibility
wired,wireless,y,betweenX,0.85,paired,,,n,adj,antonym,complementary
wireless,wired,y,both,0.77,paired,0.96,,n,adj,antonym,complementary
with,without,n,betweenX,0.5,,,,n,adv,antonym,complementary
witness,defendant,n,betweenX,0.56,,,,n,,co-hyponym,
wives,husbands,n,both,0.63,paired,0.96,paired,n,noun,antonym,complementary
wizards,witches,n,betweenY,,,0.59,,n,noun,co-hyponym,
woke,asleep,n,betweenX,0.53,,,,n,verb,antonym,complementary
woman,man,y,betweenY,,,0.94,,n,noun,antonym,complementary
women,men,n,both,0.56,paired,0.97,paired,n,noun,antonym,complementary
won,lost,y,both,0.71,,0.56,,n,adj/verb,antonym,complementary
wool,cotton,n,betweenY,,,0.55,,n,,co-hyponym,
workplace,home,n,both,0.61,,0.63,,n,noun,antonym-secondary,complementary
worldly,spiritual,n,both,0.66,,0.56,,n,adv,antonym,scalar
worse,better,y,betweenX,0.53,paired,,,n,adj,antonym,scalar
worse,bad,n,betweenY,,,0.69,,n,,contrast-scalar,
worst,best,y,both,0.55,paired,0.64,,n,adj,antonym,scalar
write,read,n,betweenY,,,0.72,,n,verb,antonym,complementary
writer,reader,n,betweenY,,,0.53,,n,noun,antonym,converse
writing,reading,n,betweenY,,,0.69,paired,n,verb,antonym,converse
written,spoken,y,both,0.7,paired,0.78,paired,n,verb,antonym,complementary
wrong,right,y,both,0.88,,0.99,,n,adj,antonym,complementary
wrongly,rightly,n,betweenY,,,0.63,,n,adv,antonym,complementary
ya,me,n,both,0.69,,0.78,,n,,x-odd,
ye,me,n,betweenY,,,0.59,,n,,co-hyponym,
yearly,monthly,n,betweenY,,,0.75,,n,noun,co-hyponym-temporal,
years,months,n,betweenY,,,0.75,,n,noun,co-hyponym-temporal,
yeast,bacteria,n,betweenY,,,0.59,,n,noun,co-hyponym,
yen,dollar,n,both,0.62,,0.59,,n,,co-hyponym,
yes,no,y,both,0.99,paired,0.95,paired,n,noun/adv,antonym,complementary
yesterday,today,n,betweenX,0.81,,,,n,adv,co-hyponym-temporal,
yield,price,n,betweenY,,,0.8,,n,,co-hyponym,
yields,prices,n,both,0.5,,0.71,,n,,co-hyponym,
you,me,n,betweenY,,,0.6,paired,n,,co-hyponym,
young,old,y,both,0.92,,0.65,paired,n,adj,antonym,scalar
younger,older,n,betweenX,0.65,paired,,,n,adj,antonym,scalar
youngest,oldest,n,both,0.92,paired,0.86,paired,n,adj,antonym,scalar
yours,mine,n,both,0.66,,0.66,,n,other/possessive,antonym,complementary
yourself,you,n,betweenY,,,0.79,,n,,x-odd,
yourselves,others,n,betweenX,0.51,,,,n,,co-hyponym,
yourselves,you,n,betweenY,,,0.72,,n,,x-odd,
yuan,dollar,n,both,0.52,,0.51,,n,,co-hyponym,
zinc,lead,n,betweenY,,,0.57,,n,noun,co-hyponym,