idx,cxn,cxntype,pairid,word1,word2,w1XprobY,w1XtopY,w1XtopYprob,w1X2ndY,w1X3rdY,w1X4thY,w1X5thY,w2XprobY,w2XtopY,w2XtopYprob,w2X2ndY,w2X3rdY,w2X4thY,w2X5thY,w1/nospace,w2/nospace,w1/caps,w2/caps,,nospace:,w1XprobY,w1XtopY,w1XtopYprob,w2XprobY,w2XtopY,w2XtopYprob,caps:,w1XprobY,w1XtopY,w1XtopYprob,w2XprobY,w2XtopY,w2XtopYprob,,nospace/full:,w1XprobY,w1XtopY,w1XtopYprob,w1X2ndY,w1X3rdY,w1X4thY,w1X5thY,w2XprobY,w2XtopY,w2XtopYprob,w2X2ndY,w2X3rdY,w2X4thY,w2X5thY,,caps/full:,w1XprobY,w1XtopY,w1XtopYprob,w1X2ndY,w1X3rdY,w1X4thY,w1X5thY,w2XprobY,w2XtopY,w2XtopYprob,w2X2ndY,w2X3rdY,w2X4thY,w2X5thY,,space/full:,w1XprobY,w1XtopY,w1XtopYprob,w1X2ndY,w1X3rdY,w1X4thY,w1X5thY,w2XprobY,w2XtopY,w2XtopYprob,w2X2ndY,w2X3rdY,w2X4thY,w2X5thY
0,alike,j-coordinated,1,active,passive,0.8283,passive,0.8283,inactive,retired,reactive,dormant,0.6462,active,0.6462,inactive,retired,reactive,dormant,1,1,1,1,,,0.7211,passive,0.7211,0.8249,active,0.8249,,0.7536,passive,0.7536,0.8621,active,0.8621,,,0.7211,passive,0.7211,inactive,retired,dormant,reactive,0.8249,active,0.8249,inactive,retired,dormant,reactive,,,0.7536,passive,0.7536,retired,inactive,lazy,old,0.8621,active,0.8621,retired,inactive,lazy,old,,,0.0001,women,0.0943,old,foe,children,girls,0,women,0.0913,old,foe,children,girls
1,alike,j-coordinated,2,advantage,disadvantage,0.7772,disadvantage,0.7772,threat,weakness,liability,cost,0.3787,advantage,0.3787,threat,weakness,liability,cost,1,1,1,1,,,0.8073,disadvantage,0.8073,0.4838,advantage,0.4838,,0.5726,disadvantage,0.5726,0.5553,advantage,0.5553,,,0.8073,disadvantage,0.8073,drawback,threat,risk,liability,0.4838,advantage,0.4838,drawback,threat,risk,liability,,,0.5726,disadvantage,0.5726,opportunity,liability,threat,drawback,0.5553,advantage,0.5553,opportunity,liability,threat,drawback,,,0,women,0.0889,old,foe,children,girls,0,women,0.0866,old,foe,children,girls
2,alike,j-coordinated,3,agree,disagree,0.9046,disagree,0.9046,not,oppose,differ,argue,0.6397,agree,0.6397,not,oppose,differ,argue,1,1,1,1,,,0.4117,disagree,0.4117,0.3329,agree,0.3329,,0.8757,disagree,0.8757,0.2977,agree,0.2977,,,0.4117,disagree,0.4117,think,argue,oppose,feel,0.3329,agree,0.3329,think,argue,oppose,feel,,,0.8757,disagree,0.8757,disapprove,argue,dissent,agree,0.2977,agree,0.2977,disapprove,argue,dissent,agree,,,0,women,0.1342,old,men,children,girls,0,women,0.1054,old,men,children,girls
3,alike,j-coordinated,4,beautiful,ugly,0.141,ugly,0.141,beautiful,terrifying,hideous,tragic,0.2833,beautiful,0.2833,beautiful,terrifying,hideous,tragic,0,1,0,1,,,0.017,beautiful,0.055,0.2036,beautiful,0.2036,,0.0506,beautiful,0.0772,0.2182,beautiful,0.2182,,,0.017,beautiful,0.055,terrifying,tragic,scary,dangerous,0.2036,beautiful,0.2036,terrifying,tragic,scary,dangerous,,,0.0506,beautiful,0.0772,flawed,ugly,tragic,terrifying,0.2182,beautiful,0.2182,flawed,ugly,tragic,terrifying,,,0.0003,women,0.1391,old,children,men,girls,0.0001,women,0.118,old,children,men,girls
4,alike,j-coordinated,5,begin,end,0.8538,end,0.8538,finish,ends,ending,continue,0.0077,beginning,0.7923,finish,ends,ending,continue,0,1,0,1,,,0.0071,women,0.0374,0.058,beginning,0.1975,,0.0382,expert,0.1221,0.0157,beginning,0.7545,,,0.0071,women,0.0374,beginners,beginner,experts,professionals,0.058,beginning,0.1975,beginners,beginner,experts,professionals,,,0.0382,expert,0.1221,advanced,veteran,experts,experienced,0.0157,beginning,0.7545,advanced,veteran,experts,experienced,,,0.0002,women,0.2044,men,girls,people,children,0,women,0.08,men,girls,people,children
5,alike,j-coordinated,6,big,small,0.9123,small,0.9123,little,tiny,medium,smaller,0.2257,large,0.693,little,tiny,medium,smaller,1,1,1,1,,,0.8575,small,0.8575,0.3218,large,0.3891,,0.8465,small,0.8465,0.3281,large,0.343,,,0.8575,small,0.8575,little,tiny,big,smaller,0.3218,large,0.3891,little,tiny,big,smaller,,,0.8465,small,0.8465,little,tiny,bold,big,0.3281,large,0.343,little,tiny,bold,big,,,0.0051,women,0.0979,old,children,foe,girls,0.0002,women,0.1509,old,children,foe,girls
6,alike,j-coordinated,7,black,white,0.9445,white,0.9445,brown,whites,Latino,Hispanic,0.7981,black,0.7981,brown,whites,Latino,Hispanic,1,1,1,1,,,0.899,white,0.899,0.7429,black,0.7429,,0.8693,white,0.8693,0.6364,black,0.6364,,,0.899,white,0.899,whites,brown,yellow,foreigner,0.7429,black,0.7429,whites,brown,yellow,foreigner,,,0.8693,white,0.8693,White,brown,whites,Caucasian,0.6364,black,0.6364,White,brown,whites,Caucasian,,,0.0018,women,0.1055,old,children,foe,girls,0.0005,women,0.0953,old,children,foe,girls
7,alike,j-coordinated,8,boom,recession,0.0005,bust,0.9819,bubble,crisis,decline,boom,0.0401,recovery,0.1003,bubble,crisis,decline,boom,1,1,1,1,,,0.0009,bust,0.6648,0.0191,recovery,0.111,,0.0001,awe,0.0449,0.031,recovery,0.1612,,,0.0009,bust,0.6648,fall,gloom,burn,bear,0.0191,recovery,0.111,fall,gloom,burn,bear,,,0.0001,awe,0.0449,bust,Bust,scream,pop,0.031,recovery,0.1612,bust,Bust,scream,pop,,,0,women,0.0775,old,foe,children,girls,0,women,0.0765,old,foe,children,girls
8,alike,j-coordinated,9,boring,exciting,0.0243,interesting,0.0306,exciting,beautiful,dangerous,entertaining,0.0263,terrifying,0.0718,exciting,beautiful,dangerous,entertaining,1,1,1,1,,,0.0288,boring,0.0483,0.0038,scary,0.1516,,0.0222,fascinating,0.0301,0.002,terrifying,0.1824,,,0.0288,boring,0.0483,inspiring,exciting,fascinating,interesting,0.0038,scary,0.1516,inspiring,exciting,fascinating,interesting,,,0.0222,fascinating,0.0301,interesting,boring,exciting,inspiring,0.002,terrifying,0.1824,interesting,boring,exciting,inspiring,,,0,women,0.1198,old,foe,children,girls,0,women,0.1421,old,foe,children,girls
9,alike,j-coordinated,10,bright,dim,0.0343,dark,0.2641,dim,dull,small,gloomy,0.2624,bright,0.2624,dim,dull,small,gloomy,0,0,1,0,,,0.0995,dim,0.0995,0.011,mighty,0.0519,,0.0535,dark,0.0787,0.0385,bold,0.0446,,,0.0995,dim,0.0995,dumb,stupid,dull,dark,0.011,mighty,0.0519,dumb,stupid,dull,dark,,,0.0535,dark,0.0787,dim,dull,wise,small,0.0385,bold,0.0446,dim,dull,wise,small,,,0,women,0.2025,men,girls,children,boys,0.0001,women,0.1129,men,girls,children,boys
10,alike,j-coordinated,11,bright,dull,0.0325,dark,0.2641,dim,dull,small,gloomy,0.0194,brilliant,0.0388,dim,dull,small,gloomy,1,1,1,1,,,0.0541,dim,0.0995,0.0088,brilliant,0.0249,,0.0424,dark,0.0787,0.0036,dull,0.0213,,,0.0541,dim,0.0995,dumb,stupid,dull,dark,0.0088,brilliant,0.0249,dumb,stupid,dull,dark,,,0.0424,dark,0.0787,dim,dull,wise,small,0.0036,dull,0.0213,dim,dull,wise,small,,,0,women,0.2025,men,girls,children,boys,0.0001,women,0.1467,men,girls,children,boys
11,alike,j-coordinated,12,broad,narrow,0.6512,narrow,0.6512,deep,small,specific,shallow,0.0777,wide,0.7322,deep,small,specific,shallow,1,1,1,1,,,0.5171,narrow,0.5171,0.1056,wide,0.6884,,0.6871,narrow,0.6871,0.0761,wide,0.7287,,,0.5171,narrow,0.5171,thin,small,wide,short,0.1056,wide,0.6884,thin,small,wide,short,,,0.6871,narrow,0.6871,small,deep,shallow,thin,0.0761,wide,0.7287,small,deep,shallow,thin,,,0,women,0.1854,men,girls,children,old,0,women,0.2003,men,girls,children,old
12,alike,j-coordinated,13,clean,dirty,0.6069,dirty,0.6069,messy,filthy,dusty,dirt,0.6536,clean,0.6536,messy,filthy,dusty,dirt,1,1,0,1,,,0.0981,dirty,0.0981,0.4914,clean,0.4914,,0.0813,shine,0.2193,0.344,clean,0.344,,,0.0981,dirty,0.0981,shine,clean,look,messy,0.4914,clean,0.4914,shine,clean,look,messy,,,0.0813,shine,0.2193,dirty,look,messy,clean,0.344,clean,0.344,dirty,look,messy,clean,,,0.0001,women,0.1581,men,children,girls,old,0,women,0.1118,men,children,girls,old
13,alike,j-coordinated,14,clever,stupid,0.1322,stupid,0.1322,dumb,naive,foolish,ignorant,0.042,smart,0.0756,dumb,naive,foolish,ignorant,1,1,1,1,,,0.025,stupid,0.025,0.0108,stupid,0.1073,,0.0397,stupid,0.0397,0.0153,stupid,0.1395,,,0.025,stupid,0.025,smart,naive,stubborn,foolish,0.0108,stupid,0.1073,smart,naive,stubborn,foolish,,,0.0397,stupid,0.0397,clever,smart,foolish,cunning,0.0153,stupid,0.1395,clever,smart,foolish,cunning,,,0.0005,women,0.1048,old,children,foe,girls,0,women,0.1228,old,children,foe,girls
14,alike,j-coordinated,15,confirm,deny,0.9579,deny,0.9579,refute,doubt,denied,denial,0.1138,confirm,0.1138,refute,doubt,denied,denial,1,0,1,0,,,0.7078,deny,0.7078,0.0276,deny,0.0705,,0.7886,deny,0.7886,0.0283,deny,0.1274,,,0.7078,deny,0.7078,refute,doubt,verify,disagree,0.0276,deny,0.0705,refute,doubt,verify,disagree,,,0.7886,deny,0.7886,refute,reject,retract,verify,0.0283,deny,0.1274,refute,reject,retract,verify,,,0,women,0.0991,old,children,foe,girls,0,women,0.0818,old,children,foe,girls
15,alike,j-coordinated,16,correct,incorrect,0.68,incorrect,0.68,erroneous,wrong,FALSE,inaccurate,0.5424,correct,0.5424,erroneous,wrong,FALSE,inaccurate,0,1,1,1,,,0.1625,FALSE,0.1698,0.1683,correct,0.1683,,0.164,incorrect,0.164,0.0879,correct,0.0879,,,0.1625,FALSE,0.1698,incorrect,error,not,erroneous,0.1683,correct,0.1683,incorrect,error,not,erroneous,,,0.164,incorrect,0.164,FALSE,error,not,correct,0.0879,correct,0.0879,FALSE,error,not,correct,,,0,women,0.1235,children,men,old,girls,0.0002,women,0.0913,children,men,old,girls
16,alike,j-coordinated,17,covered,bare,0.0598,not,0.1305,uncovered,exposed,bare,naked,0.0729,clothed,0.2473,uncovered,exposed,bare,naked,1,1,1,1,,,0.0101,covered,0.0757,0.0622,clothed,0.0975,,0.0242,covered,0.0923,0.0412,dressed,0.1339,,,0.0101,covered,0.0757,not,naked,clothed,uncovered,0.0622,clothed,0.0975,not,naked,clothed,uncovered,,,0.0242,covered,0.0923,not,uncovered,unmarked,exposed,0.0412,dressed,0.1339,not,uncovered,unmarked,exposed,,,0,women,0.1068,old,foe,children,girls,0,women,0.0851,old,foe,children,girls
17,alike,j-coordinated,18,dark,bright,0.0126,light,0.9046,bright,white,day,dawn,0.2641,dark,0.2641,bright,white,day,dawn,1,0,1,1,,,0.0329,light,0.8643,0.0385,dim,0.0995,,0.0298,light,0.8539,0.0787,dark,0.0787,,,0.0329,light,0.8643,bright,day,dawn,white,0.0385,dim,0.0995,bright,day,dawn,white,,,0.0298,light,0.8539,bright,Light,white,day,0.0787,dark,0.0787,bright,Light,white,day,,,0.0001,women,0.12,old,children,girls,foe,0.0002,women,0.2025,old,children,girls,foe
18,alike,j-coordinated,19,dead,alive,0.1705,living,0.6954,alive,dying,young,live,0.957,dead,0.957,alive,dying,young,live,1,1,1,1,,,0.0721,living,0.7522,0.8068,dead,0.8068,,0.084,living,0.7118,0.7252,dead,0.7252,,,0.0721,living,0.7522,alive,dying,young,live,0.8068,dead,0.8068,alive,dying,young,live,,,0.084,living,0.7118,alive,dying,live,buried,0.7252,dead,0.7252,alive,dying,live,buried,,,0,women,0.0862,old,foe,children,girls,0.0011,women,0.1177,old,foe,children,girls
19,alike,j-coordinated,20,defend,attack,0.3132,attack,0.3132,oppose,condemn,destroy,criticize,0.0219,defense,0.8207,oppose,condemn,destroy,criticize,1,1,1,0,,,0.7116,attack,0.7116,0.1103,defense,0.3533,,0.792,attack,0.792,0.5545,defend,0.5545,,,0.7116,attack,0.7116,defend,shoot,fight,oppose,0.1103,defense,0.3533,defend,shoot,fight,oppose,,,0.792,attack,0.792,score,Attack,shoot,defend,0.5545,defend,0.5545,score,Attack,shoot,defend,,,0,women,0.1192,children,old,men,girls,0,women,0.0939,children,old,men,girls
20,alike,j-coordinated,21,directly,indirectly,0.9946,indirectly,0.9946,implicitly,externally,indirect,otherwise,0.9606,directly,0.9606,implicitly,externally,indirect,otherwise,1,1,1,1,,,0.9808,indirectly,0.9808,0.7273,directly,0.7273,,0.993,indirectly,0.993,0.7602,directly,0.7602,,,0.9808,indirectly,0.9808,indirect,implicitly,not,directly,0.7273,directly,0.7273,indirect,implicitly,not,directly,,,0.993,indirectly,0.993,indirect,implicitly,directly,not,0.7602,directly,0.7602,indirect,implicitly,directly,not,,,0,women,0.1181,old,children,men,girls,0,women,0.0785,old,children,men,girls
21,alike,j-coordinated,22,drunk,sober,0.6786,sober,0.6786,drunk,sick,stupid,not,0.5022,drunk,0.5022,drunk,sick,stupid,not,1,1,1,1,,,0.381,sober,0.381,0.2572,drunk,0.2572,,0.3486,sober,0.3486,0.167,drunk,0.167,,,0.381,sober,0.381,stupid,angry,drunk,scared,0.2572,drunk,0.2572,stupid,angry,drunk,scared,,,0.3486,sober,0.3486,stupid,scared,drunk,angry,0.167,drunk,0.167,stupid,scared,drunk,angry,,,0.0001,women,0.0802,old,foe,children,girls,0,women,0.0702,old,foe,children,girls
22,alike,j-coordinated,23,easy,difficult,0.3036,difficult,0.3036,hard,tricky,challenging,tough,0.1869,easy,0.1869,hard,tricky,challenging,tough,1,1,0,0,,,0.0715,difficult,0.0715,0.0466,easy,0.0466,,0.0718,hard,0.0786,0.0295,impossible,0.0486,,,0.0715,difficult,0.0715,hard,all,the,not,0.0466,easy,0.0466,hard,all,the,not,,,0.0718,hard,0.0786,difficult,not,all,the,0.0295,impossible,0.0486,difficult,not,all,the,,,0,women,0.1209,old,children,girls,men,0.0001,women,0.1034,old,children,girls,men
23,alike,j-coordinated,24,easy,hard,0.2994,difficult,0.3036,hard,tricky,challenging,tough,0.0053,soft,0.8989,hard,tricky,challenging,tough,1,1,0,1,,,0.0569,difficult,0.0715,0.0037,soft,0.9309,,0.0786,hard,0.0786,0.0059,soft,0.8859,,,0.0569,difficult,0.0715,hard,all,the,not,0.0037,soft,0.9309,hard,all,the,not,,,0.0786,hard,0.0786,difficult,not,all,the,0.0059,soft,0.8859,difficult,not,all,the,,,0.0001,women,0.1209,old,children,girls,men,0.0001,women,0.115,old,children,girls,men
24,alike,j-coordinated,25,encourage,discourage,0.1233,discourage,0.1233,challenge,punish,deter,inspire,0.1,encourage,0.1,challenge,punish,deter,inspire,1,1,1,1,,,0.2081,discourage,0.2081,0.2073,encourage,0.2073,,0.1848,discourage,0.1848,0.1913,encourage,0.1913,,,0.2081,discourage,0.2081,punish,challenge,deter,educate,0.2073,encourage,0.2073,punish,challenge,deter,educate,,,0.1848,discourage,0.1848,punish,discipline,deter,prevent,0.1913,encourage,0.1913,punish,discipline,deter,prevent,,,0,women,0.1106,old,children,girls,men,0,women,0.0918,old,children,girls,men
25,alike,j-coordinated,26,explicitly,implicitly,0.9548,implicitly,0.9548,indirectly,subtly,implied,silently,0.8801,explicitly,0.8801,indirectly,subtly,implied,silently,1,1,1,0,,,0.8312,implicitly,0.8312,0.5361,explicitly,0.5361,,0.8484,implicitly,0.8484,0.3384,implicitly,0.5314,,,0.8312,implicitly,0.8312,indirectly,subtly,implied,unconsciously,0.5361,explicitly,0.5361,indirectly,subtly,implied,unconsciously,,,0.8484,implicitly,0.8484,indirectly,subtly,unconsciously,implied,0.3384,implicitly,0.5314,indirectly,subtly,unconsciously,implied,,,0,women,0.0962,old,children,girls,foe,0,women,0.0988,old,children,girls,foe
26,alike,j-coordinated,27,fact,fiction,0.8892,fiction,0.8892,myth,rumor,fantasy,opinion,0.1593,fact,0.1593,myth,rumor,fantasy,opinion,1,0,1,0,,,0.9053,fiction,0.9053,0.1323,reality,0.2588,,0.9091,fiction,0.9091,0.1838,reality,0.4138,,,0.9053,fiction,0.9053,rumor,myth,fantasy,opinion,0.1323,reality,0.2588,rumor,myth,fantasy,opinion,,,0.9091,fiction,0.9091,Fiction,myth,fantasy,rumor,0.1838,reality,0.4138,Fiction,myth,fantasy,rumor,,,0.0004,women,0.0834,old,foe,children,girls,0,women,0.0766,old,foe,children,girls
27,alike,j-coordinated,28,fast,slow,0.5051,slow,0.5051,furious,strong,dumb,reliable,0.8436,fast,0.8436,furious,strong,dumb,reliable,1,1,0,1,,,0.556,slow,0.556,0.2643,fast,0.2643,,0.0302,furious,0.2483,0.1334,fast,0.1334,,,0.556,slow,0.556,furious,dumb,sluggish,stupid,0.2643,fast,0.2643,furious,dumb,sluggish,stupid,,,0.0302,furious,0.2483,slow,all,smart,dangerous,0.1334,fast,0.1334,slow,all,smart,dangerous,,,0,women,0.1774,men,children,girls,boys,0,women,0.1353,men,children,girls,boys
28,alike,j-coordinated,29,fat,thin,0.1354,thin,0.1354,skinny,slim,lean,fat,0.3598,fat,0.3598,skinny,slim,lean,fat,0,0,1,0,,,0.0185,fat,0.0351,0.0918,thick,0.1232,,0.0343,thin,0.0343,0.036,strong,0.0655,,,0.0185,fat,0.0351,muscle,thin,light,water,0.0918,thick,0.1232,muscle,thin,light,water,,,0.0343,thin,0.0343,rich,skinny,smart,dumb,0.036,strong,0.0655,rich,skinny,smart,dumb,,,0.0002,women,0.0982,old,foe,children,girls,0.0001,women,0.1285,old,foe,children,girls
29,alike,j-coordinated,30,fat,skinny,0.1295,thin,0.1354,skinny,slim,lean,fat,0.487,fat,0.487,skinny,slim,lean,fat,1,1,1,1,,,0.0088,fat,0.0351,0.3551,fat,0.3551,,0.0296,thin,0.0343,0.1825,fat,0.1825,,,0.0088,fat,0.0351,muscle,thin,light,water,0.3551,fat,0.3551,muscle,thin,light,water,,,0.0296,thin,0.0343,rich,skinny,smart,dumb,0.1825,fat,0.1825,rich,skinny,smart,dumb,,,0,women,0.0982,old,foe,children,girls,0.0001,women,0.0969,old,foe,children,girls
30,alike,j-coordinated,31,feeble,strong,0.2534,strong,0.2534,mighty,powerful,robust,brave,0.0061,weak,0.9389,mighty,powerful,robust,brave,0,1,0,1,,,0.0119,wise,0.0998,0.0082,weak,0.9184,,0.0013,foolish,0.0148,0.0086,weak,0.8897,,,0.0119,wise,0.0998,brave,mighty,foolish,noble,0.0082,weak,0.9184,brave,mighty,foolish,noble,,,0.0013,foolish,0.0148,fool,fail,stupid,flawed,0.0086,weak,0.8897,fool,fail,stupid,flawed,,,0.0002,women,0.1892,men,children,girls,old,0,women,0.114,men,children,girls,old
31,alike,j-coordinated,32,filthy,clean,0.0671,clean,0.0671,beautiful,noble,filthy,rich,0.0436,dirty,0.6069,beautiful,noble,filthy,rich,0,1,0,1,,,0.0267,beautiful,0.0515,0.014,dirty,0.0981,,0.0127,beautiful,0.0514,0.0094,shine,0.2193,,,0.0267,beautiful,0.0515,filthy,clean,delicious,healthy,0.014,dirty,0.0981,filthy,clean,delicious,healthy,,,0.0127,beautiful,0.0514,filthy,delicious,virtuous,healthy,0.0094,shine,0.2193,filthy,delicious,virtuous,healthy,,,0,women,0.085,old,foe,children,girls,0,women,0.1581,old,foe,children,girls
32,alike,j-coordinated,33,friendly,hostile,0.0865,hostile,0.0865,aggressive,foe,friendly,professional,0.8124,friendly,0.8124,aggressive,foe,friendly,professional,0,1,0,1,,,0.0059,curious,0.0538,0.7072,friendly,0.7072,,0.0551,friendly,0.0837,0.5202,friendly,0.5202,,,0.0059,curious,0.0538,friendly,skeptical,scary,respectful,0.7072,friendly,0.7072,friendly,skeptical,scary,respectful,,,0.0551,friendly,0.0837,foe,hostile,aggressive,intimidating,0.5202,friendly,0.5202,foe,hostile,aggressive,intimidating,,,0,women,0.1193,old,children,men,foe,0.0003,women,0.0843,old,children,men,foe
33,alike,j-coordinated,34,gay,straight,0.9778,straight,0.9778,heterosexual,lesbian,Christian,women,0.8964,gay,0.8964,heterosexual,lesbian,Christian,women,1,1,1,1,,,0.9361,straight,0.9361,0.8555,gay,0.8555,,0.9704,straight,0.9704,0.8874,gay,0.8874,,,0.9361,straight,0.9361,lesbian,heterosexual,woman,lesbians,0.8555,gay,0.8555,lesbian,heterosexual,woman,lesbians,,,0.9704,straight,0.9704,heterosexual,Straight,lesbian,Christian,0.8874,gay,0.8874,heterosexual,Straight,lesbian,Christian,,,0.0001,women,0.1161,old,children,girls,men,0.0001,women,0.1426,old,children,girls,men
34,alike,j-coordinated,35,general,late,0,individual,0.1198,specific,individuals,politicians,particular,0.0002,early,0.2712,specific,individuals,politicians,particular,1,1,1,1,,,0,individual,0.0254,0,early,0.1083,,0,politician,0.083,0,early,0.7708,,,0,individual,0.0254,president,politician,general,staff,0,early,0.1083,president,politician,general,staff,,,0,politician,0.083,civilian,soldier,general,officer,0,early,0.7708,civilian,soldier,general,officer,,,0,women,0.1048,old,foe,children,girls,0.0001,women,0.0672,old,foe,children,girls
35,alike,j-coordinated,37,good,evil,0.73,evil,0.73,bad,ill,wicked,terrible,0.9587,good,0.9587,bad,ill,wicked,terrible,1,1,1,1,,,0.7379,evil,0.7379,0.9387,good,0.9387,,0.6897,evil,0.6897,0.9168,good,0.9168,,,0.7379,evil,0.7379,bad,ill,wicked,devil,0.9387,good,0.9387,bad,ill,wicked,devil,,,0.6897,evil,0.6897,bad,ill,Evil,wicked,0.9168,good,0.9168,bad,ill,Evil,wicked,,,0.0006,women,0.0994,old,foe,children,girls,0.0009,women,0.1053,old,foe,children,girls
36,alike,j-coordinated,38,good,bad,0.2346,evil,0.73,bad,ill,wicked,terrible,0.7412,good,0.7412,bad,ill,wicked,terrible,1,1,1,1,,,0.2163,evil,0.7379,0.9282,good,0.9282,,0.2217,evil,0.6897,0.8427,good,0.8427,,,0.2163,evil,0.7379,bad,ill,wicked,devil,0.9282,good,0.9282,bad,ill,wicked,devil,,,0.2217,evil,0.6897,bad,ill,Evil,wicked,0.8427,good,0.8427,bad,ill,Evil,wicked,,,0.0039,women,0.0994,old,foe,children,girls,0.0008,women,0.0948,old,foe,children,girls
37,alike,j-coordinated,39,guilt,innocence,0.1246,innocence,0.1246,denial,shame,remorse,forgiveness,0.1115,guilt,0.1115,denial,shame,remorse,forgiveness,1,0,1,0,,,0.2284,innocence,0.2284,0.0606,innocence,0.1689,,0.0757,innocence,0.0757,0.0293,innocence,0.1273,,,0.2284,innocence,0.2284,shame,blame,denial,responsibility,0.0606,innocence,0.1689,shame,blame,denial,responsibility,,,0.0757,innocence,0.0757,shame,forgiveness,love,remorse,0.0293,innocence,0.1273,shame,forgiveness,love,remorse,,,0,women,0.0838,old,foe,children,girls,0,women,0.0817,old,foe,children,girls
38,alike,j-coordinated,40,happy,sad,0.6619,sad,0.6619,unhappy,depressed,miserable,angry,0.3543,happy,0.3543,unhappy,depressed,miserable,angry,1,1,1,1,,,0.5196,sad,0.5196,0.2374,happy,0.2374,,0.2777,sad,0.2777,0.3342,happy,0.3342,,,0.5196,sad,0.5196,miserable,depressed,unhappy,scared,0.2374,happy,0.2374,miserable,depressed,unhappy,scared,,,0.2777,sad,0.2777,scared,miserable,unhappy,suffering,0.3342,happy,0.3342,scared,miserable,unhappy,suffering,,,0.0002,women,0.106,old,children,foe,girls,0.0001,women,0.1062,old,children,foe,girls
39,alike,j-coordinated,41,hard,soft,0.8989,soft,0.8989,gentle,weak,easy,fair,0.8187,hard,0.8187,gentle,weak,easy,fair,1,1,1,1,,,0.9309,soft,0.9309,0.8332,hard,0.8332,,0.8859,soft,0.8859,0.634,hard,0.634,,,0.9309,soft,0.9309,weak,gentle,easy,cold,0.8332,hard,0.8332,weak,gentle,easy,cold,,,0.8859,soft,0.8859,weak,gentle,easy,cold,0.634,hard,0.634,weak,gentle,easy,cold,,,0.0001,women,0.115,old,children,girls,foe,0.0001,women,0.1162,old,children,girls,foe
40,alike,j-coordinated,42,healthy,ill,0.0791,sick,0.303,unhealthy,ill,overweight,obese,0.0143,good,0.6738,unhealthy,ill,overweight,obese,1,1,1,0,,,0.011,unhealthy,0.171,0.0584,well,0.1328,,0.0021,unhealthy,0.0979,0.2814,healthy,0.2814,,,0.011,unhealthy,0.171,sick,healthy,deadly,dangerous,0.0584,well,0.1328,sick,healthy,deadly,dangerous,,,0.0021,unhealthy,0.0979,healthy,sick,happy,dangerous,0.2814,healthy,0.2814,healthy,sick,happy,dangerous,,,0.0006,women,0.1334,old,men,children,girls,0.0001,women,0.1206,old,men,children,girls
41,alike,j-coordinated,43,healthy,unhealthy,0.2133,sick,0.303,unhealthy,ill,overweight,obese,0.5513,healthy,0.5513,unhealthy,ill,overweight,obese,0,1,0,1,,,0.171,unhealthy,0.171,0.1048,healthy,0.1048,,0.0979,unhealthy,0.0979,0.2038,healthy,0.2038,,,0.171,unhealthy,0.171,sick,healthy,deadly,dangerous,0.1048,healthy,0.1048,sick,healthy,deadly,dangerous,,,0.0979,unhealthy,0.0979,healthy,sick,happy,dangerous,0.2038,healthy,0.2038,healthy,sick,happy,dangerous,,,0,women,0.1334,old,men,children,girls,0.0001,women,0.1222,old,men,children,girls
42,alike,j-coordinated,44,heroic,cowardly,0.0597,cowardly,0.0597,tragic,mundane,criminal,ordinary,0.0332,brave,0.1655,tragic,mundane,criminal,ordinary,0,1,0,1,,,0.002,villain,0.3721,0.017,brave,0.0563,,0.0241,tragic,0.1791,0.0176,brave,0.0905,,,0.002,villain,0.3721,tragic,heroine,hero,villains,0.017,brave,0.0563,tragic,heroine,hero,villains,,,0.0241,tragic,0.1791,villain,pathetic,mundane,criminal,0.0176,brave,0.0905,villain,pathetic,mundane,criminal,,,0,women,0.0693,old,foe,children,girls,0,women,0.0839,old,foe,children,girls
43,alike,j-coordinated,45,high,low,0.9484,low,0.9484,lower,lows,middle,medium,0.8371,high,0.8371,lower,lows,middle,medium,1,1,1,1,,,0.8403,low,0.8403,0.5358,high,0.5358,,0.671,low,0.671,0.4937,high,0.4937,,,0.8403,low,0.8403,lows,mighty,lower,high,0.5358,high,0.5358,lows,mighty,lower,high,,,0.671,low,0.671,mighty,lows,high,lower,0.4937,high,0.4937,mighty,lows,high,lower,,,0.0002,women,0.1056,old,foe,children,girls,0,women,0.0954,old,foe,children,girls
44,alike,j-coordinated,46,honest,dishonest,0.0767,corrupt,0.1672,dishonest,FALSE,biased,misleading,0.2114,honest,0.2114,dishonest,FALSE,biased,misleading,1,0,0,0,,,0.0601,corrupt,0.0729,0.063,dishonest,0.0727,,0.0659,dishonest,0.0659,0.0441,dishonest,0.108,,,0.0601,corrupt,0.0729,dishonest,FALSE,deceptive,misleading,0.063,dishonest,0.0727,dishonest,FALSE,deceptive,misleading,,,0.0659,dishonest,0.0659,corrupt,FALSE,not,honorable,0.0441,dishonest,0.108,corrupt,FALSE,not,honorable,,,0,women,0.1072,old,children,foe,girls,0.0001,women,0.0885,old,children,foe,girls
45,alike,j-coordinated,47,hot,cold,0.8465,cold,0.8465,cool,not,chilly,heavy,0.4243,hot,0.4243,cool,not,chilly,heavy,1,1,1,1,,,0.2839,cold,0.2839,0.3597,hot,0.3597,,0.7019,cold,0.7019,0.4296,hot,0.4296,,,0.2839,cold,0.2839,cool,not,sexy,hot,0.3597,hot,0.3597,cool,not,sexy,hot,,,0.7019,cold,0.7019,cool,not,chilly,dry,0.4296,hot,0.4296,cool,not,chilly,dry,,,0.0002,women,0.1064,old,children,girls,foe,0,women,0.0972,old,children,girls,foe
46,alike,j-coordinated,48,large,small,0.9819,small,0.9819,medium,tiny,little,smaller,0.693,large,0.693,medium,tiny,little,smaller,1,1,1,1,,,0.8978,small,0.8978,0.3891,large,0.3891,,0.9739,small,0.9739,0.343,large,0.343,,,0.8978,small,0.8978,large,smaller,little,tiny,0.3891,large,0.3891,large,smaller,little,tiny,,,0.9739,small,0.9739,little,tiny,Small,medium,0.343,large,0.343,little,tiny,Small,medium,,,0.0043,women,0.1325,old,children,men,foe,0.0005,women,0.1509,old,children,men,foe
47,alike,j-coordinated,49,lean,fat,0.1543,fat,0.1543,heavy,muscular,strong,thick,0.0242,thin,0.1354,heavy,muscular,strong,thick,0,1,0,1,,,0.0074,mean,0.2469,0.0055,fat,0.0351,,0.0082,strong,0.0875,0.0134,thin,0.0343,,,0.0074,mean,0.2469,green,mighty,strong,powerful,0.0055,fat,0.0351,green,mighty,strong,powerful,,,0.0082,strong,0.0875,mean,fast,heavy,fit,0.0134,thin,0.0343,mean,fast,heavy,fit,,,0.0001,women,0.1278,old,girls,men,children,0,women,0.0982,old,girls,men,children
48,alike,j-coordinated,50,legal,illegal,0.2649,illegal,0.2649,criminal,not,otherwise,political,0.911,legal,0.911,criminal,not,otherwise,political,1,1,0,1,,,0.361,illegal,0.361,0.8846,legal,0.8846,,0.0242,moral,0.1331,0.3583,legal,0.3583,,,0.361,illegal,0.361,not,criminal,otherwise,immoral,0.8846,legal,0.8846,not,criminal,otherwise,immoral,,,0.0242,moral,0.1331,political,religious,ethical,criminal,0.3583,legal,0.3583,political,religious,ethical,criminal,,,0,women,0.0733,old,foe,children,politicians,0,women,0.081,old,foe,children,politicians
49,alike,j-coordinated,51,light,dark,0.4362,dark,0.4362,darkness,shadow,shade,shadows,0.9046,light,0.9046,darkness,shadow,shade,shadows,0,1,0,1,,,0.23,darkness,0.3802,0.8643,light,0.8643,,0.345,darkness,0.4199,0.8539,light,0.8539,,,0.23,darkness,0.3802,dark,shadow,shadows,shade,0.8643,light,0.8643,dark,shadow,shadows,shade,,,0.345,darkness,0.4199,dark,shadow,shade,shadows,0.8539,light,0.8539,dark,shadow,shade,shadows,,,0.0004,women,0.0989,old,foe,children,girls,0,women,0.12,old,foe,children,girls
50,alike,j-coordinated,52,light,heavy,0.0004,dark,0.4362,darkness,shadow,shade,shadows,0.8673,light,0.8673,darkness,shadow,shade,shadows,1,1,1,1,,,0.0009,darkness,0.3802,0.5059,light,0.5059,,0.0008,darkness,0.4199,0.4209,light,0.4209,,,0.0009,darkness,0.3802,dark,shadow,shadows,shade,0.5059,light,0.5059,dark,shadow,shadows,shade,,,0.0008,darkness,0.4199,dark,shadow,shade,shadows,0.4209,light,0.4209,dark,shadow,shade,shadows,,,0.0001,women,0.0989,old,foe,children,girls,0,women,0.0947,old,foe,children,girls
51,alike,j-coordinated,53,little,big,0.7438,big,0.7438,large,great,mighty,old,0.0692,small,0.9123,large,great,mighty,old,1,1,1,1,,,0.2647,big,0.2647,0.0787,small,0.8575,,0.3883,big,0.3883,0.0698,small,0.8465,,,0.2647,big,0.2647,large,mighty,all,much,0.0787,small,0.8575,large,mighty,all,much,,,0.3883,big,0.3883,large,mighty,much,all,0.0698,small,0.8465,large,mighty,much,all,,,0.0001,women,0.1605,men,people,more,look,0.0006,women,0.0979,men,people,more,look
52,alike,j-coordinated,54,long,short,0.921,short,0.921,skinny,thin,brief,small,0.819,long,0.819,skinny,thin,brief,small,1,1,1,1,,,0.7851,short,0.7851,0.1976,long,0.1976,,0.8135,short,0.8135,0.2401,long,0.2401,,,0.7851,short,0.7851,thin,shorter,long,the,0.1976,long,0.1976,thin,shorter,long,the,,,0.8135,short,0.8135,thin,the,skinny,lean,0.2401,long,0.2401,thin,the,skinny,lean,,,0,women,0.1098,old,foe,children,girls,0,women,0.1158,old,foe,children,girls
53,alike,j-coordinated,55,love,hate,0.4704,hate,0.4704,lust,hatred,war,friendship,0.7406,love,0.7406,lust,hatred,war,friendship,1,1,1,1,,,0.5653,hate,0.5653,0.7853,love,0.7853,,0.5153,hate,0.5153,0.7597,love,0.7597,,,0.5653,hate,0.5653,lust,hatred,fear,war,0.7853,love,0.7853,lust,hatred,fear,war,,,0.5153,hate,0.5153,lust,war,hatred,fear,0.7597,love,0.7597,lust,war,hatred,fear,,,0.0004,women,0.126,old,men,children,girls,0.0003,women,0.0866,old,men,children,girls
54,alike,j-coordinated,56,lucky,unlucky,0.8105,unlucky,0.8105,poor,unfortunate,lucky,cursed,0.5983,lucky,0.5983,poor,unfortunate,lucky,cursed,1,0,1,0,,,0.515,unlucky,0.515,0.0911,unlucky,0.5903,,0.0846,unlucky,0.0846,0.0897,unlucky,0.6096,,,0.515,unlucky,0.515,cursed,poor,unfortunate,stupid,0.0911,unlucky,0.5903,cursed,poor,unfortunate,stupid,,,0.0846,unlucky,0.0846,cursed,scared,doomed,stupid,0.0897,unlucky,0.6096,cursed,scared,doomed,stupid,,,0,women,0.131,old,children,girls,men,0,women,0.085,old,children,girls,men
55,alike,j-coordinated,57,major,minor,0.8805,minor,0.8805,small,local,regional,independent,0.8592,major,0.8592,small,local,regional,independent,1,0,0,1,,,0.9334,minor,0.9334,0.1307,adult,0.4523,,0.0582,lieutenant,0.0863,0.7263,major,0.7263,,,0.9334,minor,0.9334,small,minors,lesser,indie,0.1307,adult,0.4523,small,minors,lesser,indie,,,0.0582,lieutenant,0.0863,colonel,minor,Sergeant,captain,0.7263,major,0.7263,colonel,minor,Sergeant,captain,,,0.0004,women,0.0662,old,foe,children,fans,0,women,0.1002,old,foe,children,fans
56,alike,j-coordinated,58,male,female,0.9951,female,0.9951,females,Female,woman,male,0.9918,male,0.9918,females,Female,woman,male,1,1,1,1,,,0.983,female,0.983,0.974,male,0.974,,0.8077,female,0.8077,0.8857,male,0.8857,,,0.983,female,0.983,females,woman,male,Female,0.974,male,0.974,females,woman,male,Female,,,0.8077,female,0.8077,Female,females,woman,male,0.8857,male,0.8857,Female,females,woman,male,,,0.0104,women,0.1098,old,girls,children,foe,0.0011,women,0.1177,old,girls,children,foe
57,alike,j-coordinated,59,married,unmarried,0.1753,single,0.4947,unmarried,divorced,singles,not,0.7291,married,0.7291,unmarried,divorced,singles,not,1,0,1,1,,,0.0536,single,0.337,0.1047,divorced,0.1737,,0.0917,divorced,0.3366,0.4137,married,0.4137,,,0.0536,single,0.337,divorced,unmarried,not,singles,0.1047,divorced,0.1737,divorced,unmarried,not,singles,,,0.0917,divorced,0.3366,single,unmarried,separated,not,0.4137,married,0.4137,single,unmarried,separated,not,,,0,women,0.1641,men,girls,children,old,0,women,0.2042,men,girls,children,old
58,alike,j-coordinated,60,masculine,feminine,0.9741,feminine,0.9741,female,masculine,femin,feminist,0.9247,masculine,0.9247,female,masculine,femin,feminist,1,1,1,1,,,0.7585,feminine,0.7585,0.7948,masculine,0.7948,,0.7921,feminine,0.7921,0.5272,masculine,0.5272,,,0.7585,feminine,0.7585,female,masculine,homosexual,feminist,0.7948,masculine,0.7948,female,masculine,homosexual,feminist,,,0.7921,feminine,0.7921,female,masculine,feminist,patriarchal,0.5272,masculine,0.5272,female,masculine,feminist,patriarchal,,,0,women,0.106,old,foe,children,girls,0,women,0.1154,old,foe,children,girls
59,alike,j-coordinated,61,narrow,wide,0.7322,wide,0.7322,broad,long,deep,tall,0.3365,narrow,0.3365,broad,long,deep,tall,1,0,1,1,,,0.6884,wide,0.6884,0.0568,small,0.235,,0.7287,wide,0.7287,0.3755,narrow,0.3755,,,0.6884,wide,0.6884,broad,long,deep,wider,0.0568,small,0.235,broad,long,deep,wider,,,0.7287,wide,0.7287,broad,deep,wider,long,0.3755,narrow,0.3755,broad,deep,wider,long,,,0.0001,women,0.2003,men,girls,children,old,0,women,0.1527,men,girls,children,old
60,alike,j-coordinated,62,national,medical,0,local,0.5366,international,regional,state,provincial,0.0003,academic,0.0662,international,regional,state,provincial,1,1,1,1,,,0,local,0.3407,0.0002,religious,0.0421,,0,local,0.5413,0.0002,religious,0.056,,,0,local,0.3407,international,regional,state,provincial,0.0002,religious,0.0421,international,regional,state,provincial,,,0,local,0.5413,international,regional,state,provincial,0.0002,religious,0.056,international,regional,state,provincial,,,0,women,0.0934,old,children,foe,girls,0.0002,women,0.0627,old,children,foe,girls
61,alike,j-coordinated,63,natural,artificial,0.3314,artificial,0.3314,unnatural,human,supernatural,synthetic,0.3156,natural,0.3156,unnatural,human,supernatural,synthetic,0,1,1,1,,,0.1232,synthetic,0.1864,0.7047,natural,0.7047,,0.3302,artificial,0.3302,0.6846,natural,0.6846,,,0.1232,synthetic,0.1864,artificial,human,unnatural,educated,0.7047,natural,0.7047,artificial,human,unnatural,educated,,,0.3302,artificial,0.3302,synthetic,unnatural,manufactured,engineered,0.6846,natural,0.6846,synthetic,unnatural,manufactured,engineered,,,0,women,0.1731,men,girls,children,old,0,women,0.0897,men,girls,children,old
62,alike,j-coordinated,64,necessary,proper,0.0017,desirable,0.1224,unnecessary,undesirable,frivolous,not,0.0007,improper,0.2375,unnecessary,undesirable,frivolous,not,1,1,1,1,,,0.0012,unnecessary,0.1373,0.0017,improper,0.1029,,0.0003,inconvenient,0.0732,0.0011,improper,0.1538,,,0.0012,unnecessary,0.1373,wanted,not,impractical,optional,0.0017,improper,0.1029,wanted,not,impractical,optional,,,0.0003,inconvenient,0.0732,desirable,unnecessary,undesirable,not,0.0011,improper,0.1538,desirable,unnecessary,undesirable,not,,,0,women,0.1167,old,men,foe,children,0,women,0.0975,old,men,foe,children
63,alike,j-coordinated,66,old,new,0.1939,young,0.7964,new,younger,inexperienced,youth,0.976,old,0.976,new,younger,inexperienced,youth,1,1,1,1,,,0.2692,young,0.7133,0.9717,old,0.9717,,0.1009,young,0.8897,0.9673,old,0.9673,,,0.2692,young,0.7133,new,younger,youth,fresh,0.9717,old,0.9717,new,younger,youth,fresh,,,0.1009,young,0.8897,new,Young,youth,younger,0.9673,old,0.9673,new,Young,youth,younger,,,0.0019,women,0.1294,old,foe,children,girls,0.0482,women,0.0956,old,foe,children,girls
64,alike,j-coordinated,67,open,closed,0.5582,closed,0.5582,shut,exclusive,secret,private,0.5659,open,0.5659,shut,exclusive,secret,private,1,1,1,1,,,0.3379,closed,0.3379,0.4915,open,0.4915,,0.5023,closed,0.5023,0.5327,open,0.5327,,,0.3379,closed,0.3379,shut,close,not,secret,0.4915,open,0.4915,shut,close,not,secret,,,0.5023,closed,0.5023,shut,close,locked,not,0.5327,open,0.5327,shut,close,locked,not,,,0,women,0.1122,old,children,girls,men,0.0001,women,0.1173,old,children,girls,men
65,alike,j-coordinated,70,optimistic,pessimistic,0.5138,pessimistic,0.5138,fearful,skeptical,cynical,cautious,0.6598,optimistic,0.6598,fearful,skeptical,cynical,cautious,1,1,1,1,,,0.6498,pessimistic,0.6498,0.5875,optimistic,0.5875,,0.3231,pessimistic,0.3231,0.6363,optimistic,0.6363,,,0.6498,pessimistic,0.6498,skeptical,cynical,realistic,fearful,0.5875,optimistic,0.5875,skeptical,cynical,realistic,fearful,,,0.3231,pessimistic,0.3231,realistic,cynical,pragmatic,skeptical,0.6363,optimistic,0.6363,realistic,cynical,pragmatic,skeptical,,,0,women,0.0932,old,foe,children,girls,0,women,0.0888,old,foe,children,girls
66,alike,j-coordinated,71,popular,early,0.0001,obscure,0.0601,critical,mainstream,not,academic,0.0022,later,0.3542,critical,mainstream,not,academic,1,1,1,1,,,0.0001,controversial,0.0414,0.0004,late,0.3099,,0.0001,critical,0.0308,0.0008,late,0.488,,,0.0001,controversial,0.0414,not,obscure,unpopular,popular,0.0004,late,0.3099,not,obscure,unpopular,popular,,,0.0001,critical,0.0308,controversial,not,mainstream,critics,0.0008,late,0.488,controversial,not,mainstream,critics,,,0,women,0.0862,old,foe,children,girls,0.0002,women,0.0981,old,foe,children,girls
67,alike,j-coordinated,72,possible,impossible,0.0656,probable,0.2828,unlikely,impossible,likely,not,0.0779,possible,0.0779,unlikely,impossible,likely,not,0,0,1,0,,,0.1841,impossible,0.1841,0.0554,impossible,0.1421,,0.1238,probable,0.1648,0.0656,impossible,0.1414,,,0.1841,impossible,0.1841,unlikely,not,probable,improbable,0.0554,impossible,0.1421,unlikely,not,probable,improbable,,,0.1238,probable,0.1648,unlikely,impossible,not,improbable,0.0656,impossible,0.1414,unlikely,impossible,not,improbable,,,0,women,0.0935,old,foe,children,girls,0,women,0.0988,old,foe,children,girls
68,alike,j-coordinated,74,public,private,0.7399,private,0.7399,media,press,politicians,professional,0.9205,public,0.9205,media,press,politicians,professional,1,1,1,1,,,0.4718,private,0.4718,0.8865,public,0.8865,,0.3635,private,0.3635,0.936,public,0.936,,,0.4718,private,0.4718,press,media,business,politicians,0.8865,public,0.8865,press,media,business,politicians,,,0.3635,private,0.3635,media,press,politicians,business,0.936,public,0.936,media,press,politicians,business,,,0.0012,women,0.0643,old,foe,politicians,children,0.0095,women,0.0829,old,foe,politicians,children
69,alike,j-coordinated,75,publicly,privately,0.9518,privately,0.9518,secretly,private,anonymously,internally,0.9317,publicly,0.9317,secretly,private,anonymously,internally,1,1,1,1,,,0.9493,privately,0.9493,0.8023,publicly,0.8023,,0.934,privately,0.934,0.9542,publicly,0.9542,,,0.9493,privately,0.9493,private,secretly,anonymously,commercially,0.8023,publicly,0.8023,private,secretly,anonymously,commercially,,,0.934,privately,0.934,private,secretly,anonymously,otherwise,0.9542,publicly,0.9542,private,secretly,anonymously,otherwise,,,0,women,0.0793,old,foe,children,girls,0,women,0.0794,old,foe,children,girls
70,alike,j-coordinated,76,quickly,slowly,0.1857,slowly,0.1857,efficiently,patiently,quietly,easily,0.2582,quickly,0.2582,efficiently,patiently,quietly,easily,1,1,1,1,,,0.0402,slowly,0.0402,0.2445,quickly,0.2445,,0.1256,slowly,0.1256,0.2526,quickly,0.2526,,,0.0402,slowly,0.0402,quickly,painfully,easily,efficiently,0.2445,quickly,0.2445,quickly,painfully,easily,efficiently,,,0.1256,slowly,0.1256,patiently,quietly,carefully,painfully,0.2526,quickly,0.2526,patiently,quietly,carefully,painfully,,,0,women,0.1151,old,children,girls,men,0,women,0.1709,old,children,girls,men
71,alike,j-coordinated,77,rapid,slow,0.4334,slow,0.4334,steady,sluggish,slower,gentle,0.0046,fast,0.8436,steady,sluggish,slower,gentle,1,1,1,1,,,0.1553,slow,0.1553,0.0068,fast,0.2643,,0.318,slow,0.318,0.0029,fast,0.1334,,,0.1553,slow,0.1553,furious,steady,unpredictable,predictable,0.0068,fast,0.2643,furious,steady,unpredictable,predictable,,,0.318,slow,0.318,steady,sluggish,predictable,furious,0.0029,fast,0.1334,steady,sluggish,predictable,furious,,,0,women,0.1152,old,foe,children,men,0,women,0.1353,old,foe,children,men
72,alike,j-coordinated,78,rare,common,0.2229,common,0.2229,popular,expensive,ordinary,valuable,0.0856,rare,0.0856,popular,expensive,ordinary,valuable,1,1,1,1,,,0.2245,common,0.2245,0.1922,rare,0.1922,,0.4883,common,0.4883,0.1691,rare,0.1691,,,0.2245,common,0.2245,expensive,not,valuable,precious,0.1922,rare,0.1922,expensive,not,valuable,precious,,,0.4883,common,0.4883,not,ordinary,uncommon,ubiquitous,0.1691,rare,0.1691,not,ordinary,uncommon,ubiquitous,,,0,women,0.0986,old,children,foe,girls,0,women,0.1377,old,children,foe,girls
73,alike,j-coordinated,79,relevant,appropriate,0.0003,irrelevant,0.2889,obscure,obsolete,not,trivial,0.0015,inappropriate,0.4815,obscure,obsolete,not,trivial,1,1,1,1,,,0.0003,irrelevant,0.3782,0.0004,ignorant,0.0428,,0.0007,irrelevant,0.2114,0.0026,inappropriate,0.1174,,,0.0003,irrelevant,0.3782,obscure,trivial,relevant,not,0.0004,ignorant,0.0428,obscure,trivial,relevant,not,,,0.0007,irrelevant,0.2114,obscure,outdated,relevant,obsolete,0.0026,inappropriate,0.1174,obscure,outdated,relevant,obsolete,,,0,women,0.0909,old,children,foe,girls,0,women,0.0938,old,children,foe,girls
74,alike,j-coordinated,80,reward,punishment,0.3357,punishment,0.3357,risk,cost,abuse,threat,0.2976,reward,0.2976,risk,cost,abuse,threat,1,1,1,1,,,0.446,punishment,0.446,0.163,reward,0.163,,0.4038,punishment,0.4038,0.2273,reward,0.2273,,,0.446,punishment,0.446,risk,abuse,consequence,penalty,0.163,reward,0.163,risk,abuse,consequence,penalty,,,0.4038,punishment,0.4038,risk,cost,reward,abuse,0.2273,reward,0.2273,risk,cost,reward,abuse,,,0,women,0.1155,men,girls,children,old,0,women,0.0924,men,girls,children,old
75,alike,j-coordinated,81,rich,poor,0.994,poor,0.994,famous,impoverished,needy,poorer,0.9107,rich,0.9107,famous,impoverished,needy,poorer,1,1,1,1,,,0.9949,poor,0.9949,0.9424,rich,0.9424,,0.9948,poor,0.9948,0.9361,rich,0.9361,,,0.9949,poor,0.9949,poorer,needy,humble,impoverished,0.9424,rich,0.9424,poorer,needy,humble,impoverished,,,0.9948,poor,0.9948,poorer,Poor,famous,needy,0.9361,rich,0.9361,poorer,Poor,famous,needy,,,0.0065,women,0.1001,old,foe,children,girls,0.0009,women,0.1036,old,foe,children,girls
76,alike,j-coordinated,82,right,wrong,0.0017,left,0.9933,Left,wrong,center,leftist,0.9025,right,0.9025,Left,wrong,center,leftist,1,1,1,1,,,0.0269,left,0.9161,0.8287,right,0.8287,,0.0086,left,0.8349,0.5007,right,0.5007,,,0.0269,left,0.9161,wrong,liberals,center,Left,0.8287,right,0.8287,wrong,liberals,center,Left,,,0.0086,left,0.8349,Left,wrong,center,leftist,0.5007,right,0.5007,Left,wrong,center,leftist,,,0.0024,women,0.1074,old,foe,children,girls,0.0067,women,0.083,old,foe,children,girls
77,alike,j-coordinated,83,rightly,wrongly,0.9658,wrongly,0.9658,incorrectly,falsely,unfairly,mistakenly,0.6105,rightly,0.6105,incorrectly,falsely,unfairly,mistakenly,1,1,1,1,,,0.9467,wrongly,0.9467,0.5077,rightly,0.5077,,0.9651,wrongly,0.9651,0.2175,rightly,0.2175,,,0.9467,wrongly,0.9467,falsely,wrong,rightfully,incorrectly,0.5077,rightly,0.5077,falsely,wrong,rightfully,incorrectly,,,0.9651,wrongly,0.9651,wrong,falsely,incorrectly,rightfully,0.2175,rightly,0.2175,wrong,falsely,incorrectly,rightfully,,,0,women,0.0955,old,foe,children,girls,0,women,0.0778,old,foe,children,girls
78,alike,j-coordinated,84,rough,smooth,0.3487,smooth,0.3487,polished,refined,beautiful,fair,0.1097,rough,0.1097,polished,refined,beautiful,fair,1,0,0,0,,,0.3585,smooth,0.3585,0.0087,hard,0.0473,,0.1953,tumble,0.2475,0.0078,hard,0.0347,,,0.3585,smooth,0.3585,tumble,fair,polished,ready,0.0087,hard,0.0473,tumble,fair,polished,ready,,,0.1953,tumble,0.2475,smooth,fair,ready,tough,0.0078,hard,0.0347,smooth,fair,ready,tough,,,0,women,0.1478,old,girls,children,men,0,women,0.1261,old,girls,children,men
79,alike,j-coordinated,85,rural,urban,0.9342,urban,0.9342,city,suburban,metropolitan,cities,0.8316,rural,0.8316,city,suburban,metropolitan,cities,1,1,1,1,,,0.94,urban,0.94,0.7881,rural,0.7881,,0.9215,urban,0.9215,0.7251,rural,0.7251,,,0.94,urban,0.94,city,suburban,metropolitan,coastal,0.7881,rural,0.7881,city,suburban,metropolitan,coastal,,,0.9215,urban,0.9215,city,suburban,metropolitan,Urban,0.7251,rural,0.7251,city,suburban,metropolitan,Urban,,,0,women,0.078,old,foe,children,girls,0.0002,women,0.0815,old,foe,children,girls
80,alike,j-coordinated,86,sad,glad,0.0022,happy,0.3543,funny,angry,beautiful,hopeful,0.3126,sad,0.3126,funny,angry,beautiful,hopeful,1,0,1,0,,,0.0013,happy,0.2374,0.0633,scared,0.1219,,0.0035,happy,0.3342,0.0433,scared,0.0538,,,0.0013,happy,0.2374,angry,funny,beautiful,hopeful,0.0633,scared,0.1219,angry,funny,beautiful,hopeful,,,0.0035,happy,0.3342,angry,proud,hopeful,funny,0.0433,scared,0.0538,angry,proud,hopeful,funny,,,0,women,0.1062,old,children,girls,men,0.0002,women,0.111,old,children,girls,men
81,alike,j-coordinated,87,serious,financial,0.0001,casual,0.0988,playful,silly,fun,amateur,0.0001,political,0.2857,playful,silly,fun,amateur,1,1,1,1,,,0,silly,0.166,0.0001,political,0.1422,,0,playful,0.2146,0.0001,political,0.1589,,,0,silly,0.166,casual,playful,amateur,frivolous,0.0001,political,0.1422,casual,playful,amateur,frivolous,,,0,playful,0.2146,silly,frivolous,fun,casual,0.0001,political,0.1589,silly,frivolous,fun,casual,,,0,women,0.0746,old,foe,children,girls,0.0001,women,0.0779,old,foe,children,girls
82,alike,j-coordinated,88,simple,effective,0.0007,elegant,0.1974,complicated,complex,sophisticated,beautiful,0.0024,ineffective,0.0675,complicated,complex,sophisticated,beautiful,1,1,1,1,,,0.0002,complex,0.0505,0.0023,ineffective,0.1049,,0.0001,all,0.0923,0.0028,ineffective,0.0741,,,0.0002,complex,0.0505,all,complicated,simple,not,0.0023,ineffective,0.1049,all,complicated,simple,not,,,0.0001,all,0.0923,not,very,more,think,0.0028,ineffective,0.0741,not,very,more,think,,,0,women,0.2131,men,girls,people,children,0.0002,women,0.1225,men,girls,people,children
83,alike,j-coordinated,89,slim,fat,0.2461,fat,0.2461,tall,thick,muscular,bulky,0.0318,thin,0.1354,tall,thick,muscular,bulky,1,1,0,1,,,0.1024,fat,0.1024,0.0064,fat,0.0351,,0.0164,strong,0.0512,0.0112,thin,0.0343,,,0.1024,fat,0.1024,muscular,big,tall,bulky,0.0064,fat,0.0351,muscular,big,tall,bulky,,,0.0164,strong,0.0512,muscular,fit,tough,powerful,0.0112,thin,0.0343,muscular,fit,tough,powerful,,,0.0001,women,0.1157,old,children,girls,foe,0,women,0.0982,old,children,girls,foe
84,alike,j-coordinated,90,strange,normal,0.0162,familiar,0.6095,common,ordinary,normal,mundane,0.0151,abnormal,0.14,common,ordinary,normal,mundane,1,1,1,1,,,0.0565,familiar,0.3192,0.0145,not,0.1541,,0.0471,familiar,0.3376,0.0085,crazy,0.112,,,0.0565,familiar,0.3192,normal,ordinary,beautiful,common,0.0145,not,0.1541,normal,ordinary,beautiful,common,,,0.0471,familiar,0.3376,ordinary,common,normal,strange,0.0085,crazy,0.112,ordinary,common,normal,strange,,,0,women,0.1623,men,old,girls,children,0,women,0.1285,men,old,girls,children
85,alike,j-coordinated,91,strength,weakness,0.2204,weakness,0.2204,endurance,weaknesses,stamina,vulnerability,0.6519,strength,0.6519,endurance,weaknesses,stamina,vulnerability,1,1,1,1,,,0.2608,weakness,0.2608,0.8038,strength,0.8038,,0.3533,weakness,0.3533,0.7568,strength,0.7568,,,0.2608,weakness,0.2608,endurance,strength,power,vulnerability,0.8038,strength,0.8038,endurance,strength,power,vulnerability,,,0.3533,weakness,0.3533,endurance,power,courage,strength,0.7568,strength,0.7568,endurance,power,courage,strength,,,0,women,0.097,old,foe,men,children,0,women,0.1188,old,foe,men,children
86,alike,j-coordinated,92,strong,weak,0.9389,weak,0.9389,frail,fragile,feeble,weaker,0.8154,strong,0.8154,frail,fragile,feeble,weaker,1,1,1,1,,,0.9184,weak,0.9184,0.8915,strong,0.8915,,0.8897,weak,0.8897,0.6977,strong,0.6977,,,0.9184,weak,0.9184,frail,fragile,feeble,vulnerable,0.8915,strong,0.8915,frail,fragile,feeble,vulnerable,,,0.8897,weak,0.8897,frail,fragile,feeble,vulnerable,0.6977,strong,0.6977,frail,fragile,feeble,vulnerable,,,0.0006,women,0.114,old,children,foe,girls,0.0002,women,0.1412,old,children,foe,girls
87,alike,j-coordinated,93,style,substance,0.2958,substance,0.2958,function,fashion,personality,politics,0.0275,form,0.0403,function,fashion,personality,politics,1,1,1,1,,,0.0367,substance,0.0367,0.0058,substance,0.0287,,0.2879,substance,0.2879,0.0072,substance,0.0396,,,0.0367,substance,0.0367,fashion,age,function,politics,0.0058,substance,0.0287,fashion,age,function,politics,,,0.2879,substance,0.2879,comfort,function,money,fashion,0.0072,substance,0.0396,comfort,function,money,fashion,,,0,women,0.0908,old,foe,men,girls,0,women,0.0777,old,foe,men,girls
88,alike,j-coordinated,94,succeed,fail,0.9475,fail,0.9475,fall,failure,failed,struggle,0.3033,succeed,0.3033,fall,failure,failed,struggle,1,1,1,0,,,0.9331,fail,0.9331,0.3293,succeed,0.3293,,0.9279,fail,0.9279,0.1618,fail,0.3002,,,0.9331,fail,0.9331,struggle,fall,suffer,lose,0.3293,succeed,0.3293,struggle,fall,suffer,lose,,,0.9279,fail,0.9279,fall,die,suffer,struggle,0.1618,fail,0.3002,fall,die,suffer,struggle,,,0.0001,women,0.1191,old,girls,children,men,0,women,0.1088,old,girls,children,men
89,alike,j-coordinated,95,success,failure,0.8781,failure,0.8781,failures,tragedy,struggle,disaster,0.7253,success,0.7253,failures,tragedy,struggle,disaster,1,1,1,1,,,0.9081,failure,0.9081,0.5965,success,0.5965,,0.8739,failure,0.8739,0.6831,success,0.6831,,,0.9081,failure,0.9081,failures,fail,tragedy,struggle,0.5965,success,0.5965,failures,fail,tragedy,struggle,,,0.8739,failure,0.8739,failures,fail,tragedy,struggle,0.6831,success,0.6831,failures,fail,tragedy,struggle,,,0.0001,women,0.0867,old,foe,children,girls,0,women,0.0711,old,foe,children,girls
90,alike,j-coordinated,96,sudden,gradual,0.0447,planned,0.0519,predictable,gradual,inevitable,expected,0.1607,sudden,0.1607,predictable,gradual,inevitable,expected,1,0,1,0,,,0.0562,inevitable,0.0661,0,professional,0.2952,,0.034,inevitable,0.1119,0.0224,rapid,0.0612,,,0.0562,inevitable,0.0661,gradual,predictable,unexpected,slow,0,professional,0.2952,gradual,predictable,unexpected,slow,,,0.034,inevitable,0.1119,predictable,expected,unexpected,gradual,0.0224,rapid,0.0612,predictable,expected,unexpected,gradual,,,0,women,0.0991,old,foe,children,girls,0,women,0.0942,old,foe,children,girls
91,alike,j-coordinated,97,sufficient,other,0.0011,insufficient,0.3604,inadequate,sufficient,excess,adequate,0,others,0.0276,inadequate,sufficient,excess,adequate,1,1,1,1,,,0.0165,others,0.0385,0,self,0.0785,,0.0004,insufficient,0.3031,0,religious,0.0338,,,0.0165,others,0.0385,women,poor,free,other,0,self,0.0785,women,poor,free,other,,,0.0004,insufficient,0.3031,sufficient,inadequate,adequate,necessary,0,religious,0.0338,sufficient,inadequate,adequate,necessary,,,0.0016,women,0.1408,men,children,old,foe,0,women,0.0813,men,children,old,foe
92,alike,j-coordinated,98,temporary,permanent,0.8484,permanent,0.8484,enduring,eternal,perennial,lasting,0.8488,temporary,0.8488,enduring,eternal,perennial,lasting,1,1,1,1,,,0.8263,permanent,0.8263,0.5116,temporary,0.5116,,0.8891,permanent,0.8891,0.8151,temporary,0.8151,,,0.8263,permanent,0.8263,enduring,perennial,forever,eternal,0.5116,temporary,0.5116,enduring,perennial,forever,eternal,,,0.8891,permanent,0.8891,Permanent,forever,enduring,perennial,0.8151,temporary,0.8151,Permanent,forever,enduring,perennial,,,0,women,0.1015,old,foe,children,girls,0,women,0.1067,old,foe,children,girls
93,alike,j-coordinated,99,thick,thin,0.8742,thin,0.8742,light,skinny,slim,slender,0.0852,fat,0.3598,light,skinny,slim,slender,1,0,1,1,,,0.7806,thin,0.7806,0.1232,thick,0.1232,,0.8468,thin,0.8468,0.0301,strong,0.0655,,,0.7806,thin,0.7806,skinny,light,slender,slim,0.1232,thick,0.1232,skinny,light,slender,slim,,,0.8468,thin,0.8468,skinny,light,slim,short,0.0301,strong,0.0655,skinny,light,slim,short,,,0.0002,women,0.1938,men,girls,children,boys,0,women,0.1285,men,girls,children,boys
94,alike,j-coordinated,100,tiny,enormous,0.0175,large,0.1467,big,mighty,giant,huge,0.0693,small,0.2306,big,mighty,giant,huge,1,1,1,1,,,0.0088,mighty,0.135,0.053,small,0.1958,,0.0018,mighty,0.2228,0.0327,small,0.1977,,,0.0088,mighty,0.135,large,big,small,huge,0.053,small,0.1958,large,big,small,huge,,,0.0018,mighty,0.2228,big,strong,large,all,0.0327,small,0.1977,big,strong,large,all,,,0,women,0.099,old,foe,children,girls,0,women,0.0919,old,foe,children,girls
95,alike,j-coordinated,101,tiny,huge,0.0396,large,0.1467,big,mighty,giant,huge,0.0675,small,0.3961,big,mighty,giant,huge,1,1,1,1,,,0.0242,mighty,0.135,0.0229,small,0.49,,0.0076,mighty,0.2228,0.0275,small,0.1874,,,0.0242,mighty,0.135,large,big,small,huge,0.0229,small,0.49,large,big,small,huge,,,0.0076,mighty,0.2228,big,strong,large,all,0.0275,small,0.1874,big,strong,large,all,,,0,women,0.099,old,foe,children,girls,0,women,0.0793,old,foe,children,girls
96,alike,j-coordinated,102,total,current,0.0015,percentage,0.0671,percentages,not,relative,fractions,0,former,0.312,percentages,not,relative,fractions,1,1,1,1,,,0.0003,not,0.142,0,past,0.3883,,0.0002,not,0.135,0,past,0.1965,,,0.0003,not,0.142,percentage,very,less,the,0,past,0.3883,percentage,very,less,the,,,0.0002,not,0.135,percentage,very,less,almost,0,past,0.1965,percentage,very,less,almost,,,0,women,0.1247,old,men,children,girls,0,women,0.0636,old,men,children,girls
97,alike,j-coordinated,103,vague,clear,0.0284,specific,0.1172,precise,vague,clear,ambiguous,0.0061,concise,0.0249,precise,vague,clear,ambiguous,1,1,1,1,,,0.0068,vague,0.0282,0.0018,the,0.0589,,0.0122,vague,0.0273,0.0007,the,0.0602,,,0.0068,vague,0.0282,ambiguous,confusing,detailed,cryptic,0.0018,the,0.0589,ambiguous,confusing,detailed,cryptic,,,0.0122,vague,0.0273,explicit,detailed,clear,transparent,0.0007,the,0.0602,explicit,detailed,clear,transparent,,,0.0001,women,0.1294,old,girls,children,foe,0,women,0.1453,old,girls,children,foe
98,alike,j-coordinated,104,war,peace,0.8049,peace,0.8049,love,politics,famine,revolution,0.8945,war,0.8945,love,politics,famine,revolution,1,1,1,1,,,0.8246,peace,0.8246,0.7045,war,0.7045,,0.7556,peace,0.7556,0.6654,war,0.6654,,,0.8246,peace,0.8246,love,politics,religion,war,0.7045,war,0.7045,love,politics,religion,war,,,0.7556,peace,0.7556,love,religion,Peace,politics,0.6654,war,0.6654,love,religion,Peace,politics,,,0.0001,women,0.0766,foe,old,men,children,0,women,0.0782,foe,old,men,children
99,alike,j-coordinated,105,wealthy,poor,0.9271,poor,0.9271,impoverished,needy,poorer,homeless,0.0501,rich,0.9107,impoverished,needy,poorer,homeless,1,1,1,1,,,0.9678,poor,0.9678,0.0265,rich,0.9424,,0.8955,poor,0.8955,0.0331,rich,0.9361,,,0.9678,poor,0.9678,needy,impoverished,poorer,homeless,0.0265,rich,0.9424,needy,impoverished,poorer,homeless,,,0.8955,poor,0.8955,needy,impoverished,hungry,poorer,0.0331,rich,0.9361,needy,impoverished,hungry,poorer,,,0.0063,women,0.0872,old,foe,children,girls,0.0002,women,0.1036,old,foe,children,girls
100,alike,j-coordinated,106,well,badly,0.0059,ill,0.1475,poor,weak,not,good,0.1616,well,0.1616,poor,weak,not,good,1,0,1,0,,,0.001,poor,0.2034,0.0225,wonderfully,0.1277,,0.0001,good,0.0979,0.0502,wonderfully,0.0998,,,0.001,poor,0.2034,thirsty,ill,good,weak,0.0225,wonderfully,0.1277,thirsty,ill,good,weak,,,0.0001,good,0.0979,more,truly,all,worse,0.0502,wonderfully,0.0998,more,truly,all,worse,,,0,women,0.0935,old,foe,children,girls,0.0003,women,0.0833,old,foe,children,girls
101,alike,j-coordinated,107,well,sick,0.0248,ill,0.1475,poor,weak,not,good,0.0796,healthy,0.6856,poor,weak,not,good,1,1,1,1,,,0.0171,poor,0.2034,0.0656,healthy,0.3155,,0.0025,good,0.0979,0.1117,healthy,0.2747,,,0.0171,poor,0.2034,thirsty,ill,good,weak,0.0656,healthy,0.3155,thirsty,ill,good,weak,,,0.0025,good,0.0979,more,truly,all,worse,0.1117,healthy,0.2747,more,truly,all,worse,,,0.0002,women,0.0935,old,foe,children,girls,0.0003,women,0.0934,old,foe,children,girls
102,alike,j-coordinated,108,wet,dry,0.8656,dry,0.8656,cold,wet,dirty,dried,0.4018,wet,0.4018,cold,wet,dirty,dried,1,1,1,1,,,0.8478,dry,0.8478,0.6724,wet,0.6724,,0.837,dry,0.837,0.5425,wet,0.5425,,,0.8478,dry,0.8478,cold,dried,cool,icy,0.6724,wet,0.6724,cold,dried,cool,icy,,,0.837,dry,0.837,cold,dirty,clean,dried,0.5425,wet,0.5425,cold,dirty,clean,dried,,,0.0001,women,0.1205,old,foe,children,girls,0,women,0.0869,old,foe,children,girls
103,alike,j-coordinated,109,whole,fresh,0,part,0.4135,partial,parts,whole,incomplete,0,old,0.2763,partial,parts,whole,incomplete,1,1,1,1,,,0.0002,part,0.1074,0,old,0.2903,,0.0004,broken,0.0794,0,seasoned,0.2642,,,0.0002,part,0.1074,partial,parts,broken,imperfect,0,old,0.2903,partial,parts,broken,imperfect,,,0.0004,broken,0.0794,part,flawed,damned,partial,0,seasoned,0.2642,part,flawed,damned,partial,,,0.0001,women,0.081,old,foe,children,girls,0,women,0.0965,old,foe,children,girls
104,alike,j-coordinated,110,win,lose,0.7244,lose,0.7244,loss,defeat,draw,tie,0.5276,win,0.5276,loss,defeat,draw,tie,1,1,1,1,,,0.7423,lose,0.7423,0.5308,win,0.5308,,0.8756,lose,0.8756,0.5613,win,0.5613,,,0.7423,lose,0.7423,loss,fail,win,losers,0.5308,win,0.5308,loss,fail,win,losers,,,0.8756,lose,0.8756,play,fail,Lose,loss,0.5613,win,0.5613,play,fail,Lose,loss,,,0.0001,women,0.1029,old,children,girls,foe,0.0001,women,0.0918,old,children,girls,foe
105,alike,j-coordinated,111,young,old,0.9925,old,0.9925,elderly,older,ancient,aged,0.7964,young,0.7964,elderly,older,ancient,aged,1,1,1,1,,,0.9933,old,0.9933,0.7133,young,0.7133,,0.9926,old,0.9926,0.8897,young,0.8897,,,0.9933,old,0.9933,elderly,older,mature,veteran,0.7133,young,0.7133,elderly,older,mature,veteran,,,0.9926,old,0.9926,older,elderly,mature,ancient,0.8897,young,0.8897,older,elderly,mature,ancient,,,0.0485,women,0.1194,old,children,foe,girls,0.0086,women,0.1294,old,children,foe,girls
106,alike,j-coordinated,112,TRUE,FALSE,0.8344,FALSE,0.8344,FALSE,FALSE,fiction,fake,0.7388,TRUE,0.7388,FALSE,FALSE,fiction,fake,1,0,1,1,,,0.2171,FALSE,0.2171,0.0152,FALSE,0.659,,0,FALSE,0.7513,0.0001,TRUE,0.2112,,,0.2171,FALSE,0.2171,FALSE,not,fiction,lie,0.0152,FALSE,0.659,FALSE,not,fiction,lie,,,0,FALSE,0.7513,fake,FALSE,not,fiction,0.0001,TRUE,0.2112,fake,FALSE,not,fiction,,,0,women,0.104,old,foe,children,girls,0,women,0.0919,old,foe,children,girls
107,alike,j-coordinated,113,busy,idle,0.0273,lazy,0.0655,idle,busy,lonely,tired,0.2213,busy,0.2213,idle,busy,lonely,tired,1,1,1,0,,,0.0176,busy,0.0994,0.0714,busy,0.0714,,0.0033,happy,0.0797,0.0413,productive,0.0434,,,0.0176,busy,0.0994,happy,lazy,lonely,tired,0.0714,busy,0.0714,happy,lazy,lonely,tired,,,0.0033,happy,0.0797,busy,tired,lazy,lonely,0.0413,productive,0.0434,busy,tired,lazy,lonely,,,0,women,0.0847,old,foe,children,girls,0,women,0.114,old,foe,children,girls
108,alike,j-coordinated,114,unwelcome,welcome,0.3994,welcome,0.3994,welcomed,expected,wanted,appreciated,0.0064,fear,0.0571,welcomed,expected,wanted,appreciated,1,1,1,1,,,0.0897,welcome,0.0897,0.0328,unwanted,0.0854,,0.2169,welcome,0.2169,0.0593,welcome,0.1526,,,0.0897,welcome,0.0897,unwelcome,welcomed,unwanted,ignored,0.0328,unwanted,0.0854,unwelcome,welcomed,unwanted,ignored,,,0.2169,welcome,0.2169,welcomed,unwelcome,wanted,expected,0.0593,welcome,0.1526,welcomed,unwelcome,wanted,expected,,,0.0001,women,0.0803,old,foe,children,girls,0,women,0.0788,old,foe,children,girls
109,alike,j-coordinated,115,lawful,unlawful,0.2571,illegal,0.3809,unlawful,illegitimate,criminal,not,0.5425,lawful,0.5425,unlawful,illegitimate,criminal,not,1,1,1,1,,,0.1255,criminal,0.1859,0.0874,lawful,0.0874,,0.1695,criminal,0.2123,0.119,lawful,0.119,,,0.1255,criminal,0.1859,unlawful,illegal,not,criminals,0.0874,lawful,0.0874,unlawful,illegal,not,criminals,,,0.1695,criminal,0.2123,unlawful,illegal,not,criminals,0.119,lawful,0.119,unlawful,illegal,not,criminals,,,0,women,0.0918,old,foe,children,girls,0,women,0.1045,old,foe,children,girls
110,alike,j-coordinated,116,irreversible,reversible,0.0969,temporary,0.1075,reversible,unpredictable,irreversible,contingent,0.1054,irreversible,0.1054,reversible,unpredictable,irreversible,contingent,1,0,1,0,,,0.0548,irreversible,0.2273,0.022,durable,0.0668,,0.0249,irreversible,0.112,0.0004,durable,0.2378,,,0.0548,irreversible,0.2273,reversible,permanent,not,unpredictable,0.022,durable,0.0668,reversible,permanent,not,unpredictable,,,0.0249,irreversible,0.112,durable,permanent,reversible,reusable,0.0004,durable,0.2378,durable,permanent,reversible,reusable,,,0,women,0.0869,old,foe,children,girls,0,women,0.0844,old,foe,children,girls
111,alike,j-coordinated,117,noisy,quiet,0.096,quiet,0.096,silent,peaceful,beautiful,friendly,0.1326,loud,0.3792,silent,peaceful,beautiful,friendly,0,1,0,1,,,0.0068,friendly,0.0359,0.178,loud,0.2158,,0.0038,friendly,0.0511,0.1161,loud,0.1982,,,0.0068,friendly,0.0359,dangerous,beautiful,annoying,not,0.178,loud,0.2158,dangerous,beautiful,annoying,not,,,0.0038,friendly,0.0511,all,dangerous,beautiful,not,0.1161,loud,0.1982,all,dangerous,beautiful,not,,,0.0001,women,0.0978,old,foe,children,girls,0,women,0.1072,old,foe,children,girls
112,alike,j-coordinated,119,integrated,segregated,0.0016,independent,0.0824,separate,isolated,fragmented,separated,0.2204,integrated,0.2204,separate,isolated,fragmented,separated,1,1,1,0,,,0.0005,managed,0.0217,0.094,integrated,0.094,,0.0014,broken,0.0669,0.0869,mixed,0.1232,,,0.0005,managed,0.0217,disconnected,not,integrated,standalone,0.094,integrated,0.094,disconnected,not,integrated,standalone,,,0.0014,broken,0.0669,integrated,disconnected,separated,fragmented,0.0869,mixed,0.1232,integrated,disconnected,separated,fragmented,,,0,women,0.0791,old,foe,children,girls,0,women,0.1014,old,foe,children,girls
113,alike,j-coordinated,121,intangible,tangible,0.5273,tangible,0.5273,physical,real,visible,concrete,0.3959,intangible,0.3959,physical,real,visible,concrete,1,1,0,1,,,0.3886,tangible,0.3886,0.4771,intangible,0.4771,,0.2952,intangible,0.3797,0.5622,intangible,0.5622,,,0.3886,tangible,0.3886,intangible,virtual,material,digital,0.4771,intangible,0.4771,intangible,virtual,material,digital,,,0.2952,intangible,0.3797,tangible,virtual,digital,material,0.5622,intangible,0.5622,tangible,virtual,digital,material,,,0,women,0.1056,old,children,foe,girls,0,women,0.0892,old,children,foe,girls
114,alike,j-coordinated,122,curved,straight,0.4372,straight,0.4372,flat,square,rigid,round,0.0002,gay,0.8964,flat,square,rigid,round,1,1,1,1,,,0.3041,straight,0.3041,0,gay,0.8555,,0.2012,straight,0.2012,0,gay,0.8874,,,0.3041,straight,0.3041,flat,square,round,blunt,0,gay,0.8555,flat,square,round,blunt,,,0.2012,straight,0.2012,flat,round,square,curved,0,gay,0.8874,flat,round,square,curved,,,0.0001,women,0.1518,men,girls,old,children,0,women,0.1426,men,girls,old,children
115,alike,j-coordinated,123,experienced,inexperienced,0.0824,novice,0.235,beginners,new,inexperienced,amateur,0.307,experienced,0.307,beginners,new,inexperienced,amateur,1,0,1,1,,,0.0906,new,0.1701,0.0245,inexperienced,0.3137,,0.1359,novice,0.182,0.3371,experienced,0.3371,,,0.0906,new,0.1701,novice,beginners,inexperienced,newcomers,0.0245,inexperienced,0.3137,novice,beginners,inexperienced,newcomers,,,0.1359,novice,0.182,inexperienced,new,beginners,newcomers,0.3371,experienced,0.3371,inexperienced,new,beginners,newcomers,,,0.0001,women,0.0827,old,foe,children,girls,0.0001,women,0.0862,old,foe,children,girls
116,alike,j-coordinated,124,normal,paranormal,0.003,abnormal,0.14,crazy,insane,freak,superhuman,0.0159,supernatural,0.0747,crazy,insane,freak,superhuman,1,1,1,1,,,0.0012,not,0.1541,0.0342,human,0.1099,,0.0026,crazy,0.112,0.032,real,0.0944,,,0.0012,not,0.1541,abnormal,freak,crazy,insane,0.0342,human,0.1099,abnormal,freak,crazy,insane,,,0.0026,crazy,0.112,insane,freak,abnormal,not,0.032,real,0.0944,insane,freak,abnormal,not,,,0,women,0.1285,old,foe,children,men,0,women,0.0783,old,foe,children,men
117,alike,j-coordinated,125,backward,forward,0.8501,forward,0.8501,forwards,advanced,modern,progressive,0.4937,backward,0.4937,forwards,advanced,modern,progressive,1,1,1,1,,,0.8017,forward,0.8017,0.4897,backward,0.4897,,0.8306,forward,0.8306,0.5688,backward,0.5688,,,0.8017,forward,0.8017,forwards,backward,backwards,sideways,0.4897,backward,0.4897,forwards,backward,backwards,sideways,,,0.8306,forward,0.8306,forwards,backward,backwards,back,0.5688,backward,0.5688,forwards,backward,backwards,back,,,0.0001,women,0.1112,old,foe,children,girls,0.0001,women,0.1189,old,foe,children,girls
118,alike,j-coordinated,126,foreign,native,0.0181,domestic,0.7106,local,locals,native,Chinese,0.035,immigrant,0.3732,local,locals,native,Chinese,1,1,1,1,,,0.0474,domestic,0.5466,0.0161,immigrant,0.2175,,0.0118,domestic,0.6311,0.0173,immigrant,0.3041,,,0.0474,domestic,0.5466,local,locals,native,Indian,0.0161,immigrant,0.2175,local,locals,native,Indian,,,0.0118,domestic,0.6311,local,locals,Indian,Chinese,0.0173,immigrant,0.3041,local,locals,Indian,Chinese,,,0.0002,women,0.0886,old,foe,children,girls,0.0005,women,0.0792,old,foe,children,girls
119,alike,j-coordinated,127,successful,unsuccessful,0.1962,unsuccessful,0.1962,failures,failed,poor,struggling,0.5477,successful,0.5477,failures,failed,poor,struggling,1,1,1,1,,,0.2102,unsuccessful,0.2102,0.2073,successful,0.2073,,0.239,unsuccessful,0.239,0.4292,successful,0.4292,,,0.2102,unsuccessful,0.2102,failed,failures,failure,struggling,0.2073,successful,0.2073,failed,failures,failure,struggling,,,0.239,unsuccessful,0.239,failed,failures,struggling,failing,0.4292,successful,0.4292,failed,failures,struggling,failing,,,0,women,0.0899,old,foe,children,girls,0,women,0.101,old,foe,children,girls
120,alike,j-coordinated,128,ethical,unethical,0.0064,moral,0.0704,financial,religious,political,legal,0.0272,legal,0.0733,financial,religious,political,legal,1,1,1,1,,,0.0484,moral,0.0529,0.0087,immoral,0.0363,,0.0046,moral,0.1291,0.0064,immoral,0.0475,,,0.0484,moral,0.0529,unethical,religious,immoral,illegal,0.0087,immoral,0.0363,unethical,religious,immoral,illegal,,,0.0046,moral,0.1291,religious,immoral,political,practical,0.0064,immoral,0.0475,religious,immoral,political,practical,,,0,women,0.079,old,foe,children,girls,0,women,0.0813,old,foe,children,girls
121,alike,j-coordinated,129,first,second,0.43,second,0.43,last,third,later,worst,0.0336,third,0.8924,last,third,later,worst,1,1,0,1,,,0.332,second,0.332,0.0057,third,0.5971,,0.2464,last,0.3025,0.0026,third,0.8648,,,0.332,second,0.332,last,third,most,worst,0.0057,third,0.5971,last,third,most,worst,,,0.2464,last,0.3025,second,most,third,worst,0.0026,third,0.8648,second,most,third,worst,,,0,women,0.1127,old,children,girls,men,0,women,0.1227,old,children,girls,men
122,alike,j-coordinated,130,central,peripheral,0.2305,peripheral,0.2305,provincial,regional,local,state,0.1056,core,0.276,provincial,regional,local,state,0,0,0,0,,,0.1176,periphery,0.1428,0.4972,central,0.4972,,0.0159,South,0.1123,0.2123,central,0.2123,,,0.1176,periphery,0.1428,peripheral,remote,regional,south,0.4972,central,0.4972,peripheral,remote,regional,south,,,0.0159,South,0.1123,south,southern,Southern,western,0.2123,central,0.2123,south,southern,Southern,western,,,0,women,0.0862,old,foe,children,girls,0,women,0.0645,old,foe,children,girls
123,alike,j-coordinated,131,anti,pro,0.9341,pro,0.9341,for,supporter,pros,yes,0.0009,con,0.9762,for,supporter,pros,yes,1,1,1,1,,,0.7711,pro,0.7711,0.0001,amateur,0.6555,,0.9169,pro,0.9169,0.0006,con,0.4147,,,0.7711,pro,0.7711,believers,anti,believer,pros,0.0001,amateur,0.6555,believers,anti,believer,pros,,,0.9169,pro,0.9169,Pro,for,anti,yes,0.0006,con,0.4147,Pro,for,anti,yes,,,0.0001,women,0.0738,old,foe,children,girls,0,women,0.0839,old,foe,children,girls
124,alike,j-coordinated,132,dangerous,safe,0.008,beautiful,0.0382,friendly,innocent,dangerous,useful,0.0821,dangerous,0.0821,friendly,innocent,dangerous,useful,1,0,1,0,,,0.0111,dangerous,0.0656,0.0546,secure,0.0844,,0.0105,beautiful,0.0697,0.0238,secure,0.1077,,,0.0111,dangerous,0.0656,innocent,harmless,helpful,beautiful,0.0546,secure,0.0844,innocent,harmless,helpful,beautiful,,,0.0105,beautiful,0.0697,dangerous,deadly,charming,useful,0.0238,secure,0.1077,dangerous,deadly,charming,useful,,,0,women,0.0925,old,foe,children,girls,0,women,0.109,old,foe,children,girls
125,alike,j-coordinated,133,bottom,top,0.9035,top,0.9035,middle,tops,head,sides,0.9676,bottom,0.9676,middle,tops,head,sides,1,1,1,1,,,0.5349,top,0.5349,0.8945,bottom,0.8945,,0.809,top,0.809,0.951,bottom,0.951,,,0.5349,top,0.5349,middle,bottom,center,not,0.8945,bottom,0.8945,middle,bottom,center,not,,,0.809,top,0.809,middle,bottom,head,tops,0.951,bottom,0.951,middle,bottom,head,tops,,,0.0001,women,0.0915,old,children,foe,girls,0.0001,women,0.0752,old,children,foe,girls
126,alike,j-coordinated,134,junior,senior,0.9116,senior,0.9116,seniors,sophomore,veteran,freshman,0.9039,junior,0.9039,seniors,sophomore,veteran,freshman,1,1,1,1,,,0.6532,senior,0.6532,0.4889,junior,0.4889,,0.8274,senior,0.8274,0.6372,junior,0.6372,,,0.6532,senior,0.6532,seniors,pro,veteran,freshman,0.4889,junior,0.4889,seniors,pro,veteran,freshman,,,0.8274,senior,0.8274,Senior,seniors,sophomore,freshman,0.6372,junior,0.6372,Senior,seniors,sophomore,freshman,,,0.0001,women,0.0799,old,children,foe,girls,0.0001,women,0.0724,old,children,foe,girls
127,alike,j-coordinated,135,regulated,unregulated,0.3913,unregulated,0.3913,not,free,private,regulated,0.4879,regulated,0.4879,not,free,private,regulated,1,1,1,1,,,0.571,unregulated,0.571,0.3833,regulated,0.3833,,0.7513,unregulated,0.7513,0.7957,regulated,0.7957,,,0.571,unregulated,0.571,not,regulated,private,illegal,0.3833,regulated,0.3833,not,regulated,private,illegal,,,0.7513,unregulated,0.7513,regulated,not,private,governed,0.7957,regulated,0.7957,regulated,not,private,governed,,,0,women,0.1436,men,children,girls,old,0,women,0.0917,men,children,girls,old
128,alike,j-coordinated,136,accurate,inaccurate,0.1539,inaccurate,0.1539,misleading,incorrect,accurate,unreliable,0.1272,accurate,0.1272,misleading,incorrect,accurate,unreliable,0,0,0,0,,,0.0418,accurate,0.0549,0.0057,misleading,0.227,,0.0183,accurate,0.0686,0.0148,misleading,0.1233,,,0.0418,accurate,0.0549,inaccurate,misleading,fair,not,0.0057,misleading,0.227,inaccurate,misleading,fair,not,,,0.0183,accurate,0.0686,fair,honest,reliable,inaccurate,0.0148,misleading,0.1233,fair,honest,reliable,inaccurate,,,0,women,0.1017,old,children,foe,girls,0,women,0.086,old,children,foe,girls
129,alike,j-coordinated,137,loud,soft,0.0209,quiet,0.1345,silent,small,gentle,soft,0.0004,hard,0.8187,silent,small,gentle,soft,1,1,1,1,,,0.0047,clear,0.1247,0,hard,0.8332,,0.0035,proud,0.1179,0.0004,hard,0.634,,,0.0047,clear,0.1247,proud,beautiful,quiet,silent,0,hard,0.8332,proud,beautiful,quiet,silent,,,0.0035,proud,0.1179,clear,beautiful,quiet,silent,0.0004,hard,0.634,clear,beautiful,quiet,silent,,,0.0001,women,0.1115,old,children,girls,foe,0,women,0.1162,old,children,girls,foe
130,alike,j-coordinated,138,lax,tense,0.0006,aggressive,0.0451,vigilant,rigid,strict,conservative,0.0018,tense,0.0498,vigilant,rigid,strict,conservative,1,1,1,1,,,0.0003,lax,0.0334,0.0036,present,0.0669,,0.0009,lazy,0.0913,0.0015,tense,0.0757,,,0.0003,lax,0.0334,lazy,aggressive,conservative,dangerous,0.0036,present,0.0669,lazy,aggressive,conservative,dangerous,,,0.0009,lazy,0.0913,weak,lax,stupid,lame,0.0015,tense,0.0757,weak,lax,stupid,lame,,,0,women,0.0744,old,foe,children,girls,0,women,0.1096,old,foe,children,girls
131,alike,j-coordinated,139,functional,organic,0.0002,aesthetic,0.3023,cosmetic,emotional,decorative,symbolic,0,conventional,0.7555,cosmetic,emotional,decorative,symbolic,1,1,1,1,,,0.0002,aesthetic,0.073,0.0001,conventional,0.4621,,0.0002,aesthetic,0.297,0.0001,conventional,0.4746,,,0.0002,aesthetic,0.073,decorative,functional,practical,symbolic,0.0001,conventional,0.4621,decorative,functional,practical,symbolic,,,0.0002,aesthetic,0.297,decorative,cosmetic,aesthetics,utilitarian,0.0001,conventional,0.4746,decorative,cosmetic,aesthetics,utilitarian,,,0,women,0.0984,old,foe,children,girls,0,women,0.09,old,foe,children,girls
132,alike,j-coordinated,140,joint,separate,0.0254,individual,0.0711,independent,private,single,separate,0,yet,0.4251,independent,private,single,separate,1,1,1,1,,,0.0003,body,0.0424,0.0001,bound,0.1237,,0.0199,individual,0.1787,0.0001,treated,0.1157,,,0.0003,body,0.0424,limb,individual,heart,mind,0.0001,bound,0.1237,limb,individual,heart,mind,,,0.0199,individual,0.1787,personal,single,separate,singular,0.0001,treated,0.1157,personal,single,separate,singular,,,0,women,0.0959,old,foe,children,girls,0,women,0.122,old,foe,children,girls
133,alike,j-coordinated,142,bound,free,0.1564,free,0.1564,bound,damned,freed,not,0.0001,paid,0.0646,bound,damned,freed,not,1,1,1,1,,,0.1299,free,0.1299,0.0001,paid,0.1175,,0.2842,free,0.2842,0.0004,paid,0.0503,,,0.1299,free,0.1299,bound,determined,damned,tempted,0.0001,paid,0.1175,bound,determined,damned,tempted,,,0.2842,free,0.2842,bound,freed,damned,not,0.0004,paid,0.0503,bound,freed,damned,not,,,0.0697,bound,0.0996,damned,free,women,tied,0,women,0.1374,damned,free,women,tied
134,alike,j-coordinated,143,future,past,0.3937,present,0.5445,past,now,current,history,0.038,present,0.9574,past,now,current,history,0,1,0,1,,,0.6695,past,0.6695,0.116,present,0.8799,,0.6335,past,0.6335,0.081,present,0.9058,,,0.6695,past,0.6695,present,now,history,today,0.116,present,0.8799,present,now,history,today,,,0.6335,past,0.6335,present,now,history,Past,0.081,present,0.9058,present,now,history,Past,,,0.0004,women,0.0697,old,foe,children,fans,0.0003,women,0.0792,old,foe,children,fans
135,alike,j-coordinated,144,inside,outside,0.4742,out,0.5072,outside,without,off,outer,0.8576,inside,0.8576,outside,without,off,outer,0,1,1,1,,,0.6021,outside,0.6021,0.8734,inside,0.8734,,0.4291,out,0.5587,0.7722,inside,0.7722,,,0.6021,outside,0.6021,out,without,outs,beyond,0.8734,inside,0.8734,out,without,outs,beyond,,,0.4291,out,0.5587,outside,without,outdoors,Out,0.7722,inside,0.7722,outside,without,outdoors,Out,,,0.0001,women,0.0906,old,children,foe,girls,0,women,0.0728,old,children,foe,girls
136,alike,j-coordinated,145,unwilling,willing,0.2165,willing,0.2165,able,capable,eager,ready,0.1003,unwilling,0.1003,able,capable,eager,ready,0,1,0,1,,,0.0073,able,0.0986,0.0927,unwilling,0.0927,,0.0152,able,0.1853,0.0746,unwilling,0.0746,,,0.0073,able,0.0986,unable,not,unwilling,unprepared,0.0927,unwilling,0.0927,unable,not,unwilling,unprepared,,,0.0152,able,0.1853,unable,capable,desperate,determined,0.0746,unwilling,0.0746,unable,capable,desperate,determined,,,0,women,0.0744,old,foe,children,girls,0,women,0.0837,old,foe,children,girls
137,alike,j-coordinated,146,limited,unlimited,0.0121,regular,0.1553,common,standard,commercial,general,0.2411,limited,0.2411,common,standard,commercial,general,1,1,1,1,,,0.0097,common,0.0788,0.1433,limited,0.1433,,0.0073,not,0.071,0.1744,limited,0.1744,,,0.0097,common,0.0788,not,otherwise,others,general,0.1433,limited,0.1433,not,otherwise,others,general,,,0.0073,not,0.071,otherwise,common,priced,regular,0.1744,limited,0.1744,otherwise,common,priced,regular,,,0,women,0.0879,old,foe,children,girls,0,women,0.0974,old,foe,children,girls
138,alike,j-coordinated,147,clear,unclear,0.0027,concise,0.0249,confusing,confused,loud,opaque,0.0021,unknown,0.0452,confusing,confused,loud,opaque,1,1,1,1,,,0.0008,the,0.0589,0.0054,confused,0.0341,,0.0004,the,0.0602,0.0265,confused,0.0492,,,0.0008,the,0.0589,not,see,all,look,0.0054,confused,0.0341,not,see,all,look,,,0.0004,the,0.0602,all,not,see,crystal,0.0265,confused,0.0492,all,not,see,crystal,,,0,women,0.1453,men,children,old,girls,0.0001,women,0.0998,men,children,old,girls
139,alike,j-coordinated,148,cool,warm,0.0019,cool,0.0539,old,hip,not,young,0.0964,cold,0.7498,old,hip,not,young,1,1,1,1,,,0.0025,cool,0.0562,0.0357,cold,0.8618,,0.0043,cool,0.07,0.1035,cold,0.643,,,0.0025,cool,0.0562,old,not,crazy,stupid,0.0357,cold,0.8618,old,not,crazy,stupid,,,0.0043,cool,0.07,not,scary,crazy,stupid,0.1035,cold,0.643,not,scary,crazy,stupid,,,0,women,0.0817,old,foe,children,girls,0,women,0.0858,old,foe,children,girls
140,alike,j-coordinated,149,smart,stupid,0.1803,dumb,0.1822,stupid,foolish,poor,naive,0.0756,smart,0.0756,stupid,foolish,poor,naive,1,0,1,0,,,0.2089,dumb,0.2875,0.0344,stupid,0.1073,,0.1279,dumb,0.153,0.034,stupid,0.1395,,,0.2089,dumb,0.2875,stupid,poor,smart,clueless,0.0344,stupid,0.1073,stupid,poor,smart,clueless,,,0.1279,dumb,0.153,stupid,foolish,ugly,poor,0.034,stupid,0.1395,stupid,foolish,ugly,poor,,,0.0004,women,0.0873,old,children,foe,girls,0.0003,women,0.1228,old,children,foe,girls
141,alike,j-coordinated,150,compatible,incompatible,0.1625,incompatible,0.1625,not,compatible,different,flawed,0.1623,incompatible,0.385,not,compatible,different,flawed,1,1,0,1,,,0.1606,incompatible,0.1606,0.0529,incompatible,0.3953,,0.0026,priced,0.0422,0.0366,incompatible,0.2875,,,0.1606,incompatible,0.1606,not,compatible,flawed,different,0.0529,incompatible,0.3953,not,compatible,flawed,different,,,0.0026,priced,0.0422,affordable,look,cost,all,0.0366,incompatible,0.2875,affordable,look,cost,all,,,0,women,0.0974,old,foe,children,girls,0,women,0.0843,old,foe,children,girls
142,alike,j-coordinated,151,favorable,unfavorable,0.9352,unfavorable,0.9352,adverse,negative,hostile,critical,0.7899,favorable,0.7899,adverse,negative,hostile,critical,1,0,1,0,,,0.8451,unfavorable,0.8451,0.0514,unfavorable,0.7365,,0.8264,unfavorable,0.8264,0.2057,unfavorable,0.5397,,,0.8451,unfavorable,0.8451,negative,adverse,hostile,critical,0.0514,unfavorable,0.7365,negative,adverse,hostile,critical,,,0.8264,unfavorable,0.8264,negative,adverse,Negative,hostile,0.2057,unfavorable,0.5397,negative,adverse,Negative,hostile,,,0,women,0.1639,men,children,girls,foe,0,women,0.1383,men,children,girls,foe
143,alike,j-coordinated,152,immature,mature,0.1391,mature,0.1391,adult,experienced,competent,intelligent,0.0412,young,0.2056,adult,experienced,competent,intelligent,1,1,0,1,,,0.207,mature,0.207,0.027,young,0.3619,,0.0305,young,0.0471,0.0276,young,0.4023,,,0.207,mature,0.207,adult,sophisticated,advanced,old,0.027,young,0.3619,adult,sophisticated,advanced,old,,,0.0305,young,0.0471,mature,immature,vulnerable,naive,0.0276,young,0.4023,mature,immature,vulnerable,naive,,,0.0001,women,0.1079,old,foe,children,girls,0,women,0.1156,old,foe,children,girls
144,alike,j-coordinated,153,bold,timid,0.041,brave,0.0633,daring,timid,courageous,bold,0.2542,bold,0.2542,daring,timid,courageous,bold,1,1,1,0,,,0.014,bold,0.2202,0.0699,bold,0.0699,,0.0007,bold,0.1353,0.0501,stubborn,0.0921,,,0.014,bold,0.2202,brave,stupid,foolish,courageous,0.0699,bold,0.0699,brave,stupid,foolish,courageous,,,0.0007,bold,0.1353,brave,stupid,scary,courageous,0.0501,stubborn,0.0921,brave,stupid,scary,courageous,,,0.0001,women,0.1105,old,children,foe,girls,0.0003,women,0.103,old,children,foe,girls
145,alike,j-coordinated,154,paid,unpaid,0.4686,unpaid,0.4686,volunteer,volunteers,not,free,0.2229,paid,0.2229,volunteer,volunteers,not,free,1,0,1,1,,,0.2681,unpaid,0.2681,0.0506,unpaid,0.0577,,0.3129,unpaid,0.3129,0.1254,paid,0.1254,,,0.2681,unpaid,0.2681,not,volunteer,volunteers,interns,0.0506,unpaid,0.0577,not,volunteer,volunteers,interns,,,0.3129,unpaid,0.3129,volunteer,free,not,volunteers,0.1254,paid,0.1254,volunteer,free,not,volunteers,,,0,women,0.1131,old,men,children,girls,0.0001,women,0.0872,old,men,children,girls
146,alike,j-coordinated,155,local,national,0.4056,national,0.4056,international,regional,global,foreign,0.5366,local,0.5366,international,regional,global,foreign,0,1,0,1,,,0.1593,visitors,0.1826,0.3407,local,0.3407,,0.1454,visitors,0.2359,0.5413,local,0.5413,,,0.1593,visitors,0.1826,national,international,tourists,foreign,0.3407,local,0.3407,national,international,tourists,foreign,,,0.1454,visitors,0.2359,national,tourists,international,foreign,0.5413,local,0.5413,national,tourists,international,foreign,,,0.0002,women,0.0768,old,foe,children,girls,0.0006,women,0.0934,old,foe,children,girls
147,alike,j-coordinated,156,appropriate,inappropriate,0.4815,inappropriate,0.4815,not,appropriate,unacceptable,otherwise,0.084,appropriate,0.084,not,appropriate,unacceptable,otherwise,0,0,1,0,,,0.0215,ignorant,0.0428,0.02,inappropriate,0.1296,,0.1174,inappropriate,0.1174,0.0338,inappropriate,0.1189,,,0.0215,ignorant,0.0428,not,women,inappropriate,curious,0.02,inappropriate,0.1296,not,women,inappropriate,curious,,,0.1174,inappropriate,0.1174,appropriate,not,unnecessary,reasonable,0.0338,inappropriate,0.1189,appropriate,not,unnecessary,reasonable,,,0,women,0.0938,old,children,foe,girls,0,women,0.0951,old,children,foe,girls
148,alike,j-coordinated,157,valuable,worthless,0.0368,valuable,0.0797,useless,worthless,unwanted,useful,0.1952,valuable,0.1952,useless,worthless,unwanted,useful,1,1,1,1,,,0.0189,useless,0.0599,0.1577,valuable,0.1577,,0.0285,useless,0.0662,0.1321,valuable,0.1321,,,0.0189,useless,0.0599,valuable,useful,unwanted,dangerous,0.1577,valuable,0.1577,valuable,useful,unwanted,dangerous,,,0.0285,useless,0.0662,valuable,useful,worthless,dangerous,0.1321,valuable,0.1321,valuable,useful,worthless,dangerous,,,0,women,0.0949,old,foe,children,girls,0,women,0.1086,old,foe,children,girls
149,alike,j-coordinated,158,immoral,moral,0.1475,moral,0.1475,ethical,legal,virtuous,illegal,0.0014,political,0.1461,ethical,legal,virtuous,illegal,0,1,1,1,,,0.0102,ethical,0.0698,0.0017,religious,0.0801,,0.0548,moral,0.0548,0.0013,practical,0.0884,,,0.0102,ethical,0.0698,legal,illegal,religious,unethical,0.0017,religious,0.0801,legal,illegal,religious,unethical,,,0.0548,moral,0.0548,ethical,practical,substantive,consequential,0.0013,practical,0.0884,ethical,practical,substantive,consequential,,,0,women,0.0994,old,foe,children,girls,0,women,0.0925,old,foe,children,girls
150,alike,j-coordinated,159,alternate,opposite,0.0001,real,0.1751,traditional,mainstream,regular,classic,0,more,0.0698,traditional,mainstream,regular,classic,1,1,1,1,,,0.0001,mainstream,0.2801,0,exactly,0.1645,,0,real,0.1588,0,more,0.1325,,,0.0001,mainstream,0.2801,real,truth,reality,factual,0,exactly,0.1645,real,truth,reality,factual,,,0,real,0.1588,TRUE,reality,truth,historical,0,more,0.1325,TRUE,reality,truth,historical,,,0,women,0.0871,old,foe,children,girls,0,women,0.1171,old,foe,children,girls
151,alike,j-coordinated,160,domestic,foreign,0.6455,foreign,0.6455,international,overseas,foreigners,global,0.7106,domestic,0.7106,international,overseas,foreigners,global,1,1,1,1,,,0.5637,foreign,0.5637,0.5466,domestic,0.5466,,0.4497,foreign,0.4497,0.6311,domestic,0.6311,,,0.5637,foreign,0.5637,international,abroad,overseas,foreigners,0.5466,domestic,0.5466,international,abroad,overseas,foreigners,,,0.4497,foreign,0.4497,international,abroad,foreigners,overseas,0.6311,domestic,0.6311,international,abroad,foreigners,overseas,,,0.0006,women,0.0747,old,foe,children,politicians,0.0003,women,0.0886,old,foe,children,politicians
152,alike,j-coordinated,161,adoptive,biological,0.1509,foster,0.4008,biological,surrogate,adoptive,sibling,0.0001,chemical,0.1035,biological,surrogate,adoptive,sibling,1,1,1,1,,,0.0189,foster,0.2369,0.0001,political,0.0497,,0.0192,foster,0.1494,0.0001,political,0.0734,,,0.0189,foster,0.2369,adoptive,parents,parental,adopted,0.0001,political,0.0497,adoptive,parents,parental,adopted,,,0.0192,foster,0.1494,adoptive,parents,adopted,parental,0.0001,political,0.0734,adoptive,parents,adopted,parental,,,0,women,0.0854,old,foe,children,girls,0,women,0.0872,old,foe,children,girls
153,alike,j-coordinated,162,conservative,liberal,0.8828,liberal,0.8828,progressive,leftist,socialist,libertarian,0.965,conservative,0.965,progressive,leftist,socialist,libertarian,1,1,1,1,,,0.8601,liberal,0.8601,0.7345,conservative,0.7345,,0.8748,liberal,0.8748,0.8719,conservative,0.8719,,,0.8601,liberal,0.8601,liberals,progressive,libertarian,leftist,0.7345,conservative,0.7345,liberals,progressive,libertarian,leftist,,,0.8748,liberal,0.8748,Liberal,progressive,leftist,libertarian,0.8719,conservative,0.8719,Liberal,progressive,leftist,libertarian,,,0.0017,women,0.0872,old,foe,children,conservatives,0.0039,women,0.0857,old,foe,children,conservatives
154,alike,j-coordinated,163,natural,supernatural,0.0618,artificial,0.3314,unnatural,human,supernatural,synthetic,0.0734,mundane,0.1762,unnatural,human,supernatural,synthetic,1,1,1,1,,,0.0121,synthetic,0.1864,0.0114,human,0.0881,,0.0033,artificial,0.3302,0.0014,supernatural,0.0995,,,0.0121,synthetic,0.1864,artificial,human,unnatural,educated,0.0114,human,0.0881,artificial,human,unnatural,educated,,,0.0033,artificial,0.3302,synthetic,unnatural,manufactured,engineered,0.0014,supernatural,0.0995,synthetic,unnatural,manufactured,engineered,,,0,women,0.1731,men,girls,children,old,0,women,0.096,men,girls,children,old
155,alike,j-coordinated,164,prepared,unprepared,0.8085,unprepared,0.8085,not,careless,prepared,ignorant,0.0358,experienced,0.049,not,careless,prepared,ignorant,1,1,1,1,,,0.5917,unprepared,0.5917,0.0772,unprepared,0.1979,,0.6846,unprepared,0.6846,0.3221,unprepared,0.3838,,,0.5917,unprepared,0.5917,anxious,not,fearful,prepared,0.0772,unprepared,0.1979,anxious,not,fearful,prepared,,,0.6846,unprepared,0.6846,prepared,scared,ready,fearful,0.3221,unprepared,0.3838,prepared,scared,ready,fearful,,,0,women,0.1601,men,children,girls,old,0,women,0.0784,men,children,girls,old
156,alike,j-coordinated,165,extensive,intensive,0.0006,short,0.0398,obscure,brief,limited,small,0.0013,casual,0.0855,obscure,brief,limited,small,1,1,1,1,,,0.0008,varied,0.0101,0,women,0.0486,,0.0003,exhaustive,0.0204,0.0011,simple,0.0201,,,0.0008,varied,0.0101,exhaustive,limited,extensive,controversial,0,women,0.0486,exhaustive,limited,extensive,controversial,,,0.0003,exhaustive,0.0204,comprehensive,varied,concise,accessible,0.0011,simple,0.0201,comprehensive,varied,concise,accessible,,,0,women,0.0883,old,foe,children,girls,0,women,0.0953,old,foe,children,girls
157,alike,j-coordinated,166,reasonable,unreasonable,0.2704,unreasonable,0.2704,irrational,insane,crazy,reasonable,0.2006,reasonable,0.2006,irrational,insane,crazy,reasonable,1,0,1,0,,,0.4464,unreasonable,0.4464,0.1249,unreasonable,0.1613,,0.4093,unreasonable,0.4093,0.1163,unreasonable,0.1178,,,0.4464,unreasonable,0.4464,irrational,insane,crazy,reasonable,0.1249,unreasonable,0.1613,irrational,insane,crazy,reasonable,,,0.4093,unreasonable,0.4093,irrational,reasonable,insane,crazy,0.1163,unreasonable,0.1178,irrational,reasonable,insane,crazy,,,0,women,0.1133,old,foe,children,men,0.0002,women,0.1027,old,foe,children,men
158,alike,j-coordinated,168,even,odd,0.1014,odd,0.1014,not,stranger,poor,unjust,0.0005,normal,0.0537,not,stranger,poor,unjust,0,0,1,1,,,0.0059,strangers,0.1154,0.3595,even,0.3595,,0.2446,odd,0.2446,0.0027,normal,0.0671,,,0.0059,strangers,0.1154,stranger,losers,poor,women,0.3595,even,0.3595,stranger,losers,poor,women,,,0.2446,odd,0.2446,Odd,unfair,even,not,0.0027,normal,0.0671,Odd,unfair,even,not,,,0,women,0.0788,old,foe,children,girls,0,women,0.1115,old,foe,children,girls
159,alike,j-coordinated,169,fancy,plain,0.0041,mundane,0.0328,practical,common,ordinary,substance,0.1023,fancy,0.1023,practical,common,ordinary,substance,1,0,1,0,,,0.0075,practical,0.1412,0.0715,sophisticated,0.0988,,0.0045,practical,0.0764,0.0024,simple,0.5735,,,0.0075,practical,0.1412,simple,ordinary,cheap,casual,0.0715,sophisticated,0.0988,simple,ordinary,cheap,casual,,,0.0045,practical,0.0764,simple,silly,crazy,smart,0.0024,simple,0.5735,simple,silly,crazy,smart,,,0,women,0.1019,old,children,girls,foe,0,women,0.1786,old,children,girls,foe
160,alike,j-coordinated,170,insufficient,sufficient,0.0544,insufficient,0.199,inadequate,excessive,sufficient,excess,0.3604,insufficient,0.3604,inadequate,excessive,sufficient,excess,1,0,1,1,,,0.024,insufficient,0.1528,0.0018,others,0.0385,,0.0146,insufficient,0.1251,0.3031,insufficient,0.3031,,,0.024,insufficient,0.1528,excessive,inadequate,excess,unnecessary,0.0018,others,0.0385,excessive,inadequate,excess,unnecessary,,,0.0146,insufficient,0.1251,inadequate,excessive,unnecessary,sufficient,0.3031,insufficient,0.3031,inadequate,excessive,unnecessary,sufficient,,,0,women,0.1143,old,children,foe,girls,0,women,0.1408,old,children,foe,girls
161,alike,j-coordinated,171,brave,cowardly,0.0845,cowardly,0.0845,timid,stupid,foolish,naive,0.1655,brave,0.1655,timid,stupid,foolish,naive,0,1,0,1,,,0.0313,stupid,0.0533,0.0563,brave,0.0563,,0.0652,foolish,0.109,0.0905,brave,0.0905,,,0.0313,stupid,0.0533,foolish,cowardly,naive,timid,0.0563,brave,0.0563,foolish,cowardly,naive,timid,,,0.0652,foolish,0.109,cowardly,stupid,timid,fearful,0.0905,brave,0.0905,cowardly,stupid,timid,fearful,,,0,women,0.0847,old,foe,children,girls,0.0001,women,0.0839,old,foe,children,girls
162,alike,j-coordinated,172,official,unofficial,0.6767,unofficial,0.6767,private,informal,citizen,civilian,0.7164,official,0.7164,private,informal,citizen,civilian,1,0,1,0,,,0.9468,unofficial,0.9468,0.03,unofficial,0.7991,,0.9255,unofficial,0.9255,0.1721,unofficial,0.7569,,,0.9468,unofficial,0.9468,not,informal,otherwise,critics,0.03,unofficial,0.7991,not,informal,otherwise,critics,,,0.9255,unofficial,0.9255,informal,not,private,official,0.1721,unofficial,0.7569,informal,not,private,official,,,0,women,0.0777,old,children,foe,girls,0.0001,women,0.0828,old,children,foe,girls
163,alike,j-coordinated,173,minus,plus,0.7282,plus,0.7282,positive,more,+,zero,0.4568,minus,0.4568,positive,more,+,zero,1,1,1,0,,,0.2494,plus,0.2494,0.8739,minus,0.8739,,0.4772,plus,0.4772,0.0459,zero,0.123,,,0.2494,plus,0.2494,positive,zero,more,above,0.8739,minus,0.8739,positive,zero,more,above,,,0.4772,plus,0.4772,Plus,positive,minus,not,0.0459,zero,0.123,Plus,positive,minus,not,,,0,women,0.0816,old,foe,children,girls,0,women,0.0768,old,foe,children,girls
164,alike,j-coordinated,174,affected,unaffected,0.0312,affected,0.049,not,unaffected,bystanders,concerned,0.0714,affected,0.0714,not,unaffected,bystanders,concerned,1,0,1,0,,,0.0208,affected,0.0519,0.0202,unaffected,0.0203,,0.0552,affected,0.1167,0.051,unaffected,0.0526,,,0.0208,affected,0.0519,unaffected,supporters,advocates,experts,0.0202,unaffected,0.0203,unaffected,supporters,advocates,experts,,,0.0552,affected,0.1167,bystanders,observers,unaffected,not,0.051,unaffected,0.0526,bystanders,observers,unaffected,not,,,0,women,0.0803,old,foe,children,girls,0,women,0.0719,old,foe,children,girls
165,alike,j-coordinated,175,amateur,professional,0.8474,professional,0.8474,pro,expert,professionals,elite,0.4543,amateur,0.4543,pro,expert,professionals,elite,1,1,1,1,,,0.7346,professional,0.7346,0.8297,amateur,0.8297,,0.8355,professional,0.8355,0.8083,amateur,0.8083,,,0.7346,professional,0.7346,pro,expert,professionals,pros,0.8297,amateur,0.8297,pro,expert,professionals,pros,,,0.8355,professional,0.8355,pro,expert,professionals,pros,0.8083,amateur,0.8083,pro,expert,professionals,pros,,,0.0019,women,0.0719,old,foe,children,girls,0.0026,women,0.0666,old,foe,children,girls
166,alike,j-coordinated,176,multiple,single,0.0513,small,0.0811,single,individual,singular,one,0.0079,married,0.1437,single,individual,singular,one,1,1,1,1,,,0.0107,small,0.0329,0.0004,all,0.0713,,0.0199,many,0.0258,0.0002,all,0.0669,,,0.0107,small,0.0329,female,simple,FALSE,individual,0.0004,all,0.0713,female,simple,FALSE,individual,,,0.0199,many,0.0258,individual,all,single,not,0.0002,all,0.0669,individual,all,single,not,,,0,women,0.0798,old,foe,children,girls,0,women,0.12,old,foe,children,girls
167,alike,j-coordinated,177,powerful,powerless,0.396,powerless,0.396,vulnerable,weak,poor,humble,0.5695,powerful,0.5695,vulnerable,weak,poor,humble,1,0,1,1,,,0.673,powerless,0.673,0.3427,powerless,0.3507,,0.3008,powerless,0.3008,0.2564,powerful,0.2564,,,0.673,powerless,0.673,weak,vulnerable,poor,helpless,0.3427,powerless,0.3507,weak,vulnerable,poor,helpless,,,0.3008,powerless,0.3008,weak,vulnerable,powerful,insignificant,0.2564,powerful,0.2564,weak,vulnerable,powerful,insignificant,,,0,women,0.0952,old,children,foe,girls,0.0004,women,0.082,old,children,foe,girls
168,alike,j-coordinated,178,close,distant,0.2214,strangers,0.2337,distant,acquaintances,enemies,foes,0.2307,close,0.2307,distant,acquaintances,enemies,foes,1,1,1,1,,,0.0345,far,0.3133,0.219,close,0.219,,0.066,far,0.432,0.1373,close,0.1373,,,0.0345,far,0.3133,not,distant,distance,all,0.219,close,0.219,not,distant,distance,all,,,0.066,far,0.432,distant,not,all,distance,0.1373,close,0.1373,distant,not,all,distance,,,0,women,0.1042,old,children,foe,girls,0.0002,women,0.0886,old,children,foe,girls
169,alike,j-coordinated,179,virtuous,wicked,0.3104,wicked,0.3104,evil,corrupt,sinners,guilty,0.1118,righteous,0.4008,evil,corrupt,sinners,guilty,1,1,0,1,,,0.2314,wicked,0.2314,0.057,innocent,0.0699,,0.0017,humble,0.0239,0.0091,wicked,0.0639,,,0.2314,wicked,0.2314,sinners,guilty,perverse,evil,0.057,innocent,0.0699,sinners,guilty,perverse,evil,,,0.0017,humble,0.0239,modest,vulnerable,innocent,elegant,0.0091,wicked,0.0639,modest,vulnerable,innocent,elegant,,,0.0001,women,0.1272,old,children,girls,men,0,women,0.0885,old,children,girls,men
170,alike,j-coordinated,180,comfortable,uncomfortable,0.0385,uncomfortable,0.0385,luxurious,stylish,comfortable,sexy,0.0182,curious,0.0318,luxurious,stylish,comfortable,sexy,0,1,0,1,,,0.0023,stylish,0.1066,0.0128,dangerous,0.0364,,0.0143,comfortable,0.0535,0.0276,uncomfortable,0.0671,,,0.0023,stylish,0.1066,fashionable,comfortable,practical,elegant,0.0128,dangerous,0.0364,fashionable,comfortable,practical,elegant,,,0.0143,comfortable,0.0535,stylish,luxurious,beautiful,cool,0.0276,uncomfortable,0.0671,stylish,luxurious,beautiful,cool,,,0,women,0.1709,men,girls,children,old,0,women,0.1169,men,girls,children,old
171,alike,j-coordinated,181,general,specific,0.0705,individual,0.1198,specific,individuals,politicians,particular,0.6112,general,0.6112,specific,individuals,politicians,particular,1,1,1,1,,,0.0024,individual,0.0254,0.1288,general,0.1288,,0.0004,politician,0.083,0.4215,general,0.4215,,,0.0024,individual,0.0254,president,politician,general,staff,0.1288,general,0.1288,president,politician,general,staff,,,0.0004,politician,0.083,civilian,soldier,general,officer,0.4215,general,0.4215,civilian,soldier,general,officer,,,0,women,0.1048,old,foe,children,girls,0.0001,women,0.1095,old,foe,children,girls
172,alike,j-coordinated,182,northern,southern,0.9453,southern,0.9453,south,Southern,western,eastern,0.7419,northern,0.7419,south,Southern,western,eastern,1,1,1,1,,,0.8333,southern,0.8333,0.7278,northern,0.7278,,0.4018,Southern,0.5468,0.0655,Northern,0.6683,,,0.8333,southern,0.8333,tropical,Southern,western,eastern,0.7278,northern,0.7278,tropical,Southern,western,eastern,,,0.4018,Southern,0.5468,southern,South,south,western,0.0655,Northern,0.6683,southern,South,south,western,,,0,women,0.0866,old,foe,children,girls,0,women,0.0835,old,foe,children,girls
173,alike,j-coordinated,183,fresh,stale,0.1113,old,0.2763,stale,seasoned,tired,familiar,0.3378,fresh,0.3378,stale,seasoned,tired,familiar,1,0,1,0,,,0.0178,old,0.2903,0.016,dead,0.0393,,0.0631,seasoned,0.2642,0.0032,dead,0.053,,,0.0178,old,0.2903,seasoned,experienced,aged,stale,0.016,dead,0.0393,seasoned,experienced,aged,stale,,,0.0631,seasoned,0.2642,old,stale,aged,experienced,0.0032,dead,0.053,old,stale,aged,experienced,,,0,women,0.0965,old,foe,children,girls,0.0001,women,0.0948,old,foe,children,girls
174,alike,j-coordinated,184,other,same,0.0001,others,0.0276,religious,themselves,women,children,0.0213,not,0.1589,religious,themselves,women,children,1,1,1,1,,,0.0007,self,0.0785,0.0093,more,0.2306,,0.0003,religious,0.0338,0.001,more,0.3082,,,0.0007,self,0.0785,religious,themselves,others,other,0.0093,more,0.2306,religious,themselves,others,other,,,0.0003,religious,0.0338,others,self,children,other,0.001,more,0.3082,others,self,children,other,,,0,women,0.0813,old,children,foe,girls,0.0007,women,0.1137,old,children,foe,girls
175,alike,j-coordinated,185,intense,mild,0.0028,passionate,0.0354,vulnerable,playful,gentle,intense,0.0069,severe,0.0913,vulnerable,playful,gentle,intense,1,1,1,1,,,0.0044,intense,0.0259,0.0154,severe,0.1346,,0.0027,intense,0.0307,0.0073,cold,0.0843,,,0.0044,intense,0.0259,peaceful,fun,painful,passionate,0.0154,severe,0.1346,peaceful,fun,painful,passionate,,,0.0027,intense,0.0307,fun,exhausting,hilarious,funny,0.0073,cold,0.0843,fun,exhausting,hilarious,funny,,,0,women,0.0997,old,foe,children,girls,0,women,0.1198,old,foe,children,girls
176,alike,j-coordinated,186,nominal,real,0.113,real,0.113,actual,substantive,informal,nominal,0.0002,fictional,0.2706,actual,substantive,informal,nominal,0,1,0,1,,,0.0063,final,0.0314,0,fiction,0.2164,,0.004,final,0.2386,0.0001,fake,0.2026,,,0.0063,final,0.0314,not,otherwise,other,descriptive,0,fiction,0.2164,not,otherwise,other,descriptive,,,0.004,final,0.2386,Final,winner,not,last,0.0001,fake,0.2026,Final,winner,not,last,,,0.0001,women,0.1422,old,men,children,girls,0,women,0.105,old,men,children,girls
177,alike,j-coordinated,187,cheap,expensive,0.2282,expensive,0.2282,fancy,pricey,free,luxurious,0.0656,cheap,0.0656,fancy,pricey,free,luxurious,1,1,0,0,,,0.0281,expensive,0.0281,0.0882,cheap,0.0882,,0.012,cheerful,0.0242,0.0143,dangerous,0.0352,,,0.0281,expensive,0.0281,useful,stylish,not,cheerful,0.0882,cheap,0.0882,useful,stylish,not,cheerful,,,0.012,cheerful,0.0242,clean,beautiful,delicious,not,0.0143,dangerous,0.0352,clean,beautiful,delicious,not,,,0,women,0.1509,men,children,girls,foe,0.0002,women,0.0967,men,children,girls,foe
178,alike,j-coordinated,188,active,quiet,0.0001,passive,0.8283,inactive,retired,reactive,dormant,0.0066,loud,0.3792,inactive,retired,reactive,dormant,1,1,1,1,,,0.0002,passive,0.7211,0.0105,loud,0.2158,,0.0002,passive,0.7536,0.0041,loud,0.1982,,,0.0002,passive,0.7211,inactive,retired,dormant,reactive,0.0105,loud,0.2158,inactive,retired,dormant,reactive,,,0.0002,passive,0.7536,retired,inactive,lazy,old,0.0041,loud,0.1982,retired,inactive,lazy,old,,,0.0001,women,0.0943,old,foe,children,girls,0,women,0.1072,old,foe,children,girls
179,alike,j-coordinated,189,insecure,secure,0.0079,confident,0.1708,arrogant,insecure,powerful,greedy,0.024,safe,0.0937,arrogant,insecure,powerful,greedy,1,1,1,1,,,0.026,confident,0.2562,0.0303,vulnerable,0.0804,,0.0451,confident,0.1747,0.012,safe,0.1331,,,0.026,confident,0.2562,insecure,hopeful,empowered,secure,0.0303,vulnerable,0.0804,insecure,hopeful,empowered,secure,,,0.0451,confident,0.1747,insecure,secure,hopeful,vulnerable,0.012,safe,0.1331,insecure,secure,hopeful,vulnerable,,,0,women,0.1024,old,foe,children,girls,0,women,0.1323,old,foe,children,girls
180,alike,j-coordinated,190,eligible,ineligible,0.0817,not,0.3783,ineligible,otherwise,unwilling,poor,0.078,eligible,0.078,ineligible,otherwise,unwilling,poor,1,0,1,1,,,0.1319,not,0.2487,0.0113,not,0.1632,,0.1459,not,0.1508,0.0812,eligible,0.0812,,,0.1319,not,0.2487,ineligible,poor,otherwise,unemployed,0.0113,not,0.1632,ineligible,poor,otherwise,unemployed,,,0.1459,not,0.1508,ineligible,qualified,poor,otherwise,0.0812,eligible,0.0812,ineligible,qualified,poor,otherwise,,,0,women,0.092,old,children,foe,girls,0,women,0.0818,old,children,foe,girls
181,alike,j-coordinated,191,automatic,manual,0.8632,manual,0.8632,human,electric,gas,driver,0.003,manual,0.0342,human,electric,gas,driver,1,1,1,1,,,0.3046,manual,0.3046,0.0092,electronic,0.149,,0.7456,manual,0.7456,0.081,electronic,0.1553,,,0.3046,manual,0.3046,not,automatic,human,rifle,0.0092,electronic,0.149,not,automatic,human,rifle,,,0.7456,manual,0.7456,Manual,automatic,not,human,0.081,electronic,0.1553,Manual,automatic,not,human,,,0,women,0.072,old,foe,children,fans,0,women,0.0833,old,foe,children,fans
182,alike,j-coordinated,192,constructive,destructive,0.7152,destructive,0.7152,constructive,negative,malicious,harmful,0.183,constructive,0.183,constructive,negative,malicious,harmful,1,1,1,0,,,0.6512,destructive,0.6512,0.4731,constructive,0.4731,,0.4937,destructive,0.4937,0.035,destructive,0.0951,,,0.6512,destructive,0.6512,constructive,reactive,malicious,subversive,0.4731,constructive,0.4731,constructive,reactive,malicious,subversive,,,0.4937,destructive,0.4937,constructive,reactive,malicious,hostile,0.035,destructive,0.0951,constructive,reactive,malicious,hostile,,,0,women,0.1042,old,foe,children,girls,0,women,0.092,old,foe,children,girls
183,alike,j-coordinated,193,express,local,0.0763,local,0.0763,express,mail,domestic,commercial,0,national,0.4056,express,mail,domestic,commercial,0,1,0,1,,,0.0337,regular,0.0432,0,visitors,0.1826,,0.1143,regular,0.1342,0,visitors,0.2359,,,0.0337,regular,0.0432,express,local,mail,public,0,visitors,0.1826,express,local,mail,public,,,0.1143,regular,0.1342,local,express,ordinary,standard,0,visitors,0.2359,local,express,ordinary,standard,,,0.0002,women,0.1324,old,foe,men,children,0,women,0.0768,old,foe,men,children
184,alike,j-coordinated,194,finite,infinite,0.8355,infinite,0.8355,eternal,immortal,endless,limitless,0.5273,finite,0.5273,eternal,immortal,endless,limitless,1,1,1,1,,,0.4119,infinite,0.4119,0.6468,finite,0.6468,,0.3487,infinite,0.3487,0.6774,finite,0.6774,,,0.4119,infinite,0.4119,finite,not,indefinite,bounded,0.6468,finite,0.6468,finite,not,indefinite,bounded,,,0.3487,infinite,0.3487,finite,not,eternal,indefinite,0.6774,finite,0.6774,finite,not,eternal,indefinite,,,0,women,0.1253,old,men,children,foe,0,women,0.1751,old,men,children,foe
185,alike,j-coordinated,196,loose,tight,0.0794,tight,0.0794,wild,tame,loose,fair,0.7353,loose,0.7353,wild,tame,loose,fair,0,1,0,1,,,0.0162,loose,0.038,0.7075,loose,0.7075,,0.0099,bound,0.0631,0.5293,loose,0.5293,,,0.0162,loose,0.038,bound,tight,free,tied,0.7075,loose,0.7075,bound,tight,free,tied,,,0.0099,bound,0.0631,loose,tied,fair,mighty,0.5293,loose,0.5293,loose,tied,fair,mighty,,,0,women,0.1059,old,foe,children,girls,0.0001,women,0.0969,old,foe,children,girls
186,alike,j-coordinated,197,acceptable,unacceptable,0.4621,unacceptable,0.4621,objectionable,not,disgusting,acceptable,0.2899,acceptable,0.2899,objectionable,not,disgusting,acceptable,1,0,1,0,,,0.1179,unacceptable,0.1179,0.0252,unacceptable,0.1086,,0.3756,unacceptable,0.3756,0.0303,unacceptable,0.1857,,,0.1179,unacceptable,0.1179,not,despised,rejected,hated,0.0252,unacceptable,0.1086,not,despised,rejected,hated,,,0.3756,unacceptable,0.3756,not,acceptable,disgusting,objectionable,0.0303,unacceptable,0.1857,not,acceptable,disgusting,objectionable,,,0,women,0.083,old,foe,children,girls,0,women,0.0774,old,foe,children,girls
187,alike,j-coordinated,198,authorized,unauthorized,0.6219,unauthorized,0.6219,unofficial,not,illegitimate,illegal,0.718,authorized,0.718,unofficial,not,illegitimate,illegal,1,1,1,1,,,0.2591,unauthorized,0.2591,0.1471,authorized,0.1471,,0.3841,unauthorized,0.3841,0.4677,authorized,0.4677,,,0.2591,unauthorized,0.2591,unofficial,not,amateur,unknown,0.1471,authorized,0.1471,unofficial,not,amateur,unknown,,,0.3841,unauthorized,0.3841,not,illegal,authorized,illegitimate,0.4677,authorized,0.4677,not,illegal,authorized,illegitimate,,,0,women,0.1177,old,children,men,girls,0,women,0.0709,old,children,men,girls
188,alike,j-coordinated,199,con,pro,0.331,pro,0.331,truth,bull,pros,troll,0.9762,con,0.9762,truth,bull,pros,troll,0,0,0,1,,,0.0548,truth,0.1192,0.029,amateur,0.6555,,0.0212,fan,0.0354,0.4147,con,0.4147,,,0.0548,truth,0.1192,pro,bull,troll,trump,0.029,amateur,0.6555,pro,bull,troll,trump,,,0.0212,fan,0.0354,tournament,not,public,pro,0.4147,con,0.4147,tournament,not,public,pro,,,0.0001,women,0.0841,old,foe,children,girls,0.0001,women,0.0839,old,foe,children,girls
189,alike,j-coordinated,200,desirable,undesirable,0.0662,unwanted,0.0928,undesirable,not,despised,unworthy,0.3753,desirable,0.3753,undesirable,not,despised,unworthy,1,1,1,1,,,0.0531,unwanted,0.0825,0.1091,desirable,0.1091,,0.0709,unwanted,0.0847,0.1493,desirable,0.1493,,,0.0531,unwanted,0.0825,desirable,not,undesirable,desired,0.1091,desirable,0.1091,desirable,not,undesirable,desired,,,0.0709,unwanted,0.0847,undesirable,desirable,not,desired,0.1493,desirable,0.1493,undesirable,desirable,not,desired,,,0,women,0.1399,old,men,children,foe,0,women,0.1079,old,men,children,foe
190,alike,j-coordinated,201,credible,incredible,0.0001,unreliable,0.1619,not,dubious,suspect,fake,0.0001,terrifying,0.0607,not,dubious,suspect,fake,1,1,1,1,,,0.0005,not,0.0408,0.0001,terrifying,0.0787,,0.0009,unreliable,0.0348,0.0001,terrifying,0.1047,,,0.0005,not,0.0408,FALSE,fake,unreliable,questionable,0.0001,terrifying,0.0787,FALSE,fake,unreliable,questionable,,,0.0009,unreliable,0.0348,not,ridiculous,FALSE,fake,0.0001,terrifying,0.1047,not,ridiculous,FALSE,fake,,,0,women,0.0767,old,foe,children,girls,0,women,0.0963,old,foe,children,girls
191,alike,j-coordinated,202,adequate,inadequate,0.2088,inadequate,0.2088,insufficient,poor,adequate,excellent,0.0304,inadequate,0.1171,insufficient,poor,adequate,excellent,1,1,1,1,,,0.0444,inadequate,0.0444,0.0034,inadequate,0.0538,,0.0366,inadequate,0.0366,0.002,inadequate,0.042,,,0.0444,inadequate,0.0444,insufficient,not,adequate,poor,0.0034,inadequate,0.0538,insufficient,not,adequate,poor,,,0.0366,inadequate,0.0366,not,insufficient,adequate,reasonable,0.002,inadequate,0.042,not,insufficient,adequate,reasonable,,,0,women,0.1253,old,foe,children,men,0,women,0.0904,old,foe,children,men
192,alike,j-coordinated,203,brave,timid,0.0423,cowardly,0.0845,timid,stupid,foolish,naive,0.0951,bold,0.2542,timid,stupid,foolish,naive,1,1,1,1,,,0.0253,stupid,0.0533,0.0366,bold,0.0699,,0.058,foolish,0.109,0.0318,stubborn,0.0921,,,0.0253,stupid,0.0533,foolish,cowardly,naive,timid,0.0366,bold,0.0699,foolish,cowardly,naive,timid,,,0.058,foolish,0.109,cowardly,stupid,timid,fearful,0.0318,stubborn,0.0921,cowardly,stupid,timid,fearful,,,0.0001,women,0.0847,old,foe,children,girls,0.0002,women,0.103,old,foe,children,girls
193,alike,j-coordinated,204,fresh,salty,0.0028,old,0.2763,stale,seasoned,tired,familiar,0.0199,sweet,0.7385,stale,seasoned,tired,familiar,1,1,1,1,,,0.001,old,0.2903,0.0053,sweet,0.6053,,0.002,seasoned,0.2642,0.003,sweet,0.7211,,,0.001,old,0.2903,seasoned,experienced,aged,stale,0.0053,sweet,0.6053,seasoned,experienced,aged,stale,,,0.002,seasoned,0.2642,old,stale,aged,experienced,0.003,sweet,0.7211,old,stale,aged,experienced,,,0,women,0.0965,old,foe,children,girls,0.0001,women,0.0843,old,foe,children,girls
194,alike,j-coordinated,205,full,thin,0.002,partial,0.2233,half,empty,part,small,0.001,fat,0.3598,half,empty,part,small,1,1,1,1,,,0.0035,empty,0.2441,0.0027,thick,0.1232,,0.0025,empty,0.2849,0.0011,strong,0.0655,,,0.0035,empty,0.2441,half,partial,full,small,0.0027,thick,0.1232,half,partial,full,small,,,0.0025,empty,0.2849,half,partial,full,not,0.0011,strong,0.0655,half,partial,full,not,,,0.0002,women,0.1046,old,children,foe,girls,0,women,0.1285,old,children,foe,girls
195,alike,j-coordinated,206,guilty,innocent,0.9851,innocent,0.9851,innocence,not,Innocent,guilty,0.9545,guilty,0.9545,innocence,not,Innocent,guilty,1,1,1,1,,,0.9434,innocent,0.9434,0.9608,guilty,0.9608,,0.9154,innocent,0.9154,0.9673,guilty,0.9673,,,0.9434,innocent,0.9434,innocence,not,sane,guilty,0.9608,guilty,0.9608,innocence,not,sane,guilty,,,0.9154,innocent,0.9154,innocence,not,sane,free,0.9673,guilty,0.9673,innocence,not,sane,free,,,0.0003,women,0.0974,old,children,foe,girls,0.0001,women,0.1094,old,children,foe,girls
196,alike,j-coordinated,207,east,west,0.9811,west,0.9811,south,north,West,east,0.9636,east,0.9636,south,north,West,east,1,1,1,1,,,0.9277,west,0.9277,0.8877,east,0.8877,,0.3213,West,0.6404,0.0701,East,0.4104,,,0.9277,west,0.9277,south,north,southwest,northwest,0.8877,east,0.8877,south,north,southwest,northwest,,,0.3213,West,0.6404,west,south,South,North,0.0701,East,0.4104,west,south,South,North,,,0.0001,women,0.0988,old,foe,children,girls,0,women,0.0822,old,foe,children,girls
197,alike,j-coordinated,208,competent,incompetent,0.1157,incompetent,0.1157,ignorant,inexperienced,inept,lazy,0.0576,competent,0.0576,ignorant,inexperienced,inept,lazy,1,0,1,0,,,0.0426,incompetent,0.0426,0.0155,incompetent,0.0439,,0.0895,incompetent,0.0895,0.0381,incompetent,0.106,,,0.0426,incompetent,0.0426,ignorant,competent,stupid,arrogant,0.0155,incompetent,0.0439,ignorant,competent,stupid,arrogant,,,0.0895,incompetent,0.0895,ignorant,stupid,competent,poor,0.0381,incompetent,0.106,ignorant,stupid,competent,poor,,,0.0001,women,0.0959,old,foe,children,girls,0,women,0.0824,old,foe,children,girls
198,alike,j-coordinated,209,manned,unmanned,0.7968,unmanned,0.7968,remote,robotic,abandoned,automated,0.9594,manned,0.9594,remote,robotic,abandoned,automated,0,1,0,1,,,0.0281,animal,0.0546,0.7491,manned,0.7491,,0.0045,women,0.256,0.9227,manned,0.9227,,,0.0281,animal,0.0546,wild,beast,unmanned,feral,0.7491,manned,0.7491,wild,beast,unmanned,feral,,,0.0045,women,0.256,female,woman,child,animal,0.9227,manned,0.9227,female,woman,child,animal,,,0,women,0.1109,old,men,children,foe,0,women,0.0836,old,men,children,foe
199,alike,j-coordinated,210,improper,proper,0.0598,legal,0.2127,legitimate,proper,lawful,appropriate,0.2375,improper,0.2375,legitimate,proper,lawful,appropriate,1,1,1,1,,,0.0117,expert,0.0652,0.1029,improper,0.1029,,0.0096,perfect,0.0432,0.1538,improper,0.1538,,,0.0117,expert,0.0652,perfect,correct,good,excellent,0.1029,improper,0.1029,perfect,correct,good,excellent,,,0.0096,perfect,0.0432,expert,professional,correct,excellent,0.1538,improper,0.1538,expert,professional,correct,excellent,,,0,women,0.0902,old,foe,children,girls,0,women,0.0975,old,foe,children,girls
200,alike,j-coordinated,211,humble,proud,0.0469,arrogant,0.0624,proud,powerful,bold,courageous,0.0695,humble,0.0695,proud,powerful,bold,courageous,0,0,0,0,,,0.0451,proud,0.0451,0.0236,scared,0.0651,,0.0639,proud,0.0639,0.0188,scared,0.1037,,,0.0451,proud,0.0451,arrogant,confident,humble,courageous,0.0236,scared,0.0651,arrogant,confident,humble,courageous,,,0.0639,proud,0.0639,arrogant,stubborn,humble,confident,0.0188,scared,0.1037,arrogant,stubborn,humble,confident,,,0.0002,women,0.1093,old,foe,children,girls,0.0001,women,0.1039,old,foe,children,girls
201,alike,j-coordinated,213,immortal,mortal,0.5834,mortal,0.5834,immortal,human,dying,mortals,0.4636,immortal,0.4636,immortal,human,dying,mortals,1,1,1,1,,,0.3222,mortal,0.3222,0.1611,immortal,0.1611,,0.298,mortal,0.298,0.129,immortal,0.129,,,0.3222,mortal,0.3222,immortal,dead,human,undead,0.1611,immortal,0.1611,immortal,dead,human,undead,,,0.298,mortal,0.298,immortal,dead,human,not,0.129,immortal,0.129,immortal,dead,human,not,,,0.0001,women,0.097,old,foe,children,girls,0,women,0.0891,old,foe,children,girls
202,alike,j-coordinated,214,downstream,upstream,0.9891,upstream,0.9891,up,downstream,source,forward,0.996,downstream,0.996,up,downstream,source,forward,1,1,1,1,,,0.9511,upstream,0.9511,0.9012,downstream,0.9012,,0.9503,upstream,0.9503,0.9101,downstream,0.9101,,,0.9511,upstream,0.9511,downstream,vertically,producers,up,0.9012,downstream,0.9012,downstream,vertically,producers,up,,,0.9503,upstream,0.9503,downstream,up,offshore,vertically,0.9101,downstream,0.9101,downstream,up,offshore,vertically,,,0,women,0.0721,old,foe,children,girls,0,women,0.0852,old,foe,children,girls
203,alike,j-coordinated,215,round,square,0.5035,square,0.5035,oval,rectangular,flat,small,0.275,round,0.275,oval,rectangular,flat,small,1,1,1,1,,,0.5219,square,0.5219,0.2571,round,0.2571,,0.3144,square,0.3144,0.6987,round,0.6987,,,0.5219,square,0.5219,oval,round,small,flat,0.2571,round,0.2571,oval,round,small,flat,,,0.3144,square,0.3144,round,small,oval,flat,0.6987,round,0.6987,round,small,oval,flat,,,0,women,0.1185,old,foe,men,girls,0,women,0.1589,old,foe,men,girls
204,alike,j-coordinated,217,popular,unpopular,0.0055,obscure,0.0601,critical,mainstream,not,academic,0.2073,popular,0.2073,critical,mainstream,not,academic,1,0,1,0,,,0.0361,controversial,0.0414,0.016,misunderstood,0.0199,,0.0074,critical,0.0308,0.0266,beloved,0.0424,,,0.0361,controversial,0.0414,not,obscure,unpopular,popular,0.016,misunderstood,0.0199,not,obscure,unpopular,popular,,,0.0074,critical,0.0308,controversial,not,mainstream,critics,0.0266,beloved,0.0424,controversial,not,mainstream,critics,,,0.0001,women,0.0862,old,foe,children,girls,0.0002,women,0.0879,old,foe,children,girls
205,alike,j-coordinated,218,insane,sane,0.664,sane,0.664,insane,rational,normal,sensible,0.7414,insane,0.7414,insane,rational,normal,sensible,1,1,1,0,,,0.581,sane,0.581,0.1834,insane,0.1834,,0.5169,sane,0.5169,0.0378,crazy,0.0857,,,0.581,sane,0.581,insane,rational,normal,sensible,0.1834,insane,0.1834,insane,rational,normal,sensible,,,0.5169,sane,0.5169,insane,rational,crazy,delusional,0.0378,crazy,0.0857,insane,rational,crazy,delusional,,,0.0003,women,0.0837,old,foe,children,girls,0,women,0.0825,old,foe,children,girls
206,alike,j-coordinated,219,absent,present,0.1953,absent,0.2179,present,active,missing,not,0.0001,future,0.7474,present,active,missing,not,1,1,1,1,,,0.1121,absent,0.4993,0.0001,past,0.5397,,0.2544,absent,0.4766,0.0001,past,0.6984,,,0.1121,absent,0.4993,present,ill,not,sick,0.0001,past,0.5397,present,ill,not,sick,,,0.2544,absent,0.4766,present,not,missing,visible,0.0001,past,0.6984,present,not,missing,visible,,,0.0021,women,0.0828,old,foe,children,girls,0,women,0.1148,old,foe,children,girls
207,alike,j-coordinated,220,different,same,0.0023,yet,0.3532,not,more,also,all,0.0104,not,0.1589,not,more,also,all,1,1,1,1,,,0.0246,not,0.1279,0.0069,more,0.2306,,0.0099,yet,0.4155,0.006,more,0.3082,,,0.0246,not,0.1279,more,exactly,yet,very,0.0069,more,0.2306,more,exactly,yet,very,,,0.0099,yet,0.4155,still,also,more,all,0.006,more,0.3082,still,also,more,all,,,0,women,0.1075,old,children,girls,foe,0.0001,women,0.1137,old,children,girls,foe
208,alike,j-coordinated,221,common,individual,0.0033,rare,0.0856,elite,uncommon,distinguished,special,0.0002,collective,0.1531,elite,uncommon,distinguished,special,1,1,1,1,,,0.0021,rare,0.1922,0.0007,group,0.1698,,0.003,rare,0.1691,0.0001,group,0.19,,,0.0021,rare,0.1922,uncommon,distinguished,not,common,0.0007,group,0.1698,uncommon,distinguished,not,common,,,0.003,rare,0.1691,uncommon,not,unique,the,0.0001,group,0.19,uncommon,not,unique,the,,,0.0003,women,0.1377,old,men,children,foe,0,women,0.1055,old,men,children,foe
209,alike,j-coordinated,222,invalid,valid,0.1818,valid,0.1818,invalid,legitimate,legal,not,0.287,invalid,0.287,invalid,legitimate,legal,not,0,0,0,0,,,0.0204,not,0.0332,0.0326,FALSE,0.1596,,0.0043,the,0.1812,0.0731,not,0.1187,,,0.0204,not,0.0332,legitimate,valid,legal,invalid,0.0326,FALSE,0.1596,legitimate,valid,legal,invalid,,,0.0043,the,0.1812,not,exactly,look,all,0.0731,not,0.1187,not,exactly,look,all,,,0,women,0.0959,old,foe,children,girls,0,women,0.0987,old,foe,children,girls
210,alike,j-coordinated,223,clear,opaque,0.0111,concise,0.0249,confusing,confused,loud,opaque,0.0057,transparent,0.4887,confusing,confused,loud,opaque,1,1,1,1,,,0.0026,the,0.0589,0.0064,transparent,0.3995,,0.0015,the,0.0602,0.0006,beautiful,0.0304,,,0.0026,the,0.0589,not,see,all,look,0.0064,transparent,0.3995,not,see,all,look,,,0.0015,the,0.0602,all,not,see,crystal,0.0006,beautiful,0.0304,all,not,see,crystal,,,0,women,0.1453,men,children,old,girls,0.0001,women,0.1075,men,children,old,girls
211,alike,j-coordinated,224,active,dormant,0.0053,passive,0.8283,inactive,retired,reactive,dormant,0.4922,active,0.4922,inactive,retired,reactive,dormant,1,1,1,1,,,0.01,passive,0.7211,0.039,active,0.039,,0.0042,passive,0.7536,0.0351,active,0.0351,,,0.01,passive,0.7211,inactive,retired,dormant,reactive,0.039,active,0.039,inactive,retired,dormant,reactive,,,0.0042,passive,0.7536,retired,inactive,lazy,old,0.0351,active,0.0351,retired,inactive,lazy,old,,,0,women,0.0943,old,foe,children,girls,0,women,0.0837,old,foe,children,girls
212,alike,j-coordinated,225,applied,theoretical,0.0718,theoretical,0.0718,fundamental,academic,practical,general,0.0007,practical,0.6047,fundamental,academic,practical,general,0,1,0,1,,,0.0224,fundamental,0.0486,0.0012,practical,0.5817,,0.0251,academic,0.0683,0.0006,practical,0.6706,,,0.0224,fundamental,0.0486,practical,technical,practitioners,theoretical,0.0012,practical,0.5817,practical,technical,practitioners,theoretical,,,0.0251,academic,0.0683,fundamental,practical,technical,theoretical,0.0006,practical,0.6706,fundamental,practical,technical,theoretical,,,0,women,0.1415,children,men,girls,old,0,women,0.0851,children,men,girls,old
213,alike,j-coordinated,226,out,safe,0.0004,in,0.4963,back,out,under,down,0.0002,dangerous,0.0821,back,out,under,down,1,1,1,1,,,0.0001,in,0.7282,0.0001,secure,0.0844,,0.0007,in,0.5414,0.0001,secure,0.1077,,,0.0001,in,0.7282,inside,down,under,back,0.0001,secure,0.0844,inside,down,under,back,,,0.0007,in,0.5414,out,down,back,In,0.0001,secure,0.1077,out,down,back,In,,,0,women,0.0994,old,foe,children,girls,0.0002,women,0.109,old,foe,children,girls
214,alike,j-coordinated,227,profound,superficial,0.0062,trivial,0.0724,mundane,simple,silly,ridiculous,0.0255,real,0.0898,mundane,simple,silly,ridiculous,1,1,1,1,,,0.0055,literal,0.0298,0.001,real,0.2025,,0.0011,predictable,0.0437,0.0007,real,0.2077,,,0.0055,literal,0.0298,real,practical,not,absurd,0.001,real,0.2025,real,practical,not,absurd,,,0.0011,predictable,0.0437,familiar,mundane,questionable,expected,0.0007,real,0.2077,familiar,mundane,questionable,expected,,,0,women,0.0772,old,foe,children,girls,0,women,0.0955,old,foe,children,girls
215,alike,j-coordinated,228,hollow,solid,0.0577,solid,0.0577,real,hollow,dead,TRUE,0.0062,fragile,0.0985,real,hollow,dead,TRUE,0,1,0,1,,,0.01,hollow,0.0565,0.0096,solid,0.0736,,0.0039,hollow,0.1547,0.007,liquid,0.0935,,,0.01,hollow,0.0565,not,all,shaped,other,0.0096,solid,0.0736,not,all,shaped,other,,,0.0039,hollow,0.1547,all,dead,not,empty,0.007,liquid,0.0935,all,dead,not,empty,,,0,women,0.0979,old,foe,children,girls,0,women,0.0959,old,foe,children,girls
216,alike,j-coordinated,229,half,whole,0.0472,half,0.1964,full,all,whole,other,0.0075,part,0.4135,full,all,whole,other,1,1,1,1,,,0.0184,half,0.2451,0.0163,part,0.1074,,0.0199,half,0.531,0.0228,broken,0.0794,,,0.0184,half,0.2451,nothing,all,very,more,0.0163,part,0.1074,nothing,all,very,more,,,0.0199,half,0.531,all,nothing,more,quarter,0.0228,broken,0.0794,all,nothing,more,quarter,,,0,women,0.2055,men,people,girls,children,0,women,0.081,men,people,girls,children
217,alike,j-coordinated,230,employed,unemployed,0.8012,unemployed,0.8012,not,idle,employed,retired,0.3349,employed,0.3349,not,idle,employed,retired,1,1,1,0,,,0.4016,unemployed,0.4016,0.1233,employed,0.1233,,0.5303,unemployed,0.5303,0.1596,unemployed,0.1756,,,0.4016,unemployed,0.4016,students,workers,contractors,interns,0.1233,employed,0.1233,students,workers,contractors,interns,,,0.5303,unemployed,0.5303,not,employed,fired,retired,0.1596,unemployed,0.1756,not,employed,fired,retired,,,0.0001,women,0.1293,men,old,children,girls,0,women,0.0813,men,old,children,girls
218,alike,j-coordinated,232,due,undue,0.0023,not,0.0586,unjust,deserving,wrong,fair,0.0047,fair,0.0904,unjust,deserving,wrong,fair,1,1,1,1,,,0.0006,deserving,0.1338,0.0022,reasonable,0.0623,,0.0001,not,0.1218,0.0025,justified,0.1219,,,0.0006,deserving,0.1338,unjust,not,unreasonable,wrong,0.0022,reasonable,0.0623,unjust,not,unreasonable,wrong,,,0.0001,not,0.1218,deserving,unpaid,want,damned,0.0025,justified,0.1219,deserving,unpaid,want,damned,,,0,women,0.1008,old,foe,children,girls,0,women,0.0851,old,foe,children,girls
219,alike,j-coordinated,233,attached,detached,0.1371,detached,0.1371,free,not,estranged,disconnected,0.0108,emotional,0.0246,free,not,estranged,disconnected,1,1,1,1,,,0.2533,detached,0.2533,0.0583,urban,0.0677,,0.1421,detached,0.1421,0.0289,detached,0.0503,,,0.2533,detached,0.2533,not,free,attached,divorced,0.0583,urban,0.0677,not,free,attached,divorced,,,0.1421,detached,0.1421,attached,removed,not,deleted,0.0289,detached,0.0503,attached,removed,not,deleted,,,0,women,0.0968,old,children,foe,girls,0,women,0.0766,old,children,foe,girls
220,alike,j-coordinated,234,unusual,usual,0.0092,common,0.1156,ordinary,familiar,normal,mundane,0.1762,unusual,0.1762,ordinary,familiar,normal,mundane,1,1,1,1,,,0.013,common,0.1115,0.1086,unusual,0.1086,,0.0106,ordinary,0.1082,0.1425,unusual,0.1425,,,0.013,common,0.1115,ordinary,familiar,normal,predictable,0.1086,unusual,0.1086,ordinary,familiar,normal,predictable,,,0.0106,ordinary,0.1082,normal,common,familiar,predictable,0.1425,unusual,0.1425,normal,common,familiar,predictable,,,0,women,0.1413,old,men,girls,children,0,women,0.101,old,men,girls,children
221,alike,j-coordinated,235,harmful,harmless,0.0379,helpful,0.3766,beneficial,useful,harmless,benign,0.0297,dangerous,0.237,beneficial,useful,harmless,benign,1,1,1,1,,,0.0245,helpful,0.4518,0.029,dangerous,0.0945,,0.0257,helpful,0.5811,0.0392,dangerous,0.239,,,0.0245,helpful,0.4518,beneficial,innocent,useful,harmless,0.029,dangerous,0.0945,beneficial,innocent,useful,harmless,,,0.0257,helpful,0.5811,beneficial,useful,benevolent,harmless,0.0392,dangerous,0.239,beneficial,useful,benevolent,harmless,,,0,women,0.0927,old,foe,children,girls,0,women,0.1181,old,foe,children,girls
222,alike,j-coordinated,236,new,worn,0,old,0.976,established,familiar,seasoned,experienced,0.402,new,0.402,established,familiar,seasoned,experienced,1,1,1,0,,,0,old,0.9717,0.6687,new,0.6687,,0.0001,old,0.9673,0.0266,worn,0.044,,,0,old,0.9717,seasoned,familiar,experienced,established,0.6687,new,0.6687,seasoned,familiar,experienced,established,,,0.0001,old,0.9673,seasoned,familiar,established,experienced,0.0266,worn,0.044,seasoned,familiar,established,experienced,,,0,women,0.0956,old,foe,children,girls,0.0018,women,0.0943,old,foe,children,girls
223,alike,j-coordinated,237,specified,unspecified,0.0207,not,0.0946,otherwise,other,undefined,others,0.0008,others,0.0494,otherwise,other,undefined,others,1,1,1,1,,,0.0028,not,0.0721,0.0009,all,0.0512,,0.0001,fabricated,0.0603,0.0022,not,0.0329,,,0.0028,not,0.0721,treated,made,the,all,0.0009,all,0.0512,treated,made,the,all,,,0.0001,fabricated,0.0603,not,made,manufactured,tested,0.0022,not,0.0329,not,made,manufactured,tested,,,0,women,0.1509,children,men,girls,old,0,women,0.0716,children,men,girls,old
224,alike,j-coordinated,238,extant,extinct,0.2089,extinct,0.2089,undead,future,virtual,unborn,0.0464,living,0.1546,undead,future,virtual,unborn,0,1,0,1,,,0.0181,hybrid,0.0474,0.0088,extinct,0.1728,,0.0165,new,0.053,0.0133,extinct,0.2136,,,0.0181,hybrid,0.0474,synthetic,animal,human,extinct,0.0088,extinct,0.1728,synthetic,animal,human,extinct,,,0.0165,new,0.053,extinct,invasive,young,hybrid,0.0133,extinct,0.2136,extinct,invasive,young,hybrid,,,0,women,0.0968,old,foe,children,girls,0,women,0.1194,old,foe,children,girls
225,alike,j-coordinated,239,direct,indirect,0.9601,indirect,0.9601,indirectly,implied,covert,proxy,0.9653,direct,0.9653,indirectly,implied,covert,proxy,1,1,1,1,,,0.93,indirect,0.93,0.9159,direct,0.9159,,0.9291,indirect,0.9291,0.928,direct,0.928,,,0.93,indirect,0.93,indirectly,implied,direct,proxy,0.9159,direct,0.9159,indirectly,implied,direct,proxy,,,0.9291,indirect,0.9291,indirectly,implied,direct,delegated,0.928,direct,0.928,indirectly,implied,direct,delegated,,,0,women,0.1745,men,children,girls,boys,0,women,0.1032,men,children,girls,boys
226,alike,j-coordinated,240,insensitive,sensitive,0.0308,ignorant,0.0392,sensitive,compassionate,kind,naive,0.0241,aggressive,0.0776,sensitive,compassionate,kind,naive,1,1,1,0,,,0.0204,ignorant,0.0387,0.0303,sensitive,0.074,,0.0259,ignorant,0.0299,0.068,insensitive,0.068,,,0.0204,ignorant,0.0387,sensitive,naive,aggressive,oblivious,0.0303,sensitive,0.074,sensitive,naive,aggressive,oblivious,,,0.0259,ignorant,0.0299,sensitive,insensitive,naive,oblivious,0.068,insensitive,0.068,sensitive,insensitive,naive,oblivious,,,0.0001,women,0.0888,old,children,girls,foe,0,women,0.0828,old,children,girls,foe
227,alike,j-coordinated,241,related,unrelated,0.0965,not,0.1018,unrelated,competitors,different,independent,0.2293,related,0.2293,unrelated,competitors,different,independent,1,1,1,1,,,0.107,not,0.222,0.1169,related,0.1169,,0.0759,not,0.1395,0.8028,related,0.8028,,,0.107,not,0.222,unrelated,distinct,different,separate,0.1169,related,0.1169,unrelated,distinct,different,separate,,,0.0759,not,0.1395,unrelated,distinct,different,separate,0.8028,related,0.8028,unrelated,distinct,different,separate,,,0,women,0.0741,old,foe,children,girls,0,women,0.0808,old,foe,children,girls
228,alike,j-coordinated,242,instrumental,vocal,0.7439,vocal,0.7439,visual,vocals,electronic,voice,0.0325,visual,0.1233,visual,vocals,electronic,voice,1,0,1,0,,,0.3212,vocal,0.3212,0.0492,instrumental,0.0492,,0.1039,vocal,0.1039,0.0168,instrumental,0.0168,,,0.3212,vocal,0.3212,instrumental,vocals,creative,musical,0.0492,instrumental,0.0492,instrumental,vocals,creative,musical,,,0.1039,vocal,0.1039,instrumental,creative,visionary,symbolic,0.0168,instrumental,0.0168,instrumental,creative,visionary,symbolic,,,0,women,0.0941,old,foe,children,girls,0,women,0.0862,old,foe,children,girls
229,alike,j-coordinated,244,tender,tough,0.0289,strong,0.0749,firm,fierce,tough,cruel,0.0342,weak,0.0593,firm,fierce,tough,cruel,1,1,1,1,,,0.0291,firm,0.0781,0.0188,soft,0.0648,,0.0454,firm,0.0887,0.0164,soft,0.0677,,,0.0291,firm,0.0781,strong,fierce,tough,hard,0.0188,soft,0.0648,strong,fierce,tough,hard,,,0.0454,firm,0.0887,strong,tough,fierce,hard,0.0164,soft,0.0677,strong,tough,fierce,hard,,,0.0002,women,0.0967,old,foe,children,girls,0,women,0.0854,old,foe,children,girls
230,alike,j-coordinated,245,equal,unequal,0.0289,different,0.0511,not,less,more,unequal,0.1994,unequal,0.242,not,less,more,unequal,1,1,1,1,,,0.0045,not,0.1092,0.0072,treated,0.0467,,0.0076,treated,0.1564,0.0414,unequal,0.155,,,0.0045,not,0.1092,treated,all,less,more,0.0072,treated,0.0467,treated,all,less,more,,,0.0076,treated,0.1564,not,more,made,all,0.0414,unequal,0.155,not,more,made,all,,,0,women,0.1547,old,girls,men,foe,0,women,0.1236,old,girls,men,foe
231,alike,j-coordinated,246,dull,sharp,0.0103,brilliant,0.0388,beautiful,bright,dull,exciting,0.1896,dull,0.1896,beautiful,bright,dull,exciting,1,1,1,1,,,0.0022,brilliant,0.0249,0.1794,dull,0.1794,,0.0012,dull,0.0213,0.2619,dull,0.2619,,,0.0022,brilliant,0.0249,beautiful,stupid,crazy,wise,0.1794,dull,0.1794,beautiful,stupid,crazy,wise,,,0.0012,dull,0.0213,stupid,beautiful,dangerous,boring,0.2619,dull,0.2619,stupid,beautiful,dangerous,boring,,,0,women,0.1467,old,men,foe,girls,0,women,0.1212,old,men,foe,girls
232,alike,j-coordinated,247,decent,indecent,0.0017,criminal,0.062,bad,evil,vile,despicable,0.0044,legal,0.0795,bad,evil,vile,despicable,1,1,1,1,,,0.0037,stupid,0.0624,0.0007,obscene,0.0372,,0.0062,stupid,0.0471,0.0009,innocent,0.0996,,,0.0037,stupid,0.0624,evil,insane,poor,wicked,0.0007,obscene,0.0372,evil,insane,poor,wicked,,,0.0062,stupid,0.0471,evil,vulgar,insane,wicked,0.0009,innocent,0.0996,evil,vulgar,insane,wicked,,,0,women,0.0959,old,foe,children,girls,0.0001,women,0.0984,old,foe,children,girls
233,alike,j-coordinated,248,natural,unnatural,0.084,artificial,0.3314,unnatural,human,supernatural,synthetic,0.4206,natural,0.4206,unnatural,human,supernatural,synthetic,1,0,1,0,,,0.0262,synthetic,0.1864,0.0664,unnatural,0.1572,,0.0618,artificial,0.3302,0.2133,unnatural,0.2236,,,0.0262,synthetic,0.1864,artificial,human,unnatural,educated,0.0664,unnatural,0.1572,artificial,human,unnatural,educated,,,0.0618,artificial,0.3302,synthetic,unnatural,manufactured,engineered,0.2133,unnatural,0.2236,synthetic,unnatural,manufactured,engineered,,,0,women,0.1731,men,girls,children,old,0,women,0.198,men,girls,children,old
234,alike,j-coordinated,249,back,front,0.5884,front,0.5884,forth,forward,present,fronts,0.8966,back,0.8966,forth,forward,present,fronts,0,1,0,1,,,0.1953,forth,0.5279,0.922,back,0.922,,0.2175,forth,0.575,0.9158,back,0.9158,,,0.1953,forth,0.5279,front,forward,forwards,center,0.922,back,0.922,front,forward,forwards,center,,,0.2175,forth,0.575,front,forward,shoulders,out,0.9158,back,0.9158,front,forward,shoulders,out,,,0,women,0.1078,old,children,foe,girls,0.0001,women,0.0821,old,children,foe,girls
235,alike,j-coordinated,250,focused,unfocused,0.0734,unfocused,0.0734,distracted,curious,bored,frustrated,0.015,passionate,0.0209,distracted,curious,bored,frustrated,0,1,0,1,,,0.0058,curious,0.0404,0.0068,distracted,0.0453,,0.054,distracted,0.1001,0.0088,distracted,0.0734,,,0.0058,curious,0.0404,distracted,frustrated,not,scared,0.0068,distracted,0.0453,distracted,frustrated,not,scared,,,0.054,distracted,0.1001,unfocused,bored,overwhelmed,frustrated,0.0088,distracted,0.0734,unfocused,bored,overwhelmed,frustrated,,,0,women,0.1055,old,children,girls,men,0,women,0.0871,old,children,girls,men
236,alike,j-coordinated,251,constitutional,unconstitutional,0.001,statutory,0.0759,political,legislative,democratic,historical,0.0621,illegal,0.1716,political,legislative,democratic,historical,1,1,1,1,,,0.0188,democratic,0.0442,0.0089,illegal,0.072,,0.0028,legislative,0.0734,0.0097,illegal,0.098,,,0.0188,democratic,0.0442,not,criminal,socialist,constitutional,0.0089,illegal,0.072,not,criminal,socialist,constitutional,,,0.0028,legislative,0.0734,imperial,statutory,Constitutional,not,0.0097,illegal,0.098,imperial,statutory,Constitutional,not,,,0,women,0.0946,old,foe,children,men,0,women,0.1079,old,foe,children,men
237,alike,j-coordinated,252,asleep,awake,0.9236,awake,0.9236,waking,awakened,conscious,alert,0.7575,asleep,0.7575,waking,awakened,conscious,alert,1,1,1,1,,,0.7954,awake,0.7954,0.4714,asleep,0.4714,,0.8162,awake,0.8162,0.4551,asleep,0.4551,,,0.7954,awake,0.7954,waking,not,awakened,alert,0.4714,asleep,0.4714,waking,not,awakened,alert,,,0.8162,awake,0.8162,awakened,waking,alert,not,0.4551,asleep,0.4551,awakened,waking,alert,not,,,0,women,0.0822,old,foe,children,girls,0,women,0.079,old,foe,children,girls
238,alike,j-coordinated,253,anal,oral,0.0408,vaginal,0.2045,genital,oral,reproductive,sexual,0.0003,written,0.5347,genital,oral,reproductive,sexual,1,1,1,1,,,0.0631,genital,0.1995,0.0001,written,0.0436,,0.1489,vaginal,0.2935,0.0003,written,0.1736,,,0.0631,genital,0.1995,vaginal,oral,sexual,genitals,0.0001,written,0.0436,vaginal,oral,sexual,genitals,,,0.1489,vaginal,0.2935,genital,oral,sexual,reproductive,0.0003,written,0.1736,genital,oral,sexual,reproductive,,,0,women,0.1066,old,foe,children,girls,0,women,0.081,old,foe,children,girls
239,alike,j-coordinated,254,improbable,probable,0.0143,inevitable,0.0473,plausible,impossible,real,improbable,0.0279,unlikely,0.1451,plausible,impossible,real,improbable,1,1,1,1,,,0.027,impossible,0.1063,0.1068,unlikely,0.2798,,0.0482,plausible,0.1002,0.0479,unlikely,0.2523,,,0.027,impossible,0.1063,improbable,realistic,plausible,unlikely,0.1068,unlikely,0.2798,improbable,realistic,plausible,unlikely,,,0.0482,plausible,0.1002,realistic,impossible,real,probable,0.0479,unlikely,0.2523,realistic,impossible,real,probable,,,0,women,0.0903,old,foe,children,girls,0,women,0.1054,old,foe,children,girls
240,alike,j-coordinated,255,certain,uncertain,0.4448,uncertain,0.4448,doubtful,others,certain,contingent,0.1086,certain,0.1086,doubtful,others,certain,contingent,0,0,0,0,,,0.068,FALSE,0.1013,0.0035,doubtful,0.0372,,0.0707,certain,0.1894,0.0476,uncertain,0.0912,,,0.068,FALSE,0.1013,uncertain,certain,unknown,not,0.0035,doubtful,0.0372,uncertain,certain,unknown,not,,,0.0707,certain,0.1894,uncertain,not,others,FALSE,0.0476,uncertain,0.0912,uncertain,not,others,FALSE,,,0,women,0.1007,old,foe,children,girls,0,women,0.1119,old,foe,children,girls
241,alike,j-coordinated,257,primary,secondary,0.5957,secondary,0.5957,general,primary,minor,minority,0.3619,primary,0.3619,general,primary,minor,minority,0,1,1,1,,,0.0467,general,0.177,0.1052,primary,0.1052,,0.9057,secondary,0.9057,0.5628,primary,0.5628,,,0.0467,general,0.177,caucuses,secondary,caucus,republican,0.1052,primary,0.1052,caucuses,secondary,caucus,republican,,,0.9057,secondary,0.9057,Secondary,junior,second,sophomore,0.5628,primary,0.5628,Secondary,junior,second,sophomore,,,0,women,0.0901,old,foe,children,girls,0,women,0.0869,old,foe,children,girls
242,alike,j-coordinated,258,formal,informal,0.9158,informal,0.9158,casual,unofficial,formal,not,0.8718,formal,0.8718,casual,unofficial,formal,not,1,1,1,1,,,0.868,informal,0.868,0.852,formal,0.852,,0.7871,informal,0.7871,0.8245,formal,0.8245,,,0.868,informal,0.868,casual,formal,not,intimate,0.852,formal,0.852,casual,formal,not,intimate,,,0.7871,informal,0.7871,casual,unofficial,not,otherwise,0.8245,formal,0.8245,casual,unofficial,not,otherwise,,,0,women,0.1057,old,children,foe,girls,0,women,0.0943,old,children,foe,girls
243,alike,j-coordinated,259,finished,unfinished,0.531,unfinished,0.531,incomplete,not,prototypes,finished,0.0501,completed,0.1623,incomplete,not,prototypes,finished,0,1,1,1,,,0.213,not,0.2874,0.023,unfinished,0.2479,,0.3218,unfinished,0.3218,0.0479,unfinished,0.2617,,,0.213,not,0.2874,unfinished,incomplete,almost,finished,0.023,unfinished,0.2479,unfinished,incomplete,almost,finished,,,0.3218,unfinished,0.3218,not,incomplete,finished,started,0.0479,unfinished,0.2617,not,incomplete,finished,started,,,0,women,0.1033,old,foe,children,girls,0,women,0.0724,old,foe,children,girls
244,alike,j-coordinated,260,abnormal,normal,0.709,normal,0.709,abnormal,sane,ordinary,healthy,0.14,abnormal,0.14,abnormal,sane,ordinary,healthy,1,0,1,0,,,0.4231,normal,0.4231,0.1291,not,0.1541,,0.4109,normal,0.4109,0.0573,crazy,0.112,,,0.4231,normal,0.4231,healthy,abnormal,ordinary,average,0.1291,not,0.1541,healthy,abnormal,ordinary,average,,,0.4109,normal,0.4109,healthy,abnormal,perfect,beautiful,0.0573,crazy,0.112,healthy,abnormal,perfect,beautiful,,,0,women,0.1511,men,old,girls,children,0,women,0.1285,men,old,girls,children
245,alike,j-coordinated,261,live,recorded,0.1948,recorded,0.1948,virtual,studio,archived,record,0.0227,spoken,0.097,virtual,studio,archived,record,1,1,1,1,,,0.1674,recorded,0.1674,0.0078,spoken,0.0729,,0.1234,recorded,0.1234,0.0872,spoken,0.0955,,,0.1674,recorded,0.1674,dead,virtual,studio,taped,0.0078,spoken,0.0729,dead,virtual,studio,taped,,,0.1234,recorded,0.1234,dead,virtual,record,die,0.0872,spoken,0.0955,dead,virtual,record,die,,,0,women,0.1078,old,children,foe,girls,0.0002,women,0.1468,old,children,foe,girls
246,alike,j-coordinated,262,dry,sweet,0.0053,wet,0.4018,damp,dusty,hot,moist,0.0045,sour,0.3394,damp,dusty,hot,moist,1,1,1,1,,,0.0002,wet,0.6724,0.0037,sour,0.4803,,0.0013,wet,0.5425,0.0071,sour,0.4671,,,0.0002,wet,0.6724,damp,sweat,moist,dirty,0.0037,sour,0.4803,damp,sweat,moist,dirty,,,0.0013,wet,0.5425,damp,moist,humid,muddy,0.0071,sour,0.4671,damp,moist,humid,muddy,,,0,women,0.0869,old,foe,children,girls,0.0001,women,0.1731,old,foe,children,girls
247,alike,j-coordinated,264,inferior,superior,0.8899,superior,0.8899,inferior,equal,higher,elite,0.713,inferior,0.713,inferior,equal,higher,elite,1,1,1,1,,,0.7489,superior,0.7489,0.8094,inferior,0.8094,,0.6541,superior,0.6541,0.5194,inferior,0.5194,,,0.7489,superior,0.7489,inferior,equal,dominant,subordinate,0.8094,inferior,0.8094,inferior,equal,dominant,subordinate,,,0.6541,superior,0.6541,inferior,equal,better,elite,0.5194,inferior,0.5194,inferior,equal,better,elite,,,0,women,0.1129,old,foe,children,girls,0,women,0.0776,old,foe,children,girls
248,alike,j-coordinated,265,exclusive,inclusive,0.0007,mainstream,0.0209,standard,regular,rare,not,0.1589,exclusive,0.1589,standard,regular,rare,not,1,0,1,1,,,0.001,common,0.036,0.0219,diverse,0.0855,,0.0009,exclusive,0.0845,0.0651,exclusive,0.0651,,,0.001,common,0.036,others,all,limited,everyone,0.0219,diverse,0.0855,others,all,limited,everyone,,,0.0009,exclusive,0.0845,confidential,not,rare,intimate,0.0651,exclusive,0.0651,confidential,not,rare,intimate,,,0,women,0.1311,old,children,men,girls,0,women,0.0881,old,children,men,girls
249,alike,j-coordinated,267,dominant,subordinate,0.014,vulnerable,0.0481,weak,challenger,dominant,competitive,0.0054,superior,0.4355,weak,challenger,dominant,competitive,1,1,0,1,,,0.0296,dominant,0.0548,0.0159,superior,0.1771,,0.0925,subordinate,0.0925,0.0216,superior,0.214,,,0.0296,dominant,0.0548,subordinate,weak,not,reactive,0.0159,superior,0.1771,subordinate,weak,not,reactive,,,0.0925,subordinate,0.0925,weak,threatened,vulnerable,challenger,0.0216,superior,0.214,weak,threatened,vulnerable,challenger,,,0,women,0.0721,old,foe,children,girls,0,women,0.0892,old,foe,children,girls
250,alike,j-coordinated,268,first,last,0.4115,second,0.43,last,third,later,worst,0.721,first,0.721,last,third,later,worst,1,0,0,1,,,0.2766,second,0.332,0.1234,last,0.1957,,0.3025,last,0.3025,0.3963,first,0.3963,,,0.2766,second,0.332,last,third,most,worst,0.1234,last,0.1957,last,third,most,worst,,,0.3025,last,0.3025,second,most,third,worst,0.3963,first,0.3963,second,most,third,worst,,,0,women,0.1127,old,children,girls,men,0,women,0.0824,old,children,girls,men
251,alike,j-coordinated,269,general,particular,0.0271,individual,0.1198,specific,individuals,politicians,particular,0.5901,general,0.5901,specific,individuals,politicians,particular,1,1,1,1,,,0.0026,individual,0.0254,0.4884,general,0.4884,,0.0004,politician,0.083,0.3782,general,0.3782,,,0.0026,individual,0.0254,president,politician,general,staff,0.4884,general,0.4884,president,politician,general,staff,,,0.0004,politician,0.083,civilian,soldier,general,officer,0.3782,general,0.3782,civilian,soldier,general,officer,,,0,women,0.1048,old,foe,children,girls,0.0001,women,0.0961,old,foe,children,girls
252,alike,j-coordinated,270,capable,incapable,0.0044,incompetent,0.0516,unwilling,inexperienced,naive,ignorant,0.1348,capable,0.1348,unwilling,inexperienced,naive,ignorant,1,0,1,0,,,0.0072,capable,0.0893,0.0541,unwilling,0.0748,,0.0161,capable,0.1087,0.0673,unwilling,0.1162,,,0.0072,capable,0.0893,unwilling,skilled,dangerous,talented,0.0541,unwilling,0.0748,unwilling,skilled,dangerous,talented,,,0.0161,capable,0.1087,unwilling,competent,willing,incompetent,0.0673,unwilling,0.1162,unwilling,competent,willing,incompetent,,,0,women,0.0961,old,children,foe,girls,0,women,0.1167,old,children,foe,girls
253,alike,j-coordinated,271,available,unavailable,0.0158,priced,0.082,not,available,wanted,used,0.1506,available,0.1506,not,available,wanted,used,1,0,1,0,,,0.0024,priced,0.0632,0.0757,unavailable,0.1502,,0.0014,priced,0.3301,0.0703,unavailable,0.4012,,,0.0024,priced,0.0632,not,affordable,sold,free,0.0757,unavailable,0.1502,not,affordable,sold,free,,,0.0014,priced,0.3301,not,treated,sold,looking,0.0703,unavailable,0.4012,not,treated,sold,looking,,,0,women,0.089,old,children,foe,girls,0,women,0.0693,old,children,foe,girls
254,alike,j-coordinated,272,realistic,unrealistic,0.0187,fantasy,0.389,fiction,fictional,satirical,unrealistic,0.2418,realistic,0.2418,fiction,fictional,satirical,unrealistic,1,1,1,1,,,0.0044,fantasy,0.4538,0.0569,realistic,0.0569,,0.0075,fantasy,0.3091,0.0628,realistic,0.0628,,,0.0044,fantasy,0.4538,fiction,fictional,satirical,surreal,0.0569,realistic,0.0569,fiction,fictional,satirical,surreal,,,0.0075,fantasy,0.3091,fictional,fiction,satirical,surreal,0.0628,realistic,0.0628,fictional,fiction,satirical,surreal,,,0,women,0.0976,old,children,foe,girls,0,women,0.0904,old,children,foe,girls
255,alike,j-coordinated,273,tame,wild,0.334,feral,0.4466,wild,savage,beast,aggressive,0.2913,tame,0.2913,wild,savage,beast,aggressive,1,0,0,1,,,0.2645,feral,0.2844,0.0591,urban,0.3435,,0.102,wild,0.102,0.3144,tame,0.3144,,,0.2645,feral,0.2844,wild,savage,tame,predator,0.0591,urban,0.3435,wild,savage,tame,predator,,,0.102,wild,0.102,tame,feral,beast,predator,0.3144,tame,0.3144,tame,feral,beast,predator,,,0.0002,women,0.1047,old,foe,children,girls,0,women,0.0922,old,foe,children,girls
256,alike,j-coordinated,274,gradual,steep,0.0007,sudden,0.1607,abrupt,rapid,fast,explosive,0.0038,steep,0.1435,abrupt,rapid,fast,explosive,1,1,1,1,,,0,professional,0.2952,0.0007,steep,0.0715,,0.0016,rapid,0.0612,0.0002,steep,0.0777,,,0,professional,0.2952,advanced,experienced,veteran,graduate,0.0007,steep,0.0715,advanced,experienced,veteran,graduate,,,0.0016,rapid,0.0612,abrupt,instantaneous,exponential,fast,0.0002,steep,0.0777,abrupt,instantaneous,exponential,fast,,,0,women,0.0942,old,foe,children,girls,0,women,0.1315,old,foe,children,girls
257,alike,j-coordinated,275,sure,unsure,0.1438,uncertain,0.2619,unsure,doubtful,not,tentative,0.0129,confident,0.0515,unsure,doubtful,not,tentative,0,1,1,1,,,0.1287,unsure,0.1287,0.0009,scared,0.0407,,0.0315,sure,0.1119,0.0118,confident,0.0663,,,0.1287,unsure,0.1287,uncertain,sure,shaky,certain,0.0009,scared,0.0407,uncertain,sure,shaky,certain,,,0.0315,sure,0.1119,not,certain,uncertain,unsure,0.0118,confident,0.0663,not,certain,uncertain,unsure,,,0,women,0.1067,old,foe,children,girls,0,women,0.089,old,foe,children,girls
258,alike,j-coordinated,276,naive,sophisticated,0.0095,cynical,0.07,cunning,arrogant,experienced,intelligent,0.0451,naive,0.0451,cunning,arrogant,experienced,intelligent,1,0,1,0,,,0.0052,intelligent,0.0328,0.0445,amateur,0.055,,0.003,stupid,0.0371,0.0575,ignorant,0.0826,,,0.0052,intelligent,0.0328,stupid,experienced,wise,smart,0.0445,amateur,0.055,stupid,experienced,wise,smart,,,0.003,stupid,0.0371,smart,wise,cunning,foolish,0.0575,ignorant,0.0826,smart,wise,cunning,foolish,,,0,women,0.0898,old,foe,children,girls,0.0002,women,0.1097,old,foe,children,girls
259,alike,j-coordinated,277,defensive,offensive,0.8364,offensive,0.8364,offense,attacking,attack,offence,0.9705,defensive,0.9705,offense,attacking,attack,offence,1,1,1,1,,,0.5984,offensive,0.5984,0.4894,defensive,0.4894,,0.5095,offensive,0.5095,0.8914,defensive,0.8914,,,0.5984,offensive,0.5984,offense,offensively,attacking,offence,0.4894,defensive,0.4894,offense,offensively,attacking,offence,,,0.5095,offensive,0.5095,offense,offensively,offence,attacking,0.8914,defensive,0.8914,offense,offensively,offence,attacking,,,0,women,0.0973,old,foe,children,men,0,women,0.0817,old,foe,children,men
260,alike,j-coordinated,278,dead,living,0.6954,living,0.6954,alive,dying,young,live,0.8222,dead,0.8222,alive,dying,young,live,1,0,1,0,,,0.7522,living,0.7522,0.1637,dying,0.6391,,0.7118,living,0.7118,0.0239,dying,0.7011,,,0.7522,living,0.7522,alive,dying,young,live,0.1637,dying,0.6391,alive,dying,young,live,,,0.7118,living,0.7118,alive,dying,live,buried,0.0239,dying,0.7011,alive,dying,live,buried,,,0,women,0.0862,old,foe,children,girls,0.0012,women,0.1345,old,foe,children,girls
261,alike,j-coordinated,279,armed,unarmed,0.8684,unarmed,0.8684,civilian,armed,not,civilians,0.9644,armed,0.9644,civilian,armed,not,civilians,1,1,1,1,,,0.837,unarmed,0.837,0.1707,armed,0.1707,,0.7676,unarmed,0.7676,0.2568,armed,0.2568,,,0.837,unarmed,0.837,armed,civilian,not,masked,0.1707,armed,0.1707,armed,civilian,not,masked,,,0.7676,unarmed,0.7676,civilian,civilians,armed,peaceful,0.2568,armed,0.2568,civilian,civilians,armed,peaceful,,,0,women,0.0911,old,foe,children,girls,0,women,0.09,old,foe,children,girls
262,alike,j-coordinated,280,crooked,straight,0.0259,honest,0.2731,innocent,good,clean,fair,0.0048,gay,0.8964,innocent,good,clean,fair,1,1,1,1,,,0.0037,innocent,0.5364,0.0003,gay,0.8555,,0.003,innocent,0.3075,0.0003,gay,0.8874,,,0.0037,innocent,0.5364,honest,free,crooked,guilty,0.0003,gay,0.8555,honest,free,crooked,guilty,,,0.003,innocent,0.3075,honest,corrupt,crooked,stupid,0.0003,gay,0.8874,honest,corrupt,crooked,stupid,,,0.0001,women,0.112,old,children,girls,foe,0,women,0.1426,old,children,girls,foe
263,alike,j-coordinated,281,incoming,outgoing,0.9798,outgoing,0.9798,departing,exiting,incoming,retiring,0.0001,shy,0.4448,departing,exiting,incoming,retiring,1,1,1,1,,,0.8733,outgoing,0.8733,0.1276,returning,0.2226,,0.5649,outgoing,0.5649,0.0701,returning,0.1802,,,0.8733,outgoing,0.8733,departing,returning,incoming,leaving,0.1276,returning,0.2226,departing,returning,incoming,leaving,,,0.5649,outgoing,0.5649,departing,returning,alumni,leaving,0.0701,returning,0.1802,departing,returning,alumni,leaving,,,0,women,0.0757,old,foe,children,girls,0,women,0.0778,old,foe,children,girls
264,alike,j-coordinated,282,extraordinary,ordinary,0.5574,ordinary,0.5574,mundane,normal,average,common,0.2753,extraordinary,0.2753,mundane,normal,average,common,1,1,1,1,,,0.5007,ordinary,0.5007,0.1491,extraordinary,0.1491,,0.6604,ordinary,0.6604,0.6941,extraordinary,0.6941,,,0.5007,ordinary,0.5007,normal,mundane,extraordinary,common,0.1491,extraordinary,0.1491,normal,mundane,extraordinary,common,,,0.6604,ordinary,0.6604,normal,mundane,extraordinary,common,0.6941,extraordinary,0.6941,normal,mundane,extraordinary,common,,,0.0001,women,0.0957,old,foe,children,girls,0,women,0.13,old,foe,children,girls
265,alike,j-coordinated,283,insignificant,significant,0.0707,significant,0.0707,important,large,mighty,consequential,0.0967,trivial,0.1069,important,large,mighty,consequential,1,0,1,0,,,0.0788,significant,0.0788,0.0531,insignificant,0.0531,,0.0881,significant,0.0881,0.1837,insignificant,0.1837,,,0.0788,significant,0.0788,important,monumental,consequential,mighty,0.0531,insignificant,0.0531,important,monumental,consequential,mighty,,,0.0881,significant,0.0881,important,consequential,insignificant,irrelevant,0.1837,insignificant,0.1837,important,consequential,insignificant,irrelevant,,,0,women,0.0991,old,foe,children,girls,0,women,0.0747,old,foe,children,girls
266,alike,j-coordinated,284,disorderly,orderly,0.0908,orderly,0.0908,peaceful,lawful,violent,sane,0.1249,chaotic,0.3754,peaceful,lawful,violent,sane,0,0,1,0,,,0.0568,sane,0.0724,0.471,disorderly,0.471,,0.1441,orderly,0.1441,0.3933,disorderly,0.3933,,,0.0568,sane,0.0724,orderly,peaceful,normal,lawful,0.471,disorderly,0.471,orderly,peaceful,normal,lawful,,,0.1441,orderly,0.1441,sane,lawful,normal,peaceful,0.3933,disorderly,0.3933,sane,lawful,normal,peaceful,,,0,women,0.1036,old,foe,children,girls,0,women,0.0977,old,foe,children,girls
267,alike,j-coordinated,285,marked,unmarked,0.7048,unmarked,0.7048,not,otherwise,marked,anonymous,0.3106,marked,0.3106,not,otherwise,marked,anonymous,0,0,1,1,,,0.0813,marked,0.1668,0.249,unmarked,0.328,,0.3908,unmarked,0.3908,0.7919,marked,0.7919,,,0.0813,marked,0.1668,unmarked,not,otherwise,labeled,0.249,unmarked,0.328,unmarked,not,otherwise,labeled,,,0.3908,unmarked,0.3908,marked,not,ignored,unknown,0.7919,marked,0.7919,marked,not,ignored,unknown,,,0,women,0.1317,old,men,children,girls,0,women,0.0793,old,men,children,girls
268,alike,j-coordinated,286,double,single,0.1728,single,0.1728,triple,more,double,less,0.0096,married,0.1437,triple,more,double,less,0,1,0,1,,,0.0118,triple,0.0469,0.0016,all,0.0713,,0.0046,more,0.1767,0.0011,all,0.0669,,,0.0118,triple,0.0469,all,more,double,less,0.0016,all,0.0713,all,more,double,less,,,0.0046,more,0.1767,all,less,nothing,very,0.0011,all,0.0669,all,less,nothing,very,,,0,women,0.1194,old,foe,girls,men,0,women,0.12,old,foe,girls,men
269,alike,j-coordinated,287,illegitimate,legitimate,0.3107,legitimate,0.3107,legal,genuine,real,not,0.6273,illegitimate,0.6273,legal,genuine,real,not,0,1,0,1,,,0.0446,illegitimate,0.3284,0.6721,illegitimate,0.6721,,0.0164,illegitimate,0.5466,0.6688,illegitimate,0.6688,,,0.0446,illegitimate,0.3284,not,illegal,legitimate,criminal,0.6721,illegitimate,0.6721,not,illegal,legitimate,criminal,,,0.0164,illegitimate,0.5466,illegal,criminal,not,fraudulent,0.6688,illegitimate,0.6688,illegal,criminal,not,fraudulent,,,0,women,0.0835,old,foe,children,girls,0,women,0.0743,old,foe,children,girls
270,alike,j-coordinated,288,meaningful,meaningless,0.0886,meaningless,0.0886,trivial,irrelevant,mundane,superficial,0.0245,useful,0.0672,trivial,irrelevant,mundane,superficial,1,0,1,1,,,0.4744,meaningless,0.4744,0.183,meaningful,0.183,,0.2729,meaningless,0.2729,0.043,meaningless,0.0745,,,0.4744,meaningless,0.4744,not,pointless,meaningful,trivial,0.183,meaningful,0.183,not,pointless,meaningful,trivial,,,0.2729,meaningless,0.2729,destructive,useless,not,pointless,0.043,meaningless,0.0745,destructive,useless,not,pointless,,,0,women,0.0907,old,foe,children,girls,0,women,0.1018,old,foe,children,girls
271,alike,j-coordinated,289,stable,unstable,0.2922,unstable,0.2922,volatile,unpredictable,turbulent,fragile,0.1833,stable,0.1833,volatile,unpredictable,turbulent,fragile,1,0,0,0,,,0.4249,unstable,0.4249,0.0183,unstable,0.082,,0.0408,volatile,0.1439,0.0492,unstable,0.1106,,,0.4249,unstable,0.4249,unpredictable,volatile,fragile,stable,0.0183,unstable,0.082,unpredictable,volatile,fragile,stable,,,0.0408,volatile,0.1439,falling,unstable,unpredictable,down,0.0492,unstable,0.1106,falling,unstable,unpredictable,down,,,0,women,0.1072,old,foe,children,men,0,women,0.0981,old,foe,children,men
272,alike,j-coordinated,290,real,unreal,0.0063,fictional,0.2706,virtual,imagined,fake,imaginary,0.4797,real,0.4797,virtual,imagined,fake,imaginary,1,0,1,1,,,0.0193,fiction,0.2164,0.0293,fantasy,0.071,,0.02,fake,0.2026,0.0925,real,0.0925,,,0.0193,fiction,0.2164,fictional,fake,fantasy,imagined,0.0293,fantasy,0.071,fictional,fake,fantasy,imagined,,,0.02,fake,0.2026,fictional,fiction,imagined,fantasy,0.0925,real,0.0925,fictional,fiction,imagined,fantasy,,,0,women,0.105,old,foe,children,girls,0.0002,women,0.0725,old,foe,children,girls
273,alike,j-coordinated,291,irresponsible,responsible,0.0722,reckless,0.0833,responsible,irresponsible,prudent,negligent,0.1767,irresponsible,0.1767,responsible,irresponsible,prudent,negligent,1,1,1,1,,,0.0216,irresponsible,0.0922,0.327,irresponsible,0.327,,0.0191,irresponsible,0.0772,0.1512,irresponsible,0.1512,,,0.0216,irresponsible,0.0922,reckless,dangerous,negligent,responsible,0.327,irresponsible,0.327,reckless,dangerous,negligent,responsible,,,0.0191,irresponsible,0.0772,reckless,dangerous,stupid,negligent,0.1512,irresponsible,0.1512,reckless,dangerous,stupid,negligent,,,0,women,0.0757,old,foe,children,girls,0.0001,women,0.0862,old,foe,children,girls
274,alike,j-coordinated,292,qualitative,quantitative,0.992,quantitative,0.992,empirical,objective,descriptive,quantity,0.9551,qualitative,0.9551,empirical,objective,descriptive,quantity,0,1,0,1,,,0.1809,qualitative,0.3976,0.5634,qualitative,0.5634,,0.09,qualitative,0.303,0.5917,qualitative,0.5917,,,0.1809,qualitative,0.3976,quantitative,subjective,substantive,descriptive,0.5634,qualitative,0.5634,quantitative,subjective,substantive,descriptive,,,0.09,qualitative,0.303,descriptive,subjective,quantitative,conceptual,0.5917,qualitative,0.5917,descriptive,subjective,quantitative,conceptual,,,0,women,0.1134,old,children,men,foe,0,women,0.0981,old,children,men,foe
275,alike,j-coordinated,293,loaded,unloaded,0.3185,unloaded,0.3185,empty,loaded,unarmed,not,0.6746,loaded,0.6746,empty,loaded,unarmed,not,0,1,0,1,,,0.0842,loaded,0.132,0.1338,loaded,0.1338,,0.059,loaded,0.0753,0.4961,loaded,0.4961,,,0.0842,loaded,0.132,unloaded,dead,empty,disabled,0.1338,loaded,0.1338,unloaded,dead,empty,disabled,,,0.059,loaded,0.0753,not,unloaded,empty,unlocked,0.4961,loaded,0.4961,not,unloaded,empty,unlocked,,,0,women,0.1256,old,foe,men,children,0,women,0.0815,old,foe,men,children
276,alike,j-coordinated,294,fair,foul,0.1234,unjust,0.2246,unfair,foul,unequal,square,0.1019,fair,0.1019,unfair,foul,unequal,square,1,1,1,1,,,0.1083,unfair,0.261,0.1994,fair,0.1994,,0.0402,unfair,0.1857,0.2999,fair,0.2999,,,0.1083,unfair,0.261,unjust,foul,square,unequal,0.1994,fair,0.1994,unjust,foul,square,unequal,,,0.0402,unfair,0.1857,square,fair,unjust,foul,0.2999,fair,0.2999,square,fair,unjust,foul,,,0,women,0.1284,old,men,children,foe,0.0002,women,0.0879,old,men,children,foe
277,alike,j-coordinated,295,effective,ineffective,0.0675,ineffective,0.0675,destructive,inefficient,unreliable,efficient,0.0571,effective,0.0571,destructive,inefficient,unreliable,efficient,1,0,1,0,,,0.1049,ineffective,0.1049,0.0359,ineffective,0.0628,,0.0741,ineffective,0.0741,0.0349,ineffective,0.0766,,,0.1049,ineffective,0.1049,effective,efficient,inefficient,harmful,0.0359,ineffective,0.0628,effective,efficient,inefficient,harmful,,,0.0741,ineffective,0.0741,efficient,effective,not,inefficient,0.0349,ineffective,0.0766,efficient,effective,not,inefficient,,,0,women,0.1225,children,old,men,girls,0,women,0.0939,children,old,men,girls
278,alike,j-coordinated,296,mental,physical,0.8177,physical,0.8177,emotional,spiritual,bodily,physiological,0.339,mental,0.339,emotional,spiritual,bodily,physiological,1,1,1,1,,,0.5996,physical,0.5996,0.3404,mental,0.3404,,0.6963,physical,0.6963,0.3906,mental,0.3906,,,0.5996,physical,0.5996,emotional,spiritual,practical,bodily,0.3404,mental,0.3404,emotional,spiritual,practical,bodily,,,0.6963,physical,0.6963,emotional,spiritual,financial,bodily,0.3906,mental,0.3906,emotional,spiritual,financial,bodily,,,0,women,0.1067,old,men,children,girls,0,women,0.1423,old,men,children,girls
279,alike,j-coordinated,298,conscious,unconscious,0.7161,unconscious,0.7161,subconscious,not,asleep,conscious,0.6811,conscious,0.6811,subconscious,not,asleep,conscious,1,0,1,1,,,0.5849,unconscious,0.5849,0.1753,awake,0.2968,,0.5585,unconscious,0.5585,0.4944,conscious,0.4944,,,0.5849,unconscious,0.5849,subconscious,not,unaware,ignorant,0.1753,awake,0.2968,subconscious,not,unaware,ignorant,,,0.5585,unconscious,0.5585,subconscious,not,otherwise,passive,0.4944,conscious,0.4944,subconscious,not,otherwise,passive,,,0,women,0.0903,old,foe,children,girls,0,women,0.0873,old,foe,children,girls
280,alike,j-coordinated,299,convenient,inconvenient,0.0489,inconvenient,0.0489,expensive,luxurious,affordable,convenient,0.0264,inconvenient,0.0306,expensive,luxurious,affordable,convenient,0,1,0,1,,,0.007,affordable,0.0685,0.0503,inconvenient,0.055,,0.0067,luxurious,0.073,0.0378,expensive,0.0387,,,0.007,affordable,0.0685,luxurious,convenient,expensive,comfortable,0.0503,inconvenient,0.055,luxurious,convenient,expensive,comfortable,,,0.0067,luxurious,0.073,affordable,convenient,expensive,comfortable,0.0378,expensive,0.0387,affordable,convenient,expensive,comfortable,,,0,women,0.1184,old,foe,men,children,0,women,0.0847,old,foe,men,children
281,alike,j-coordinated,300,external,internal,0.9806,internal,0.9806,domestic,interior,inner,inside,0.9914,external,0.9914,domestic,interior,inner,inside,1,1,1,1,,,0.9618,internal,0.9618,0.9921,external,0.9921,,0.9775,internal,0.9775,0.9873,external,0.9873,,,0.9618,internal,0.9618,domestic,internally,inside,insiders,0.9921,external,0.9921,domestic,internally,inside,insiders,,,0.9775,internal,0.9775,domestic,Internal,inner,inside,0.9873,external,0.9873,domestic,Internal,inner,inside,,,0,women,0.0727,old,foe,children,girls,0.0001,women,0.0717,old,foe,children,girls
282,alike,j-coordinated,301,happy,unhappy,0.0378,sad,0.6619,unhappy,depressed,miserable,angry,0.3979,happy,0.3979,unhappy,depressed,miserable,angry,1,0,1,0,,,0.0488,sad,0.5196,0.015,sad,0.1162,,0.043,sad,0.2777,0.0149,sad,0.1075,,,0.0488,sad,0.5196,miserable,depressed,unhappy,scared,0.015,sad,0.1162,miserable,depressed,unhappy,scared,,,0.043,sad,0.2777,scared,miserable,unhappy,suffering,0.0149,sad,0.1075,scared,miserable,unhappy,suffering,,,0,women,0.106,old,children,foe,girls,0.0001,women,0.0763,old,children,foe,girls
283,alike,j-coordinated,302,covert,overt,0.4105,overt,0.4105,open,public,clandestine,official,0.7944,covert,0.7944,open,public,clandestine,official,0,0,0,0,,,0.0497,open,0.1524,0.0536,hidden,0.1663,,0.0357,public,0.1065,0.0001,still,0.0286,,,0.0497,open,0.1524,public,overt,obvious,official,0.0536,hidden,0.1663,public,overt,obvious,official,,,0.0357,public,0.1065,open,transparent,obvious,overt,0.0001,still,0.0286,open,transparent,obvious,overt,,,0,women,0.0768,old,foe,children,girls,0,women,0.0889,old,foe,children,girls
284,alike,j-coordinated,303,counterfeit,genuine,0.211,real,0.2955,genuine,authentic,legitimate,legal,0.0301,fake,0.2117,genuine,authentic,legitimate,legal,0,1,1,1,,,0.1521,genuine,0.1521,0.1632,fake,0.1637,,0.111,counterfeit,0.1179,0.1296,fake,0.2465,,,0.1521,genuine,0.1521,counterfeit,real,authentic,fake,0.1632,fake,0.1637,counterfeit,real,authentic,fake,,,0.111,counterfeit,0.1179,genuine,real,fake,authentic,0.1296,fake,0.2465,genuine,real,fake,authentic,,,0,women,0.0944,old,foe,children,girls,0,women,0.1217,old,foe,children,girls
285,alike,j-coordinated,304,accessible,inaccessible,0.0053,affordable,0.0536,elite,expensive,exclusive,disabled,0.4129,accessible,0.4129,elite,expensive,exclusive,disabled,1,1,1,0,,,0.0194,disabled,0.1114,0.0383,accessible,0.0383,,0.0056,disabled,0.0605,0.0668,inaccessible,0.0941,,,0.0194,disabled,0.1114,blind,not,inaccessible,elderly,0.0383,accessible,0.0383,blind,not,inaccessible,elderly,,,0.0056,disabled,0.0605,expensive,elderly,elite,wealthy,0.0668,inaccessible,0.0941,expensive,elderly,elite,wealthy,,,0,women,0.0858,old,children,foe,girls,0,women,0.0711,old,children,foe,girls
286,alike,j-coordinated,305,empirical,theoretical,0.0878,anecdotal,0.0912,theoretical,subjective,ideological,conceptual,0.0682,practical,0.6047,theoretical,subjective,ideological,conceptual,0,1,1,1,,,0.1388,theoretical,0.1388,0.102,practical,0.5817,,0.0087,political,0.0593,0.0808,practical,0.6706,,,0.1388,theoretical,0.1388,philosophical,political,ideological,conceptual,0.102,practical,0.5817,philosophical,political,ideological,conceptual,,,0.0087,political,0.0593,academic,personal,practical,journalistic,0.0808,practical,0.6706,academic,personal,practical,journalistic,,,0,women,0.0975,old,foe,children,girls,0,women,0.0851,old,foe,children,girls
287,alike,j-coordinated,306,predictable,unpredictable,0.535,unpredictable,0.535,unexpected,unreliable,erratic,surprising,0.1543,predictable,0.1543,unexpected,unreliable,erratic,surprising,1,0,1,0,,,0.687,unpredictable,0.687,0.1464,unpredictable,0.3453,,0.6612,unpredictable,0.6612,0.3155,unpredictable,0.4808,,,0.687,unpredictable,0.687,unexpected,unreliable,surprising,unforeseen,0.1464,unpredictable,0.3453,unexpected,unreliable,surprising,unforeseen,,,0.6612,unpredictable,0.6612,unexpected,unreliable,predictable,uncertain,0.3155,unpredictable,0.4808,unexpected,unreliable,predictable,uncertain,,,0,women,0.0898,old,foe,children,girls,0,women,0.1022,old,foe,children,girls
288,alike,j-coordinated,307,abundant,scarce,0.1751,scarce,0.1751,rare,limited,finite,plentiful,0.0615,abundant,0.0615,rare,limited,finite,plentiful,1,0,0,0,,,0.0539,scarce,0.0539,0.0085,precious,0.076,,0.0172,poor,0.0288,0.0028,priced,0.0587,,,0.0539,scarce,0.0539,sparse,finite,limited,abundant,0.0085,precious,0.076,sparse,finite,limited,abundant,,,0.0172,poor,0.0288,sparse,hungry,depleted,abundant,0.0028,priced,0.0587,sparse,hungry,depleted,abundant,,,0,women,0.086,old,foe,children,girls,0,women,0.1199,old,foe,children,girls
289,alike,j-coordinated,308,affirmative,negative,0.8955,negative,0.8955,negatives,reactive,defensive,Negative,0.0069,positive,0.9607,negatives,reactive,defensive,Negative,0,1,0,1,,,0.028,conservative,0.1899,0.0048,positive,0.9755,,0.0169,conservative,0.0967,0.026,positive,0.9286,,,0.028,conservative,0.1899,affirmative,not,reactionary,defensive,0.0048,positive,0.9755,affirmative,not,reactionary,defensive,,,0.0169,conservative,0.0967,reactionary,not,reactive,defensive,0.026,positive,0.9286,reactionary,not,reactive,defensive,,,0,women,0.13,old,children,foe,men,0,women,0.125,old,children,foe,men
290,alike,j-coordinated,309,sour,sweet,0.7562,sweet,0.7562,bitter,sour,delicious,pleasant,0.3394,sour,0.3394,bitter,sour,delicious,pleasant,1,1,1,1,,,0.8207,sweet,0.8207,0.4803,sour,0.4803,,0.7249,sweet,0.7249,0.4671,sour,0.4671,,,0.8207,sweet,0.8207,bitter,sour,salty,spicy,0.4803,sour,0.4803,bitter,sour,salty,spicy,,,0.7249,sweet,0.7249,sour,bitter,salty,delicious,0.4671,sour,0.4671,sour,bitter,salty,delicious,,,0,women,0.0899,old,foe,children,girls,0,women,0.1731,old,foe,children,girls
291,alike,j-coordinated,310,conventional,unconventional,0.1499,unconventional,0.1499,revolutionary,insurgent,unorthodox,not,0.2807,conventional,0.2807,revolutionary,insurgent,unorthodox,not,1,0,1,1,,,0.2548,unconventional,0.2548,0.1183,unconventional,0.2005,,0.3334,unconventional,0.3334,0.4109,conventional,0.4109,,,0.2548,unconventional,0.2548,unorthodox,not,radical,experimental,0.1183,unconventional,0.2005,unorthodox,not,radical,experimental,,,0.3334,unconventional,0.3334,not,unorthodox,radical,controversial,0.4109,conventional,0.4109,not,unorthodox,radical,controversial,,,0,women,0.0879,old,foe,children,girls,0,women,0.1185,old,foe,children,girls
292,alike,j-coordinated,311,restricted,unrestricted,0.061,unrestricted,0.061,free,unregulated,open,not,0.4285,restricted,0.4285,free,unregulated,open,not,0,1,0,1,,,0.0555,free,0.0948,0.1343,restricted,0.1343,,0.0491,restricted,0.0623,0.2987,restricted,0.2987,,,0.0555,free,0.0948,unrestricted,not,restricted,otherwise,0.1343,restricted,0.1343,unrestricted,not,restricted,otherwise,,,0.0491,restricted,0.0623,free,unrestricted,not,unregulated,0.2987,restricted,0.2987,free,unrestricted,not,unregulated,,,0,women,0.1025,old,foe,children,girls,0,women,0.0756,old,foe,children,girls
293,alike,j-coordinated,312,pleasant,unpleasant,0.2277,unpleasant,0.2277,frightening,not,terrifying,disturbing,0.1537,pleasant,0.1537,frightening,not,terrifying,disturbing,1,0,0,0,,,0.1475,unpleasant,0.1475,0.0106,annoying,0.0309,,0.0125,gloomy,0.0401,0.0103,amusing,0.0184,,,0.1475,unpleasant,0.1475,annoying,irritating,frightening,disturbing,0.0106,annoying,0.0309,annoying,irritating,frightening,disturbing,,,0.0125,gloomy,0.0401,grim,tragic,ominous,sad,0.0103,amusing,0.0184,grim,tragic,ominous,sad,,,0,women,0.1981,men,children,people,girls,0,women,0.1122,men,children,people,girls
294,alike,j-coordinated,313,lean,rich,0.0012,fat,0.1543,heavy,muscular,strong,thick,0,poor,0.994,heavy,muscular,strong,thick,1,1,1,1,,,0.0006,mean,0.2469,0,poor,0.9949,,0.0017,strong,0.0875,0,poor,0.9948,,,0.0006,mean,0.2469,green,mighty,strong,powerful,0,poor,0.9949,green,mighty,strong,powerful,,,0.0017,strong,0.0875,mean,fast,heavy,fit,0,poor,0.9948,mean,fast,heavy,fit,,,0.001,women,0.1278,old,girls,men,children,0,women,0.1001,old,girls,men,children
295,alike,j-coordinated,314,plural,singular,0.9656,singular,0.9656,single,plural,double,indefinite,0.4919,plural,0.4919,single,plural,double,indefinite,1,1,1,1,,,0.8597,singular,0.8597,0.7758,plural,0.7758,,0.7235,singular,0.7235,0.0968,plural,0.0968,,,0.8597,singular,0.8597,single,plural,individual,simple,0.7758,plural,0.7758,single,plural,individual,simple,,,0.7235,singular,0.7235,single,individual,plural,simple,0.0968,plural,0.0968,single,individual,plural,simple,,,0,women,0.0941,old,foe,children,girls,0,women,0.1021,old,foe,children,girls
296,alike,j-coordinated,315,negative,positive,0.9607,positive,0.9607,affirmative,positives,constructive,positively,0.9843,negative,0.9843,affirmative,positives,constructive,positively,1,1,1,1,,,0.9755,positive,0.9755,0.9703,negative,0.9703,,0.9286,positive,0.9286,0.9552,negative,0.9552,,,0.9755,positive,0.9755,positives,affirmative,positively,negative,0.9703,negative,0.9703,positives,affirmative,positively,negative,,,0.9286,positive,0.9286,affirmative,Positive,positives,negative,0.9552,negative,0.9552,affirmative,Positive,positives,negative,,,0,women,0.125,men,old,children,foe,0,women,0.1311,men,old,children,foe
297,alike,j-coordinated,316,useful,useless,0.1005,useless,0.1005,useful,dangerous,harmful,destructive,0.1961,useful,0.1961,useful,dangerous,harmful,destructive,1,1,0,1,,,0.1429,useless,0.1429,0.1987,useful,0.1987,,0.1127,useful,0.1316,0.2289,useful,0.2289,,,0.1429,useless,0.1429,useful,harmful,annoying,dangerous,0.1987,useful,0.1987,useful,harmful,annoying,dangerous,,,0.1127,useful,0.1316,useless,dangerous,unnecessary,annoying,0.2289,useful,0.2289,useless,dangerous,unnecessary,annoying,,,0,women,0.1339,men,children,old,girls,0,women,0.1413,men,children,old,girls
298,alike,j-coordinated,317,familiar,strange,0.0348,stranger,0.2101,unfamiliar,strangers,alien,new,0.6095,familiar,0.6095,unfamiliar,strangers,alien,new,1,1,1,1,,,0.0476,unfamiliar,0.1367,0.3192,familiar,0.3192,,0.0643,unfamiliar,0.1385,0.3376,familiar,0.3376,,,0.0476,unfamiliar,0.1367,exotic,new,alien,strange,0.3192,familiar,0.3192,exotic,new,alien,strange,,,0.0643,unfamiliar,0.1385,new,exotic,strange,stranger,0.3376,familiar,0.3376,new,exotic,strange,stranger,,,0,women,0.108,old,children,foe,girls,0.0001,women,0.1623,old,children,foe,girls
299,alike,j-coordinated,318,coastal,inland,0.6427,inland,0.6427,urban,interior,rural,suburban,0.4688,coastal,0.4688,urban,interior,rural,suburban,1,1,1,0,,,0.6439,inland,0.6439,0.3092,coastal,0.3092,,0.4489,inland,0.4489,0.1629,offshore,0.3605,,,0.6439,inland,0.6439,interior,urban,desert,mountain,0.3092,coastal,0.3092,interior,urban,desert,mountain,,,0.4489,inland,0.4489,interior,desert,mountains,Arctic,0.1629,offshore,0.3605,interior,desert,mountains,Arctic,,,0,women,0.0695,old,foe,children,fans,0,women,0.0844,old,foe,children,fans
300,alike,j-coordinated,319,maximum,minimum,0.649,minimum,0.649,average,maximum,minimal,low,0.6791,maximum,0.6791,average,maximum,minimal,low,0,1,1,1,,,0.0009,not,0.0256,0.3812,maximum,0.3812,,0.1795,minimum,0.1795,0.5241,maximum,0.5241,,,0.0009,not,0.0256,feel,less,women,fail,0.3812,maximum,0.3812,feel,less,women,fail,,,0.1795,minimum,0.1795,most,average,Minimum,least,0.5241,maximum,0.5241,most,average,Minimum,least,,,0,women,0.1184,old,children,men,girls,0,women,0.0748,old,children,men,girls
301,alike,j-coordinated,320,necessary,unnecessary,0.0344,desirable,0.1224,unnecessary,undesirable,frivolous,not,0.1022,useful,0.2332,unnecessary,undesirable,frivolous,not,0,1,1,1,,,0.1373,unnecessary,0.1373,0.0194,dangerous,0.0449,,0.0294,inconvenient,0.0732,0.0348,unnecessary,0.0574,,,0.1373,unnecessary,0.1373,wanted,not,impractical,optional,0.0194,dangerous,0.0449,wanted,not,impractical,optional,,,0.0294,inconvenient,0.0732,desirable,unnecessary,undesirable,not,0.0348,unnecessary,0.0574,desirable,unnecessary,undesirable,not,,,0,women,0.1167,old,men,foe,children,0,women,0.0849,old,men,foe,children
302,alike,j-coordinated,321,familiar,unfamiliar,0.1652,stranger,0.2101,unfamiliar,strangers,alien,new,0.5041,familiar,0.5041,unfamiliar,strangers,alien,new,0,0,0,1,,,0.1367,unfamiliar,0.1367,0.0958,unfamiliar,0.1128,,0.1385,unfamiliar,0.1385,0.1425,familiar,0.1425,,,0.1367,unfamiliar,0.1367,exotic,new,alien,strange,0.0958,unfamiliar,0.1128,exotic,new,alien,strange,,,0.1385,unfamiliar,0.1385,new,exotic,strange,stranger,0.1425,familiar,0.1425,new,exotic,strange,stranger,,,0.0001,women,0.108,old,children,foe,girls,0.0001,women,0.0832,old,children,foe,girls
303,alike,j-coordinated,322,dramatic,lyric,0.0003,comedic,0.0795,humorous,mundane,tragic,political,0.0001,prose,0.0461,humorous,mundane,tragic,political,1,1,1,1,,,0.0004,comedic,0.0662,0.002,prose,0.0343,,0.0002,mundane,0.0477,0.0004,tone,0.0433,,,0.0004,comedic,0.0662,mundane,humorous,realistic,funny,0.002,prose,0.0343,mundane,humorous,realistic,funny,,,0.0002,mundane,0.0477,comedic,tragic,realistic,humorous,0.0004,tone,0.0433,comedic,tragic,realistic,humorous,,,0,women,0.0835,old,foe,children,girls,0,women,0.0844,old,foe,children,girls
304,alike,j-coordinated,323,obligatory,optional,0.5228,optional,0.5228,voluntary,discretionary,not,obligatory,0.0818,mandatory,0.4921,voluntary,discretionary,not,obligatory,0,1,0,1,,,0.1171,voluntary,0.3331,0.0291,required,0.1522,,0.0142,voluntary,0.0323,0.0093,required,0.1179,,,0.1171,voluntary,0.3331,optional,discretionary,mandatory,free,0.0291,required,0.1522,optional,discretionary,mandatory,free,,,0.0142,voluntary,0.0323,mandatory,not,honorary,optional,0.0093,required,0.1179,mandatory,not,honorary,optional,,,0,women,0.0853,old,foe,children,girls,0,women,0.095,old,foe,children,girls
305,alike,j-coordinated,324,absolute,relative,0.8106,relative,0.8106,subjective,conditional,absolute,partial,0.0052,stranger,0.151,subjective,conditional,absolute,partial,0,1,0,0,,,0.0698,absolute,0.0906,0.0024,foe,0.1321,,0.0438,subjective,0.0777,0.1569,absolute,0.1569,,,0.0698,absolute,0.0906,relative,not,subjective,FALSE,0.0024,foe,0.1321,relative,not,subjective,FALSE,,,0.0438,subjective,0.0777,absolute,relative,contradictory,conditional,0.1569,absolute,0.1569,absolute,relative,contradictory,conditional,,,0.0001,women,0.1207,old,foe,children,girls,0,women,0.1144,old,foe,children,girls
306,alike,j-coordinated,325,early,late,0.3076,later,0.3542,late,modern,recent,present,0.2712,early,0.2712,late,modern,recent,present,0,1,0,1,,,0.3099,late,0.3099,0.1083,early,0.1083,,0.488,late,0.488,0.7708,early,0.7708,,,0.3099,late,0.3099,later,not,young,early,0.1083,early,0.1083,later,not,young,early,,,0.488,late,0.488,later,modern,Late,not,0.7708,early,0.7708,later,modern,Late,not,,,0.0001,women,0.0981,old,foe,children,girls,0,women,0.0672,old,foe,children,girls
307,alike,j-coordinated,326,clear,cloudy,0.0023,concise,0.0249,confusing,confused,loud,opaque,0.018,sunny,0.535,confusing,confused,loud,opaque,1,1,1,1,,,0.0031,the,0.0589,0.0086,sunny,0.3392,,0.0049,the,0.0602,0.008,sunny,0.2957,,,0.0031,the,0.0589,not,see,all,look,0.0086,sunny,0.3392,not,see,all,look,,,0.0049,the,0.0602,all,not,see,crystal,0.008,sunny,0.2957,all,not,see,crystal,,,0,women,0.1453,men,children,old,girls,0.0001,women,0.0829,men,children,old,girls
308,alike,j-coordinated,327,intoxicated,sober,0.4602,sober,0.4602,intoxicated,drunk,not,angry,0.283,drunk,0.5022,intoxicated,drunk,not,angry,1,1,1,1,,,0.2998,sober,0.2998,0.0872,drunk,0.2572,,0.3365,sober,0.3365,0.0419,drunk,0.167,,,0.2998,sober,0.2998,intoxicated,drunk,sane,not,0.0872,drunk,0.2572,intoxicated,drunk,sane,not,,,0.3365,sober,0.3365,intoxicated,sane,addicted,drunk,0.0419,drunk,0.167,intoxicated,sane,addicted,drunk,,,0.0001,women,0.1027,old,foe,children,girls,0,women,0.0702,old,foe,children,girls
309,alike,j-coordinated,328,explicit,implicit,0.6534,implicit,0.6534,explicit,passive,implied,ambiguous,0.973,explicit,0.973,explicit,passive,implied,ambiguous,1,1,1,1,,,0.6062,implicit,0.6062,0.9766,explicit,0.9766,,0.5622,implicit,0.5622,0.9514,explicit,0.9514,,,0.6062,implicit,0.6062,implied,ambiguous,explicit,covert,0.9766,explicit,0.9766,implied,ambiguous,explicit,covert,,,0.5622,implicit,0.5622,implied,opaque,ambiguous,explicit,0.9514,explicit,0.9514,implied,opaque,ambiguous,explicit,,,0,women,0.1259,old,children,girls,men,0,women,0.1083,old,children,girls,men
310,alike,j-coordinated,329,compound,simple,0.0156,compound,0.1219,individual,complex,simple,molecule,0.0002,elegant,0.1974,individual,complex,simple,molecule,1,1,0,1,,,0.0258,compound,0.0363,0.0003,complex,0.0505,,0.0572,simple,0.0572,0.0001,all,0.0923,,,0.0258,compound,0.0363,simple,not,inverse,spread,0.0003,complex,0.0505,simple,not,inverse,spread,,,0.0572,simple,0.0572,compound,not,inverse,square,0.0001,all,0.0923,compound,not,inverse,square,,,0.0003,women,0.0855,old,foe,children,men,0,women,0.2131,old,foe,children,men
311,alike,j-coordinated,330,cerebral,emotional,0.1,emotional,0.1,physical,visceral,spiritual,practical,0.0064,physical,0.2262,physical,visceral,spiritual,practical,0,1,0,1,,,0.0132,muscular,0.0653,0.0048,physical,0.289,,0.0153,muscular,0.0583,0.008,physical,0.2144,,,0.0132,muscular,0.0653,spinal,auditory,visual,respiratory,0.0048,physical,0.289,spinal,auditory,visual,respiratory,,,0.0153,muscular,0.0583,visual,auditory,vocal,spinal,0.008,physical,0.2144,visual,auditory,vocal,spinal,,,0,women,0.0772,old,foe,children,girls,0,women,0.0872,old,foe,children,girls
312,alike,j-coordinated,331,analytic,synthetic,0.001,intuitive,0.0503,political,empirical,populist,emotional,0,natural,0.5024,political,empirical,populist,emotional,1,1,1,1,,,0.0005,intuitive,0.051,0,real,0.446,,0.0004,intuitive,0.0865,0,real,0.4447,,,0.0005,intuitive,0.051,practical,empirical,pragmatic,political,0,real,0.446,practical,empirical,pragmatic,political,,,0.0004,intuitive,0.0865,emotional,pragmatic,practical,passionate,0,real,0.4447,emotional,pragmatic,practical,passionate,,,0,women,0.0844,old,foe,children,girls,0,women,0.0813,old,foe,children,girls
313,alike,j-coordinated,332,known,unknown,0.8166,unknown,0.8166,obscure,anonymous,not,mysterious,0.2241,known,0.2241,obscure,anonymous,not,mysterious,1,0,1,1,,,0.8119,unknown,0.8119,0.164,unknown,0.2303,,0.7738,unknown,0.7738,0.3779,known,0.3779,,,0.8119,unknown,0.8119,anonymous,not,obscure,unnamed,0.164,unknown,0.2303,anonymous,not,obscure,unnamed,,,0.7738,unknown,0.7738,not,obscure,anonymous,mysterious,0.3779,known,0.3779,not,obscure,anonymous,mysterious,,,0.0001,women,0.1032,old,foe,children,girls,0,women,0.1019,old,foe,children,girls
314,alike,j-coordinated,333,alternating,direct,0.0002,not,0.0368,other,alternating,falling,otherwise,0,indirect,0.9601,other,alternating,falling,otherwise,1,1,1,1,,,0.0005,real,0.0491,0,indirect,0.93,,0,looking,0.0318,0,indirect,0.9291,,,0.0005,real,0.0491,factual,truth,TRUE,FALSE,0,indirect,0.93,factual,truth,TRUE,FALSE,,,0,looking,0.0318,acting,always,all,sharing,0,indirect,0.9291,acting,always,all,sharing,,,0,women,0.0909,old,foe,children,girls,0,women,0.1745,old,foe,children,girls
315,alike,j-coordinated,334,coarse,fine,0.0394,refined,0.0499,smooth,delicate,fine,beautiful,0.1501,poor,0.228,smooth,delicate,fine,beautiful,1,1,1,1,,,0.0342,powder,0.074,0.0764,poor,0.1549,,0.0183,liquid,0.065,0.0585,poor,0.2633,,,0.0342,powder,0.074,liquid,fine,soft,rough,0.0764,poor,0.1549,liquid,fine,soft,rough,,,0.0183,liquid,0.065,soft,thick,fine,powder,0.0585,poor,0.2633,soft,thick,fine,powder,,,0,women,0.1253,old,foe,men,children,0,women,0.1042,old,foe,men,children
316,alike,j-coordinated,335,direct,inverse,0,indirect,0.9601,indirectly,implied,covert,proxy,0.0039,inverse,0.3479,indirectly,implied,covert,proxy,1,1,1,1,,,0,indirect,0.93,0.0003,inverse,0.115,,0.0001,indirect,0.9291,0.0001,inverse,0.0962,,,0,indirect,0.93,indirectly,implied,direct,proxy,0.0003,inverse,0.115,indirectly,implied,direct,proxy,,,0.0001,indirect,0.9291,indirectly,implied,direct,delegated,0.0001,inverse,0.0962,indirectly,implied,direct,delegated,,,0,women,0.1745,men,children,girls,boys,0,women,0.1354,men,children,girls,boys
317,alike,j-coordinated,336,indoor,outdoor,0.8848,outdoor,0.8848,outdoors,outside,out,exterior,0.7927,indoor,0.7927,outdoors,outside,out,exterior,1,1,1,0,,,0.7369,outdoor,0.7369,0.4395,indoor,0.4395,,0.7978,outdoor,0.7978,0.3617,indoors,0.5176,,,0.7369,outdoor,0.7369,outdoors,outside,out,exterior,0.4395,indoor,0.4395,outdoors,outside,out,exterior,,,0.7978,outdoor,0.7978,outdoors,outside,Outdoor,out,0.3617,indoors,0.5176,outdoors,outside,Outdoor,out,,,0,women,0.0792,old,foe,children,girls,0,women,0.0609,old,foe,children,girls
318,alike,j-coordinated,337,medical,surgical,0.0193,academic,0.0662,scientific,political,legal,religious,0.1291,cosmetic,0.1427,scientific,political,legal,religious,1,1,1,1,,,0.0085,religious,0.0421,0.1179,cosmetic,0.1573,,0.0203,religious,0.056,0.0737,cosmetic,0.2297,,,0.0085,religious,0.0421,lay,academic,students,general,0.1179,cosmetic,0.1573,lay,academic,students,general,,,0.0203,religious,0.056,academic,military,legal,political,0.0737,cosmetic,0.2297,academic,military,legal,political,,,0,women,0.0627,old,foe,fans,children,0,women,0.0643,old,foe,fans,children
319,alike,j-coordinated,338,aged,young,0.6402,young,0.6402,children,youth,younger,youthful,0.0003,old,0.9925,children,youth,younger,youthful,1,1,1,1,,,0.289,young,0.289,0.0003,old,0.9933,,0.7193,young,0.7193,0.0003,old,0.9926,,,0.289,young,0.289,children,youth,child,old,0.0003,old,0.9933,children,youth,child,old,,,0.7193,young,0.7193,youth,children,younger,youthful,0.0003,old,0.9926,youth,children,younger,youthful,,,0.0067,women,0.1171,old,foe,children,men,0.0001,women,0.1194,old,foe,children,men
320,alike,j-coordinated,339,complete,incomplete,0.3968,incomplete,0.3968,partial,imperfect,unfinished,flawed,0.1384,incomplete,0.2714,partial,imperfect,unfinished,flawed,1,1,0,1,,,0.0877,incomplete,0.0877,0.024,incomplete,0.1018,,0.0381,not,0.0537,0.0255,incomplete,0.1089,,,0.0877,incomplete,0.0877,not,fail,complete,imperfect,0.024,incomplete,0.1018,not,fail,complete,imperfect,,,0.0381,not,0.0537,complete,all,fail,incomplete,0.0255,incomplete,0.1089,complete,all,fail,incomplete,,,0,women,0.1891,men,children,old,girls,0,women,0.1061,men,children,old,girls
321,alike,j-coordinated,340,few,many,0.779,many,0.779,all,none,few,large,0.7194,few,0.7194,all,none,few,large,1,1,1,1,,,0.2084,many,0.2084,0.1889,few,0.1889,,0.4645,many,0.4645,0.643,few,0.643,,,0.2084,many,0.2084,none,mighty,few,large,0.1889,few,0.1889,none,mighty,few,large,,,0.4645,many,0.4645,all,none,few,far,0.643,few,0.643,all,none,few,far,,,0,women,0.148,old,children,girls,men,0.0001,women,0.0912,old,children,girls,men
322,alike,j-coordinated,341,general,local,0.0172,individual,0.1198,specific,individuals,politicians,particular,0.0006,national,0.4056,specific,individuals,politicians,particular,1,1,1,1,,,0.007,individual,0.0254,0.0003,visitors,0.1826,,0.0021,politician,0.083,0.0002,visitors,0.2359,,,0.007,individual,0.0254,president,politician,general,staff,0.0003,visitors,0.1826,president,politician,general,staff,,,0.0021,politician,0.083,civilian,soldier,general,officer,0.0002,visitors,0.2359,civilian,soldier,general,officer,,,0.0004,women,0.1048,old,foe,children,girls,0.0001,women,0.0768,old,foe,children,girls
323,alike,j-coordinated,342,efficient,inefficient,0.0204,effective,0.0308,expensive,dangerous,inefficient,cheap,0.0285,inefficient,0.0516,expensive,dangerous,inefficient,cheap,1,1,1,1,,,0.0253,not,0.0437,0.0127,inefficient,0.055,,0.0036,effective,0.035,0.0498,inefficient,0.0843,,,0.0253,not,0.0437,efficient,cheap,inefficient,effective,0.0127,inefficient,0.055,efficient,cheap,inefficient,effective,,,0.0036,effective,0.035,beautiful,reliable,safe,efficient,0.0498,inefficient,0.0843,beautiful,reliable,safe,efficient,,,0,women,0.1473,men,children,girls,old,0,women,0.11,men,children,girls,old
324,alike,j-coordinated,343,short,tall,0.0279,long,0.819,tall,medium,longer,fat,0.6785,short,0.6785,tall,medium,longer,fat,1,1,1,1,,,0.1085,long,0.1976,0.2326,short,0.2326,,0.115,long,0.2401,0.2403,short,0.2403,,,0.1085,long,0.1976,tall,wide,not,fat,0.2326,short,0.2326,tall,wide,not,fat,,,0.115,long,0.2401,tall,not,wide,short,0.2403,short,0.2403,tall,not,wide,short,,,0,women,0.1158,old,children,foe,girls,0,women,0.1114,old,children,foe,girls
325,alike,j-coordinated,344,anterior,posterior,0.9512,posterior,0.9512,lateral,medial,intermediate,inferior,0.6824,anterior,0.6824,lateral,medial,intermediate,inferior,0,0,0,0,,,0.0003,interior,0.7452,0.0317,senior,0.3784,,0.0001,interior,0.8731,0.0491,senior,0.3424,,,0.0003,interior,0.7452,exterior,rear,the,inside,0.0317,senior,0.3784,exterior,rear,the,inside,,,0.0001,interior,0.8731,Interior,inside,exterior,rear,0.0491,senior,0.3424,Interior,inside,exterior,rear,,,0,women,0.1232,old,children,girls,foe,0,women,0.1068,old,children,girls,foe
326,alike,j-coordinated,345,involuntary,voluntary,0.9182,voluntary,0.9182,involuntary,voluntarily,conscious,natural,0.2885,involuntary,0.2885,involuntary,voluntarily,conscious,natural,0,1,0,0,,,0.1041,involuntary,0.2571,0.1333,involuntary,0.1333,,0.1467,involuntary,0.3423,0.0725,not,0.0899,,,0.1041,involuntary,0.2571,voluntary,coerced,compulsory,mandatory,0.1333,involuntary,0.1333,voluntary,coerced,compulsory,mandatory,,,0.1467,involuntary,0.3423,voluntary,coerced,forced,compulsory,0.0725,not,0.0899,voluntary,coerced,forced,compulsory,,,0,women,0.0799,old,foe,children,girls,0,women,0.1243,old,foe,children,girls
327,alike,j-coordinated,346,deep,shallow,0.2827,shallow,0.2827,wide,thin,superficial,light,0.4713,deep,0.4713,wide,thin,superficial,light,1,1,1,1,,,0.4654,shallow,0.4654,0.7051,deep,0.7051,,0.1392,shallow,0.1392,0.0966,deep,0.0966,,,0.4654,shallow,0.4654,deep,thin,superficial,light,0.7051,deep,0.7051,deep,thin,superficial,light,,,0.1392,shallow,0.1392,wide,deep,rich,dark,0.0966,deep,0.0966,wide,deep,rich,dark,,,0,women,0.1184,old,children,men,girls,0,women,0.1011,old,children,men,girls
328,alike,j-coordinated,347,acute,chronic,0.5967,chronic,0.5967,acute,transient,peripheral,severe,0.8752,acute,0.8752,acute,transient,peripheral,severe,1,1,1,1,,,0.481,chronic,0.481,0.7079,acute,0.7079,,0.7503,chronic,0.7503,0.7063,acute,0.7063,,,0.481,chronic,0.481,acute,mild,severe,normal,0.7079,acute,0.7079,acute,mild,severe,normal,,,0.7503,chronic,0.7503,acute,mild,severe,permanent,0.7063,acute,0.7063,acute,mild,severe,permanent,,,0,women,0.1214,old,foe,children,men,0,women,0.0749,old,foe,children,men
329,alike,j-coordinated,348,active,extinct,0.0001,passive,0.8283,inactive,retired,reactive,dormant,0.0026,living,0.1546,inactive,retired,reactive,dormant,1,1,1,1,,,0.0001,passive,0.7211,0.0011,extinct,0.1728,,0,passive,0.7536,0.0009,extinct,0.2136,,,0.0001,passive,0.7211,inactive,retired,dormant,reactive,0.0011,extinct,0.1728,inactive,retired,dormant,reactive,,,0,passive,0.7536,retired,inactive,lazy,old,0.0009,extinct,0.2136,retired,inactive,lazy,old,,,0,women,0.0943,old,foe,children,girls,0,women,0.1194,old,foe,children,girls
330,alike,j-coordinated,349,complex,simple,0.3117,simple,0.3117,straightforward,simplistic,predictable,mundane,0.1132,elegant,0.1974,straightforward,simplistic,predictable,mundane,1,0,1,1,,,0.4655,simple,0.4655,0.0505,complex,0.0505,,0.4039,simple,0.4039,0.0188,all,0.0923,,,0.4655,simple,0.4655,straightforward,simplistic,easy,trivial,0.0505,complex,0.0505,straightforward,simplistic,easy,trivial,,,0.4039,simple,0.4039,straightforward,beautiful,elegant,simplistic,0.0188,all,0.0923,straightforward,beautiful,elegant,simplistic,,,0.0002,women,0.1055,old,children,girls,foe,0,women,0.2131,old,children,girls,foe
331,alike,j-coordinated,350,endemic,epidemic,0.0038,invasive,0.1853,endemic,exotic,tropical,feral,0.0021,epidemic,0.128,endemic,exotic,tropical,feral,0,1,1,1,,,0.069,epidemic,0.069,0.0031,epidemic,0.1767,,0.0345,endemic,0.0418,0.0057,epidemic,0.1764,,,0.069,epidemic,0.069,endemic,disease,viral,seasonal,0.0031,epidemic,0.1767,endemic,disease,viral,seasonal,,,0.0345,endemic,0.0418,epidemic,rare,species,human,0.0057,epidemic,0.1764,epidemic,rare,species,human,,,0,women,0.0824,old,foe,children,girls,0,women,0.0715,old,foe,children,girls
332,alike,j-coordinated,352,consistent,inconsistent,0.0633,unpredictable,0.1138,inconsistent,unreliable,erratic,volatile,0.0197,unreliable,0.0377,inconsistent,unreliable,erratic,volatile,0,1,0,1,,,0.1172,inconsistent,0.1172,0.0259,contradictory,0.1126,,0.1078,inconsistent,0.1078,0.0586,inconsistent,0.1434,,,0.1172,inconsistent,0.1172,contradictory,unpredictable,different,consistent,0.0259,contradictory,0.1126,contradictory,unpredictable,different,consistent,,,0.1078,inconsistent,0.1078,unpredictable,unreliable,contradictory,consistent,0.0586,inconsistent,0.1434,unpredictable,unreliable,contradictory,consistent,,,0,women,0.0821,old,foe,children,girls,0,women,0.0847,old,foe,children,girls
333,alike,j-coordinated,353,gross,net,0.7089,net,0.7089,fat,gross,profit,fair,0.0053,net,0.301,fat,gross,profit,fair,0,1,0,1,,,0.0003,women,0.065,0.0001,net,0.0803,,0.0007,look,0.0355,0.0001,net,0.0813,,,0.0003,women,0.065,men,feel,look,people,0.0001,net,0.0803,men,feel,look,people,,,0.0007,look,0.0355,feel,fair,weigh,gross,0.0001,net,0.0813,feel,fair,weigh,gross,,,0,women,0.1279,old,children,men,girls,0,women,0.0862,old,children,men,girls
334,alike,j-coordinated,355,irrational,rational,0.525,rational,0.525,logical,sane,irrational,sensible,0.7099,irrational,0.7099,logical,sane,irrational,sensible,1,1,1,1,,,0.1319,rational,0.1319,0.814,irrational,0.814,,0.1333,rational,0.1333,0.2387,irrational,0.2387,,,0.1319,rational,0.1319,sane,irrational,logical,insane,0.814,irrational,0.814,sane,irrational,logical,insane,,,0.1333,rational,0.1333,irrational,logical,sane,sensible,0.2387,irrational,0.2387,irrational,logical,sane,sensible,,,0.0001,women,0.1137,old,foe,children,girls,0,women,0.0921,old,foe,children,girls
335,alike,j-coordinated,356,abstract,concrete,0.1766,concrete,0.1766,practical,real,literal,actual,0.0001,wood,0.1148,practical,real,literal,actual,0,1,0,1,,,0.0936,real,0.1243,0.0006,steel,0.095,,0.0011,conclusion,0.0971,0.0003,steel,0.1251,,,0.0936,real,0.1243,concrete,practical,realistic,tangible,0.0006,steel,0.095,concrete,practical,realistic,tangible,,,0.0011,conclusion,0.0971,prose,headline,presentation,text,0.0003,steel,0.1251,prose,headline,presentation,text,,,0,women,0.1134,old,children,girls,foe,0,women,0.0919,old,children,girls,foe
336,alike,j-coordinated,357,conditional,unconditional,0.1088,definite,0.1398,absolute,unconditional,indefinite,explicit,0.3711,conditional,0.3711,absolute,unconditional,indefinite,explicit,0,0,0,0,,,0.2658,unconditional,0.2658,0.0598,unconditional,0.1537,,0.247,unconditional,0.247,0.06,unconditional,0.179,,,0.2658,unconditional,0.2658,absolute,conditional,mandatory,explicit,0.0598,unconditional,0.1537,absolute,conditional,mandatory,explicit,,,0.247,unconditional,0.247,absolute,exclusive,conditional,mandatory,0.06,unconditional,0.179,absolute,exclusive,conditional,mandatory,,,0,women,0.0985,old,foe,children,girls,0,women,0.1214,old,foe,children,girls
337,alike,j-coordinated,358,intermediate,terminal,0.0001,advanced,0.0862,senior,novice,beginner,beginners,0.0001,server,0.0364,senior,novice,beginner,beginners,1,1,1,1,,,0,advanced,0.6343,0.0007,human,0.0274,,0,advanced,0.4605,0.0001,human,0.0759,,,0,advanced,0.6343,senior,intermediate,beginner,beginners,0.0007,human,0.0274,senior,intermediate,beginner,beginners,,,0,advanced,0.4605,senior,intermediate,Advanced,beginner,0.0001,human,0.0759,senior,intermediate,Advanced,beginner,,,0,women,0.0988,old,foe,children,girls,0,women,0.0675,old,foe,children,girls
338,alike,j-coordinated,359,following,leading,0.0004,not,0.0663,fans,readers,commenting,commenters,0.3086,following,0.3086,fans,readers,commenting,commenters,1,0,1,1,,,0.0008,following,0.0356,0.1329,followers,0.2605,,0.0022,following,0.0341,0.6248,following,0.6248,,,0.0008,following,0.0356,friends,fans,followers,commenting,0.1329,followers,0.2605,friends,fans,followers,commenting,,,0.0022,following,0.0341,subscribing,not,commenting,fans,0.6248,following,0.6248,subscribing,not,commenting,fans,,,0,women,0.1783,men,children,girls,boys,0,women,0.0805,men,children,girls,boys
339,alike,j-coordinated,360,fair,unfair,0.2024,unjust,0.2246,unfair,foul,unequal,square,0.4766,fair,0.4766,unfair,foul,unequal,square,0,0,0,0,,,0.261,unfair,0.261,0.0358,unjust,0.1621,,0.1857,unfair,0.1857,0.0271,unjust,0.1553,,,0.261,unfair,0.261,unjust,foul,square,unequal,0.0358,unjust,0.1621,unjust,foul,square,unequal,,,0.1857,unfair,0.1857,square,fair,unjust,foul,0.0271,unjust,0.1553,square,fair,unjust,foul,,,0,women,0.1284,old,men,children,foe,0.0002,women,0.088,old,men,children,foe
340,alike,j-coordinated,361,conventional,nuclear,0.0008,unconventional,0.1499,revolutionary,insurgent,unorthodox,not,0.9131,conventional,0.9131,revolutionary,insurgent,unorthodox,not,1,1,1,1,,,0.0001,unconventional,0.2548,0.4943,conventional,0.4943,,0.0001,unconventional,0.3334,0.5331,conventional,0.5331,,,0.0001,unconventional,0.2548,unorthodox,not,radical,experimental,0.4943,conventional,0.4943,unorthodox,not,radical,experimental,,,0.0001,unconventional,0.3334,not,unorthodox,radical,controversial,0.5331,conventional,0.5331,not,unorthodox,radical,controversial,,,0,women,0.0879,old,foe,children,girls,0,women,0.0676,old,foe,children,girls
341,alike,j-coordinated,362,reliable,unreliable,0.4868,unreliable,0.4868,trustworthy,unpredictable,reliable,corrupt,0.1312,reliable,0.1312,trustworthy,unpredictable,reliable,corrupt,1,0,0,0,,,0.1936,unreliable,0.1936,0.0139,unreliable,0.2072,,0.0677,trustworthy,0.1087,0.0198,unreliable,0.3933,,,0.1936,unreliable,0.1936,trustworthy,reliable,unpredictable,honest,0.0139,unreliable,0.2072,trustworthy,reliable,unpredictable,honest,,,0.0677,trustworthy,0.1087,reliable,unreliable,unpredictable,honest,0.0198,unreliable,0.3933,reliable,unreliable,unpredictable,honest,,,0,women,0.0852,old,foe,children,girls,0,women,0.0785,old,foe,children,girls
342,alike,j-coordinated,363,foolish,wise,0.2694,wise,0.2694,brave,clever,cunning,stupid,0.4522,foolish,0.4522,brave,clever,cunning,stupid,1,1,1,1,,,0.1103,wise,0.1103,0.5789,foolish,0.5789,,0.133,wise,0.133,0.3568,foolish,0.3568,,,0.1103,wise,0.1103,brave,foolish,stupid,smart,0.5789,foolish,0.5789,brave,foolish,stupid,smart,,,0.133,wise,0.133,brave,foolish,stupid,smart,0.3568,foolish,0.3568,brave,foolish,stupid,smart,,,0.0019,women,0.1298,old,foe,men,children,0.0002,women,0.0946,old,foe,men,children
343,alike,j-coordinated,364,impractical,practical,0.1032,practical,0.1032,impractical,logical,realistic,impossible,0.001,philosophical,0.0602,impractical,logical,realistic,impossible,0,1,0,1,,,0.0293,spiritual,0.0314,0.0027,theoretical,0.2149,,0.0174,spiritual,0.049,0.0031,spiritual,0.0789,,,0.0293,spiritual,0.0314,practical,aesthetic,symbolic,fantasy,0.0027,theoretical,0.2149,practical,aesthetic,symbolic,fantasy,,,0.0174,spiritual,0.049,poetic,romantic,symbolic,philosophical,0.0031,spiritual,0.0789,poetic,romantic,symbolic,philosophical,,,0.0001,women,0.121,old,girls,children,men,0,women,0.1104,old,girls,children,men
344,alike,j-coordinated,365,definite,indefinite,0.2999,indefinite,0.2999,uncertain,vague,arbitrary,hypothetical,0.3362,definite,0.3362,uncertain,vague,arbitrary,hypothetical,0,0,0,0,,,0.0193,uncertain,0.0482,0.0012,temporary,0.3203,,0.0139,subjective,0.0716,0.0049,temporary,0.0872,,,0.0193,uncertain,0.0482,conditional,contingent,subjective,hypothetical,0.0012,temporary,0.3203,conditional,contingent,subjective,hypothetical,,,0.0139,subjective,0.0716,uncertain,conditional,hypothetical,vague,0.0049,temporary,0.0872,uncertain,conditional,hypothetical,vague,,,0,women,0.1993,men,children,girls,old,0,women,0.12,men,children,girls,old
345,alike,j-coordinated,366,orthodox,unorthodox,0.0007,secular,0.6574,liberal,atheist,atheists,modern,0.0331,conventional,0.3109,liberal,atheist,atheists,modern,1,0,1,0,,,0.0015,secular,0.3709,0.2028,orthodox,0.2028,,0,secular,0.4273,0.4129,orthodox,0.4129,,,0.0015,secular,0.3709,atheist,atheists,liberal,orthodox,0.2028,orthodox,0.2028,atheist,atheists,liberal,orthodox,,,0,secular,0.4273,Catholics,atheist,atheists,Muslim,0.4129,orthodox,0.4129,Catholics,atheist,atheists,Muslim,,,0,women,0.0905,old,foe,children,girls,0.0001,women,0.1127,old,foe,children,girls
346,alike,j-coordinated,367,relaxed,tense,0.0399,stressed,0.048,tense,energetic,anxious,intense,0.0152,tense,0.0498,tense,energetic,anxious,intense,1,1,1,1,,,0.0282,stressed,0.0964,0.0041,present,0.0669,,0.0338,stressed,0.094,0.0224,tense,0.0757,,,0.0282,stressed,0.0964,anxious,energetic,tense,alert,0.0041,present,0.0669,anxious,energetic,tense,alert,,,0.0338,stressed,0.094,anxious,busy,restless,tense,0.0224,tense,0.0757,anxious,busy,restless,tense,,,0,women,0.1401,men,children,girls,old,0,women,0.1096,men,children,girls,old
347,alike,j-coordinated,368,international,national,0.1216,domestic,0.4884,local,national,regional,locals,0.1392,local,0.5366,local,national,regional,locals,1,1,1,1,,,0.1245,local,0.3872,0.165,local,0.3407,,0.0861,local,0.4225,0.1028,local,0.5413,,,0.1245,local,0.3872,domestic,national,locals,regional,0.165,local,0.3407,domestic,national,locals,regional,,,0.0861,local,0.4225,domestic,national,locals,regional,0.1028,local,0.5413,domestic,national,locals,regional,,,0.0002,women,0.0798,old,children,foe,politicians,0.0002,women,0.0934,old,children,foe,politicians
348,alike,j-coordinated,369,irrelevant,relevant,0.0682,important,0.0684,relevant,useful,valuable,irrelevant,0.2889,irrelevant,0.2889,relevant,useful,valuable,irrelevant,1,1,1,1,,,0.0412,irrelevant,0.0842,0.3782,irrelevant,0.3782,,0.0626,irrelevant,0.1341,0.2114,irrelevant,0.2114,,,0.0412,irrelevant,0.0842,useful,relevant,important,valuable,0.3782,irrelevant,0.3782,useful,relevant,important,valuable,,,0.0626,irrelevant,0.1341,relevant,important,useful,interesting,0.2114,irrelevant,0.2114,relevant,important,useful,interesting,,,0,women,0.0805,old,foe,children,girls,0,women,0.0909,old,foe,children,girls
349,alike,j-coordinated,370,downstairs,upstairs,0.921,upstairs,0.921,up,above,attic,overhead,0.9106,downstairs,0.9106,up,above,attic,overhead,1,1,1,1,,,0.891,upstairs,0.891,0.8931,downstairs,0.8931,,0.9361,upstairs,0.9361,0.8523,downstairs,0.8523,,,0.891,upstairs,0.891,up,above,downstairs,attic,0.8931,downstairs,0.8931,up,above,downstairs,attic,,,0.9361,upstairs,0.9361,up,above,downstairs,overhead,0.8523,downstairs,0.8523,up,above,downstairs,overhead,,,0,women,0.0771,old,foe,children,girls,0,women,0.0871,old,foe,children,girls
350,alike,j-coordinated,371,left,right,0.9978,right,0.9978,center,centre,Right,conservatives,0.9933,left,0.9933,center,centre,Right,conservatives,1,1,1,1,,,0.9874,right,0.9874,0.9161,left,0.9161,,0.8554,right,0.8554,0.8349,left,0.8349,,,0.9874,right,0.9874,conservatives,center,centre,conservative,0.9161,left,0.9161,conservatives,center,centre,conservative,,,0.8554,right,0.8554,Right,center,centre,left,0.8349,left,0.8349,Right,center,centre,left,,,0.0047,women,0.1221,old,girls,children,men,0.001,women,0.1074,old,girls,children,men
351,alike,j-coordinated,372,exterior,interior,0.9818,interior,0.9818,inside,internal,Interior,exterior,0.9892,exterior,0.9892,inside,internal,Interior,exterior,1,1,1,1,,,0.9519,interior,0.9519,0.9863,exterior,0.9863,,0.9548,interior,0.9548,0.9786,exterior,0.9786,,,0.9519,interior,0.9519,inside,exterior,internal,cabin,0.9863,exterior,0.9863,inside,exterior,internal,cabin,,,0.9548,interior,0.9548,inside,Interior,internal,cabin,0.9786,exterior,0.9786,inside,Interior,internal,cabin,,,0,women,0.0745,old,foe,children,girls,0,women,0.0745,old,foe,children,girls
352,alike,j-coordinated,373,angular,rounded,0.0048,geometric,0.1011,spherical,circular,linear,complex,0.0495,square,0.0621,spherical,circular,linear,complex,1,1,1,1,,,0.0014,square,0.244,0.0237,round,0.0648,,0,Catholic,0.1068,0.0204,broken,0.0853,,,0.0014,square,0.244,round,rectangular,geometric,spherical,0.0237,round,0.0648,round,rectangular,geometric,spherical,,,0,Catholic,0.1068,Orthodox,fundamentalist,liberal,Christian,0.0204,broken,0.0853,Orthodox,fundamentalist,liberal,Christian,,,0,women,0.0849,old,foe,children,girls,0,women,0.1832,old,foe,children,girls
353,alike,j-coordinated,374,active,inactive,0.0356,passive,0.8283,inactive,retired,reactive,dormant,0.7557,active,0.7557,inactive,retired,reactive,dormant,1,1,1,1,,,0.0613,passive,0.7211,0.1746,active,0.1746,,0.045,passive,0.7536,0.1298,active,0.1298,,,0.0613,passive,0.7211,inactive,retired,dormant,reactive,0.1746,active,0.1746,inactive,retired,dormant,reactive,,,0.045,passive,0.7536,retired,inactive,lazy,old,0.1298,active,0.1298,retired,inactive,lazy,old,,,0,women,0.0943,old,foe,children,girls,0,women,0.0926,old,foe,children,girls
354,alike,j-coordinated,375,nonviolent,violent,0.3312,violent,0.3312,armed,militant,aggressive,military,0.1128,peaceful,0.1647,armed,militant,aggressive,military,1,1,1,1,,,0.5742,violent,0.5742,0.1946,peaceful,0.2509,,0.8511,violent,0.8511,0.1895,peaceful,0.2439,,,0.5742,violent,0.5742,aggressive,militant,nonviolent,criminal,0.1946,peaceful,0.2509,aggressive,militant,nonviolent,criminal,,,0.8511,violent,0.8511,militant,nonviolent,aggressive,peaceful,0.1895,peaceful,0.2439,militant,nonviolent,aggressive,peaceful,,,0,women,0.0771,old,foe,children,girls,0,women,0.0968,old,foe,children,girls
355,alike,j-coordinated,376,maternal,paternal,0.8282,paternal,0.8282,father,infant,child,male,0.7194,maternal,0.7194,father,infant,child,male,1,1,1,1,,,0.8392,paternal,0.8392,0.6638,maternal,0.6638,,0.8206,paternal,0.8206,0.6661,maternal,0.6661,,,0.8392,paternal,0.8392,child,male,infant,father,0.6638,maternal,0.6638,child,male,infant,father,,,0.8206,paternal,0.8206,child,father,infant,male,0.6661,maternal,0.6661,child,father,infant,male,,,0,women,0.0898,old,foe,children,girls,0,women,0.0837,old,foe,children,girls
356,alike,j-coordinated,377,imperfect,perfect,0.4326,perfect,0.4326,flawless,imperfect,beautiful,ideal,0.5148,imperfect,0.5148,flawless,imperfect,beautiful,ideal,1,1,1,0,,,0.3698,perfect,0.3698,0.4849,imperfect,0.4849,,0.3289,perfect,0.3289,0.2412,flawed,0.2485,,,0.3698,perfect,0.3698,imperfect,beautiful,flawed,flawless,0.4849,imperfect,0.4849,imperfect,beautiful,flawed,flawless,,,0.3289,perfect,0.3289,beautiful,flawed,flawless,imperfect,0.2412,flawed,0.2485,beautiful,flawed,flawless,imperfect,,,0,women,0.1339,old,girls,children,foe,0,women,0.1389,old,girls,children,foe
357,alike,j-coordinated,378,cooked,raw,0.774,raw,0.774,not,fresh,frozen,cold,0.0156,refined,0.1707,not,fresh,frozen,cold,0,1,1,1,,,0.0242,prepared,0.0542,0.0388,refined,0.1533,,0.859,raw,0.859,0,independents,0.0712,,,0.0242,prepared,0.0542,baked,cooked,served,fried,0.0388,refined,0.1533,baked,cooked,served,fried,,,0.859,raw,0.859,frozen,fresh,not,boiled,0,independents,0.0712,frozen,fresh,not,boiled,,,0,women,0.1163,old,children,foe,girls,0,women,0.0805,old,children,foe,girls
358,alike,j-coordinated,379,least,most,0.7101,most,0.7101,best,greatest,largest,richest,0.0339,all,0.2314,best,greatest,largest,richest,1,0,1,1,,,0.637,most,0.637,0.1062,least,0.1062,,0.8784,most,0.8784,0.1912,all,0.2593,,,0.637,most,0.637,greatest,best,least,richest,0.1062,least,0.1062,greatest,best,least,richest,,,0.8784,most,0.8784,least,best,greatest,Most,0.1912,all,0.2593,least,best,greatest,Most,,,0,women,0.0758,old,foe,children,girls,0.0001,women,0.1295,old,foe,children,girls
359,alike,j-coordinated,380,maximal,minimal,0.0703,minimal,0.0703,average,moderate,low,trivial,0.0064,traditional,0.0285,average,moderate,low,trivial,0,1,0,1,,,0.0103,not,0.0313,0.0012,all,0.0259,,0.0078,not,0.0223,0.0053,not,0.0195,,,0.0103,not,0.0313,maximum,maximal,ultra,minimal,0.0012,all,0.0259,maximum,maximal,ultra,minimal,,,0.0078,not,0.0223,infinite,maximal,epic,mighty,0.0053,not,0.0195,infinite,maximal,epic,mighty,,,0,women,0.1102,old,children,girls,foe,0,women,0.1191,old,children,girls,foe
360,alike,j-coordinated,381,intended,unintended,0.3294,unintended,0.3294,accidental,not,unintentional,otherwise,0.3945,intended,0.3945,accidental,not,unintentional,otherwise,1,0,1,0,,,0.2503,unintended,0.2503,0.0332,unintended,0.2563,,0.3376,unintended,0.3376,0.1175,unintended,0.3358,,,0.2503,unintended,0.2503,intended,not,accidental,unintentional,0.0332,unintended,0.2563,intended,not,accidental,unintentional,,,0.3376,unintended,0.3376,intended,unintentional,accidental,not,0.1175,unintended,0.3358,intended,unintentional,accidental,not,,,0,women,0.1051,old,children,foe,girls,0,women,0.0775,old,children,foe,girls
361,alike,j-coordinated,383,nonpartisan,partisan,0.3295,partisan,0.3295,political,conservative,religious,ideological,0.0097,not,0.0509,political,conservative,religious,ideological,1,1,1,1,,,0.1061,partisan,0.1061,0.0045,independent,0.0625,,0.92,partisan,0.92,0.0014,individual,0.0549,,,0.1061,partisan,0.1061,political,religious,conservative,conservatives,0.0045,independent,0.0625,political,religious,conservative,conservatives,,,0.92,partisan,0.92,partisans,political,religious,Republican,0.0014,individual,0.0549,partisans,political,religious,Republican,,,0.0001,women,0.0759,old,foe,children,politicians,0,old,0.0671,old,foe,children,politicians
362,alike,j-coordinated,384,dependent,independent,0.0954,independent,0.0954,free,dependent,owner,employer,0.0017,corporate,0.1421,free,dependent,owner,employer,1,1,1,1,,,0.2012,independent,0.2012,0.0006,corporate,0.1093,,0.127,independent,0.127,0.0005,corporate,0.1634,,,0.2012,independent,0.2012,dependent,free,needy,indifferent,0.0006,corporate,0.1093,dependent,free,needy,indifferent,,,0.127,independent,0.127,selfish,dependent,free,needy,0.0005,corporate,0.1634,selfish,dependent,free,needy,,,0.0001,women,0.0786,old,foe,children,girls,0,women,0.0882,old,foe,children,girls
363,alike,j-coordinated,385,dystopian,utopian,0.0945,utopian,0.0945,realistic,historical,fantasy,dystopian,0.1224,dystopian,0.1224,realistic,historical,fantasy,dystopian,0,1,0,0,,,0.0156,human,0.1916,0.3974,dystopian,0.3974,,0.0085,human,0.1108,0.0307,practical,0.1812,,,0.0156,human,0.1916,superhero,contemporary,modern,fiction,0.3974,dystopian,0.3974,superhero,contemporary,modern,fiction,,,0.0085,human,0.1108,dystopian,contemporary,realistic,modern,0.0307,practical,0.1812,dystopian,contemporary,realistic,modern,,,0,women,0.0826,old,foe,children,girls,0,women,0.0889,old,foe,children,girls
364,alike,j-coordinated,386,unworthy,worthy,0.4809,worthy,0.4809,deserving,unworthy,noble,capable,0.5656,unworthy,0.5656,deserving,unworthy,noble,capable,0,1,0,1,,,0.0275,deserving,0.1966,0.3217,unworthy,0.3217,,0.088,deserving,0.1991,0.1787,unworthy,0.1787,,,0.0275,deserving,0.1966,unworthy,worthy,capable,competent,0.3217,unworthy,0.3217,unworthy,worthy,capable,competent,,,0.088,deserving,0.1991,worthy,unworthy,capable,honorable,0.1787,unworthy,0.1787,worthy,unworthy,capable,honorable,,,0,women,0.0829,old,foe,children,girls,0,women,0.0699,old,foe,children,girls
365,alike,j-coordinated,387,easy,uneasy,0,difficult,0.3036,hard,tricky,challenging,tough,0.0001,hopeful,0.0715,hard,tricky,challenging,tough,1,1,1,1,,,0.0001,difficult,0.0715,0.0001,curious,0.0436,,0.0001,hard,0.0786,0.0002,happy,0.0467,,,0.0001,difficult,0.0715,hard,all,the,not,0.0001,curious,0.0436,hard,all,the,not,,,0.0001,hard,0.0786,difficult,not,all,the,0.0002,happy,0.0467,difficult,not,all,the,,,0,women,0.1209,old,children,girls,men,0.0001,women,0.1093,old,children,girls,men
366,alike,j-coordinated,388,green,ripe,0,blue,0.2586,brown,red,yellow,white,0.0059,rotten,0.0852,brown,red,yellow,white,1,1,1,1,,,0.0001,brown,0.2196,0.0024,rotten,0.129,,0,blue,0.2834,0.0016,ripe,0.0487,,,0.0001,brown,0.2196,yellow,red,blue,grey,0.0024,rotten,0.129,yellow,red,blue,grey,,,0,blue,0.2834,red,brown,yellow,white,0.0016,ripe,0.0487,red,brown,yellow,white,,,0,women,0.131,old,men,children,girls,0.0003,women,0.106,old,men,children,girls
367,alike,j-coordinated,390,expected,unexpected,0.2154,unexpected,0.2154,not,unwanted,unknown,unforeseen,0.381,expected,0.381,not,unwanted,unknown,unforeseen,0,1,1,1,,,0.1568,not,0.1906,0.1666,expected,0.1666,,0.1609,unexpected,0.1609,0.4178,expected,0.4178,,,0.1568,not,0.1906,unexpected,unwanted,unforeseen,rejected,0.1666,expected,0.1666,unexpected,unwanted,unforeseen,rejected,,,0.1609,unexpected,0.1609,not,unwanted,disappointing,hoped,0.4178,expected,0.4178,not,unwanted,disappointing,hoped,,,0,women,0.1085,children,men,girls,old,0,women,0.0929,children,men,girls,old
368,alike,j-coordinated,391,geographic,magnetic,0,political,0.1634,ideological,cultural,economic,demographic,0.0001,electric,0.0785,ideological,cultural,economic,demographic,1,1,1,1,,,0,religious,0.1088,0,electronic,0.1131,,0,political,0.0934,0.0001,electronic,0.0797,,,0,religious,0.1088,political,cultural,ideological,racial,0,electronic,0.1131,political,cultural,ideological,racial,,,0,political,0.0934,cultural,religious,ideological,technological,0.0001,electronic,0.0797,cultural,religious,ideological,technological,,,0,women,0.0812,old,foe,children,girls,0,women,0.1206,old,foe,children,girls
369,alike,j-coordinated,392,compact,loose,0.0003,large,0.0611,big,compact,spacious,rugged,0.0007,tight,0.0794,big,compact,spacious,rugged,1,1,1,1,,,0,large,0.2266,0.0002,loose,0.038,,0,large,0.203,0.0001,bound,0.0631,,,0,large,0.2266,compact,big,small,luxury,0.0002,loose,0.038,compact,big,small,luxury,,,0,large,0.203,big,compact,powerful,rugged,0.0001,bound,0.0631,big,compact,powerful,rugged,,,0.0002,women,0.1258,old,children,foe,girls,0,women,0.1059,old,children,foe,girls
370,alike,j-coordinated,393,front,rear,0.083,back,0.8966,rear,center,backs,background,0.8328,front,0.8328,rear,center,backs,background,1,1,1,1,,,0.0655,back,0.922,0.4911,front,0.4911,,0.0537,back,0.9158,0.3498,front,0.3498,,,0.0655,back,0.922,rear,center,backs,background,0.4911,front,0.4911,rear,center,backs,background,,,0.0537,back,0.9158,rear,center,backs,behind,0.3498,front,0.3498,rear,center,backs,behind,,,0,women,0.0821,old,children,girls,foe,0,women,0.108,old,children,girls,foe
371,alike,j-coordinated,394,particular,universal,0.0368,general,0.5901,universal,generic,collective,individual,0.007,national,0.1733,universal,generic,collective,individual,1,1,1,1,,,0.1423,general,0.4884,0.0049,individual,0.2353,,0.1488,general,0.3782,0.005,local,0.1592,,,0.1423,general,0.4884,universal,common,generic,ordinary,0.0049,individual,0.2353,universal,common,generic,ordinary,,,0.1488,general,0.3782,universal,common,generic,all,0.005,local,0.1592,universal,common,generic,all,,,0,women,0.0961,old,foe,children,girls,0,women,0.0952,old,foe,children,girls
372,alike,j-coordinated,395,religious,secular,0.8423,secular,0.8423,political,atheist,atheists,not,0.7171,religious,0.7171,political,atheist,atheists,not,1,1,1,1,,,0.7501,secular,0.7501,0.4037,religious,0.4037,,0.6134,secular,0.6134,0.4597,religious,0.4597,,,0.7501,secular,0.7501,atheist,atheists,political,not,0.4037,religious,0.4037,atheist,atheists,political,not,,,0.6134,secular,0.6134,political,atheist,scientific,cultural,0.4597,religious,0.4597,political,atheist,scientific,cultural,,,0.0003,women,0.0955,old,foe,children,politicians,0.004,women,0.0987,old,foe,children,politicians
373,alike,j-coordinated,396,nasty,nice,0.0213,sweet,0.0749,friendly,charming,cute,polite,0.0137,naughty,0.8697,friendly,charming,cute,polite,1,1,1,1,,,0.0147,friendly,0.0334,0.0084,naughty,0.9116,,0.007,beautiful,0.0611,0.0186,naughty,0.6459,,,0.0147,friendly,0.0334,sweet,charming,beautiful,cute,0.0084,naughty,0.9116,sweet,charming,beautiful,cute,,,0.007,beautiful,0.0611,charming,friendly,sweet,handsome,0.0186,naughty,0.6459,charming,friendly,sweet,handsome,,,0,women,0.0807,old,foe,children,girls,0,women,0.1194,old,foe,children,girls
374,alike,j-coordinated,397,open,shut,0.0538,closed,0.5582,shut,exclusive,secret,private,0.3237,open,0.3237,shut,exclusive,secret,private,1,1,1,1,,,0.1125,closed,0.3379,0.2757,open,0.2757,,0.2367,closed,0.5023,0.1549,open,0.1549,,,0.1125,closed,0.3379,shut,close,not,secret,0.2757,open,0.2757,shut,close,not,secret,,,0.2367,closed,0.5023,shut,close,locked,not,0.1549,open,0.1549,shut,close,locked,not,,,0,women,0.1122,old,children,girls,men,0.0001,women,0.0947,old,children,girls,men
375,alike,j-coordinated,398,common,uncommon,0.0479,rare,0.0856,elite,uncommon,distinguished,special,0.3197,common,0.3197,elite,uncommon,distinguished,special,1,0,1,0,,,0.1912,rare,0.1922,0.0256,rare,0.0644,,0.0801,rare,0.1691,0.2066,rare,0.3113,,,0.1912,rare,0.1922,uncommon,distinguished,not,common,0.0256,rare,0.0644,uncommon,distinguished,not,common,,,0.0801,rare,0.1691,uncommon,not,unique,the,0.2066,rare,0.3113,uncommon,not,unique,the,,,0,women,0.1377,old,men,children,foe,0,women,0.1238,old,men,children,foe
376,alike,j-coordinated,399,less,more,0.8556,more,0.8556,less,nothing,much,not,0.9755,less,0.9755,less,nothing,much,not,1,1,1,1,,,0.831,more,0.831,0.7522,less,0.7522,,0.8982,more,0.8982,0.9499,less,0.9499,,,0.831,more,0.831,less,nothing,most,not,0.7522,less,0.7522,less,nothing,most,not,,,0.8982,more,0.8982,nothing,less,most,much,0.9499,less,0.9499,nothing,less,most,much,,,0.003,women,0.1456,men,children,girls,old,0.0008,women,0.128,men,children,girls,old
377,alike,j-coordinated,400,hungry,thirsty,0.0483,thirsty,0.0483,rich,wealthy,proud,angry,0.5369,hungry,0.5369,rich,wealthy,proud,angry,0,1,0,1,,,0.0273,hungry,0.1487,0.2184,hungry,0.2184,,0.0533,angry,0.0604,0.2781,hungry,0.2781,,,0.0273,hungry,0.1487,angry,desperate,greedy,thirsty,0.2184,hungry,0.2184,angry,desperate,greedy,thirsty,,,0.0533,angry,0.0604,thirsty,hungry,scared,tired,0.2781,hungry,0.2781,thirsty,hungry,scared,tired,,,0.0001,women,0.0744,old,foe,children,girls,0,women,0.0828,old,foe,children,girls
378,alike,j-coordinated,401,fertile,sterile,0.0301,fertile,0.26,barren,not,sterile,otherwise,0.0114,human,0.0266,barren,not,sterile,otherwise,1,1,1,1,,,0.0572,fertile,0.1159,0.0075,organic,0.0312,,0.038,fertile,0.1871,0.0006,human,0.1092,,,0.0572,fertile,0.1159,sterile,barren,productive,not,0.0075,organic,0.0312,sterile,barren,productive,not,,,0.038,fertile,0.1871,sterile,barren,not,productive,0.0006,human,0.1092,sterile,barren,not,productive,,,0,women,0.0876,old,foe,children,girls,0,women,0.0949,old,foe,children,girls
379,alike,j-coordinated,403,former,latter,0.0001,current,0.567,present,future,new,active,0.4097,former,0.4097,present,future,new,active,1,0,1,0,,,0.0004,current,0.1992,0.0093,more,0.2688,,0.0002,current,0.4311,0.0064,more,0.2137,,,0.0004,current,0.1992,new,future,newcomer,fans,0.0093,more,0.2688,new,future,newcomer,fans,,,0.0002,current,0.4311,present,future,new,fans,0.0064,more,0.2137,present,future,new,fans,,,0.0001,women,0.0636,old,foe,children,fans,0.0005,women,0.0766,old,foe,children,fans
380,alike,j-coordinated,404,eastern,western,0.9722,western,0.9722,west,southern,Western,eastern,0.9008,eastern,0.9008,west,southern,Western,eastern,1,1,1,1,,,0.956,western,0.956,0.884,eastern,0.884,,0.0784,Western,0.9079,0.0393,Eastern,0.7007,,,0.956,western,0.956,west,southern,Western,eastern,0.884,eastern,0.884,west,southern,Western,eastern,,,0.0784,Western,0.9079,western,West,Southern,southern,0.0393,Eastern,0.7007,western,West,Southern,southern,,,0,women,0.0808,old,foe,children,girls,0,women,0.0797,old,foe,children,girls
381,alike,j-coordinated,405,curly,straight,0.694,straight,0.694,regular,thick,conventional,long,0.0001,gay,0.8964,regular,thick,conventional,long,1,1,1,1,,,0.1591,straight,0.1591,0,gay,0.8555,,0.0854,straight,0.0854,0,gay,0.8874,,,0.1591,straight,0.1591,curly,smooth,sleek,stiff,0,gay,0.8555,curly,smooth,sleek,stiff,,,0.0854,straight,0.0854,smooth,rigid,stiff,sleek,0,gay,0.8874,smooth,rigid,stiff,sleek,,,0.0001,women,0.0963,old,children,foe,girls,0,women,0.1426,old,children,foe,girls
382,alike,j-coordinated,406,civilian,military,0.8495,military,0.8495,soldier,paramilitary,army,terrorist,0.3811,civilians,0.4139,soldier,paramilitary,army,terrorist,1,0,1,1,,,0.7042,military,0.7042,0.4538,civilian,0.4538,,0.7307,military,0.7307,0.4176,civilians,0.5043,,,0.7042,military,0.7042,soldier,terrorist,criminal,police,0.4538,civilian,0.4538,soldier,terrorist,criminal,police,,,0.7307,military,0.7307,soldier,terrorist,criminal,police,0.4176,civilians,0.5043,soldier,terrorist,criminal,police,,,0.0007,women,0.075,old,foe,politicians,children,0.0003,women,0.0699,old,foe,politicians,children
383,alike,j-coordinated,407,far,near,0.8983,near,0.8983,wide,close,small,far,0.9742,far,0.9742,wide,close,small,far,1,1,1,1,,,0.8701,near,0.8701,0.9343,far,0.9343,,0.6214,near,0.6214,0.9848,far,0.9848,,,0.8701,near,0.8701,wide,far,close,nearer,0.9343,far,0.9343,wide,far,close,nearer,,,0.6214,near,0.6214,wide,far,close,few,0.9848,far,0.9848,wide,far,close,few,,,0,women,0.1074,old,foe,children,men,0.0002,women,0.1074,old,foe,children,men
384,alike,j-coordinated,408,able,unable,0.0566,unwilling,0.326,poor,unable,ignorant,not,0.1733,willing,0.2499,poor,unable,ignorant,not,1,1,1,1,,,0.0549,disabled,0.2251,0.0599,willing,0.1207,,0.0207,unwilling,0.0479,0.0761,willing,0.0965,,,0.0549,disabled,0.2251,not,unable,able,poor,0.0599,willing,0.1207,not,unable,able,poor,,,0.0207,unwilling,0.0479,not,incompetent,fool,unable,0.0761,willing,0.0965,not,incompetent,fool,unable,,,0,women,0.0911,old,foe,children,girls,0,women,0.1075,old,foe,children,girls
385,alike,j-coordinated,410,decreased,increased,0.0593,more,0.0659,increased,decreased,the,not,0.4973,decreased,0.4973,increased,decreased,the,not,0,1,0,1,,,0.0783,increased,0.0783,0.4377,decreased,0.4377,,0.3029,increased,0.3029,0.2564,decreased,0.2564,,,0.0783,increased,0.0783,more,decreased,expanded,recovered,0.4377,decreased,0.4377,more,decreased,expanded,recovered,,,0.3029,increased,0.3029,more,decreased,improved,not,0.2564,decreased,0.2564,more,decreased,improved,not,,,0,women,0.1461,men,children,girls,people,0,women,0.113,men,children,girls,people
386,alike,j-coordinated,411,centralized,decentralized,0.5491,decentralized,0.5491,diffuse,regional,local,remote,0.4062,centralized,0.4062,diffuse,regional,local,remote,1,1,1,1,,,0.8757,decentralized,0.8757,0.1741,centralized,0.1741,,0.9238,decentralized,0.9238,0.2005,centralized,0.2005,,,0.8757,decentralized,0.8757,local,centralized,democratic,authoritarian,0.1741,centralized,0.1741,local,centralized,democratic,authoritarian,,,0.9238,decentralized,0.9238,local,centralized,dispersed,distributed,0.2005,centralized,0.2005,local,centralized,dispersed,distributed,,,0,women,0.0833,old,foe,children,girls,0,women,0.1097,old,foe,children,girls
387,alike,j-coordinated,412,fit,unfit,0.0064,form,0.1219,fashion,fit,shape,thin,0.2615,fit,0.2615,fashion,fit,shape,thin,1,1,1,1,,,0.0082,fit,0.0306,0.1165,fit,0.1165,,0.0007,well,0.0196,0.4353,fit,0.4353,,,0.0082,fit,0.0306,form,fashion,thin,well,0.1165,fit,0.1165,form,fashion,thin,well,,,0.0007,well,0.0196,form,not,proud,fashion,0.4353,fit,0.4353,form,not,proud,fashion,,,0,women,0.2044,men,girls,children,old,0,women,0.0871,men,girls,children,old
388,alike,j-coordinated,413,inward,outward,0.9795,outward,0.9795,outer,external,inward,exterior,0.9237,inward,0.9237,outer,external,inward,exterior,1,1,1,1,,,0.9689,outward,0.9689,0.9449,inward,0.9449,,0.9724,outward,0.9724,0.9577,inward,0.9577,,,0.9689,outward,0.9689,inward,downward,exterior,out,0.9449,inward,0.9449,inward,downward,exterior,out,,,0.9724,outward,0.9724,out,inward,downward,backward,0.9577,inward,0.9577,out,inward,downward,backward,,,0,women,0.1314,old,foe,men,children,0,women,0.1437,old,foe,men,children
389,alike,j-coordinated,414,invisible,visible,0.4722,visible,0.4722,seen,known,real,transparent,0.7501,invisible,0.7501,seen,known,real,transparent,1,1,1,1,,,0.4068,visible,0.4068,0.8029,invisible,0.8029,,0.3042,visible,0.3042,0.75,invisible,0.75,,,0.4068,visible,0.4068,conspicuous,invisible,seen,real,0.8029,invisible,0.8029,conspicuous,invisible,seen,real,,,0.3042,visible,0.3042,invisible,conspicuous,seen,not,0.75,invisible,0.75,invisible,conspicuous,seen,not,,,0,women,0.0926,old,foe,children,girls,0,women,0.1024,old,foe,children,girls
390,alike,j-coordinated,417,close,open,0.0001,strangers,0.2337,distant,acquaintances,enemies,foes,0.0116,closed,0.5582,distant,acquaintances,enemies,foes,1,1,1,1,,,0.0075,far,0.3133,0.0307,closed,0.3379,,0.0008,far,0.432,0.0327,closed,0.5023,,,0.0075,far,0.3133,not,distant,distance,all,0.0307,closed,0.3379,not,distant,distance,all,,,0.0008,far,0.432,distant,not,all,distance,0.0327,closed,0.5023,distant,not,all,distance,,,0.0001,women,0.1042,old,children,foe,girls,0.0001,women,0.1122,old,children,foe,girls
391,alike,j-coordinated,418,actual,potential,0.0207,fictional,0.1665,imagined,virtual,imaginary,fiction,0.1515,actual,0.1515,imagined,virtual,imaginary,fiction,1,0,1,0,,,0.0059,fiction,0.1586,0.0566,reality,0.1119,,0.0033,fiction,0.0805,0.0238,reality,0.1612,,,0.0059,fiction,0.1586,fictional,imagined,fantasy,virtual,0.0566,reality,0.1119,fictional,imagined,fantasy,virtual,,,0.0033,fiction,0.0805,fictional,imagined,perceived,fictitious,0.0238,reality,0.1612,fictional,imagined,perceived,fictitious,,,0,women,0.0892,old,foe,children,girls,0,women,0.0729,old,foe,children,girls
392,alike,j-coordinated,419,empty,full,0.3685,full,0.3685,filled,empty,not,overflowing,0.0791,partial,0.2233,filled,empty,not,overflowing,1,0,1,0,,,0.1878,full,0.1878,0.2441,empty,0.2441,,0.3187,full,0.3187,0.2849,empty,0.2849,,,0.1878,full,0.1878,empty,filled,stuffed,not,0.2441,empty,0.2441,empty,filled,stuffed,not,,,0.3187,full,0.3187,filled,not,empty,stuffed,0.2849,empty,0.2849,filled,not,empty,stuffed,,,0,women,0.1222,old,girls,children,foe,0,women,0.1046,old,girls,children,foe
393,alike,j-coordinated,420,earthly,heavenly,0.2749,celestial,0.3806,heavenly,cosmic,spiritual,divine,0.7949,earthly,0.7949,heavenly,cosmic,spiritual,divine,1,1,1,0,,,0.1273,celestial,0.2543,0.5291,earthly,0.5291,,0.1038,celestial,0.3462,0.2164,earth,0.2338,,,0.1273,celestial,0.2543,heavenly,divine,supernatural,alien,0.5291,earthly,0.5291,heavenly,divine,supernatural,alien,,,0.1038,celestial,0.3462,heavenly,alien,cosmic,lunar,0.2164,earth,0.2338,heavenly,alien,cosmic,lunar,,,0,women,0.1138,old,foe,children,girls,0,women,0.0957,old,foe,children,girls
394,alike,j-coordinated,421,numerical,verbal,0.0711,verbal,0.0711,symbolic,human,spiritual,literary,0.0076,physical,0.235,symbolic,human,spiritual,literary,0,1,0,1,,,0.0165,philosophical,0.0948,0.0014,written,0.2671,,0.0167,spiritual,0.1785,0.0116,written,0.3171,,,0.0165,philosophical,0.0948,spiritual,psychological,moral,emotional,0.0014,written,0.2671,spiritual,psychological,moral,emotional,,,0.0167,spiritual,0.1785,philosophical,emotional,moral,psychological,0.0116,written,0.3171,philosophical,emotional,moral,psychological,,,0,women,0.0973,old,children,foe,girls,0,women,0.0813,old,children,foe,girls
395,alike,j-coordinated,422,north,south,0.9922,south,0.9922,South,west,east,southern,0.9002,north,0.9002,South,west,east,southern,1,1,1,1,,,0.9779,south,0.9779,0.5724,north,0.5724,,0.3795,South,0.6146,0.1261,North,0.693,,,0.9779,south,0.9779,east,west,South,southeast,0.5724,north,0.5724,east,west,South,southeast,,,0.3795,South,0.6146,south,east,west,East,0.1261,North,0.693,south,east,west,East,,,0.0001,women,0.0967,old,foe,children,girls,0,women,0.1086,old,foe,children,girls
396,alike,j-coordinated,423,prospective,retrospective,0.0001,present,0.1662,current,actual,existing,past,0.015,retrospective,0.2814,current,actual,existing,past,1,1,1,1,,,0.0015,practical,0.1337,0.0021,contemporary,0.1648,,0.003,active,0.1053,0.0033,retrospective,0.1919,,,0.0015,practical,0.1337,active,present,experienced,current,0.0021,contemporary,0.1648,active,present,experienced,current,,,0.003,active,0.1053,practical,experienced,present,actual,0.0033,retrospective,0.1919,practical,experienced,present,actual,,,0,women,0.0701,old,foe,children,girls,0,women,0.0828,old,foe,children,girls
397,alike,j-coordinated,424,dull,lively,0.0062,brilliant,0.0388,beautiful,bright,dull,exciting,0.015,old,0.0273,beautiful,bright,dull,exciting,1,1,1,1,,,0.0013,brilliant,0.0249,0.0017,beautiful,0.0191,,0.0007,dull,0.0213,0.0005,others,0.0134,,,0.0013,brilliant,0.0249,beautiful,stupid,crazy,wise,0.0017,beautiful,0.0191,beautiful,stupid,crazy,wise,,,0.0007,dull,0.0213,stupid,beautiful,dangerous,boring,0.0005,others,0.0134,stupid,beautiful,dangerous,boring,,,0,women,0.1467,old,men,foe,girls,0,women,0.1138,old,men,foe,girls
398,alike,j-coordinated,425,frivolous,serious,0.1143,serious,0.1143,practical,dangerous,useful,responsible,0.0359,casual,0.0988,practical,dangerous,useful,responsible,0,1,0,1,,,0.0067,sane,0.0381,0.0485,silly,0.166,,0.0044,brilliant,0.0301,0.0849,playful,0.2146,,,0.0067,sane,0.0381,sensible,foolish,rational,stupid,0.0485,silly,0.166,sensible,foolish,rational,stupid,,,0.0044,brilliant,0.0301,sensible,sane,foolish,clever,0.0849,playful,0.2146,sensible,sane,foolish,clever,,,0.0001,women,0.1009,old,foe,children,girls,0,women,0.0746,old,foe,children,girls
399,alike,j-coordinated,426,likely,unlikely,0.1975,unlikely,0.1975,not,possible,probable,hypothetical,0.0128,expected,0.0693,not,possible,probable,hypothetical,1,1,1,1,,,0.3283,unlikely,0.3283,0.0523,improbable,0.1062,,0.6039,unlikely,0.6039,0.0273,common,0.059,,,0.3283,unlikely,0.3283,not,improbable,impossible,likely,0.0523,improbable,0.1062,not,improbable,impossible,likely,,,0.6039,unlikely,0.6039,not,improbable,impossible,otherwise,0.0273,common,0.059,not,improbable,impossible,otherwise,,,0,women,0.0692,old,foe,children,girls,0,women,0.0901,old,foe,children,girls
400,alike,j-coordinated,427,aware,unaware,0.2185,ignorant,0.2363,unaware,oblivious,naive,clueless,0.0421,aware,0.0421,unaware,oblivious,naive,clueless,1,0,1,0,,,0.0972,ignorant,0.415,0.011,complicit,0.0575,,0.0316,ignorant,0.1483,0.0492,complicit,0.0905,,,0.0972,ignorant,0.415,unaware,oblivious,naive,clueless,0.011,complicit,0.0575,unaware,oblivious,naive,clueless,,,0.0316,ignorant,0.1483,naive,unaware,clueless,fearful,0.0492,complicit,0.0905,naive,unaware,clueless,fearful,,,0,women,0.0844,old,foe,children,girls,0,women,0.0708,old,foe,children,girls
401,alike,j-coordinated,428,little,much,0.0024,big,0.7438,large,great,mighty,old,0.6085,little,0.6085,large,great,mighty,old,1,1,1,1,,,0.0555,big,0.2647,0.3329,little,0.3329,,0.0755,big,0.3883,0.3658,little,0.3658,,,0.0555,big,0.2647,large,mighty,all,much,0.3329,little,0.3329,large,mighty,all,much,,,0.0755,big,0.3883,large,mighty,much,all,0.3658,little,0.3658,large,mighty,much,all,,,0.0011,women,0.1605,men,people,more,look,0.0009,women,0.132,men,people,more,look
402,alike,j-coordinated,429,irregular,regular,0.229,regular,0.229,routine,predictable,scheduled,irregular,0.0027,VIP,0.0422,routine,predictable,scheduled,irregular,1,1,0,1,,,0.1063,regular,0.1063,0.0063,visitors,0.03,,0.0395,legal,0.0834,0.0119,celebrity,0.0303,,,0.1063,regular,0.1063,legal,legitimate,normal,ordinary,0.0063,visitors,0.03,legal,legitimate,normal,ordinary,,,0.0395,legal,0.0834,legitimate,regular,normal,illegal,0.0119,celebrity,0.0303,legitimate,regular,normal,illegal,,,0.0001,women,0.1374,old,foe,girls,children,0,women,0.0804,old,foe,girls,children
403,alike,j-coordinated,430,dead,live,0.0067,living,0.6954,alive,dying,young,live,0.0054,recorded,0.1948,alive,dying,young,live,1,1,1,1,,,0.0105,living,0.7522,0.1492,recorded,0.1674,,0.0097,living,0.7118,0.1171,recorded,0.1234,,,0.0105,living,0.7522,alive,dying,young,live,0.1492,recorded,0.1674,alive,dying,young,live,,,0.0097,living,0.7118,alive,dying,live,buried,0.1171,recorded,0.1234,alive,dying,live,buried,,,0.0001,women,0.0862,old,foe,children,girls,0.0011,women,0.1078,old,foe,children,girls
404,alike,j-coordinated,431,ill,well,0.0115,good,0.6738,wise,virtuous,righteous,fair,0.1475,ill,0.1475,wise,virtuous,righteous,fair,0,0,1,0,,,0.1328,well,0.1328,0.0448,poor,0.2034,,0.1794,healthy,0.2814,0.0014,good,0.0979,,,0.1328,well,0.1328,healthy,talented,brave,good,0.0448,poor,0.2034,healthy,talented,brave,good,,,0.1794,healthy,0.2814,well,hearty,good,sick,0.0014,good,0.0979,well,hearty,good,sick,,,0.0005,women,0.1206,old,foe,men,children,0.0005,women,0.0935,old,foe,men,children
405,alike,j-coordinated,432,fortunate,unfortunate,0.7591,unfortunate,0.7591,unlucky,poor,fortunate,not,0.511,fortunate,0.511,unlucky,poor,fortunate,not,1,1,1,1,,,0.8606,unfortunate,0.8606,0.4908,fortunate,0.4908,,0.8183,unfortunate,0.8183,0.5207,fortunate,0.5207,,,0.8606,unfortunate,0.8606,unlucky,poor,fortunate,not,0.4908,fortunate,0.4908,unlucky,poor,fortunate,not,,,0.8183,unfortunate,0.8183,unlucky,fortunate,poor,cursed,0.5207,fortunate,0.5207,unlucky,fortunate,poor,cursed,,,0.0001,women,0.1174,old,foe,children,girls,0,women,0.0932,old,foe,children,girls
406,alike,j-coordinated,433,retail,wholesale,0.1714,wholesale,0.1714,corporate,restaurant,online,government,0.9492,retail,0.9492,corporate,restaurant,online,government,0,1,0,1,,,0.0201,media,0.0478,0.473,retail,0.473,,0.0217,media,0.0758,0.7099,retail,0.7099,,,0.0201,media,0.0478,consumer,online,business,restaurants,0.473,retail,0.473,consumer,online,business,restaurants,,,0.0217,media,0.0758,restaurants,restaurant,consumer,corporate,0.7099,retail,0.7099,restaurants,restaurant,consumer,corporate,,,0,women,0.0728,old,foe,children,politicians,0,women,0.077,old,foe,children,politicians
407,alike,j-coordinated,434,forward,reverse,0.006,backward,0.4937,back,backwards,reverse,defense,0.1558,forward,0.1558,back,backwards,reverse,defense,1,0,1,1,,,0.0034,backward,0.4897,0.0097,look,0.0483,,0.0008,backward,0.5688,0.3018,forward,0.3018,,,0.0034,backward,0.4897,back,backwards,defense,rear,0.0097,look,0.0483,back,backwards,defense,rear,,,0.0008,backward,0.5688,back,backwards,Back,rear,0.3018,forward,0.3018,back,backwards,Back,rear,,,0,women,0.1189,old,men,children,girls,0.0001,women,0.0968,old,men,children,girls
408,alike,j-coordinated,437,accept,reject,0.0879,reject,0.0879,love,treat,act,refuse,0.0722,embrace,0.0811,love,treat,act,refuse,1,1,1,1,,,0.1793,reject,0.1793,0.005,reject,0.101,,0.2283,reject,0.2283,0.0132,reject,0.1429,,,0.1793,reject,0.1793,deny,hate,shun,challenge,0.005,reject,0.101,deny,hate,shun,challenge,,,0.2283,reject,0.2283,shun,refuse,deny,condemn,0.0132,reject,0.1429,shun,refuse,deny,condemn,,,0,women,0.1447,men,girls,children,foe,0,women,0.0851,men,girls,children,foe
409,alike,j-coordinated,438,defendant,plaintiff,0.4031,plaintiff,0.4031,victim,defendant,witness,prosecutor,0.9147,defendant,0.9147,victim,defendant,witness,prosecutor,0,1,1,1,,,0.1945,defendant,0.4443,0.7745,defendant,0.7745,,0.2967,plaintiff,0.2967,0.6825,defendant,0.6825,,,0.1945,defendant,0.4443,plaintiff,prosecutor,accused,victim,0.7745,defendant,0.7745,plaintiff,prosecutor,accused,victim,,,0.2967,plaintiff,0.2967,defendant,prosecutor,victim,accused,0.6825,defendant,0.6825,defendant,prosecutor,victim,accused,,,0,women,0.0824,old,foe,children,girls,0,women,0.1124,old,foe,children,girls
410,alike,j-coordinated,439,closing,opening,0.5066,opening,0.5066,openings,open,expanding,closing,0.8478,closing,0.8478,openings,open,expanding,closing,1,1,1,1,,,0.5164,opening,0.5164,0.4943,closing,0.4943,,0.6627,opening,0.6627,0.8808,closing,0.8808,,,0.5164,opening,0.5164,openings,closing,open,not,0.4943,closing,0.4943,openings,closing,open,not,,,0.6627,opening,0.6627,closing,openings,Opening,starting,0.8808,closing,0.8808,closing,openings,Opening,starting,,,0,women,0.0785,old,foe,children,girls,0,women,0.0877,old,foe,children,girls
411,alike,j-coordinated,440,follower,leader,0.0246,critic,0.1756,fan,friend,competitor,leader,0.7495,follower,0.7495,fan,friend,competitor,leader,1,1,1,1,,,0.0178,critic,0.1465,0.8105,follower,0.8105,,0.0316,critic,0.1329,0.7007,follower,0.7007,,,0.0178,critic,0.1465,fan,follower,friend,expert,0.8105,follower,0.8105,fan,follower,friend,expert,,,0.0316,critic,0.1329,follower,expert,fan,observer,0.7007,follower,0.7007,follower,expert,fan,observer,,,0,women,0.0847,old,foe,children,girls,0.0001,women,0.0779,old,foe,children,girls
412,alike,j-coordinated,441,fertility,infertility,0.0007,health,0.0374,disease,age,longevity,death,0.0176,adoption,0.0692,disease,age,longevity,death,1,1,1,1,,,0.0014,health,0.046,0.0178,children,0.0352,,0.0006,health,0.0329,0.0137,love,0.0291,,,0.0014,health,0.046,disease,longevity,love,death,0.0178,children,0.0352,disease,longevity,love,death,,,0.0006,health,0.0329,politics,love,age,disease,0.0137,love,0.0291,politics,love,age,disease,,,0,women,0.0831,old,foe,children,girls,0,women,0.0782,old,foe,children,girls
413,alike,j-coordinated,442,competence,incompetence,0.0222,ignorance,0.025,incompetence,stupidity,arrogance,experience,0.0048,corruption,0.0804,incompetence,stupidity,arrogance,experience,1,1,0,1,,,0.015,opportunity,0.0163,0.0048,ignorance,0.0993,,0.0158,incompetence,0.0158,0.0089,ignorance,0.0974,,,0.015,opportunity,0.0163,incompetence,ignorance,talent,arrogance,0.0048,ignorance,0.0993,incompetence,ignorance,talent,arrogance,,,0.0158,incompetence,0.0158,opportunity,competence,ignorance,arrogance,0.0089,ignorance,0.0974,opportunity,competence,ignorance,arrogance,,,0,women,0.0766,old,foe,children,girls,0,women,0.0704,old,foe,children,girls
414,alike,j-coordinated,443,loser,winner,0.5867,winner,0.5867,champion,loser,champ,leader,0.9431,loser,0.9431,champion,loser,champ,leader,1,1,0,1,,,0.2637,winner,0.2637,0.8344,loser,0.8344,,0.1666,loser,0.4056,0.8293,loser,0.8293,,,0.2637,winner,0.2637,loser,player,participant,champion,0.8344,loser,0.8344,loser,player,participant,champion,,,0.1666,loser,0.4056,winner,player,champion,all,0.8293,loser,0.8293,winner,player,champion,all,,,0,women,0.083,old,foe,children,girls,0.0002,women,0.074,old,foe,children,girls
415,alike,j-coordinated,444,beginning,ending,0.4064,end,0.5087,ending,finishing,middle,endings,0.4475,beginning,0.4475,ending,finishing,middle,endings,0,1,1,1,,,0.4006,ending,0.4006,0.0368,beginning,0.0368,,0.0006,veteran,0.1895,0.6763,beginning,0.6763,,,0.4006,ending,0.4006,end,finishing,endings,middle,0.0368,beginning,0.0368,end,finishing,endings,middle,,,0.0006,veteran,0.1895,advanced,experienced,veterans,expert,0.6763,beginning,0.6763,advanced,experienced,veterans,expert,,,0,women,0.0949,old,foe,children,men,0,women,0.0917,old,foe,children,men
416,alike,j-coordinated,445,head,tail,0.0252,body,0.2107,heart,shoulders,feet,hands,0.1152,body,0.1326,heart,shoulders,feet,hands,1,0,1,1,,,0.023,heart,0.3385,0.1443,head,0.1443,,0.0123,heart,0.4207,0.1386,nose,0.1976,,,0.023,heart,0.3385,body,shoulders,toe,neck,0.1443,head,0.1443,body,shoulders,toe,neck,,,0.0123,heart,0.4207,shoulders,toe,body,foot,0.1386,nose,0.1976,shoulders,toe,body,foot,,,0,women,0.0827,old,foe,children,girls,0,women,0.0817,old,foe,children,girls
417,alike,j-coordinated,446,best,worst,0.9115,worst,0.9115,worse,bad,mediocre,brightest,0.9068,best,0.9068,worse,bad,mediocre,brightest,1,1,1,1,,,0.7444,worst,0.7444,0.899,best,0.899,,0.9139,worst,0.9139,0.7461,best,0.7461,,,0.7444,worst,0.7444,losers,best,mediocre,worse,0.899,best,0.899,losers,best,mediocre,worse,,,0.9139,worst,0.9139,worse,mediocre,least,most,0.7461,best,0.7461,worse,mediocre,least,most,,,0.0003,women,0.0973,old,children,foe,girls,0.0001,women,0.0829,old,children,foe,girls
418,alike,j-coordinated,447,creditor,debtor,0.6566,debtor,0.6566,lender,borrower,landlord,tenant,0.9099,creditor,0.9099,lender,borrower,landlord,tenant,1,1,1,1,,,0.318,debtor,0.318,0.2375,creditor,0.2375,,0.2977,debtor,0.2977,0.4047,creditor,0.4047,,,0.318,debtor,0.318,creditor,lender,borrower,investor,0.2375,creditor,0.2375,creditor,lender,borrower,investor,,,0.2977,debtor,0.2977,creditor,lender,borrower,client,0.4047,creditor,0.4047,creditor,lender,borrower,client,,,0,women,0.0751,old,foe,children,girls,0,women,0.1031,old,foe,children,girls
419,alike,j-coordinated,448,inner,outer,0.9679,outer,0.9679,external,outside,exterior,outward,0.8159,inner,0.8159,external,outside,exterior,outward,1,1,1,1,,,0.8679,outer,0.8679,0.9243,inner,0.9243,,0.9687,outer,0.9687,0.4178,inner,0.4178,,,0.8679,outer,0.8679,outside,out,outsider,outward,0.9243,inner,0.9243,outside,out,outsider,outward,,,0.9687,outer,0.9687,exterior,external,outward,Outer,0.4178,inner,0.4178,exterior,external,outward,Outer,,,0,women,0.0926,old,foe,children,girls,0,women,0.0862,old,foe,children,girls
420,alike,j-coordinated,449,head,rear,0.0012,body,0.2107,heart,shoulders,feet,hands,0.0004,front,0.8328,heart,shoulders,feet,hands,1,1,1,1,,,0.0007,heart,0.3385,0.0111,front,0.4911,,0.0005,heart,0.4207,0.0033,front,0.3498,,,0.0007,heart,0.3385,body,shoulders,toe,neck,0.0111,front,0.4911,body,shoulders,toe,neck,,,0.0005,heart,0.4207,shoulders,toe,body,foot,0.0033,front,0.3498,shoulders,toe,body,foot,,,0,women,0.0827,old,foe,children,girls,0,women,0.108,old,foe,children,girls
421,alike,j-coordinated,450,clarity,obscurity,0.0087,complexity,0.0233,confusion,color,perception,ambiguity,0.0036,fame,0.1173,confusion,color,perception,ambiguity,1,1,1,0,,,0.0082,confusion,0.1375,0.0213,obscurity,0.0592,,0.0049,confusion,0.1889,0.039,clarity,0.039,,,0.0082,confusion,0.1375,ambiguity,clarity,illusion,uncertainty,0.0213,obscurity,0.0592,ambiguity,clarity,illusion,uncertainty,,,0.0049,confusion,0.1889,ambiguity,clarity,illusion,uncertainty,0.039,clarity,0.039,ambiguity,clarity,illusion,uncertainty,,,0,women,0.0906,old,foe,children,men,0,women,0.0888,old,foe,children,men
422,alike,j-coordinated,451,danger,safety,0.0173,opportunity,0.1701,comfort,danger,safety,security,0.0006,security,0.188,comfort,danger,safety,security,1,1,1,1,,,0.0292,opportunity,0.0994,0.0012,security,0.1242,,0.0077,opportunity,0.1494,0.0008,security,0.1099,,,0.0292,opportunity,0.0994,danger,safety,comfort,risk,0.0012,security,0.1242,danger,safety,comfort,risk,,,0.0077,opportunity,0.1494,comfort,beauty,promise,reward,0.0008,security,0.1099,comfort,beauty,promise,reward,,,0,women,0.0761,old,foe,children,girls,0,women,0.0649,old,foe,children,girls
423,alike,j-coordinated,452,deficit,lead,0.0003,surplus,0.3152,debt,growth,revenue,deficit,0.0002,zinc,0.1304,debt,growth,revenue,deficit,1,1,1,1,,,0.0004,surplus,0.2609,0,follower,0.4585,,0.0002,surplus,0.3421,0,follow,0.8455,,,0.0004,surplus,0.2609,deficit,debt,inflation,growth,0,follower,0.4585,deficit,debt,inflation,growth,,,0.0002,surplus,0.3421,debt,deficit,growth,revenue,0,follow,0.8455,debt,deficit,growth,revenue,,,0,women,0.0888,old,foe,children,men,0,women,0.0873,old,foe,children,men
424,alike,j-coordinated,453,buy,sell,0.9185,sell,0.9185,hold,trade,sale,rent,0.351,buy,0.351,hold,trade,sale,rent,1,1,1,1,,,0.6585,sell,0.6585,0.7172,buy,0.7172,,0.6411,sell,0.6411,0.6833,buy,0.6833,,,0.6585,sell,0.6585,feel,trade,act,shop,0.7172,buy,0.7172,feel,trade,act,shop,,,0.6411,sell,0.6411,trade,Sell,act,spend,0.6833,buy,0.6833,trade,Sell,act,spend,,,0.0001,women,0.1649,men,girls,children,people,0,women,0.1318,men,girls,children,people
425,alike,j-coordinated,454,silence,sound,0.0185,noise,0.0411,speech,sound,talk,anger,0.009,sight,0.125,speech,sound,talk,anger,1,1,1,1,,,0.0122,silence,0.0381,0.0215,sight,0.1919,,0.0196,noise,0.0297,0.0039,fury,0.3143,,,0.0122,silence,0.0381,noise,anger,speech,violence,0.0215,sight,0.1919,noise,anger,speech,violence,,,0.0196,noise,0.0297,anger,silence,sound,violence,0.0039,fury,0.3143,anger,silence,sound,violence,,,0.0001,women,0.0925,old,foe,children,girls,0,women,0.1098,old,foe,children,girls
426,alike,j-coordinated,455,pull,push,0.1483,push,0.1483,tug,force,gravity,pull,0.838,pull,0.838,tug,force,gravity,pull,1,1,1,1,,,0.2132,push,0.2132,0.6116,pull,0.6116,,0.1177,push,0.1177,0.814,pull,0.814,,,0.2132,push,0.2132,feel,play,look,pull,0.6116,pull,0.6116,feel,play,look,pull,,,0.1177,push,0.1177,pull,feel,play,look,0.814,pull,0.814,pull,feel,play,look,,,0,women,0.1259,men,children,girls,old,0,women,0.0981,men,children,girls,old
427,alike,j-coordinated,456,disorder,order,0.2998,order,0.2998,disorder,chaos,harmony,peace,0.0618,chaos,0.6023,disorder,chaos,harmony,peace,0,1,0,1,,,0.037,disorder,0.1638,0.0766,chaos,0.6297,,0.1222,disorder,0.3282,0.0533,chaos,0.8158,,,0.037,disorder,0.1638,order,sanity,chaos,discipline,0.0766,chaos,0.6297,order,sanity,chaos,discipline,,,0.1222,disorder,0.3282,order,chaos,dysfunction,sanity,0.0533,chaos,0.8158,order,chaos,dysfunction,sanity,,,0,women,0.0799,old,foe,children,girls,0,women,0.1031,old,foe,children,girls
428,alike,j-coordinated,457,defence,offence,0.5662,offence,0.5662,offense,attack,attackers,midfield,0.8326,defence,0.8326,offense,attack,attackers,midfield,1,1,1,1,,,0.6085,offence,0.6085,0.8706,defence,0.8706,,0.5263,offence,0.5263,0.8193,defence,0.8193,,,0.6085,offence,0.6085,attack,offense,defence,attackers,0.8706,defence,0.8706,attack,offense,defence,attackers,,,0.5263,offence,0.5263,offense,attack,Attack,defence,0.8193,defence,0.8193,offense,attack,Attack,defence,,,0,women,0.0831,old,foe,children,girls,0,women,0.0868,old,foe,children,girls
429,alike,j-coordinated,458,convergence,divergence,0.0452,stagnation,0.0458,regression,divergence,evolution,fragmentation,0.3532,convergence,0.3532,regression,divergence,evolution,fragmentation,1,0,1,0,,,0.0012,integration,0.0711,0.0475,conformity,0.0662,,0.0178,integration,0.0486,0.0326,conformity,0.067,,,0.0012,integration,0.0711,isolation,abstraction,convergence,fragmentation,0.0475,conformity,0.0662,isolation,abstraction,convergence,fragmentation,,,0.0178,integration,0.0486,fragmentation,isolation,convergence,divergence,0.0326,conformity,0.067,fragmentation,isolation,convergence,divergence,,,0,women,0.0715,old,foe,children,politicians,0,women,0.0837,old,foe,children,politicians
430,alike,j-coordinated,459,intelligence,stupidity,0.0055,money,0.039,religion,emotion,politics,wealth,0.0134,stupidity,0.0468,religion,emotion,politics,wealth,1,1,0,1,,,0.0005,military,0.0625,0.0176,stupidity,0.1794,,0.0334,stupidity,0.0334,0.0151,stupidity,0.1906,,,0.0005,military,0.0625,media,politicians,politics,propaganda,0.0176,stupidity,0.1794,media,politicians,politics,propaganda,,,0.0334,stupidity,0.0334,arrogance,emotion,ignorance,money,0.0151,stupidity,0.1906,arrogance,emotion,ignorance,money,,,0,women,0.0829,old,children,politicians,girls,0,women,0.0711,old,children,politicians,girls
431,alike,j-coordinated,460,decline,improvement,0.0052,growth,0.1213,rise,recovery,stagnation,expansion,0.0162,regression,0.1015,rise,recovery,stagnation,expansion,1,1,1,1,,,0.0035,rise,0.1472,0.0101,regression,0.0684,,0.0018,rise,0.162,0.0223,destruction,0.1008,,,0.0035,rise,0.1472,growth,recovery,stagnation,decline,0.0101,regression,0.0684,growth,recovery,stagnation,decline,,,0.0018,rise,0.162,decline,growth,stagnation,recovery,0.0223,destruction,0.1008,decline,growth,stagnation,recovery,,,0,women,0.0736,old,foe,children,losers,0,women,0.0757,old,foe,children,losers
432,alike,j-coordinated,461,hardware,software,0.9362,software,0.9362,firmware,OS,services,data,0.9226,hardware,0.9226,firmware,OS,services,data,1,1,1,1,,,0.8581,software,0.8581,0.8007,hardware,0.8007,,0.9476,software,0.9476,0.8926,hardware,0.8926,,,0.8581,software,0.8581,services,service,people,data,0.8007,hardware,0.8007,services,service,people,data,,,0.9476,software,0.9476,firmware,Software,OS,apps,0.8926,hardware,0.8926,firmware,Software,OS,apps,,,0.0001,women,0.0777,old,children,girls,men,0,women,0.0777,old,children,girls,men
433,alike,j-coordinated,462,export,import,0.7109,import,0.7109,domestic,imports,internal,consumption,0.8711,export,0.8711,domestic,imports,internal,consumption,1,1,1,1,,,0.9133,import,0.9133,0.9315,export,0.9315,,0.8006,import,0.8006,0.8919,export,0.8919,,,0.9133,import,0.9133,imports,domestic,consumption,manufacture,0.9315,export,0.9315,imports,domestic,consumption,manufacture,,,0.8006,import,0.8006,domestic,Import,imports,print,0.8919,export,0.8919,domestic,Import,imports,print,,,0,women,0.0731,old,foe,children,girls,0,women,0.0989,old,foe,children,girls
434,alike,j-coordinated,463,analysis,synthesis,0.0006,opinion,0.2344,commentary,opinions,comment,speculation,0.0107,synthesis,0.1074,commentary,opinions,comment,speculation,1,1,1,1,,,0.0033,opinion,0.0441,0.008,translation,0.0171,,0.0007,opinion,0.1094,0.0041,synthesis,0.1026,,,0.0033,opinion,0.0441,commentary,speculation,interpretation,theory,0.008,translation,0.0171,commentary,speculation,interpretation,theory,,,0.0007,opinion,0.1094,commentary,speculation,reaction,criticism,0.0041,synthesis,0.1026,commentary,speculation,reaction,criticism,,,0,women,0.0781,old,foe,children,girls,0,women,0.0848,old,foe,children,girls
435,alike,j-coordinated,464,preparation,resolution,0.0003,execution,0.0857,error,practice,failure,performance,0.0006,ambiguity,0.0246,error,practice,failure,performance,1,1,1,1,,,0.001,execution,0.1045,0.0001,color,0.0584,,0.0009,execution,0.1778,0.0003,compromise,0.0467,,,0.001,execution,0.1045,preparation,failure,implementation,success,0.0001,color,0.0584,preparation,failure,implementation,success,,,0.0009,execution,0.1778,preparation,failure,error,disaster,0.0003,compromise,0.0467,preparation,failure,error,disaster,,,0,women,0.0776,old,foe,children,girls,0,women,0.0745,old,foe,children,girls
436,alike,j-coordinated,465,instability,stability,0.0042,corruption,0.0323,growth,opportunity,chaos,violence,0.0487,instability,0.0487,growth,opportunity,chaos,violence,1,1,1,0,,,0.0176,corruption,0.0314,0.0543,instability,0.0543,,0.0458,opportunity,0.0585,0.0371,uncertainty,0.0744,,,0.0176,corruption,0.0314,prosperity,chaos,stability,opportunity,0.0543,instability,0.0543,prosperity,chaos,stability,opportunity,,,0.0458,opportunity,0.0585,prosperity,stability,corruption,chaos,0.0371,uncertainty,0.0744,prosperity,stability,corruption,chaos,,,0,women,0.074,old,foe,children,girls,0,women,0.0746,old,foe,children,girls
437,alike,j-coordinated,466,figure,ground,0.0007,face,0.0383,form,character,name,person,0,air,0.2887,form,character,name,person,1,1,1,1,,,0.0009,face,0.033,0,sky,0.3575,,0.0016,sound,0.0306,0,air,0.323,,,0.0009,face,0.033,figure,form,shape,number,0,sky,0.3575,figure,form,shape,number,,,0.0016,sound,0.0306,figure,be,not,story,0,air,0.323,figure,be,not,story,,,0,women,0.0933,old,children,foe,girls,0,women,0.0849,old,children,foe,girls
438,alike,j-coordinated,467,lock,unlock,0.0033,key,0.8881,keys,run,unlock,all,0.0008,redeem,0.1443,keys,run,unlock,all,1,1,1,1,,,0.0031,key,0.1333,0.0193,unlock,0.2355,,0.0037,key,0.7811,0.0109,unlock,0.0966,,,0.0031,key,0.1333,all,shine,run,keys,0.0193,unlock,0.2355,all,shine,run,keys,,,0.0037,key,0.7811,load,run,Key,kill,0.0109,unlock,0.0966,load,run,Key,kill,,,0,women,0.1178,men,old,girls,children,0,women,0.1202,men,old,girls,children
439,alike,j-coordinated,468,acquaintance,stranger,0.0972,acquaintance,0.1475,friend,foe,stranger,professional,0.0736,friend,0.5347,friend,foe,stranger,professional,1,1,1,1,,,0.0046,acquaintance,0.1001,0.0454,friend,0.5815,,0.0038,acquaintance,0.0896,0.0274,friend,0.4387,,,0.0046,acquaintance,0.1001,friendship,suspicion,rivalry,familiarity,0.0454,friend,0.5815,friendship,suspicion,rivalry,familiarity,,,0.0038,acquaintance,0.0896,familiarity,suspicion,friendship,respect,0.0274,friend,0.4387,familiarity,suspicion,friendship,respect,,,0.0004,women,0.0867,old,foe,children,girls,0,women,0.0781,old,foe,children,girls
440,alike,j-coordinated,469,opacity,transparency,0.2917,transparency,0.2917,opacity,color,clarity,brightness,0.0048,privacy,0.0679,opacity,color,clarity,brightness,0,1,0,1,,,0.0015,prosperity,0.0177,0.0031,truth,0.1118,,0.001,ignorance,0.0936,0.0015,truth,0.1502,,,0.0015,prosperity,0.0177,wealth,affordability,population,corruption,0.0031,truth,0.1118,wealth,affordability,population,corruption,,,0.001,ignorance,0.0936,stupidity,hypocrisy,cynicism,delusion,0.0015,truth,0.1502,stupidity,hypocrisy,cynicism,delusion,,,0,women,0.1024,old,foe,men,girls,0,women,0.0843,old,foe,men,girls
441,alike,j-coordinated,470,dislike,liking,0.0008,respect,0.2286,love,admiration,distrust,contempt,0.0172,hating,0.3551,love,admiration,distrust,contempt,1,1,1,1,,,0.0006,respect,0.1131,0.0153,following,0.1005,,0.0007,love,0.1675,0.0069,deleting,0.0891,,,0.0006,respect,0.1131,dislike,love,disdain,hate,0.0153,following,0.1005,dislike,love,disdain,hate,,,0.0007,love,0.1675,respect,dislike,hate,like,0.0069,deleting,0.0891,respect,dislike,hate,like,,,0,women,0.0962,old,foe,children,girls,0,women,0.1292,old,foe,children,girls
442,alike,j-coordinated,471,separation,union,0.0121,separation,0.0311,marriage,isolation,divorce,union,0,employer,0.2637,marriage,isolation,divorce,union,1,1,1,1,,,0.0198,separation,0.1624,0.0001,employer,0.0891,,0.0217,separation,0.1502,0.0014,State,0.0704,,,0.0198,separation,0.1624,unity,division,union,equality,0.0001,employer,0.0891,unity,division,union,equality,,,0.0217,separation,0.1502,unity,integration,union,division,0.0014,State,0.0704,unity,integration,union,division,,,0,women,0.091,old,foe,children,men,0,women,0.0636,old,foe,children,men
443,alike,j-coordinated,472,birth,death,0.8608,death,0.8608,decay,dying,destruction,birth,0.0541,life,0.2115,decay,dying,destruction,birth,1,1,1,1,,,0.7839,death,0.7839,0.0413,life,0.1861,,0.8516,death,0.8516,0.0323,life,0.2161,,,0.7839,death,0.7839,dying,age,life,deaths,0.0413,life,0.1861,dying,age,life,deaths,,,0.8516,death,0.8516,dying,birth,deaths,decay,0.0323,life,0.2161,dying,birth,deaths,decay,,,0.0001,women,0.0896,old,foe,children,girls,0,women,0.0853,old,foe,children,girls
444,alike,j-coordinated,473,cash,credit,0.1499,credit,0.1499,debt,bonds,gold,securities,0.0319,debit,0.1228,debt,bonds,gold,securities,0,1,1,1,,,0.0514,debt,0.0803,0.0228,debit,0.1902,,0.0779,credit,0.0779,0.0361,debit,0.3131,,,0.0514,debt,0.0803,paper,bonds,liabilities,credit,0.0228,debit,0.1902,paper,bonds,liabilities,credit,,,0.0779,credit,0.0779,paper,bonds,carry,gold,0.0361,debit,0.3131,paper,bonds,carry,gold,,,0,women,0.1061,men,old,girls,children,0,women,0.0921,men,old,girls,children
445,alike,j-coordinated,474,answer,question,0.2063,question,0.2063,denial,comment,questions,request,0.8346,answer,0.8346,denial,comment,questions,request,1,1,1,1,,,0.1102,question,0.1102,0.5135,answer,0.5135,,0.0812,question,0.0812,0.8551,answer,0.8551,,,0.1102,question,0.1102,reply,answer,not,response,0.5135,answer,0.5135,reply,answer,not,response,,,0.0812,question,0.0812,answer,ask,think,respond,0.8551,answer,0.8551,answer,ask,think,respond,,,0,women,0.0914,old,children,girls,foe,0,women,0.1059,old,children,girls,foe
446,alike,j-coordinated,475,foot,head,0.0358,hand,0.0953,mind,head,body,dog,0.0253,body,0.2107,mind,head,body,dog,1,1,1,1,,,0.0305,dog,0.0403,0.0411,heart,0.3385,,0.0358,hand,0.1959,0.0333,heart,0.4207,,,0.0305,dog,0.0403,hand,ankle,toe,head,0.0411,heart,0.3385,hand,ankle,toe,head,,,0.0358,hand,0.1959,mind,dog,head,horse,0.0333,heart,0.4207,mind,dog,head,horse,,,0,women,0.0892,old,foe,children,girls,0,women,0.0827,old,foe,children,girls
447,alike,j-coordinated,476,boy,girl,0.4355,girl,0.4355,man,woman,dog,boy,0.8412,boy,0.8412,man,woman,dog,boy,1,1,1,1,,,0.596,girl,0.596,0.7403,boy,0.7403,,0.5177,girl,0.5177,0.8003,boy,0.8003,,,0.596,girl,0.596,man,dog,boy,woman,0.7403,boy,0.7403,man,dog,boy,woman,,,0.5177,girl,0.5177,man,dog,boy,woman,0.8003,boy,0.8003,man,dog,boy,woman,,,0.0031,women,0.0844,old,foe,children,girls,0.0021,women,0.0924,old,foe,children,girls
448,alike,j-coordinated,477,borrower,lender,0.6072,lender,0.6072,creditor,investor,debtor,landlord,0.9023,borrower,0.9023,creditor,investor,debtor,landlord,0,1,1,1,,,0.0017,farmer,0.0136,0.9288,borrower,0.9288,,0.4309,lender,0.4309,0.9112,borrower,0.9112,,,0.0017,farmer,0.0136,robber,miner,reader,driver,0.9288,borrower,0.9288,robber,miner,reader,driver,,,0.4309,lender,0.4309,borrower,creditor,debtor,seller,0.9112,borrower,0.9112,borrower,creditor,debtor,seller,,,0,women,0.0915,old,foe,children,men,0,women,0.0781,old,foe,children,men
449,alike,j-coordinated,478,prefix,suffix,0.6001,suffix,0.6001,name,adjective,number,title,0.3078,prefix,0.3078,name,adjective,number,title,1,0,0,0,,,0.0998,suffix,0.0998,0.0707,number,0.1623,,0,remix,0.0221,0,love,0.0123,,,0.0998,suffix,0.0998,number,name,not,place,0.0707,number,0.1623,number,name,not,place,,,0,remix,0.0221,album,sound,not,remake,0,love,0.0123,album,sound,not,remake,,,0,women,0.1635,men,children,girls,old,0,women,0.134,men,children,girls,old
450,alike,j-coordinated,479,obscurity,prominence,0.0227,fame,0.1173,notoriety,celebrity,obscurity,prominence,0.1077,obscurity,0.1077,notoriety,celebrity,obscurity,prominence,1,1,1,1,,,0.0017,obscurity,0.0592,0.038,obscurity,0.038,,0.0006,clarity,0.039,0.0503,obscurity,0.0503,,,0.0017,obscurity,0.0592,beauty,clarity,darkness,ignorance,0.038,obscurity,0.038,beauty,clarity,darkness,ignorance,,,0.0006,clarity,0.039,obscurity,beauty,truth,transparency,0.0503,obscurity,0.0503,obscurity,beauty,truth,transparency,,,0,women,0.0888,old,foe,children,girls,0,women,0.0655,old,foe,children,girls
451,alike,j-coordinated,480,equality,inequality,0.011,justice,0.0813,freedom,liberty,fairness,discrimination,0.0318,opportunity,0.0594,freedom,liberty,fairness,discrimination,1,1,1,1,,,0.0079,justice,0.063,0.0206,fairness,0.0469,,0.0035,justice,0.0435,0.02,injustice,0.0452,,,0.0079,justice,0.063,fairness,freedom,diversity,discrimination,0.0206,fairness,0.0469,fairness,freedom,diversity,discrimination,,,0.0035,justice,0.0435,fairness,freedom,discrimination,fascism,0.02,injustice,0.0452,fairness,freedom,discrimination,fascism,,,0,women,0.0956,old,foe,children,girls,0,women,0.0769,old,foe,children,girls
452,alike,j-coordinated,482,defense,offense,0.9792,offense,0.9792,attack,offence,offenses,offensive,0.9964,defense,0.9964,attack,offence,offenses,offensive,1,1,1,1,,,0.9244,offense,0.9244,0.9924,defense,0.9924,,0.9724,offense,0.9724,0.9861,defense,0.9861,,,0.9244,offense,0.9244,attack,offence,offensive,offenses,0.9924,defense,0.9924,attack,offence,offensive,offenses,,,0.9724,offense,0.9724,attack,offence,Offense,offenses,0.9861,defense,0.9861,attack,offence,Offense,offenses,,,0.5164,offense,0.5164,defense,opponents,opposition,attack,0.0001,women,0.1023,defense,opponents,opposition,attack
453,alike,j-coordinated,483,aunt,uncle,0.4018,uncle,0.4018,niece,cousin,nephew,daughter,0.1197,nephew,0.2847,niece,cousin,nephew,daughter,0,1,1,1,,,0.2047,nephew,0.3257,0.1106,nephew,0.181,,0.4136,uncle,0.4136,0.0152,nephew,0.5772,,,0.2047,nephew,0.3257,uncle,niece,cousin,child,0.1106,nephew,0.181,uncle,niece,cousin,child,,,0.4136,uncle,0.4136,niece,Uncle,cousin,nephew,0.0152,nephew,0.5772,niece,Uncle,cousin,nephew,,,0,women,0.1083,old,children,men,girls,0,women,0.0858,old,children,men,girls
454,alike,j-coordinated,484,dislike,like,0.0151,respect,0.2286,love,admiration,distrust,contempt,0.26,dislike,0.26,love,admiration,distrust,contempt,1,0,1,1,,,0.0179,respect,0.1131,0.0158,think,0.0451,,0.0369,love,0.1675,0.0936,dislike,0.0936,,,0.0179,respect,0.1131,dislike,love,disdain,hate,0.0158,think,0.0451,dislike,love,disdain,hate,,,0.0369,love,0.1675,respect,dislike,hate,like,0.0936,dislike,0.0936,respect,dislike,hate,like,,,0,women,0.0962,old,foe,children,girls,0,women,0.0905,old,foe,children,girls
455,alike,j-coordinated,485,immortality,mortality,0.0585,death,0.4704,mortality,destruction,immortality,decay,0.0032,longevity,0.0679,mortality,destruction,immortality,decay,1,1,1,1,,,0.0427,death,0.3338,0.0189,death,0.1078,,0.0494,death,0.3359,0.037,death,0.1735,,,0.0427,death,0.3338,immortality,mortality,life,rebirth,0.0189,death,0.1078,immortality,mortality,life,rebirth,,,0.0494,death,0.3359,immortality,mortality,life,destruction,0.037,death,0.1735,immortality,mortality,life,destruction,,,0,women,0.0836,old,foe,children,girls,0,women,0.0804,old,foe,children,girls
456,alike,j-coordinated,486,man,woman,0.1062,beast,0.3831,woman,animal,machine,god,0.7777,man,0.7777,woman,animal,machine,god,1,1,1,1,,,0.1806,beast,0.4031,0.5824,man,0.5824,,0.0477,beast,0.4899,0.5609,man,0.5609,,,0.1806,beast,0.4031,woman,animal,dog,god,0.5824,man,0.5824,woman,animal,dog,god,,,0.0477,beast,0.4899,machine,animal,woman,dog,0.5609,man,0.5609,machine,animal,woman,dog,,,0.0065,women,0.0957,old,foe,men,children,0.0012,women,0.1019,old,foe,men,children
457,alike,j-coordinated,487,hit,miss,0.9624,miss,0.9624,misses,run,missed,pull,0.0005,love,0.0639,misses,run,missed,pull,1,1,1,1,,,0.8126,miss,0.8126,0.0061,love,0.0394,,0.7501,miss,0.7501,0.0193,miss,0.0686,,,0.8126,miss,0.8126,run,misses,missed,walk,0.0061,love,0.0394,run,misses,missed,walk,,,0.7501,miss,0.7501,run,Miss,Run,missed,0.0193,miss,0.0686,run,Miss,Run,missed,,,0.0002,women,0.0998,foe,children,old,girls,0,women,0.0739,foe,children,old,girls
458,alike,j-coordinated,488,mistrust,trust,0.0109,hope,0.0441,fear,admiration,suspicion,optimism,0.0199,suspicion,0.0477,fear,admiration,suspicion,optimism,1,1,1,1,,,0.0062,fear,0.0461,0.016,faith,0.0757,,0.0106,ignorance,0.036,0.0168,betrayal,0.0997,,,0.0062,fear,0.0461,ignorance,hope,innocence,delusion,0.016,faith,0.0757,ignorance,hope,innocence,delusion,,,0.0106,ignorance,0.036,fear,betrayal,hope,suspicion,0.0168,betrayal,0.0997,fear,betrayal,hope,suspicion,,,0,women,0.0826,old,foe,girls,politicians,0,women,0.1125,old,foe,girls,politicians
459,alike,j-coordinated,489,location,studio,0.0001,location,0.0586,time,context,price,character,0.0009,studio,0.0369,time,context,price,character,1,1,1,1,,,0.0001,time,0.1099,0.0004,audience,0.1002,,0.0001,time,0.077,0.0008,home,0.0748,,,0.0001,time,0.1099,location,weather,times,place,0.0004,audience,0.1002,location,weather,times,place,,,0.0001,time,0.077,location,character,times,name,0.0008,home,0.0748,location,character,times,name,,,0,women,0.0758,old,foe,children,girls,0,women,0.0782,old,foe,children,girls
460,alike,j-coordinated,490,competition,cooperation,0.0212,friendship,0.0366,competition,collaboration,cooperation,rivalry,0.2102,competition,0.2102,competition,collaboration,cooperation,rivalry,1,0,1,1,,,0.0127,competition,0.0311,0.0215,opposition,0.0713,,0.0259,competition,0.0299,0.0977,competition,0.0977,,,0.0127,competition,0.0311,friendship,love,cooperation,collaboration,0.0215,opposition,0.0713,friendship,love,cooperation,collaboration,,,0.0259,competition,0.0299,cooperation,love,friendship,collaboration,0.0977,competition,0.0977,cooperation,love,friendship,collaboration,,,0,women,0.0891,old,children,girls,foe,0,women,0.092,old,children,girls,foe
461,alike,j-coordinated,491,difficulty,ease,0.0159,opportunity,0.1177,reward,success,ease,difficulty,0.0213,convenience,0.0518,reward,success,ease,difficulty,1,1,1,1,,,0.0169,reward,0.0415,0.0078,speed,0.0587,,0.0104,reward,0.0338,0.0076,comfort,0.0707,,,0.0169,reward,0.0415,accessibility,difficulty,speed,value,0.0078,speed,0.0587,accessibility,difficulty,speed,value,,,0.0104,reward,0.0338,skill,cost,difficulty,speed,0.0076,comfort,0.0707,skill,cost,difficulty,speed,,,0,women,0.1111,old,foe,children,men,0,women,0.0793,old,foe,children,men
462,alike,j-coordinated,492,bear,bull,0.0143,man,0.0852,dog,wolf,human,lion,0.012,cow,0.0671,dog,wolf,human,lion,1,1,1,1,,,0.0092,man,0.0913,0.0397,bull,0.0881,,0.0088,man,0.1269,0.0273,bull,0.0827,,,0.0092,man,0.0913,wolf,lion,dog,human,0.0397,bull,0.0881,wolf,lion,dog,human,,,0.0088,man,0.1269,bear,dog,lion,wolf,0.0273,bull,0.0827,bear,dog,lion,wolf,,,0.0002,women,0.1036,old,foe,men,children,0.0002,women,0.094,old,foe,men,children
463,alike,j-coordinated,493,credit,debit,0.1228,debit,0.1228,money,equity,cash,currency,0.9414,credit,0.9414,money,equity,cash,currency,1,1,1,1,,,0.1902,debit,0.1902,0.666,credit,0.666,,0.3131,debit,0.3131,0.1555,credit,0.1555,,,0.1902,debit,0.1902,money,equity,cash,currency,0.666,credit,0.666,money,equity,cash,currency,,,0.3131,debit,0.3131,cash,money,currency,equity,0.1555,credit,0.1555,cash,money,currency,equity,,,0,women,0.0921,men,old,children,girls,0,women,0.088,men,old,children,girls
464,alike,j-coordinated,494,employee,employer,0.0874,customer,0.2556,employer,client,boss,contractor,0.8931,employee,0.8931,employer,client,boss,contractor,0,1,0,1,,,0.3929,employer,0.3929,0.8676,employee,0.8676,,0.4925,employer,0.4925,0.8493,employee,0.8493,,,0.3929,employer,0.3929,customer,contractor,manager,boss,0.8676,employee,0.8676,customer,contractor,manager,boss,,,0.4925,employer,0.4925,boss,customer,manager,contractor,0.8493,employee,0.8493,boss,customer,manager,contractor,,,0.0002,women,0.0732,old,foe,children,girls,0.0001,women,0.0719,old,foe,children,girls
465,alike,j-coordinated,495,action,inaction,0.131,inaction,0.131,comedy,drama,action,dialogue,0.4355,action,0.4355,comedy,drama,action,dialogue,1,0,0,0,,,0.3607,inaction,0.3607,0.0487,inaction,0.2822,,0.0061,drama,0.1752,0.0489,inaction,0.352,,,0.3607,inaction,0.3607,reaction,action,fiction,emotion,0.0487,inaction,0.2822,reaction,action,fiction,emotion,,,0.0061,drama,0.1752,comedy,romance,suspense,adventure,0.0489,inaction,0.352,comedy,romance,suspense,adventure,,,0,women,0.079,old,foe,children,girls,0,women,0.0603,old,foe,children,girls
466,alike,j-coordinated,496,joy,sorrow,0.2387,sorrow,0.2387,pain,sadness,despair,fear,0.2398,joy,0.2398,pain,sadness,despair,fear,0,1,1,1,,,0.1211,pain,0.1454,0.1526,joy,0.1526,,0.1696,sorrow,0.1696,0.1614,joy,0.1614,,,0.1211,pain,0.1454,sorrow,despair,fear,sadness,0.1526,joy,0.1526,sorrow,despair,fear,sadness,,,0.1696,sorrow,0.1696,pain,despair,sadness,fear,0.1614,joy,0.1614,pain,despair,sadness,fear,,,0,women,0.1033,old,foe,men,girls,0,women,0.105,old,foe,men,girls
467,alike,j-coordinated,497,pain,pleasure,0.4061,pleasure,0.4061,joy,suffering,happiness,love,0.6885,pain,0.6885,joy,suffering,happiness,love,1,1,1,1,,,0.1093,pleasure,0.1093,0.8936,pain,0.8936,,0.3424,pleasure,0.3424,0.6776,pain,0.6776,,,0.1093,pleasure,0.1093,suffering,joy,profit,glory,0.8936,pain,0.8936,suffering,joy,profit,glory,,,0.3424,pleasure,0.3424,suffering,joy,happiness,gain,0.6776,pain,0.6776,suffering,joy,happiness,gain,,,0,women,0.0853,old,foe,children,girls,0.0001,women,0.0978,old,foe,children,girls
468,alike,j-coordinated,498,child,parent,0.069,adult,0.7235,parent,man,mother,woman,0.8682,child,0.8682,parent,man,mother,woman,1,1,1,1,,,0.1229,adult,0.5932,0.8461,child,0.8461,,0.0893,adult,0.5079,0.9143,child,0.9143,,,0.1229,adult,0.5932,parent,mother,man,woman,0.8461,child,0.8461,parent,mother,man,woman,,,0.0893,adult,0.5079,parent,man,mother,woman,0.9143,child,0.9143,parent,man,mother,woman,,,0.0001,women,0.1028,old,children,men,girls,0.0025,women,0.0813,old,children,men,girls
469,alike,j-coordinated,499,insanity,sanity,0.1379,sanity,0.1379,insanity,madness,delusion,reason,0.1905,insanity,0.1905,insanity,madness,delusion,reason,1,0,1,0,,,0.0649,sanity,0.0649,0.1457,sanity,0.2738,,0.1692,sanity,0.1692,0.0968,sanity,0.3952,,,0.0649,sanity,0.0649,insanity,stupidity,madness,genius,0.1457,sanity,0.2738,insanity,stupidity,madness,genius,,,0.1692,sanity,0.1692,insanity,madness,reality,delusion,0.0968,sanity,0.3952,insanity,madness,reality,delusion,,,0,women,0.0716,old,foe,children,girls,0,women,0.0713,old,foe,children,girls
470,alike,j-coordinated,500,acceptance,rejection,0.4318,rejection,0.4318,denial,resistance,refusal,opposition,0.0974,acceptance,0.0974,denial,resistance,refusal,opposition,1,1,1,1,,,0.2051,rejection,0.2051,0.073,acceptance,0.073,,0.3458,rejection,0.3458,0.0963,acceptance,0.0963,,,0.2051,rejection,0.2051,denial,acceptance,resistance,intolerance,0.073,acceptance,0.073,denial,acceptance,resistance,intolerance,,,0.3458,rejection,0.3458,denial,resistance,acceptance,refusal,0.0963,acceptance,0.0963,denial,resistance,acceptance,refusal,,,0,women,0.077,old,foe,children,fans,0,women,0.0757,old,foe,children,fans
471,alike,j-coordinated,501,happiness,sadness,0.0466,misery,0.106,suffering,pain,sorrow,sadness,0.1168,joy,0.1291,suffering,pain,sorrow,sadness,1,0,0,1,,,0.0587,pain,0.0612,0.121,happiness,0.121,,0.0553,sadness,0.0553,0.1716,joy,0.2012,,,0.0587,pain,0.0612,sadness,misery,suffering,sorrow,0.121,happiness,0.121,sadness,misery,suffering,sorrow,,,0.0553,sadness,0.0553,misery,pain,suffering,sorrow,0.1716,joy,0.2012,misery,pain,suffering,sorrow,,,0,women,0.087,old,foe,children,girls,0,women,0.0713,old,foe,children,girls
472,alike,j-coordinated,502,gain,loss,0.892,loss,0.892,pain,lose,risk,profit,0.2604,gain,0.2604,pain,lose,risk,profit,1,1,1,1,,,0.8365,loss,0.8365,0.7476,gain,0.7476,,0.6995,loss,0.6995,0.5468,gain,0.5468,,,0.8365,loss,0.8365,lose,pain,profit,gain,0.7476,gain,0.7476,lose,pain,profit,gain,,,0.6995,loss,0.6995,lose,fall,losses,cost,0.5468,gain,0.5468,lose,fall,losses,cost,,,0,women,0.0847,old,foe,children,girls,0,women,0.0746,old,foe,children,girls
473,alike,j-coordinated,503,majority,minority,0.9554,minority,0.9554,minorities,opposition,majority,dissent,0.3801,majority,0.3801,minorities,opposition,majority,dissent,1,0,1,1,,,0.9195,minority,0.9195,0.3106,white,0.3975,,0.5284,minority,0.5284,0.4047,majority,0.4047,,,0.9195,minority,0.9195,minorities,opposition,majority,plurality,0.3106,white,0.3975,minorities,opposition,majority,plurality,,,0.5284,minority,0.5284,opposition,Minority,Opposition,minorities,0.4047,majority,0.4047,opposition,Minority,Opposition,minorities,,,0.0004,women,0.0751,old,foe,children,girls,0,women,0.0794,old,foe,children,girls
474,alike,j-coordinated,504,dissatisfaction,satisfaction,0.0186,optimism,0.0378,enthusiasm,support,satisfaction,anger,0.0269,satisfaction,0.0462,enthusiasm,support,satisfaction,anger,1,1,0,1,,,0.0282,anger,0.0363,0.0201,satisfaction,0.0498,,0.0362,satisfaction,0.0362,0.0109,satisfaction,0.0613,,,0.0282,anger,0.0363,happiness,satisfaction,frustration,depression,0.0201,satisfaction,0.0498,happiness,satisfaction,frustration,depression,,,0.0362,satisfaction,0.0362,happiness,optimism,anger,frustration,0.0109,satisfaction,0.0613,happiness,optimism,anger,frustration,,,0,women,0.0681,old,foe,children,fans,0,women,0.0943,old,foe,children,fans
475,alike,j-coordinated,505,poverty,wealth,0.3078,wealth,0.3078,prosperity,opportunity,luxury,privilege,0.287,poverty,0.287,prosperity,opportunity,luxury,privilege,1,0,1,1,,,0.0696,wealth,0.0696,0.0381,wealth,0.0548,,0.0875,wealth,0.0875,0.1944,poverty,0.1944,,,0.0696,wealth,0.0696,opportunity,greed,prosperity,ignorance,0.0381,wealth,0.0548,opportunity,greed,prosperity,ignorance,,,0.0875,wealth,0.0875,opportunity,prosperity,privilege,greed,0.1944,poverty,0.1944,opportunity,prosperity,privilege,greed,,,0,women,0.0857,old,men,foe,children,0,women,0.0747,old,men,foe,children
476,alike,j-coordinated,506,complexity,simplicity,0.0799,simplicity,0.0799,elegance,clarity,complexity,ease,0.105,complexity,0.105,elegance,clarity,complexity,ease,1,1,1,1,,,0.1264,simplicity,0.1264,0.1461,complexity,0.1461,,0.2945,simplicity,0.2945,0.1968,complexity,0.1968,,,0.1264,simplicity,0.1264,complexity,clarity,elegance,opportunity,0.1461,complexity,0.1461,complexity,clarity,elegance,opportunity,,,0.2945,simplicity,0.2945,complexity,elegance,clarity,beauty,0.1968,complexity,0.1968,complexity,elegance,clarity,beauty,,,0,women,0.0858,old,foe,children,girls,0,women,0.168,old,foe,children,girls
477,alike,j-coordinated,507,defeat,victory,0.4487,victory,0.4487,triumph,success,defeat,glory,0.815,defeat,0.815,triumph,success,defeat,glory,1,1,1,1,,,0.1382,victory,0.1382,0.7497,defeat,0.7497,,0.1483,victory,0.1483,0.6949,defeat,0.6949,,,0.1382,victory,0.1382,defeat,triumph,hope,pride,0.7497,defeat,0.7497,defeat,triumph,hope,pride,,,0.1483,victory,0.1483,triumph,defeat,redemption,revenge,0.6949,defeat,0.6949,triumph,defeat,redemption,revenge,,,0,women,0.0701,old,foe,children,girls,0,women,0.0854,old,foe,children,girls
478,alike,j-coordinated,508,progress,regress,0.0098,progress,0.0547,regression,stagnation,destruction,revolution,0,model,0.0322,regression,stagnation,destruction,revolution,1,1,1,1,,,0.0207,progress,0.0751,0.0145,stagnation,0.1094,,0.0206,progress,0.0947,0.0006,regress,0.0833,,,0.0207,progress,0.0751,destruction,evil,ignorance,regression,0.0145,stagnation,0.1094,destruction,evil,ignorance,regression,,,0.0206,progress,0.0947,regression,stagnation,ignorance,regress,0.0006,regress,0.0833,regression,stagnation,ignorance,regress,,,0,women,0.079,old,foe,politicians,children,0,women,0.1194,old,foe,politicians,children
479,alike,j-coordinated,509,deaf,hearing,0.1034,dumb,0.435,blind,hearing,mute,sight,0.0123,seeing,0.1546,blind,hearing,mute,sight,1,1,1,1,,,0.0028,dumb,0.6887,0.0057,seeing,0.4772,,0.0077,dumb,0.6589,0.0098,seeing,0.1853,,,0.0028,dumb,0.6887,blind,mute,stupid,proud,0.0057,seeing,0.4772,blind,mute,stupid,proud,,,0.0077,dumb,0.6589,blind,mute,stupid,proud,0.0098,seeing,0.1853,blind,mute,stupid,proud,,,0,women,0.087,old,children,foe,girls,0.0002,women,0.0776,old,children,foe,girls
480,alike,j-coordinated,510,cry,laugh,0.0967,scream,0.121,laugh,cry,shout,weep,0.5563,cry,0.5563,laugh,cry,shout,weep,0,1,0,1,,,0.1088,laugh,0.1088,0.4247,cry,0.4247,,0.3117,laugh,0.3117,0.4359,cry,0.4359,,,0.1088,laugh,0.1088,scream,cry,shout,weep,0.4247,cry,0.4247,scream,cry,shout,weep,,,0.3117,laugh,0.3117,scream,weep,cry,sleep,0.4359,cry,0.4359,scream,weep,cry,sleep,,,0,women,0.0911,old,foe,children,girls,0.0004,women,0.1376,old,foe,children,girls
481,alike,j-coordinated,511,nephew,niece,0.2333,niece,0.2333,uncle,cousin,brother,friend,0.6866,nephew,0.6866,uncle,cousin,brother,friend,0,1,0,1,,,0.1294,uncle,0.333,0.652,nephew,0.652,,0.0602,uncle,0.4267,0.5933,nephew,0.5933,,,0.1294,uncle,0.333,niece,nephew,aunt,grandfather,0.652,nephew,0.652,niece,nephew,aunt,grandfather,,,0.0602,uncle,0.4267,nephew,cousin,niece,grandfather,0.5933,nephew,0.5933,nephew,cousin,niece,grandfather,,,0,women,0.0881,old,foe,children,girls,0,women,0.0965,old,foe,children,girls
482,alike,j-coordinated,512,asset,liability,0.4439,liability,0.4439,liabilities,risk,commodity,debt,0.0034,reputation,0.0457,liabilities,risk,commodity,debt,1,1,0,1,,,0.2329,liability,0.2329,0.0072,liability,0.0317,,0.0211,currency,0.0762,0.0003,reputation,0.0375,,,0.2329,liability,0.2329,liabilities,currency,capital,debt,0.0072,liability,0.0317,liabilities,currency,capital,debt,,,0.0211,currency,0.0762,liabilities,liability,risk,investor,0.0003,reputation,0.0375,liabilities,liability,risk,investor,,,0,women,0.0784,old,foe,children,girls,0,women,0.0793,old,foe,children,girls
483,alike,j-coordinated,513,advance,retreat,0.2097,retreat,0.2097,regress,fall,decline,defeat,0.0194,attack,0.0961,regress,fall,decline,defeat,0,1,0,1,,,0.0252,regress,0.194,0.0021,attack,0.0229,,0.023,return,0.0452,0.0006,adventure,0.0337,,,0.0252,regress,0.194,advance,fall,decline,retreat,0.0021,attack,0.0229,advance,fall,decline,retreat,,,0.023,return,0.0452,advance,follow,retreat,finish,0.0006,adventure,0.0337,advance,follow,retreat,finish,,,0,women,0.1107,old,girls,children,foe,0,women,0.1022,old,girls,children,foe
484,alike,j-coordinated,514,illness,wellness,0.0254,injury,0.1402,death,health,disease,wellness,0.0025,fitness,0.1244,death,health,disease,wellness,1,1,1,1,,,0.0214,health,0.0918,0.0133,health,0.142,,0.0199,death,0.0945,0.005,health,0.1434,,,0.0214,health,0.0918,wealth,illness,prosperity,death,0.0133,health,0.142,wealth,illness,prosperity,death,,,0.0199,death,0.0945,injury,health,illness,pain,0.005,health,0.1434,injury,health,illness,pain,,,0,women,0.0823,old,foe,children,losers,0,women,0.086,old,foe,children,losers
485,alike,j-coordinated,515,distrust,trust,0.0186,hope,0.056,admiration,fear,suspicion,support,0.0281,suspicion,0.0477,admiration,fear,suspicion,support,1,1,1,1,,,0.0058,fear,0.0455,0.0396,faith,0.0757,,0.0142,fear,0.0479,0.0316,betrayal,0.0997,,,0.0058,fear,0.0455,suspicion,ignorance,respect,hope,0.0396,faith,0.0757,suspicion,ignorance,respect,hope,,,0.0142,fear,0.0479,respect,love,suspicion,hope,0.0316,betrayal,0.0997,respect,love,suspicion,hope,,,0,women,0.0855,old,foe,girls,children,0,women,0.1125,old,foe,girls,children
486,alike,j-coordinated,516,brother,sister,0.9024,sister,0.9024,foe,brother,sisters,friend,0.4965,brother,0.4965,foe,brother,sisters,friend,1,1,1,1,,,0.911,sister,0.911,0.6926,brother,0.6926,,0.8057,sister,0.8057,0.7915,brother,0.7915,,,0.911,sister,0.911,sisters,brother,son,foe,0.6926,brother,0.6926,sisters,brother,son,foe,,,0.8057,sister,0.8057,foe,Sister,sisters,brother,0.7915,brother,0.7915,foe,Sister,sisters,brother,,,0.0004,women,0.0903,old,foe,children,girls,0.0003,women,0.0885,old,foe,children,girls
487,alike,j-coordinated,517,daughter,son,0.2075,mother,0.2993,son,father,sister,daughter,0.1007,father,0.6224,son,father,sister,daughter,0,1,1,1,,,0.2593,son,0.2593,0.1798,father,0.4959,,0.1731,mother,0.2896,0.1014,father,0.6792,,,0.2593,son,0.2593,mother,father,husband,mom,0.1798,father,0.4959,mother,father,husband,mom,,,0.1731,mother,0.2896,father,son,daughter,Mother,0.1014,father,0.6792,father,son,daughter,Mother,,,0.0025,women,0.0889,old,children,foe,girls,0.0026,women,0.0834,old,children,foe,girls
488,alike,j-coordinated,518,demand,supply,0.9412,supply,0.9412,production,supplies,price,availability,0.9932,demand,0.9932,production,supplies,price,availability,1,1,1,1,,,0.9661,supply,0.9661,0.9898,demand,0.9898,,0.9771,supply,0.9771,0.985,demand,0.985,,,0.9661,supply,0.9661,supplies,production,price,capacity,0.9898,demand,0.9898,supplies,production,price,capacity,,,0.9771,supply,0.9771,price,supplies,Supply,production,0.985,demand,0.985,price,supplies,Supply,production,,,0,women,0.0723,old,foe,children,girls,0,women,0.0745,old,foe,children,girls
489,alike,j-coordinated,519,employment,unemployment,0.0069,education,0.0575,housing,income,capital,opportunity,0.0105,inflation,0.0587,housing,income,capital,opportunity,1,1,1,1,,,0.0024,education,0.0185,0.0091,poverty,0.0576,,0.0041,education,0.0587,0.0055,poverty,0.0707,,,0.0024,education,0.0185,capital,business,politics,government,0.0091,poverty,0.0576,capital,business,politics,government,,,0.0041,education,0.0587,housing,income,retirement,family,0.0055,poverty,0.0707,housing,income,retirement,family,,,0,women,0.0793,old,foe,children,girls,0,women,0.0795,old,foe,children,girls
490,alike,j-coordinated,520,certainty,uncertainty,0.4544,uncertainty,0.4544,doubt,ambiguity,speculation,fear,0.0448,fear,0.0522,doubt,ambiguity,speculation,fear,1,1,1,1,,,0.5312,uncertainty,0.5312,0.0087,optimism,0.0459,,0.5112,uncertainty,0.5112,0.0216,uncertainty,0.0611,,,0.5312,uncertainty,0.5312,doubt,certainty,fear,ambiguity,0.0087,optimism,0.0459,doubt,certainty,fear,ambiguity,,,0.5112,uncertainty,0.5112,doubt,certainty,fear,ambiguity,0.0216,uncertainty,0.0611,doubt,certainty,fear,ambiguity,,,0,women,0.0783,old,foe,children,girls,0,women,0.0735,old,foe,children,girls
491,alike,j-coordinated,521,deflation,inflation,0.4623,inflation,0.4623,growth,stagnation,recession,recovery,0.2141,deflation,0.2141,growth,stagnation,recession,recovery,1,1,1,1,,,0.2366,inflation,0.2366,0.2026,deflation,0.2026,,0.1768,inflation,0.1768,0.1115,deflation,0.1115,,,0.2366,inflation,0.2366,deflation,stagnation,growth,recovery,0.2026,deflation,0.2026,deflation,stagnation,growth,recovery,,,0.1768,inflation,0.1768,deflation,stagnation,growth,depression,0.1115,deflation,0.1115,deflation,stagnation,growth,depression,,,0,women,0.0737,foe,old,men,children,0,women,0.0733,foe,old,men,children
492,alike,j-coordinated,522,consistency,inconsistency,0.0071,reliability,0.0335,innovation,speed,quality,efficiency,0.0322,consistency,0.0322,innovation,speed,quality,efficiency,1,0,1,0,,,0.0376,consistency,0.0669,0.0417,inconsistency,0.0489,,0.0679,consistency,0.0751,0.0867,inconsistency,0.1054,,,0.0376,consistency,0.0669,inconsistency,reliability,complexity,innovation,0.0417,inconsistency,0.0489,inconsistency,reliability,complexity,innovation,,,0.0679,consistency,0.0751,inconsistency,change,chaos,innovation,0.0867,inconsistency,0.1054,inconsistency,change,chaos,innovation,,,0,women,0.0881,old,foe,children,girls,0,women,0.073,old,foe,children,girls
493,alike,j-coordinated,523,appearance,disappearance,0.0003,substance,0.1493,function,character,personality,behavior,0.0016,death,0.2419,function,character,personality,behavior,1,1,1,1,,,0.0008,substance,0.1168,0.0054,death,0.1336,,0.0001,substance,0.129,0.0064,death,0.1163,,,0.0008,substance,0.1168,function,behavior,reality,character,0.0054,death,0.1336,function,behavior,reality,character,,,0.0001,substance,0.129,function,character,reality,spirit,0.0064,death,0.1163,function,character,reality,spirit,,,0,women,0.0956,old,children,foe,men,0,women,0.0747,old,children,foe,men
494,alike,j-coordinated,524,dove,hawk,0.0848,hawk,0.0848,bird,eagle,human,raven,0.0185,prey,0.1373,bird,eagle,human,raven,1,1,1,1,,,0.1584,hawk,0.1584,0.0077,man,0.049,,0.0713,hawk,0.0713,0.0052,hawk,0.0611,,,0.1584,hawk,0.1584,raven,fox,bird,lion,0.0077,man,0.049,raven,fox,bird,lion,,,0.0713,hawk,0.0713,bird,fox,chicken,raven,0.0052,hawk,0.0611,bird,fox,chicken,raven,,,0,women,0.0895,old,foe,children,girls,0,women,0.0748,old,foe,children,girls
495,alike,j-coordinated,525,absence,presence,0.3006,presence,0.3006,absence,appearance,death,inclusion,0.1796,absence,0.1796,absence,appearance,death,inclusion,0,1,1,1,,,0.1345,absence,0.3868,0.5441,absence,0.5441,,0.2917,presence,0.2917,0.1498,absence,0.1498,,,0.1345,absence,0.3868,presence,appearance,disappearance,silence,0.5441,absence,0.5441,presence,appearance,disappearance,silence,,,0.2917,presence,0.2917,absence,appearance,inclusion,silence,0.1498,absence,0.1498,absence,appearance,inclusion,silence,,,0,women,0.0696,old,foe,fans,children,0,women,0.0723,old,foe,fans,children
496,alike,j-coordinated,526,impossibility,possibility,0.1141,possibility,0.1141,reality,probability,impossibility,imagination,0.0776,reality,0.0867,reality,probability,impossibility,imagination,0,1,0,1,,,0.0799,reality,0.1741,0.0814,reality,0.0855,,0.0766,reality,0.185,0.069,probability,0.0869,,,0.0799,reality,0.1741,possibility,probability,truth,impossibility,0.0814,reality,0.0855,possibility,probability,truth,impossibility,,,0.0766,reality,0.185,possibility,probability,impossibility,truth,0.069,probability,0.0869,possibility,probability,impossibility,truth,,,0,women,0.0783,old,foe,children,girls,0,women,0.0679,old,foe,children,girls
497,alike,j-coordinated,527,balance,imbalance,0.0178,harmony,0.0496,chaos,imbalance,balance,disorder,0.018,imbalance,0.1017,chaos,imbalance,balance,disorder,1,1,1,1,,,0.0182,balance,0.0334,0.0049,imbalance,0.0288,,0.0137,harmony,0.0982,0.0356,imbalance,0.0555,,,0.0182,balance,0.0334,harmony,chaos,imbalance,evil,0.0049,imbalance,0.0288,harmony,chaos,imbalance,evil,,,0.0137,harmony,0.0982,chaos,balance,madness,imbalance,0.0356,imbalance,0.0555,chaos,balance,madness,imbalance,,,0,women,0.1052,old,men,children,girls,0,women,0.081,old,men,children,girls
498,alike,j-coordinated,528,objective,subjective,0.9393,subjective,0.9393,biased,partisan,opinion,personal,0.8741,objective,0.8741,biased,partisan,opinion,personal,1,1,1,1,,,0.9422,subjective,0.9422,0.7388,objective,0.7388,,0.9078,subjective,0.9078,0.8969,objective,0.8969,,,0.9422,subjective,0.9422,personal,objective,spiritual,anecdotal,0.7388,objective,0.7388,personal,objective,spiritual,anecdotal,,,0.9078,subjective,0.9078,objective,irrelevant,subject,opinion,0.8969,objective,0.8969,objective,irrelevant,subject,opinion,,,0,women,0.1146,old,foe,children,men,0.0001,women,0.1065,old,foe,children,men
499,alike,j-coordinated,529,comedy,tragedy,0.1386,drama,0.4358,tragedy,horror,politics,music,0.25,comedy,0.25,tragedy,horror,politics,music,1,1,0,1,,,0.1656,drama,0.494,0.2995,comedy,0.2995,,0.3047,tragedy,0.3047,0.3002,comedy,0.3002,,,0.1656,drama,0.494,tragedy,horror,romance,action,0.2995,comedy,0.2995,tragedy,horror,romance,action,,,0.3047,tragedy,0.3047,drama,horror,seriousness,romance,0.3002,comedy,0.3002,drama,horror,seriousness,romance,,,0,women,0.0857,old,foe,children,girls,0,women,0.0759,old,foe,children,girls
500,alike,j-coordinated,530,unwillingness,willingness,0.0019,inability,0.2722,ability,ignorance,capability,capacity,0.0016,ability,0.205,ability,ignorance,capability,capacity,1,1,1,1,,,0.0039,ignorance,0.0547,0.012,ignorance,0.0492,,0.0095,stupidity,0.0468,0.0098,ignorance,0.0462,,,0.0039,ignorance,0.0547,stupidity,incompetence,arrogance,inability,0.012,ignorance,0.0492,stupidity,incompetence,arrogance,inability,,,0.0095,stupidity,0.0468,ignorance,incompetence,inability,arrogance,0.0098,ignorance,0.0462,ignorance,incompetence,inability,arrogance,,,0,women,0.0613,old,foe,losers,fans,0,women,0.0662,old,foe,losers,fans
501,alike,j-coordinated,531,finish,start,0.0698,start,0.0698,finish,form,score,career,0.73,finish,0.73,finish,form,score,career,1,1,0,1,,,0.1645,start,0.1645,0.3651,finish,0.3651,,0.0427,look,0.1798,0.5805,finish,0.5805,,,0.1645,start,0.1645,finish,not,feel,begin,0.3651,finish,0.3651,finish,not,feel,begin,,,0.0427,look,0.1798,feel,start,shine,function,0.5805,finish,0.5805,feel,start,shine,function,,,0,women,0.0853,old,foe,children,girls,0,women,0.1034,old,foe,children,girls
502,alike,j-coordinated,532,decrease,increase,0.444,increase,0.444,rise,decrease,gain,grow,0.8503,decrease,0.8503,rise,decrease,gain,grow,1,1,1,1,,,0.4586,increase,0.4586,0.806,decrease,0.806,,0.7437,increase,0.7437,0.5729,decrease,0.5729,,,0.4586,increase,0.4586,rise,grow,decrease,remain,0.806,decrease,0.806,rise,grow,decrease,remain,,,0.7437,increase,0.7437,rise,decrease,growth,gain,0.5729,decrease,0.5729,rise,decrease,growth,gain,,,0,women,0.1028,men,children,foe,girls,0,women,0.1,men,children,foe,girls
503,alike,j-coordinated,533,intolerance,tolerance,0.0979,tolerance,0.0979,love,acceptance,compassion,ignorance,0.093,intolerance,0.093,love,acceptance,compassion,ignorance,0,1,0,1,,,0.0151,racism,0.0555,0.0807,intolerance,0.0807,,0.0474,acceptance,0.0554,0.0947,intolerance,0.0947,,,0.0151,racism,0.0555,ignorance,acceptance,intolerance,bigotry,0.0807,intolerance,0.0807,ignorance,acceptance,intolerance,bigotry,,,0.0474,acceptance,0.0554,intolerance,tolerance,love,ignorance,0.0947,intolerance,0.0947,intolerance,tolerance,love,ignorance,,,0,women,0.0709,old,foe,children,politicians,0,women,0.0841,old,foe,children,politicians
504,alike,j-coordinated,534,adult,juvenile,0.0112,child,0.7737,adolescent,children,youth,kid,0.8151,adult,0.8151,adolescent,children,youth,kid,1,1,1,1,,,0.0059,child,0.807,0.8251,adult,0.8251,,0.0057,child,0.7863,0.0369,adult,0.0369,,,0.0059,child,0.807,children,kid,adolescent,youth,0.8251,adult,0.8251,children,kid,adolescent,youth,,,0.0057,child,0.7863,children,kid,adolescent,youth,0.0369,adult,0.0369,children,kid,adolescent,youth,,,0,women,0.0961,old,children,foe,girls,0.0004,women,0.0827,old,children,foe,girls
505,alike,j-coordinated,535,penalty,reward,0.0036,goal,0.0956,foul,offense,game,injury,0.0069,punishment,0.3357,foul,offense,game,injury,1,1,1,1,,,0.0284,punishment,0.0289,0.0144,punishment,0.446,,0.0159,punishment,0.0807,0.0075,punishment,0.4038,,,0.0284,punishment,0.0289,reward,conviction,guilt,offense,0.0144,punishment,0.446,reward,conviction,guilt,offense,,,0.0159,punishment,0.0807,conviction,guilt,crime,execution,0.0075,punishment,0.4038,conviction,guilt,crime,execution,,,0,women,0.0861,old,children,foe,girls,0,women,0.1155,old,children,foe,girls
506,alike,j-coordinated,536,sunrise,sunset,0.9628,sunset,0.9628,dusk,twilight,night,darkness,0.8678,sunrise,0.8678,dusk,twilight,night,darkness,1,1,1,1,,,0.8627,sunset,0.8627,0.7132,sunrise,0.7132,,0.8523,sunset,0.8523,0.6611,sunrise,0.6611,,,0.8627,sunset,0.8627,dusk,twilight,fall,set,0.7132,sunrise,0.7132,dusk,twilight,fall,set,,,0.8523,sunset,0.8523,dusk,twilight,sunrise,night,0.6611,sunrise,0.6611,dusk,twilight,sunrise,night,,,0,women,0.087,old,foe,children,girls,0,women,0.088,old,foe,children,girls
507,alike,j-coordinated,537,humility,pride,0.0887,pride,0.0887,arrogance,ego,confidence,ambition,0.0088,fear,0.0827,arrogance,ego,confidence,ambition,0,1,0,1,,,0.0475,arrogance,0.0765,0.0133,fear,0.1184,,0.0378,arrogance,0.0978,0.0093,fear,0.1017,,,0.0475,arrogance,0.0765,pride,humility,stupidity,grace,0.0133,fear,0.1184,pride,humility,stupidity,grace,,,0.0378,arrogance,0.0978,strength,pride,power,humility,0.0093,fear,0.1017,strength,pride,power,humility,,,0,women,0.0842,old,foe,children,girls,0,women,0.0961,old,foe,children,girls
508,alike,j-coordinated,538,fall,rise,0.2753,rise,0.2753,winter,spring,summer,fall,0.9275,fall,0.9275,winter,spring,summer,fall,1,1,0,1,,,0.6339,rise,0.6339,0.7404,fall,0.7404,,0.0004,winter,0.5459,0.9637,fall,0.9637,,,0.6339,rise,0.6339,rising,fall,rose,spring,0.7404,fall,0.7404,rising,fall,rose,spring,,,0.0004,winter,0.5459,spring,summer,Spring,Winter,0.9637,fall,0.9637,spring,summer,Spring,Winter,,,0,women,0.0906,old,foe,children,girls,0.0004,women,0.0941,old,foe,children,girls
509,alike,j-coordinated,539,fire,hire,0,ice,0.4534,water,earth,smoke,steel,0.7063,fire,0.7063,water,earth,smoke,steel,1,0,1,1,,,0,ice,0.3553,0.007,hire,0.1064,,0,ice,0.3927,0.3439,fire,0.3439,,,0,ice,0.3553,water,smoke,lightning,earth,0.007,hire,0.1064,water,smoke,lightning,earth,,,0,ice,0.3927,water,fury,smoke,steel,0.3439,fire,0.3439,water,fury,smoke,steel,,,0,women,0.0827,old,foe,children,girls,0,women,0.1063,old,foe,children,girls
510,alike,j-coordinated,540,give,take,0.6556,take,0.6556,receive,get,give,expect,0.1343,give,0.1343,receive,get,give,expect,1,0,1,1,,,0.5337,take,0.5337,0.0099,do,0.0332,,0.4754,take,0.4754,0.1082,give,0.1082,,,0.5337,take,0.5337,receive,get,expect,give,0.0099,do,0.0332,receive,get,expect,give,,,0.4754,take,0.4754,receive,get,Take,expect,0.1082,give,0.1082,receive,get,Take,expect,,,0.0001,women,0.1464,men,girls,children,old,0,women,0.1081,men,girls,children,old
511,alike,j-coordinated,541,host,parasite,0.0001,audience,0.2347,guest,guests,viewers,viewer,0.4849,host,0.4849,guest,guests,viewers,viewer,1,0,1,0,,,0.0001,guest,0.2392,0.0765,victim,0.1005,,0.0002,guest,0.4574,0.07,victim,0.1555,,,0.0001,guest,0.2392,audience,guests,viewer,viewers,0.0765,victim,0.1005,audience,guests,viewer,viewers,,,0.0002,guest,0.4574,audience,guests,contestant,viewer,0.07,victim,0.1555,audience,guests,contestant,viewer,,,0,women,0.0666,old,foe,children,fans,0.0001,women,0.0823,old,foe,children,fans
512,alike,j-coordinated,542,background,foreground,0.0019,present,0.0248,background,personality,character,career,0.958,background,0.958,background,personality,character,career,1,1,1,1,,,0.0042,present,0.0629,0.4696,background,0.4696,,0.0004,story,0.0664,0.3665,background,0.3665,,,0.0042,present,0.0629,appearance,background,character,not,0.4696,background,0.4696,appearance,background,character,not,,,0.0004,story,0.0664,character,characters,plot,present,0.3665,background,0.3665,character,characters,plot,present,,,0,women,0.0847,old,foe,children,girls,0,women,0.0835,old,foe,children,girls
513,alike,j-coordinated,543,agreement,disagreement,0.4677,disagreement,0.4677,dissent,opposition,denial,agreement,0.229,agreement,0.229,dissent,opposition,denial,agreement,1,1,1,0,,,0.1342,disagreement,0.1342,0.1639,agreement,0.1639,,0.1254,disagreement,0.1254,0.1348,disagreement,0.2453,,,0.1342,disagreement,0.1342,agreement,opposition,denial,argument,0.1639,agreement,0.1639,agreement,opposition,denial,argument,,,0.1254,disagreement,0.1254,agreement,denial,argument,opposition,0.1348,disagreement,0.2453,agreement,denial,argument,opposition,,,0,women,0.0892,old,foe,children,girls,0,women,0.0697,old,foe,children,girls
514,alike,j-coordinated,544,concentration,distribution,0.0001,fatigue,0.0247,passion,distraction,exhaustion,emotion,0.0001,marketing,0.0938,passion,distraction,exhaustion,emotion,1,1,1,1,,,0.0107,concentration,0.0329,0.0003,marketing,0.0636,,0.009,concentration,0.0512,0.0004,marketing,0.068,,,0.0107,concentration,0.0329,isolation,destruction,distribution,control,0.0003,marketing,0.0636,isolation,destruction,distribution,control,,,0.009,concentration,0.0512,isolation,destruction,control,distribution,0.0004,marketing,0.068,isolation,destruction,control,distribution,,,0,women,0.0848,old,foe,children,girls,0,women,0.077,old,foe,children,girls
515,alike,j-coordinated,545,despair,hope,0.2798,hope,0.2798,optimism,joy,despair,faith,0.4489,despair,0.4489,optimism,joy,despair,faith,1,1,1,1,,,0.2342,hope,0.2342,0.4596,despair,0.4596,,0.2677,hope,0.2677,0.5158,despair,0.5158,,,0.2342,hope,0.2342,optimism,despair,anger,joy,0.4596,despair,0.4596,optimism,despair,anger,joy,,,0.2677,hope,0.2677,optimism,despair,anger,joy,0.5158,despair,0.5158,optimism,despair,anger,joy,,,0,women,0.0839,old,foe,children,girls,0,women,0.091,old,foe,children,girls
516,alike,j-coordinated,546,disobedience,obedience,0.0289,violence,0.0761,obedience,protest,resistance,death,0.0156,resistance,0.0516,obedience,protest,resistance,death,0,1,0,1,,,0.0933,obedience,0.0933,0.0486,rebellion,0.0807,,0.0863,obedience,0.0863,0.008,rebellion,0.0401,,,0.0933,obedience,0.0933,disobedience,violence,protest,defiance,0.0486,rebellion,0.0807,disobedience,violence,protest,defiance,,,0.0863,obedience,0.0863,disobedience,violence,punishment,protest,0.008,rebellion,0.0401,disobedience,violence,punishment,protest,,,0,women,0.084,old,foe,children,girls,0,women,0.0865,old,foe,children,girls
517,alike,j-coordinated,547,adjective,substantive,0.0002,noun,0.8056,verb,adjective,word,pronoun,0.0001,symbolic,0.079,verb,adjective,word,pronoun,1,1,1,1,,,0.0015,noun,0.6701,0.0009,symbolic,0.0588,,0.0019,noun,0.6711,0.0004,symbolic,0.0589,,,0.0015,noun,0.6701,adjective,verb,pronoun,plural,0.0009,symbolic,0.0588,adjective,verb,pronoun,plural,,,0.0019,noun,0.6711,adjective,verb,pronoun,plural,0.0004,symbolic,0.0589,adjective,verb,pronoun,plural,,,0,women,0.158,men,old,girls,children,0,women,0.0978,men,old,girls,children
518,alike,j-coordinated,548,falsehood,truth,0.6591,truth,0.6591,fact,reality,honesty,fabrication,0.2064,fiction,0.2878,fact,reality,honesty,fabrication,1,1,1,1,,,0.3913,truth,0.3913,0.1084,fiction,0.3467,,0.5384,truth,0.5384,0.1696,fiction,0.304,,,0.3913,truth,0.3913,fact,reality,falsehood,fiction,0.1084,fiction,0.3467,fact,reality,falsehood,fiction,,,0.5384,truth,0.5384,fact,reality,falsehood,fiction,0.1696,fiction,0.304,fact,reality,falsehood,fiction,,,0,women,0.1173,old,men,foe,children,0,women,0.0855,old,men,foe,children
519,alike,j-coordinated,549,day,night,0.9876,night,0.9876,evening,nighttime,dusk,nights,0.9296,day,0.9296,evening,nighttime,dusk,nights,1,1,1,1,,,0.9746,night,0.9746,0.9363,day,0.9363,,0.9795,night,0.9795,0.9554,day,0.9554,,,0.9746,night,0.9746,evening,nights,week,dusk,0.9363,day,0.9363,evening,nights,week,dusk,,,0.9795,night,0.9795,evening,Night,nighttime,nights,0.9554,day,0.9554,evening,Night,nighttime,nights,,,0.0005,women,0.0827,old,foe,children,men,0.0003,women,0.0961,old,foe,children,men
520,alike,j-coordinated,550,comfort,discomfort,0.0035,convenience,0.0641,style,safety,security,speed,0.0123,pleasure,0.054,style,safety,security,speed,1,1,1,1,,,0.0165,convenience,0.0803,0.0106,pleasure,0.0219,,0.0016,convenience,0.1048,0.0254,pleasure,0.0378,,,0.0165,convenience,0.0803,safety,security,comfort,inconvenience,0.0106,pleasure,0.0219,safety,security,comfort,inconvenience,,,0.0016,convenience,0.1048,security,style,adventure,comfort,0.0254,pleasure,0.0378,security,style,adventure,comfort,,,0,women,0.0937,old,men,children,foe,0,women,0.0802,old,men,children,foe
521,alike,j-coordinated,551,shout,whisper,0.3766,whisper,0.3766,scream,cry,shout,moan,0.4032,shout,0.4032,scream,cry,shout,moan,1,1,1,1,,,0.267,whisper,0.267,0.2174,shout,0.2174,,0.2135,whisper,0.2135,0.2382,shout,0.2382,,,0.267,whisper,0.267,scream,shout,cry,roar,0.2174,shout,0.2174,scream,shout,cry,roar,,,0.2135,whisper,0.2135,shout,scream,roar,listen,0.2382,shout,0.2382,shout,scream,roar,listen,,,0,women,0.0744,old,foe,children,girls,0,women,0.1244,old,foe,children,girls
522,alike,j-coordinated,552,folly,wisdom,0.0228,genius,0.0571,virtue,stupidity,strength,grace,0.0182,ignorance,0.0908,virtue,stupidity,strength,grace,1,1,1,1,,,0.0162,folly,0.0424,0.0589,ignorance,0.2461,,0.0148,folly,0.044,0.0824,ignorance,0.2651,,,0.0162,folly,0.0424,truth,stupidity,delusion,wisdom,0.0589,ignorance,0.2461,truth,stupidity,delusion,wisdom,,,0.0148,folly,0.044,tragedy,truth,madness,wisdom,0.0824,ignorance,0.2651,tragedy,truth,madness,wisdom,,,0,women,0.0891,old,foe,children,girls,0,women,0.0815,old,foe,children,girls
523,alike,j-coordinated,553,capitalism,socialism,0.4969,socialism,0.4969,communism,fascism,Communism,democracy,0.8147,capitalism,0.8147,communism,fascism,Communism,democracy,1,1,1,1,,,0.5529,socialism,0.5529,0.7776,capitalism,0.7776,,0.4276,socialism,0.4276,0.599,capitalism,0.599,,,0.5529,socialism,0.5529,communism,fascism,democracy,capitalism,0.7776,capitalism,0.7776,communism,fascism,democracy,capitalism,,,0.4276,socialism,0.4276,communism,Socialism,Communism,Marxism,0.599,capitalism,0.599,communism,Socialism,Communism,Marxism,,,0,women,0.0743,old,foe,children,girls,0,women,0.0851,old,foe,children,girls
524,alike,j-coordinated,554,conception,misconception,0,birth,0.1058,reproduction,death,execution,delivery,0,reality,0.2791,reproduction,death,execution,delivery,1,1,1,1,,,0.0012,reality,0.2721,0.0001,reality,0.3577,,0.0006,reality,0.3955,0.0001,reality,0.2412,,,0.0012,reality,0.2721,experience,practice,belief,truth,0.0001,reality,0.3577,experience,practice,belief,truth,,,0.0006,reality,0.3955,practice,execution,experience,truth,0.0001,reality,0.2412,practice,execution,experience,truth,,,0,women,0.0973,old,men,children,foe,0,women,0.0884,old,men,children,foe
525,alike,j-coordinated,555,sink,source,0.0017,toilet,0.0581,stove,fork,sink,claw,0.0003,author,0.0564,stove,fork,sink,claw,1,1,1,1,,,0.0007,splash,0.1748,0.0019,author,0.0476,,0.0004,splash,0.1569,0.0019,author,0.0291,,,0.0007,splash,0.1748,swim,cover,burn,barrel,0.0019,author,0.0476,swim,cover,burn,barrel,,,0.0004,splash,0.1569,swim,cover,barrel,burn,0.0019,author,0.0291,swim,cover,barrel,burn,,,0,women,0.157,men,people,girls,children,0,women,0.0773,men,people,girls,children
526,alike,j-coordinated,556,narrowing,widening,0.1733,widening,0.1733,expanding,expansion,growing,narrowing,0.1496,narrowing,0.1496,expanding,expansion,growing,narrowing,1,1,1,0,,,0.3678,widening,0.3678,0.1377,narrowing,0.1377,,0.3506,widening,0.3506,0.0201,dying,0.0811,,,0.3678,widening,0.3678,expanding,narrowing,stretching,opening,0.1377,narrowing,0.1377,expanding,narrowing,stretching,opening,,,0.3506,widening,0.3506,expanding,narrowing,stretching,opening,0.0201,dying,0.0811,expanding,narrowing,stretching,opening,,,0,women,0.0907,old,foe,children,girls,0,women,0.07,old,foe,children,girls
527,alike,j-coordinated,557,ability,inability,0.0017,skill,0.0549,talent,temperament,weakness,desire,0.0229,desire,0.0471,talent,temperament,weakness,desire,1,1,1,1,,,0.002,age,0.0499,0.0122,opportunity,0.0492,,0.0008,skill,0.066,0.0132,opportunity,0.1366,,,0.002,age,0.0499,disability,race,gender,ability,0.0122,opportunity,0.0492,disability,race,gender,ability,,,0.0008,skill,0.066,trait,ability,talent,weakness,0.0132,opportunity,0.1366,trait,ability,talent,weakness,,,0,women,0.0823,old,foe,children,girls,0,women,0.0758,old,foe,children,girls
528,alike,j-coordinated,558,approval,disapproval,0.5352,disapproval,0.5352,condemnation,rejection,criticism,denial,0.0634,support,0.1265,condemnation,rejection,criticism,denial,1,0,1,0,,,0.1637,disapproval,0.1637,0.1257,approval,0.1257,,0.0869,disapproval,0.0869,0.2517,approval,0.2517,,,0.1637,disapproval,0.1637,criticism,opposition,rejection,condemnation,0.1257,approval,0.1257,criticism,opposition,rejection,condemnation,,,0.0869,disapproval,0.0869,rejection,denial,execution,failure,0.2517,approval,0.2517,rejection,denial,execution,failure,,,0,women,0.0765,old,foe,children,girls,0,women,0.071,old,foe,children,girls
529,alike,j-coordinated,559,exclusion,inclusion,0.6019,inclusion,0.6019,acceptance,exclusion,participation,integration,0.4624,exclusion,0.4624,acceptance,exclusion,participation,integration,1,1,1,1,,,0.4357,inclusion,0.4357,0.3402,exclusion,0.3402,,0.5828,inclusion,0.5828,0.5291,exclusion,0.5291,,,0.4357,inclusion,0.4357,exclusion,integration,acceptance,participation,0.3402,exclusion,0.3402,exclusion,integration,acceptance,participation,,,0.5828,inclusion,0.5828,exclusion,integration,acceptance,participation,0.5291,exclusion,0.5291,exclusion,integration,acceptance,participation,,,0,women,0.0819,old,foe,conservatives,children,0,women,0.0884,old,foe,conservatives,children
530,alike,j-coordinated,560,disrespect,respect,0.0208,contempt,0.0408,indifference,ignorance,anger,disdain,0.0025,fear,0.1133,indifference,ignorance,anger,disdain,1,1,1,1,,,0.0126,ignorance,0.0465,0.0163,fear,0.0688,,0.0294,ignorance,0.0383,0.0039,fear,0.0572,,,0.0126,ignorance,0.0465,contempt,anger,indifference,disrespect,0.0163,fear,0.0688,contempt,anger,indifference,disrespect,,,0.0294,ignorance,0.0383,love,respect,contempt,disrespect,0.0039,fear,0.0572,love,respect,contempt,disrespect,,,0,women,0.0826,old,foe,children,girls,0,women,0.093,old,foe,children,girls
531,alike,j-coordinated,561,appreciation,depreciation,0,contempt,0.0472,disdain,criticism,respect,scorn,0.0603,inflation,0.5846,disdain,criticism,respect,scorn,1,1,1,1,,,0,respect,0.0337,0.0487,inflation,0.1732,,0,respect,0.0399,0.0484,inflation,0.0646,,,0,respect,0.0337,criticism,disdain,rejection,admiration,0.0487,inflation,0.1732,criticism,disdain,rejection,admiration,,,0,respect,0.0399,disdain,admiration,contempt,criticism,0.0484,inflation,0.0646,disdain,admiration,contempt,criticism,,,0,women,0.0884,old,foe,children,men,0,women,0.0944,old,foe,children,men
532,alike,j-coordinated,562,integration,segregation,0.004,separation,0.0774,competition,isolation,fragmentation,independence,0.0372,capitalism,0.0569,competition,isolation,fragmentation,independence,1,0,1,1,,,0.0004,integration,0.0491,0.1658,integration,0.1658,,0.0017,integration,0.0476,0.0578,segregation,0.1897,,,0.0004,integration,0.0491,automation,security,execution,customization,0.1658,integration,0.1658,automation,security,execution,customization,,,0.0017,integration,0.0476,separation,execution,failure,isolation,0.0578,segregation,0.1897,separation,execution,failure,isolation,,,0,women,0.0707,foe,old,children,politicians,0,women,0.08,foe,old,children,politicians
533,alike,j-coordinated,563,abundance,scarcity,0.7467,scarcity,0.7467,poverty,shortage,lack,deprivation,0.1827,abundance,0.1827,poverty,shortage,lack,deprivation,1,1,1,1,,,0.6657,scarcity,0.6657,0.1065,abundance,0.1065,,0.4611,scarcity,0.4611,0.1018,abundance,0.1018,,,0.6657,scarcity,0.6657,abundance,shortage,excess,demand,0.1065,abundance,0.1065,abundance,shortage,excess,demand,,,0.4611,scarcity,0.4611,abundance,poverty,excess,shortage,0.1018,abundance,0.1018,abundance,poverty,excess,shortage,,,0,women,0.0807,old,foe,children,girls,0,women,0.0746,old,foe,children,girls
534,alike,j-coordinated,564,analogue,digital,0.8607,digital,0.8607,virtual,online,optical,electronic,0.0487,physical,0.2702,virtual,online,optical,electronic,1,1,1,1,,,0.8125,digital,0.8125,0.0783,analog,0.3857,,0.819,digital,0.819,0.1017,analog,0.4882,,,0.8125,digital,0.8125,virtual,modern,new,electronic,0.0783,analog,0.3857,virtual,modern,new,electronic,,,0.819,digital,0.819,virtual,new,Digital,modern,0.1017,analog,0.4882,virtual,new,Digital,modern,,,0,women,0.0881,old,foe,children,girls,0,women,0.0858,old,foe,children,girls
535,alike,j-coordinated,565,aft,fore,0.3859,forward,0.3875,fore,ahead,above,before,0.2314,aft,0.2314,fore,ahead,above,before,1,1,1,1,,,0,women,0.0601,0.512,aft,0.512,,0.0002,deep,0.02,0.6413,aft,0.6413,,,0,women,0.0601,old,foe,men,children,0.512,aft,0.512,old,foe,men,children,,,0.0002,deep,0.02,below,wide,stern,under,0.6413,aft,0.6413,below,wide,stern,under,,,0,women,0.0851,old,foe,children,girls,0,women,0.0923,old,foe,children,girls
536,alike,j-coordinated,566,impatient,patient,0.0367,patient,0.0367,impatient,fearful,loyal,frustrated,0.0001,doctor,0.1942,impatient,fearful,loyal,frustrated,0,1,0,1,,,0.0248,impatient,0.0505,0,doctor,0.3785,,0.0309,impatient,0.0586,0,physician,0.2077,,,0.0248,impatient,0.0505,frustrated,patient,fearful,angry,0,doctor,0.3785,frustrated,patient,fearful,angry,,,0.0309,impatient,0.0586,patient,stubborn,arrogant,desperate,0,physician,0.2077,patient,stubborn,arrogant,desperate,,,0.0004,women,0.0914,old,foe,children,girls,0,women,0.0841,old,foe,children,girls
537,alike,j-coordinated,567,strengthening,weakening,0.4506,weakening,0.4506,weakness,breaking,fracturing,undermining,0.1182,rising,0.1992,weakness,breaking,fracturing,undermining,0,0,1,0,,,0.0999,weakness,0.1006,0.1597,strengthening,0.1597,,0.232,weakening,0.232,0.0968,strengthening,0.0968,,,0.0999,weakness,0.1006,weakening,strengthening,breaking,decay,0.1597,strengthening,0.1597,weakening,strengthening,breaking,decay,,,0.232,weakening,0.232,strengthening,breaking,weakness,fracturing,0.0968,strengthening,0.0968,strengthening,breaking,weakness,fracturing,,,0,women,0.1084,old,men,children,girls,0,women,0.1004,old,men,children,girls
538,alike,j-coordinated,568,ancestor,descendant,0.3131,descendant,0.3131,contemporary,child,son,ancestor,0.0256,descendant,0.0465,contemporary,child,son,ancestor,1,1,1,1,,,0.1436,descendant,0.1436,0.0492,descendant,0.2564,,0.2525,descendant,0.2525,0.1174,descendant,0.1525,,,0.1436,descendant,0.1436,daughter,disciple,child,son,0.0492,descendant,0.2564,daughter,disciple,child,son,,,0.2525,descendant,0.2525,child,daughter,son,successor,0.1174,descendant,0.1525,child,daughter,son,successor,,,0,women,0.0811,old,foe,children,girls,0,women,0.0751,old,foe,children,girls
539,alike,j-coordinated,569,foe,friend,0.9019,friend,0.9019,ally,friends,friendly,comrade,0.9023,foe,0.9023,ally,friends,friendly,comrade,1,1,1,1,,,0.7266,friend,0.7266,0.9343,foe,0.9343,,0.6524,friend,0.6524,0.9599,foe,0.9599,,,0.7266,friend,0.7266,ally,enemy,foe,comrade,0.9343,foe,0.9343,ally,enemy,foe,comrade,,,0.6524,friend,0.6524,hero,ally,enemy,comrade,0.9599,foe,0.9599,hero,ally,enemy,comrade,,,0.0007,women,0.077,old,foe,children,girls,0.0207,women,0.091,old,foe,children,girls
540,alike,j-coordinated,570,insecurity,security,0.0108,greed,0.038,fear,opportunity,insecurity,hope,0.0004,privacy,0.0561,fear,opportunity,insecurity,hope,1,1,1,1,,,0.0136,privacy,0.0642,0.0001,privacy,0.1111,,0.0264,opportunity,0.0456,0.0005,privacy,0.0783,,,0.0136,privacy,0.0642,corruption,safety,prosperity,greed,0.0001,privacy,0.1111,corruption,safety,prosperity,greed,,,0.0264,opportunity,0.0456,prosperity,greed,security,insecurity,0.0005,privacy,0.0783,prosperity,greed,security,insecurity,,,0.0001,women,0.0804,old,foe,children,girls,0,women,0.067,old,foe,children,girls
541,alike,j-coordinated,571,husband,wife,0.9508,wife,0.9508,wives,daughter,father,son,0.295,husband,0.295,wives,daughter,father,son,1,1,1,1,,,0.7926,wife,0.7926,0.4052,husband,0.4052,,0.9605,wife,0.9605,0.1768,husband,0.1768,,,0.7926,wife,0.7926,son,daughter,wives,father,0.4052,husband,0.4052,son,daughter,wives,father,,,0.9605,wife,0.9605,wives,Wife,daughter,son,0.1768,husband,0.1768,wives,Wife,daughter,son,,,0.0022,women,0.0953,old,men,children,girls,0.0003,women,0.0943,old,men,children,girls
542,alike,j-coordinated,572,defense,prosecution,0,offense,0.9792,attack,offence,offenses,offensive,0.8513,defense,0.8513,attack,offence,offenses,offensive,1,1,1,1,,,0,offense,0.9244,0.8308,defense,0.8308,,0,offense,0.9724,0.8241,defense,0.8241,,,0,offense,0.9244,attack,offence,offensive,offenses,0.8308,defense,0.8308,attack,offence,offensive,offenses,,,0,offense,0.9724,attack,offence,Offense,offenses,0.8241,defense,0.8241,attack,offence,Offense,offenses,,,0.0007,offense,0.5164,defense,opponents,opposition,attack,0.0001,women,0.0816,defense,opponents,opposition,attack
543,alike,j-coordinated,573,contraction,expansion,0.6379,expansion,0.6379,growth,extension,contraction,increase,0.4335,contraction,0.4335,growth,extension,contraction,increase,1,1,1,1,,,0.4549,expansion,0.4549,0.1672,contraction,0.1672,,0.5149,expansion,0.5149,0.2579,contraction,0.2579,,,0.4549,expansion,0.4549,extension,contraction,acceleration,growth,0.1672,contraction,0.1672,extension,contraction,acceleration,growth,,,0.5149,expansion,0.5149,extension,acceleration,contraction,growth,0.2579,contraction,0.2579,extension,acceleration,contraction,growth,,,0,women,0.1055,men,foe,children,old,0,women,0.0641,men,foe,children,old
544,alike,j-coordinated,574,infield,outfield,0.8949,outfield,0.8949,pitchers,bullpen,outfielder,hitters,0.7222,infield,0.7222,pitchers,bullpen,outfielder,hitters,0,1,1,1,,,0.2256,pitchers,0.2294,0.2057,infield,0.2057,,0.316,outfield,0.316,0.3321,infield,0.3321,,,0.2256,pitchers,0.2294,outfield,pitcher,catcher,hitters,0.2057,infield,0.2057,outfield,pitcher,catcher,hitters,,,0.316,outfield,0.316,pitchers,bullpen,pitcher,hitters,0.3321,infield,0.3321,pitchers,bullpen,pitcher,hitters,,,0,women,0.0854,old,children,foe,girls,0,women,0.07,old,children,foe,girls
545,alike,j-coordinated,575,father,mother,0.0125,son,0.7268,daughter,child,mother,sons,0.0398,daughter,0.3987,daughter,child,mother,sons,1,1,1,1,,,0.0056,son,0.6974,0.0287,daughter,0.4289,,0.0013,son,0.8492,0.0117,daughter,0.5524,,,0.0056,son,0.6974,daughter,child,sons,children,0.0287,daughter,0.4289,daughter,child,sons,children,,,0.0013,son,0.8492,daughter,child,Son,sons,0.0117,daughter,0.5524,daughter,child,Son,sons,,,0.0006,women,0.0864,old,foe,children,girls,0.0007,women,0.0909,old,foe,children,girls
546,alike,j-coordinated,576,injustice,justice,0.1057,justice,0.1057,injustice,opportunity,equality,fairness,0.0145,mercy,0.0341,injustice,opportunity,equality,fairness,0,1,0,1,,,0.0223,injustice,0.0388,0.0165,equality,0.0379,,0.0574,injustice,0.0601,0.022,mercy,0.1029,,,0.0223,injustice,0.0388,fairness,truth,cruelty,opportunity,0.0165,equality,0.0379,fairness,truth,cruelty,opportunity,,,0.0574,injustice,0.0601,justice,opportunity,cruelty,truth,0.022,mercy,0.1029,justice,opportunity,cruelty,truth,,,0,women,0.0668,old,foe,children,politicians,0,women,0.0837,old,foe,children,politicians
547,alike,j-coordinated,577,sleeping,waking,0.3649,waking,0.3649,awake,working,eating,walking,0.4813,sleeping,0.4813,awake,working,eating,walking,1,0,0,1,,,0.1613,waking,0.1613,0.3413,dreaming,0.4128,,0.0797,working,0.1466,0.4181,sleeping,0.4181,,,0.1613,waking,0.1613,working,eating,awake,driving,0.3413,dreaming,0.4128,working,eating,awake,driving,,,0.0797,working,0.1466,eating,waking,sleeping,dreaming,0.4181,sleeping,0.4181,eating,waking,sleeping,dreaming,,,0,women,0.0837,old,children,foe,girls,0,women,0.0734,old,children,foe,girls
548,alike,j-coordinated,578,ascent,descent,0.9513,descent,0.9513,descending,descend,failure,return,0.3256,ascent,0.3256,descending,descend,failure,return,1,0,0,0,,,0.2108,descent,0.2108,0.0103,inheritance,0.0393,,0.0979,fall,0.158,0.0197,evolution,0.0384,,,0.2108,descent,0.2108,fall,ascent,flight,landing,0.0103,inheritance,0.0393,fall,ascent,flight,landing,,,0.0979,fall,0.158,descent,ascent,death,flight,0.0197,evolution,0.0384,descent,ascent,death,flight,,,0,women,0.0789,old,foe,children,girls,0,women,0.0931,old,foe,children,girls
549,alike,j-coordinated,579,king,queen,0.2347,queen,0.2347,king,peasant,soldier,people,0.252,king,0.252,king,peasant,soldier,people,1,1,1,1,,,0.1655,queen,0.1655,0.3256,king,0.3256,,0.1159,queen,0.1159,0.1055,king,0.1055,,,0.1655,queen,0.1655,king,soldier,peasant,people,0.3256,king,0.3256,king,soldier,peasant,people,,,0.1159,queen,0.1159,Queen,king,foe,soldier,0.1055,king,0.1055,Queen,king,foe,soldier,,,0.0003,women,0.0979,old,foe,children,girls,0.0002,women,0.087,old,foe,children,girls
550,alike,j-coordinated,581,beginning,end,0.5087,end,0.5087,ending,finishing,middle,endings,0.7923,beginning,0.7923,ending,finishing,middle,endings,0,1,0,1,,,0.2424,ending,0.4006,0.1975,beginning,0.1975,,0.0024,veteran,0.1895,0.7545,beginning,0.7545,,,0.2424,ending,0.4006,end,finishing,endings,middle,0.1975,beginning,0.1975,end,finishing,endings,middle,,,0.0024,veteran,0.1895,advanced,experienced,veterans,expert,0.7545,beginning,0.7545,advanced,experienced,veterans,expert,,,0.0001,women,0.0949,old,foe,children,men,0,women,0.08,old,foe,children,men
551,alike,j-coordinated,582,start,stop,0.0199,finish,0.73,end,stop,finishing,ends,0.0745,go,0.264,end,stop,finishing,ends,1,1,1,1,,,0.0083,finish,0.3651,0.082,search,0.1663,,0.025,finish,0.5805,0.0755,search,0.2076,,,0.0083,finish,0.3651,end,fail,old,start,0.082,search,0.1663,end,fail,old,start,,,0.025,finish,0.5805,end,fail,stop,stay,0.0755,search,0.2076,end,fail,stop,stay,,,0,women,0.1034,old,foe,children,girls,0.0001,women,0.0924,old,foe,children,girls
552,alike,j-coordinated,583,enjoy,suffer,0.016,hate,0.1253,love,fear,despise,admire,0.0133,rejoice,0.1077,love,fear,despise,admire,1,1,1,1,,,0.0299,fear,0.0533,0.0137,suffer,0.2356,,0.0682,share,0.0974,0.0033,suffer,0.2096,,,0.0299,fear,0.0533,hate,suffer,endure,protect,0.0137,suffer,0.2356,hate,suffer,endure,protect,,,0.0682,share,0.0974,suffer,love,learn,hate,0.0033,suffer,0.2096,suffer,love,learn,hate,,,0,women,0.1171,old,foe,children,men,0,women,0.1055,old,foe,children,men
553,alike,j-coordinated,584,align,skew,0.0003,oppose,0.1052,ignore,fight,defect,reject,0.0002,bias,0.0522,ignore,fight,defect,reject,1,1,1,1,,,0.0004,feel,0.0802,0.0029,skew,0.0518,,0.0006,align,0.0392,0.004,skew,0.0225,,,0.0004,feel,0.0802,act,look,read,think,0.0029,skew,0.0518,act,look,read,think,,,0.0006,align,0.0392,act,fight,oppose,break,0.004,skew,0.0225,act,fight,oppose,break,,,0,women,0.103,old,children,foe,girls,0,women,0.1081,old,children,foe,girls
554,alike,j-coordinated,585,rise,set,0.0001,fall,0.9275,decline,decay,crash,falls,0.0001,DVD,0.0293,decline,decay,crash,falls,1,1,1,1,,,0.0038,fall,0.7404,0.0006,fail,0.069,,0.0002,fall,0.9637,0.0008,play,0.057,,,0.0038,fall,0.7404,shine,rise,die,dawn,0.0006,fail,0.069,shine,rise,die,dawn,,,0.0002,fall,0.9637,Fall,tumble,shine,decline,0.0008,play,0.057,Fall,tumble,shine,decline,,,0.0001,women,0.0941,old,foe,children,girls,0,women,0.1401,old,foe,children,girls
555,alike,j-coordinated,586,fail,pass,0.0038,succeed,0.3033,prosper,fail,thrive,survive,0.0031,run,0.0733,prosper,fail,thrive,survive,1,0,1,0,,,0.0156,succeed,0.3293,0.0923,fail,0.0923,,0.0212,fail,0.3002,0.0681,fail,0.0681,,,0.0156,succeed,0.3293,fail,success,pass,prosper,0.0923,fail,0.0923,fail,success,pass,prosper,,,0.0212,fail,0.3002,succeed,die,pass,fall,0.0681,fail,0.0681,succeed,die,pass,fall,,,0,women,0.1088,old,girls,children,men,0.0005,women,0.1634,old,girls,children,men
556,alike,j-coordinated,587,deprive,enrich,0.0055,exploit,0.0777,abuse,oppress,punish,protect,0.0006,destroy,0.1542,abuse,oppress,punish,protect,1,1,1,1,,,0.0013,kill,0.0507,0.0014,destroy,0.0391,,0.0027,destroy,0.052,0.0019,educate,0.1013,,,0.0013,kill,0.0507,destroy,starve,suffer,punish,0.0014,destroy,0.0391,destroy,starve,suffer,punish,,,0.0027,destroy,0.052,punish,conquer,kill,suffer,0.0019,educate,0.1013,punish,conquer,kill,suffer,,,0,women,0.1198,old,foe,children,girls,0,women,0.0837,old,foe,children,girls
557,alike,j-coordinated,588,change,stay,0.0023,growth,0.0449,continuity,stagnation,stability,decay,0.0006,leave,0.1249,continuity,stagnation,stability,decay,1,1,1,1,,,0.0041,stagnation,0.0295,0.0004,leave,0.089,,0.0052,continuity,0.04,0.001,act,0.0652,,,0.0041,stagnation,0.0295,stability,evolution,growth,progress,0.0004,leave,0.089,stability,evolution,growth,progress,,,0.0052,continuity,0.04,stagnation,growth,stability,progress,0.001,act,0.0652,stagnation,growth,stability,progress,,,0,women,0.0942,old,foe,children,girls,0,women,0.1145,old,foe,children,girls
558,alike,j-coordinated,589,add,subtract,0.2705,remove,0.3601,subtract,delete,drop,replace,0.4183,add,0.4183,subtract,delete,drop,replace,0,1,0,1,,,0.2041,subtract,0.2041,0.2961,add,0.2961,,0.4189,subtract,0.4189,0.3756,add,0.3756,,,0.2041,subtract,0.2041,remove,delete,drop,detract,0.2961,add,0.2961,remove,delete,drop,detract,,,0.4189,subtract,0.4189,remove,delete,drop,leave,0.3756,add,0.3756,remove,delete,drop,leave,,,0,women,0.1489,men,children,old,girls,0,women,0.1326,men,children,old,girls
559,alike,j-coordinated,590,resist,surrender,0.0703,surrender,0.0703,obey,fight,embrace,attack,0.0062,resistance,0.0844,obey,fight,embrace,attack,0,1,1,1,,,0.0916,embrace,0.1216,0.0295,fight,0.0612,,0.094,surrender,0.094,0.0062,resistance,0.0563,,,0.0916,embrace,0.1216,surrender,submit,accept,fight,0.0295,fight,0.0612,surrender,submit,accept,fight,,,0.094,surrender,0.094,resist,fight,embrace,obey,0.0062,resistance,0.0563,resist,fight,embrace,obey,,,0,women,0.083,old,foe,children,girls,0,women,0.0958,old,foe,children,girls
560,alike,j-coordinated,591,feed,starve,0.0022,drink,0.0223,water,eat,food,livestock,0.0002,die,0.1588,water,eat,food,livestock,1,1,1,1,,,0.0047,eat,0.0303,0.0029,die,0.0279,,0.0074,drink,0.1019,0.0162,die,0.1944,,,0.0047,eat,0.0303,drink,child,nurture,children,0.0029,die,0.0279,drink,child,nurture,children,,,0.0074,drink,0.1019,water,play,eat,sleep,0.0162,die,0.1944,water,play,eat,sleep,,,0,women,0.0676,old,foe,children,fans,0,women,0.1426,old,foe,children,fans
561,alike,j-coordinated,592,boil,freeze,0.0346,boil,0.0766,simmer,steam,freeze,sink,0.0013,melt,0.0843,simmer,steam,freeze,sink,1,1,1,1,,,0.001,sink,0.0738,0.004,melt,0.1836,,0.0124,bake,0.1778,0.0024,melt,0.1401,,,0.001,sink,0.0738,simmer,bake,water,burn,0.004,melt,0.1836,simmer,bake,water,burn,,,0.0124,bake,0.1778,cook,roast,fry,dry,0.0024,melt,0.1401,cook,roast,fry,dry,,,0,women,0.1117,old,foe,children,men,0,women,0.1488,old,foe,children,men
562,alike,j-coordinated,593,accept,refuse,0.0232,reject,0.0879,love,treat,act,refuse,0,trash,0.0718,love,treat,act,refuse,1,1,1,1,,,0.0168,reject,0.1793,0.011,refuse,0.0358,,0.0385,reject,0.2283,0.0059,act,0.0309,,,0.0168,reject,0.1793,deny,hate,shun,challenge,0.011,refuse,0.0358,deny,hate,shun,challenge,,,0.0385,reject,0.2283,shun,refuse,deny,condemn,0.0059,act,0.0309,shun,refuse,deny,condemn,,,0,women,0.1447,men,girls,children,foe,0,women,0.0789,men,girls,children,foe
563,alike,j-coordinated,594,find,lose,0.1591,lose,0.1591,find,destroy,seek,discover,0.0004,win,0.5276,find,destroy,seek,discover,0,1,0,1,,,0.0249,look,0.0755,0.0012,win,0.5308,,0.0406,seek,0.0648,0.0013,win,0.5613,,,0.0249,look,0.0755,search,seek,find,lose,0.0012,win,0.5308,search,seek,find,lose,,,0.0406,seek,0.0648,find,lose,look,feel,0.0013,win,0.5613,find,lose,look,feel,,,0.0001,women,0.1695,men,girls,children,old,0,women,0.0918,men,girls,children,old
564,alike,j-coordinated,595,stand,yield,0.0001,sit,0.0858,walk,stand,fall,speak,0,price,0.1557,walk,stand,fall,speak,1,1,1,1,,,0.0001,stand,0.0942,0,cost,0.1849,,0.0001,fall,0.1001,0.0001,risk,0.2327,,,0.0001,stand,0.0942,fall,sit,act,react,0,cost,0.1849,fall,sit,act,react,,,0.0001,fall,0.1001,act,feel,think,sit,0.0001,risk,0.2327,act,feel,think,sit,,,0,women,0.1194,old,children,girls,men,0.0001,women,0.1069,old,children,girls,men
565,alike,j-coordinated,596,break,keep,0.0082,repair,0.0273,make,reset,fix,fall,0.0079,sell,0.0662,make,reset,fix,fall,1,1,1,1,,,0.0083,mend,0.0609,0.0109,keep,0.0639,,0.0078,make,0.1285,0.0231,lose,0.087,,,0.0083,mend,0.0609,repair,make,fall,break,0.0109,keep,0.0639,repair,make,fall,break,,,0.0078,make,0.1285,fall,break,bend,rise,0.0231,lose,0.087,fall,break,bend,rise,,,0,women,0.1036,old,foe,children,men,0,women,0.1361,old,foe,children,men
566,alike,j-coordinated,597,criticize,praise,0.34,praise,0.34,admire,support,defend,promote,0.002,criticism,0.4033,admire,support,defend,promote,1,1,1,1,,,0.1863,praise,0.1863,0.0006,criticism,0.3112,,0.2188,praise,0.2188,0.0006,criticism,0.2821,,,0.1863,praise,0.1863,defend,support,admire,embrace,0.0006,criticism,0.3112,defend,support,admire,embrace,,,0.2188,praise,0.2188,criticize,defend,support,embrace,0.0006,criticism,0.2821,criticize,defend,support,embrace,,,0,women,0.1054,old,foe,men,children,0,women,0.1158,old,foe,men,children
567,alike,j-coordinated,598,downgrade,upgrade,0.28,upgrade,0.28,raise,downgrade,recovery,increase,0.0085,replace,0.11,raise,downgrade,recovery,increase,1,1,1,1,,,0.1702,upgrade,0.1702,0.0147,upgrade,0.0687,,0.2574,upgrade,0.2574,0.0124,replace,0.0812,,,0.1702,upgrade,0.1702,raise,increase,rise,downgrade,0.0147,upgrade,0.0687,raise,increase,rise,downgrade,,,0.2574,upgrade,0.2574,downgrade,raise,promotion,redemption,0.0124,replace,0.0812,downgrade,raise,promotion,redemption,,,0,women,0.0902,foe,old,children,men,0,women,0.0751,foe,old,children,men
568,alike,j-coordinated,599,admit,exclude,0.0152,deny,0.5313,reject,withhold,refuse,refute,0.0021,exclude,0.254,reject,withhold,refuse,refute,1,1,1,1,,,0.0012,deny,0.1863,0.0015,exclude,0.2869,,0.0024,deny,0.1369,0.0019,exclude,0.2591,,,0.0012,deny,0.1863,reject,fail,withdraw,graduate,0.0015,exclude,0.2869,reject,fail,withdraw,graduate,,,0.0024,deny,0.1369,reject,fail,graduate,leave,0.0019,exclude,0.2591,reject,fail,graduate,leave,,,0,women,0.0917,old,foe,children,girls,0,women,0.104,old,foe,children,girls
569,alike,j-coordinated,600,applaud,boo,0.3196,boo,0.3196,cheer,criticize,laugh,protest,0.0019,boo,0.0756,cheer,criticize,laugh,protest,0,1,0,1,,,0.017,condemn,0.166,0.0002,boo,0.029,,0.0551,condemn,0.288,0.0001,all,0.0285,,,0.017,condemn,0.166,criticize,scorn,ridicule,critic,0.0002,boo,0.029,criticize,scorn,ridicule,critic,,,0.0551,condemn,0.288,critic,criticize,boo,scorn,0.0001,all,0.0285,critic,criticize,boo,scorn,,,0,women,0.0811,old,foe,children,girls,0,women,0.0888,old,foe,children,girls
570,alike,j-coordinated,601,attach,detach,0.0537,remove,0.0858,detach,drop,disconnect,release,0.0121,detach,0.0133,detach,drop,disconnect,release,1,1,1,1,,,0.0007,women,0.0462,0.007,drive,0.0557,,0.0029,share,0.048,0.0068,combine,0.0224,,,0.0007,women,0.0462,fall,feel,look,others,0.007,drive,0.0557,fall,feel,look,others,,,0.0029,share,0.048,do,look,remove,use,0.0068,combine,0.0224,do,look,remove,use,,,0,women,0.1075,old,children,girls,foe,0,women,0.0971,old,children,girls,foe
571,alike,j-coordinated,602,affirm,negate,0.0046,deny,0.2783,refute,reject,doubt,affirm,0.001,enhance,0.0253,refute,reject,doubt,affirm,1,1,1,1,,,0.0004,oppose,0.0657,0,foe,0.0058,,0.0008,affirm,0.1803,0.008,speak,0.038,,,0.0004,oppose,0.0657,deny,reject,refute,affirm,0,foe,0.0058,deny,reject,refute,affirm,,,0.0008,affirm,0.1803,deny,oppose,reject,refute,0.008,speak,0.038,deny,oppose,reject,refute,,,0,women,0.1377,men,old,children,girls,0,women,0.0915,men,old,children,girls
572,alike,j-coordinated,603,float,sink,0.0048,float,0.0436,real,gravity,stick,free,0.0003,toilet,0.0581,real,gravity,stick,free,1,1,0,1,,,0.0258,fall,0.0573,0.003,splash,0.1748,,0.2351,sink,0.2351,0.0026,splash,0.1569,,,0.0258,fall,0.0573,drop,sink,float,fail,0.003,splash,0.1748,drop,sink,float,fail,,,0.2351,sink,0.2351,fall,swim,float,stand,0.0026,splash,0.1569,fall,swim,float,stand,,,0,women,0.1218,children,men,girls,old,0,women,0.157,children,men,girls,old
573,alike,j-coordinated,604,exclude,include,0.0817,exclude,0.254,include,others,and,other,0.2078,exclude,0.2078,include,others,and,other,1,0,1,1,,,0.141,exclude,0.2869,0.0397,not,0.0775,,0.1975,exclude,0.2591,0.6371,exclude,0.6371,,,0.141,exclude,0.2869,include,attract,invite,ignore,0.0397,not,0.0775,include,attract,invite,ignore,,,0.1975,exclude,0.2591,include,attract,invite,accommodate,0.6371,exclude,0.6371,include,attract,invite,accommodate,,,0,women,0.104,old,children,foe,girls,0,women,0.0891,old,children,foe,girls
574,alike,j-coordinated,605,sleep,wake,0.1401,wake,0.1401,nightmares,waking,dreams,work,0.5973,sleep,0.5973,nightmares,waking,dreams,work,0,1,0,1,,,0.0545,work,0.0562,0.4929,sleep,0.4929,,0.0698,nightmares,0.1205,0.0207,sleep,0.0207,,,0.0545,work,0.0562,wake,nightmares,stress,dreams,0.4929,sleep,0.4929,wake,nightmares,stress,dreams,,,0.0698,nightmares,0.1205,wake,dreams,work,stress,0.0207,sleep,0.0207,wake,dreams,work,stress,,,0,women,0.0769,children,men,old,girls,0,women,0.0656,children,men,old,girls
575,alike,j-coordinated,606,ascend,descend,0.0764,fall,0.6389,descend,retreat,plummet,descent,0.0947,ascend,0.0947,descend,retreat,plummet,descent,1,0,1,1,,,0.1,fall,0.4399,0.0306,inherit,0.0994,,0.1119,fall,0.2599,0.3881,ascend,0.3881,,,0.1,fall,0.4399,descend,regress,plummet,retreat,0.0306,inherit,0.0994,descend,regress,plummet,retreat,,,0.1119,fall,0.2599,descend,ascend,perish,die,0.3881,ascend,0.3881,descend,ascend,perish,die,,,0,women,0.111,old,foe,girls,children,0,women,0.1011,old,foe,girls,children
576,alike,j-coordinated,607,reassure,worry,0.0403,alarm,0.1211,scare,confuse,intimidate,worry,0.0001,hope,0.0634,scare,confuse,intimidate,worry,1,1,1,1,,,0.0367,alarm,0.0697,0.0005,hope,0.0633,,0.0394,fear,0.0868,0.0001,hope,0.0685,,,0.0367,alarm,0.0697,fear,worry,anger,reassure,0.0005,hope,0.0633,fear,worry,anger,reassure,,,0.0394,fear,0.0868,alarm,anger,worry,insult,0.0001,hope,0.0685,alarm,anger,worry,insult,,,0,women,0.0865,old,foe,children,girls,0,women,0.0797,old,foe,children,girls
577,alike,j-coordinated,608,break,make,0.0179,repair,0.0273,make,reset,fix,fall,0.0231,sell,0.0982,make,reset,fix,fall,1,1,0,1,,,0.0321,mend,0.0609,0.0163,look,0.2078,,0.1285,make,0.1285,0.0394,sell,0.095,,,0.0321,mend,0.0609,repair,make,fall,break,0.0163,look,0.2078,repair,make,fall,break,,,0.1285,make,0.1285,fall,break,bend,rise,0.0394,sell,0.095,fall,break,bend,rise,,,0,women,0.1036,old,foe,children,men,0.0001,women,0.2187,old,foe,children,men
578,alike,j-coordinated,609,fold,unfold,0.0053,fold,0.0535,twist,bind,hold,tear,0.0097,burn,0.0128,twist,bind,hold,tear,1,0,1,1,,,0.001,look,0.1077,0.0447,fold,0.0447,,0.0022,fold,0.1181,0.0511,stand,0.0631,,,0.001,look,0.1077,feel,fold,read,act,0.0447,fold,0.0447,feel,fold,read,act,,,0.0022,fold,0.1181,look,read,feel,play,0.0511,stand,0.0631,look,read,feel,play,,,0,women,0.1568,men,children,girls,foe,0,women,0.0888,men,children,girls,foe
579,alike,j-coordinated,610,claim,forfeit,0,allegation,0.0643,evidence,denial,accusation,falsehood,0.0013,defeat,0.077,evidence,denial,accusation,falsehood,1,1,1,1,,,0,denial,0.0754,0.0105,gift,0.0249,,0,lie,0.0906,0.006,not,0.0199,,,0,denial,0.0754,allegation,evidence,accusation,deny,0.0105,gift,0.0249,allegation,evidence,accusation,deny,,,0,lie,0.0906,evidence,make,claim,deny,0.006,not,0.0199,evidence,make,claim,deny,,,0,women,0.1084,men,old,children,girls,0,women,0.1212,men,old,children,girls
580,alike,j-coordinated,611,erase,record,0.0042,erase,0.0991,restore,delete,destroy,replace,0,song,0.0349,restore,delete,destroy,replace,1,1,1,1,,,0.0003,paste,0.1559,0.0001,song,0.0345,,0.0003,erase,0.1837,0,record,0.0169,,,0.0003,paste,0.1559,delete,erase,replace,copy,0.0001,song,0.0345,delete,erase,replace,copy,,,0.0003,erase,0.1837,forget,destroy,delete,conquer,0,record,0.0169,forget,destroy,delete,conquer,,,0,women,0.1035,old,foe,children,girls,0,women,0.0655,old,foe,children,girls
581,alike,j-coordinated,612,admit,reject,0.1296,deny,0.5313,reject,withhold,refuse,refute,0.0015,embrace,0.0811,reject,withhold,refuse,refute,1,1,1,1,,,0.0508,deny,0.1863,0.0003,reject,0.101,,0.0714,deny,0.1369,0.0004,reject,0.1429,,,0.0508,deny,0.1863,reject,fail,withdraw,graduate,0.0003,reject,0.101,reject,fail,withdraw,graduate,,,0.0714,deny,0.1369,reject,fail,graduate,leave,0.0004,reject,0.1429,reject,fail,graduate,leave,,,0,women,0.0917,old,foe,children,girls,0,women,0.0851,old,foe,children,girls
582,alike,j-coordinated,613,forget,mind,0.0002,forgive,0.2155,remember,forget,recall,ignore,0,body,0.709,remember,forget,recall,ignore,1,1,1,1,,,0.0006,think,0.1069,0,body,0.8001,,0.0004,forgive,0.1385,0,body,0.7299,,,0.0006,think,0.1069,forgive,act,forget,remember,0,body,0.8001,forgive,act,forget,remember,,,0.0004,forgive,0.1385,think,forget,remember,act,0,body,0.7299,think,forget,remember,act,,,0.0001,women,0.0747,old,foe,children,girls,0,women,0.089,old,foe,children,girls
583,alike,j-coordinated,614,divest,invest,0.0673,invest,0.0673,tax,buy,donate,contribute,0.0006,trade,0.0736,tax,buy,donate,contribute,1,1,0,1,,,0.0332,invest,0.0332,0.0005,sell,0.0946,,0.0145,love,0.0296,0.0003,sell,0.0808,,,0.0332,invest,0.0332,act,buy,operate,sell,0.0005,sell,0.0946,act,buy,operate,sell,,,0.0145,love,0.0296,conquer,destroy,return,worship,0.0003,sell,0.0808,conquer,destroy,return,worship,,,0,women,0.0711,old,foe,children,girls,0,women,0.0826,old,foe,children,girls
584,alike,j-coordinated,615,decode,encode,0.018,interpret,0.0289,decode,read,encode,destroy,0.6981,decode,0.6981,decode,read,encode,destroy,1,0,1,0,,,0.0024,read,0.0241,0.0002,code,0.0481,,0.0003,read,0.0362,0.0012,code,0.1523,,,0.0024,read,0.0241,make,share,play,write,0.0002,code,0.0481,make,share,play,write,,,0.0003,read,0.0362,make,feel,look,share,0.0012,code,0.1523,make,feel,look,share,,,0,women,0.1094,old,children,men,girls,0,women,0.1543,old,children,men,girls
585,alike,j-coordinated,616,linger,rush,0.0002,linger,0.0155,underwear,pants,professional,shorts,0.0005,wait,0.0267,underwear,pants,professional,shorts,1,1,1,1,,,0,women,0.0819,0.0002,fall,0.0217,,0.0004,dress,0.0316,0,others,0.0655,,,0,women,0.0819,old,children,men,foe,0.0002,fall,0.0217,old,children,men,foe,,,0.0004,dress,0.0316,sweat,slay,shine,sleep,0,others,0.0655,sweat,slay,shine,sleep,,,0,women,0.0766,old,foe,children,girls,0,women,0.0794,old,foe,children,girls
586,alike,j-coordinated,617,maximize,minimize,0.1967,minimize,0.1967,optimize,maximize,fail,save,0.0318,eliminate,0.0423,optimize,maximize,fail,save,1,0,0,0,,,0.21,minimize,0.21,0.0525,maximize,0.0525,,0.1421,optimize,0.1582,0.157,maximize,0.157,,,0.21,minimize,0.21,optimize,maximize,fail,avoid,0.0525,maximize,0.0525,optimize,maximize,fail,avoid,,,0.1421,optimize,0.1582,minimize,maximize,fail,destroy,0.157,maximize,0.157,minimize,maximize,fail,destroy,,,0,women,0.1077,children,men,old,girls,0,women,0.0905,children,men,old,girls
587,alike,j-coordinated,618,ignore,know,0.0016,ignore,0.0595,abuse,dismiss,ridicule,punish,0.005,unknown,0.1431,abuse,dismiss,ridicule,punish,1,1,1,1,,,0.0007,ignore,0.1468,0.0013,fool,0.0707,,0.0018,ignore,0.1903,0.0007,fool,0.0855,,,0.0007,ignore,0.1468,delete,block,forget,disable,0.0013,fool,0.0707,delete,block,forget,disable,,,0.0018,ignore,0.1903,dismiss,avoid,forget,fear,0.0007,fool,0.0855,dismiss,avoid,forget,fear,,,0.0001,women,0.0831,old,foe,children,girls,0,women,0.1156,old,foe,children,girls
588,alike,j-coordinated,619,ignore,notice,0.0012,ignore,0.0595,abuse,dismiss,ridicule,punish,0.0126,disregard,0.034,abuse,dismiss,ridicule,punish,1,1,1,1,,,0.0014,ignore,0.1468,0.0044,error,0.0165,,0.0015,ignore,0.1903,0.0218,act,0.106,,,0.0014,ignore,0.1468,delete,block,forget,disable,0.0044,error,0.0165,delete,block,forget,disable,,,0.0015,ignore,0.1903,dismiss,avoid,forget,fear,0.0218,act,0.106,dismiss,avoid,forget,fear,,,0,women,0.0831,old,foe,children,girls,0,women,0.1386,old,foe,children,girls
589,alike,j-coordinated,620,issue,recall,0.0001,issue,0.0625,magazine,supplement,edition,cover,0.0001,memory,0.0389,magazine,supplement,edition,cover,1,1,1,1,,,0.0001,publisher,0.0129,0.0016,recall,0.0526,,0.0002,response,0.0266,0.0005,recall,0.0182,,,0.0001,publisher,0.0129,content,publication,issue,media,0.0016,recall,0.0526,content,publication,issue,media,,,0.0002,response,0.0266,issue,comment,solution,question,0.0005,recall,0.0182,issue,comment,solution,question,,,0,women,0.0713,old,foe,children,politicians,0,women,0.0851,old,foe,children,politicians
590,alike,j-coordinated,621,function,malfunction,0,form,0.3438,function,purpose,style,fashion,0.0034,repair,0.0345,function,purpose,style,fashion,1,1,1,1,,,0,function,0.0977,0.0025,malfunction,0.0478,,0,form,0.156,0.0023,failure,0.0531,,,0,function,0.0977,form,object,feel,procedure,0.0025,malfunction,0.0478,form,object,feel,procedure,,,0,form,0.156,style,function,structure,design,0.0023,failure,0.0531,style,function,structure,design,,,0,women,0.1234,men,children,foe,girls,0,women,0.0824,men,children,foe,girls
591,alike,j-coordinated,622,break,repair,0.0273,repair,0.0273,make,reset,fix,fall,0.0008,maintenance,0.1512,make,reset,fix,fall,0,1,0,1,,,0.0472,mend,0.0609,0.001,maintenance,0.0493,,0.0074,make,0.1285,0.0013,replace,0.1202,,,0.0472,mend,0.0609,repair,make,fall,break,0.001,maintenance,0.0493,repair,make,fall,break,,,0.0074,make,0.1285,fall,break,bend,rise,0.0013,replace,0.1202,fall,break,bend,rise,,,0,women,0.1036,old,foe,children,men,0,women,0.0972,old,foe,children,men
592,alike,j-coordinated,623,keep,lose,0.0247,sell,0.0662,keep,steal,lose,use,0.0008,win,0.5276,keep,steal,lose,use,1,1,0,1,,,0.0294,keep,0.0639,0.0011,win,0.5308,,0.087,lose,0.087,0.001,win,0.5613,,,0.0294,keep,0.0639,sell,lose,steal,burn,0.0011,win,0.5308,sell,lose,steal,burn,,,0.087,lose,0.087,toss,sell,throw,burn,0.001,win,0.5613,toss,sell,throw,burn,,,0.0002,women,0.1361,old,men,children,girls,0,women,0.0918,old,men,children,girls
593,alike,j-coordinated,624,disembark,embark,0.0373,disembark,0.0943,land,board,dock,depart,0.0293,depart,0.0571,land,board,dock,depart,1,1,1,0,,,0.0228,return,0.0892,0.0999,land,0.1304,,0.0088,return,0.0647,0.0662,disembark,0.0662,,,0.0228,return,0.0892,disembark,depart,evacuate,land,0.0999,land,0.1304,disembark,depart,evacuate,land,,,0.0088,return,0.0647,evacuate,leave,disembark,depart,0.0662,disembark,0.0662,evacuate,leave,disembark,depart,,,0,women,0.091,old,foe,girls,children,0,women,0.0858,old,foe,girls,children
594,alike,j-coordinated,625,defend,prosecute,0.0066,attack,0.3132,oppose,condemn,destroy,criticize,0.2627,defend,0.2627,oppose,condemn,destroy,criticize,1,1,1,1,,,0.0008,attack,0.7116,0.1597,defend,0.1597,,0.0001,attack,0.792,0.1603,defend,0.1603,,,0.0008,attack,0.7116,defend,shoot,fight,oppose,0.1597,defend,0.1597,defend,shoot,fight,oppose,,,0.0001,attack,0.792,score,Attack,shoot,defend,0.1603,defend,0.1603,score,Attack,shoot,defend,,,0,women,0.1192,children,old,men,girls,0,women,0.1242,children,old,men,girls
595,alike,j-coordinated,626,disable,enable,0.0229,disable,0.053,ignore,enable,activate,all,0.0024,empower,0.0754,ignore,enable,activate,all,0,1,1,0,,,0.0739,enable,0.0739,0.0018,women,0.0257,,0.0119,act,0.0502,0.3026,disable,0.3026,,,0.0739,enable,0.0739,act,disable,use,operate,0.0018,women,0.0257,act,disable,use,operate,,,0.0119,act,0.0502,operate,use,do,install,0.3026,disable,0.3026,operate,use,do,install,,,0,women,0.1139,children,old,men,girls,0,women,0.1035,children,old,men,girls
596,alike,j-coordinated,627,idle,run,0.0001,busy,0.2213,productive,employed,idle,hungry,0,walk,0.293,productive,employed,idle,hungry,1,1,1,1,,,0.0013,busy,0.0714,0,walk,0.2233,,0.0005,productive,0.0434,0,walk,0.1748,,,0.0013,busy,0.0714,employed,productive,idle,active,0,walk,0.2233,employed,productive,idle,active,,,0.0005,productive,0.0434,busy,employed,bored,idle,0,walk,0.1748,busy,employed,bored,idle,,,0,women,0.114,old,foe,children,girls,0,women,0.1468,old,foe,children,girls
597,alike,j-coordinated,628,relax,tense,0.0019,stress,0.0965,work,worry,sweat,fear,0.0001,tense,0.0498,work,worry,sweat,fear,1,1,1,1,,,0.0009,work,0.068,0.0001,present,0.0669,,0.0006,work,0.0572,0.0002,tense,0.0757,,,0.0009,work,0.068,stress,worry,relax,sleep,0.0001,present,0.0669,stress,worry,relax,sleep,,,0.0006,work,0.0572,relax,worry,sleep,stress,0.0002,tense,0.0757,relax,worry,sleep,stress,,,0,women,0.1552,men,children,girls,old,0,women,0.1096,men,children,girls,old
598,alike,j-coordinated,629,sit,stand,0.7034,stand,0.7034,walk,lie,roll,lay,0.0858,sit,0.0858,walk,lie,roll,lay,1,0,1,0,,,0.0837,stand,0.0837,0.0341,stand,0.0942,,0.1192,stand,0.1192,0.0417,fall,0.1001,,,0.0837,stand,0.0837,act,do,look,sit,0.0341,stand,0.0942,act,do,look,sit,,,0.1192,stand,0.1192,act,do,think,walk,0.0417,fall,0.1001,act,do,think,walk,,,0,women,0.1356,men,girls,children,old,0,women,0.1194,men,girls,children,old
599,alike,j-coordinated,630,forbid,permit,0.0122,allow,0.043,encourage,accept,ignore,prohibit,0,license,0.0681,encourage,accept,ignore,prohibit,1,1,1,1,,,0,denied,0.1377,0.0001,not,0.0455,,0.0002,ignored,0.1026,0.0001,license,0.0512,,,0,denied,0.1377,rejected,refused,ignored,accepted,0.0001,not,0.0455,rejected,refused,ignored,accepted,,,0.0002,ignored,0.1026,rejected,denied,refused,accepted,0.0001,license,0.0512,rejected,denied,refused,accepted,,,0,women,0.129,old,children,girls,men,0,women,0.0899,old,children,girls,men
600,alike,j-coordinated,631,discharge,enlist,0.0003,promotion,0.0569,arrest,retirement,pardon,pension,0.0079,retire,0.136,arrest,retirement,pardon,pension,1,1,1,1,,,0,discharge,0.0598,0.0004,recruit,0.0388,,0.0001,discharge,0.0578,0.0052,retire,0.2276,,,0,discharge,0.0598,use,recovery,storage,arrest,0.0004,recruit,0.0388,use,recovery,storage,arrest,,,0.0001,discharge,0.0578,arrest,return,release,dismissal,0.0052,retire,0.2276,arrest,return,release,dismissal,,,0,women,0.1026,old,foe,children,girls,0,women,0.093,old,foe,children,girls
601,alike,j-coordinated,632,narrow,widen,0,wide,0.7322,broad,long,deep,tall,0.022,widen,0.0633,broad,long,deep,tall,1,1,1,1,,,0.0001,wide,0.6884,0.0337,shrink,0.0702,,0.0002,wide,0.7287,0.0104,shrink,0.0501,,,0.0001,wide,0.6884,broad,long,deep,wider,0.0337,shrink,0.0702,broad,long,deep,wider,,,0.0002,wide,0.7287,broad,deep,wider,long,0.0104,shrink,0.0501,broad,deep,wider,long,,,0,women,0.2003,men,girls,children,old,0,women,0.111,men,girls,children,old
602,alike,j-coordinated,633,succumb,survive,0,foe,0.0948,foes,enemies,opponents,believers,0.0158,die,0.1532,foes,enemies,opponents,believers,1,1,1,1,,,0.0122,resist,0.1183,0.0121,die,0.4657,,0.0123,resist,0.0755,0.0187,die,0.4387,,,0.0122,resist,0.1183,fight,rebel,defend,rise,0.0121,die,0.4657,fight,rebel,defend,rise,,,0.0123,resist,0.0755,fight,rebel,conquer,stand,0.0187,die,0.4387,fight,rebel,conquer,stand,,,0,women,0.0789,old,foe,children,girls,0,women,0.0941,old,foe,children,girls
603,alike,j-coordinated,634,act,refrain,0.0014,speak,0.1095,think,stand,feel,act,0.0005,refrain,0.0521,think,stand,feel,act,1,1,1,1,,,0.0002,play,0.0889,0.0038,refrain,0.0091,,0.0001,speak,0.0982,0.0079,temptation,0.0107,,,0.0002,play,0.0889,sing,look,write,speak,0.0038,refrain,0.0091,sing,look,write,speak,,,0.0001,speak,0.0982,look,play,feel,sing,0.0079,temptation,0.0107,look,play,feel,sing,,,0,women,0.1408,old,men,girls,children,0,women,0.0877,old,men,girls,children
604,alike,j-coordinated,635,legalize,outlaw,0.0705,regulate,0.1599,ban,deny,outlaw,restrict,0,patriot,0.0476,ban,deny,outlaw,restrict,1,1,1,1,,,0.0383,regulate,0.0621,0,politician,0.0753,,0.033,destroy,0.072,0,patriot,0.0628,,,0.0383,regulate,0.0621,destroy,punish,ban,prosecute,0,politician,0.0753,destroy,punish,ban,prosecute,,,0.033,destroy,0.072,regulate,ban,kill,outlaw,0,patriot,0.0628,regulate,ban,kill,outlaw,,,0,women,0.1217,men,children,girls,foe,0,women,0.0759,men,children,girls,foe
605,alike,j-coordinated,636,gather,spread,0.0028,share,0.0249,flock,fight,disperse,seek,0.0003,spread,0.0128,flock,fight,disperse,seek,1,1,1,1,,,0.0014,share,0.0554,0.0011,spread,0.0277,,0.0018,share,0.0659,0.0009,die,0.0429,,,0.0014,share,0.0554,seek,worship,gather,destroy,0.0011,spread,0.0277,seek,worship,gather,destroy,,,0.0018,share,0.0659,worship,gather,seek,act,0.0009,die,0.0429,worship,gather,seek,act,,,0,women,0.1065,old,foe,children,girls,0,women,0.0952,old,foe,children,girls
606,alike,j-coordinated,637,bounce,clear,0,bounce,0.0547,gravity,spin,speed,inertia,0,concise,0.0249,gravity,spin,speed,inertia,1,1,1,1,,,0,bounce,0.0614,0,the,0.0589,,0,bounce,0.1216,0,the,0.0602,,,0,bounce,0.0614,feel,look,fall,move,0,the,0.0589,feel,look,fall,move,,,0,bounce,0.1216,fall,feel,look,burn,0,the,0.0602,fall,feel,look,burn,,,0.0001,women,0.0755,old,foe,children,girls,0,women,0.1453,old,foe,children,girls
607,alike,j-coordinated,638,depart,stay,0.0313,return,0.3254,depart,remain,stay,arrive,0.023,leave,0.1249,depart,remain,stay,arrive,1,1,1,1,,,0.055,return,0.3503,0.0392,leave,0.089,,0.0782,return,0.2677,0.0091,act,0.0652,,,0.055,return,0.3503,stay,remain,arrive,depart,0.0392,leave,0.089,stay,remain,arrive,depart,,,0.0782,return,0.2677,stay,remain,depart,leave,0.0091,act,0.0652,stay,remain,depart,leave,,,0,women,0.1125,old,foe,children,girls,0,women,0.1145,old,foe,children,girls
608,alike,j-coordinated,639,disinfect,infect,0.0004,clean,0.1214,disinfect,cure,recycle,treat,0.0015,cure,0.3673,disinfect,cure,recycle,treat,1,1,1,1,,,0.0004,clean,0.076,0,women,0.1499,,0.0001,clean,0.1274,0.0018,cure,0.3141,,,0.0004,clean,0.076,use,treat,disinfect,reuse,0,women,0.1499,use,treat,disinfect,reuse,,,0.0001,clean,0.1274,treat,disinfect,use,reuse,0.0018,cure,0.3141,treat,disinfect,use,reuse,,,0,women,0.0963,old,foe,children,girls,0,women,0.0869,old,foe,children,girls
609,alike,j-coordinated,640,avoid,confront,0.0008,ignore,0.0391,use,buy,avoid,embrace,0.0204,ignore,0.0873,use,buy,avoid,embrace,1,1,1,1,,,0.0004,ignore,0.0222,0.0328,ignore,0.0569,,0.0007,ignore,0.0596,0.0384,ignore,0.0747,,,0.0004,ignore,0.0222,buy,avoid,embrace,use,0.0328,ignore,0.0569,buy,avoid,embrace,use,,,0.0007,ignore,0.0596,embrace,buy,avoid,use,0.0384,ignore,0.0747,embrace,buy,avoid,use,,,0,women,0.0827,old,foe,children,girls,0,women,0.0794,old,foe,children,girls
610,alike,j-coordinated,641,divide,multiply,0.0004,conquer,0.8755,rule,distract,unite,destroy,0.5339,divide,0.5339,rule,distract,unite,destroy,1,0,1,0,,,0.0007,conquer,0.8069,0.0805,multiply,0.2789,,0.0002,conquer,0.7754,0.2573,multiply,0.3407,,,0.0007,conquer,0.8069,rule,serve,destroy,fall,0.0805,multiply,0.2789,rule,serve,destroy,fall,,,0.0002,conquer,0.7754,rule,Conquer,serve,Rule,0.2573,multiply,0.3407,rule,Conquer,serve,Rule,,,0,women,0.1022,old,foe,girls,children,0,women,0.203,old,foe,girls,children
611,alike,j-coordinated,642,cover,uncover,0,interior,0.2928,inside,title,issue,back,0.0238,hide,0.0646,inside,title,issue,back,1,1,1,1,,,0,inside,0.0592,0.0056,undercover,0.0969,,0,inside,0.0658,0.0027,undercover,0.0752,,,0,inside,0.0592,title,issue,book,not,0.0056,undercover,0.0969,title,issue,book,not,,,0,inside,0.0658,story,book,interior,issue,0.0027,undercover,0.0752,story,book,interior,issue,,,0,women,0.0789,old,foe,children,girls,0,women,0.0784,old,foe,children,girls
612,alike,j-coordinated,643,contract,expand,0,contract,0.1408,law,agreement,promise,freedom,0.0262,shrink,0.066,law,agreement,promise,freedom,1,1,1,1,,,0,contract,0.0652,0.0076,shrink,0.0222,,0,contract,0.1756,0.0092,conquer,0.0432,,,0,contract,0.0652,fiction,promise,agreement,letter,0.0076,shrink,0.0222,fiction,promise,agreement,letter,,,0,contract,0.1756,agreement,law,letter,promise,0.0092,conquer,0.0432,agreement,law,letter,promise,,,0,women,0.0819,old,foe,children,girls,0,women,0.1035,old,foe,children,girls
613,alike,j-coordinated,644,delay,rush,0.0011,failure,0.0204,confusion,panic,cost,denial,0.0155,wait,0.0267,confusion,panic,cost,denial,1,1,1,1,,,0.0035,delay,0.0264,0.0011,fall,0.0217,,0.0013,frustration,0.0445,0,others,0.0655,,,0.0035,delay,0.0264,error,wait,time,fail,0.0011,fall,0.0217,error,wait,time,fail,,,0.0013,frustration,0.0445,error,confusion,cost,delay,0,others,0.0655,error,confusion,cost,delay,,,0,women,0.0618,old,foe,fans,children,0,women,0.0794,old,foe,fans,children
614,alike,j-coordinated,645,arm,disarm,0,hand,0.1595,leg,head,body,shoulder,0.0041,intimidate,0.0365,leg,head,body,shoulder,1,1,1,1,,,0,foe,0.0741,0.0164,kill,0.0524,,0,mind,0.0764,0.012,defend,0.0578,,,0,foe,0.0741,soldier,women,woman,gun,0.0164,kill,0.0524,soldier,women,woman,gun,,,0,mind,0.0764,hand,leg,head,heart,0.012,defend,0.0578,hand,leg,head,heart,,,0,women,0.1048,old,foe,children,girls,0,women,0.0869,old,foe,children,girls
615,alike,j-coordinated,646,unveil,veil,0.0001,deny,0.0119,destroy,fear,others,disappoint,0,gown,0.0493,destroy,fear,others,disappoint,1,1,1,1,,,0.0001,feel,0.0188,0,smoke,0.0478,,0.0001,feel,0.0252,0,mask,0.0751,,,0.0001,feel,0.0188,look,release,fall,sell,0,smoke,0.0478,look,release,fall,sell,,,0.0001,feel,0.0252,look,build,deliver,fall,0,mask,0.0751,look,build,deliver,fall,,,0,women,0.0769,old,foe,children,girls,0,women,0.0998,old,foe,children,girls
616,alike,j-coordinated,647,deposit,withdraw,0.0045,loan,0.3179,credit,withdrawal,lending,cash,0.0031,sell,0.0166,credit,withdrawal,lending,cash,1,1,1,1,,,0.0139,credit,0.1391,0.0012,invest,0.0177,,0.0037,loan,0.0895,0.0023,withdraw,0.0287,,,0.0139,credit,0.1391,loan,withdrawal,borrow,interest,0.0012,invest,0.0177,loan,withdrawal,borrow,interest,,,0.0037,loan,0.0895,credit,interest,borrow,withdrawal,0.0023,withdraw,0.0287,credit,interest,borrow,withdrawal,,,0,women,0.0981,old,children,girls,foe,0,women,0.1159,old,children,girls,foe
617,alike,j-coordinated,648,cool,heat,0.0001,cool,0.0539,old,hip,not,young,0.0017,cold,0.3151,old,hip,not,young,1,1,1,1,,,0.0002,cool,0.0562,0.0022,cold,0.2488,,0.0001,cool,0.07,0.0017,cold,0.2846,,,0.0002,cool,0.0562,old,not,crazy,stupid,0.0022,cold,0.2488,old,not,crazy,stupid,,,0.0001,cool,0.07,not,scary,crazy,stupid,0.0017,cold,0.2846,not,scary,crazy,stupid,,,0,women,0.0817,old,foe,children,girls,0.0001,women,0.0848,old,foe,children,girls
618,alike,j-coordinated,649,allow,deny,0.1023,prohibit,0.1052,deny,restrict,forbid,ban,0.0009,confirm,0.1138,deny,restrict,forbid,ban,0,1,0,1,,,0.0788,deny,0.0788,0.0003,deny,0.0705,,0.0625,deny,0.0625,0.0002,deny,0.1274,,,0.0788,deny,0.0788,not,refuse,be,do,0.0003,deny,0.0705,not,refuse,be,do,,,0.0625,deny,0.0625,prohibit,punish,disapprove,ban,0.0002,deny,0.1274,prohibit,punish,disapprove,ban,,,0,women,0.1119,old,children,girls,foe,0,women,0.0818,old,children,girls,foe
619,alike,j-coordinated,650,gain,reduce,0,loss,0.892,pain,lose,risk,profit,0.0015,eliminate,0.033,pain,lose,risk,profit,1,1,1,1,,,0.0001,loss,0.8365,0.0011,increase,0.0412,,0,loss,0.6995,0.0011,save,0.0599,,,0.0001,loss,0.8365,lose,pain,profit,gain,0.0011,increase,0.0412,lose,pain,profit,gain,,,0,loss,0.6995,lose,fall,losses,cost,0.0011,save,0.0599,lose,fall,losses,cost,,,0,women,0.0847,old,foe,children,girls,0,women,0.1221,old,foe,children,girls
620,alike,j-coordinated,651,blur,focus,0.0237,clarity,0.0532,reality,glare,focus,blur,0,energy,0.0255,reality,glare,focus,blur,1,1,1,1,,,0.0037,blur,0.0563,0.0001,focus,0.0147,,0.003,blur,0.1294,0.0003,effort,0.0186,,,0.0037,blur,0.0563,shine,see,look,feel,0.0001,focus,0.0147,shine,see,look,feel,,,0.003,blur,0.1294,see,color,shine,clarity,0.0003,effort,0.0186,see,color,shine,clarity,,,0,women,0.0869,old,foe,children,girls,0,women,0.0808,old,foe,children,girls
621,alike,j-coordinated,652,idle,work,0.0015,busy,0.2213,productive,employed,idle,hungry,0.0001,play,0.3684,productive,employed,idle,hungry,1,1,1,1,,,0.0012,busy,0.0714,0.0001,play,0.5436,,0.0006,productive,0.0434,0,play,0.61,,,0.0012,busy,0.0714,employed,productive,idle,active,0.0001,play,0.5436,employed,productive,idle,active,,,0.0006,productive,0.0434,busy,employed,bored,idle,0,play,0.61,busy,employed,bored,idle,,,0.0001,women,0.114,old,foe,children,girls,0,women,0.0878,old,foe,children,girls
622,alike,j-coordinated,653,claim,disclaim,0,allegation,0.0643,evidence,denial,accusation,falsehood,0.0034,copyright,0.0524,evidence,denial,accusation,falsehood,1,1,1,1,,,0,denial,0.0754,0.036,denial,0.0908,,0,lie,0.0906,0.0125,deny,0.1293,,,0,denial,0.0754,allegation,evidence,accusation,deny,0.036,denial,0.0908,allegation,evidence,accusation,deny,,,0,lie,0.0906,evidence,make,claim,deny,0.0125,deny,0.1293,evidence,make,claim,deny,,,0,women,0.1084,men,old,children,girls,0,women,0.0989,men,old,children,girls
623,alike,j-coordinated,654,strengthen,weaken,0.4145,weaken,0.4145,destroy,break,undermine,decay,0.0507,kill,0.052,destroy,break,undermine,decay,1,1,1,1,,,0.2749,weaken,0.2749,0.0294,strong,0.1151,,0.1797,weaken,0.1797,0.0053,strong,0.0984,,,0.2749,weaken,0.2749,break,strengthen,destroy,refine,0.0294,strong,0.1151,break,strengthen,destroy,refine,,,0.1797,weaken,0.1797,break,strengthen,destroy,refine,0.0053,strong,0.0984,break,strengthen,destroy,refine,,,0,women,0.129,men,children,girls,old,0,women,0.1237,men,children,girls,old
624,alike,j-coordinated,655,admit,deny,0.5313,deny,0.5313,reject,withhold,refuse,refute,0.0227,confirm,0.1138,reject,withhold,refuse,refute,1,1,1,1,,,0.1863,deny,0.1863,0.0135,deny,0.0705,,0.1369,deny,0.1369,0.0212,deny,0.1274,,,0.1863,deny,0.1863,reject,fail,withdraw,graduate,0.0135,deny,0.0705,reject,fail,withdraw,graduate,,,0.1369,deny,0.1369,reject,fail,graduate,leave,0.0212,deny,0.1274,reject,fail,graduate,leave,,,0,women,0.0917,old,foe,children,girls,0,women,0.0818,old,foe,children,girls
625,alike,j-coordinated,656,lose,profit,0.0095,win,0.5276,draw,gain,profit,tie,0.0008,loss,0.4091,draw,gain,profit,tie,1,1,1,1,,,0.0192,win,0.5308,0.0008,charity,0.0456,,0.0125,win,0.5613,0.0117,loss,0.6089,,,0.0192,win,0.5308,gain,lose,profit,draw,0.0008,charity,0.0456,gain,lose,profit,draw,,,0.0125,win,0.5613,gain,lose,Win,draw,0.0117,loss,0.6089,gain,lose,Win,draw,,,0.0001,women,0.0918,old,foe,children,girls,0.0001,women,0.0801,old,foe,children,girls
626,alike,j-coordinated,657,approve,disapprove,0.7281,disapprove,0.7281,deny,reject,oppose,refuse,0.1353,support,0.1435,deny,reject,oppose,refuse,1,0,1,0,,,0.4423,disapprove,0.4423,0.5615,approve,0.5615,,0.7793,disapprove,0.7793,0.6265,approve,0.6265,,,0.4423,disapprove,0.4423,deny,reject,refuse,oppose,0.5615,approve,0.5615,deny,reject,refuse,oppose,,,0.7793,disapprove,0.7793,oppose,deny,reject,condemn,0.6265,approve,0.6265,oppose,deny,reject,condemn,,,0,women,0.1128,old,children,girls,men,0,women,0.084,old,children,girls,men
627,alike,j-coordinated,658,bless,curse,0.578,curse,0.578,destroy,punish,hinder,shame,0.0011,blessing,0.4096,destroy,punish,hinder,shame,1,1,1,1,,,0.8702,curse,0.8702,0.0012,blessing,0.4113,,0.631,curse,0.631,0.0009,blessing,0.3272,,,0.8702,curse,0.8702,scourge,cursed,damned,destroy,0.0012,blessing,0.4113,scourge,cursed,damned,destroy,,,0.631,curse,0.631,cursed,damned,afflicted,judge,0.0009,blessing,0.3272,cursed,damned,afflicted,judge,,,0,women,0.1656,men,old,girls,children,0,women,0.0818,men,old,girls,children
628,alike,j-coordinated,659,cheer,complain,0.0073,boo,0.2107,cheer,protest,cry,criticism,0.0324,complain,0.0566,cheer,protest,cry,criticism,1,1,1,1,,,0.0061,cheer,0.1995,0.0039,complain,0.0931,,0.0115,cheer,0.3087,0.0246,complain,0.0484,,,0.0061,cheer,0.1995,boo,cheers,cry,fear,0.0039,complain,0.0931,boo,cheers,cry,fear,,,0.0115,cheer,0.3087,boo,cheers,pray,cry,0.0246,complain,0.0484,boo,cheers,pray,cry,,,0,women,0.0885,old,foe,children,girls,0,women,0.0805,old,foe,children,girls
629,alike,j-coordinated,661,hide,show,0.0066,seek,0.2968,wink,shame,deceit,fight,0.0028,tell,0.2398,wink,shame,deceit,fight,1,1,1,1,,,0.0115,seek,0.0485,0.0011,tell,0.3909,,0.0012,seek,0.3758,0.0016,tell,0.8776,,,0.0115,seek,0.0485,dress,prey,wink,run,0.0011,tell,0.3909,dress,prey,wink,run,,,0.0012,seek,0.3758,play,act,Seek,find,0.0016,tell,0.8776,play,act,Seek,find,,,0.0001,women,0.1363,old,men,children,girls,0,women,0.08,old,men,children,girls
630,alike,j-coordinated,662,abolish,establish,0.0019,repeal,0.0392,reform,all,make,operate,0.0003,destroy,0.0539,reform,all,make,operate,1,1,1,1,,,0.0005,destroy,0.062,0,women,0.0233,,0.0002,replace,0.0774,0.0006,destroy,0.0781,,,0.0005,destroy,0.062,restore,replace,purge,eradicate,0,women,0.0233,restore,replace,purge,eradicate,,,0.0002,replace,0.0774,expand,reform,restore,maintain,0.0006,destroy,0.0781,expand,reform,restore,maintain,,,0,women,0.1614,men,girls,children,foe,0,women,0.1277,men,girls,children,foe
631,alike,j-coordinated,663,absorb,emit,0.0401,emit,0.0401,expel,release,create,regenerate,0.1163,consume,0.2251,expel,release,create,regenerate,0,1,0,1,,,0.008,absorb,0.1079,0.0044,emit,0.1228,,0.0101,absorb,0.1516,0,the,0.0207,,,0.008,absorb,0.1079,destroy,penetrate,remove,burn,0.0044,emit,0.1228,destroy,penetrate,remove,burn,,,0.0101,absorb,0.1516,destroy,expel,remove,consume,0,the,0.0207,destroy,expel,remove,consume,,,0,women,0.0991,old,foe,children,girls,0,women,0.1214,old,foe,children,girls
632,alike,j-coordinated,664,charge,discharge,0.0006,defense,0.094,victim,defence,witness,innocence,0.0014,promotion,0.0569,victim,defence,witness,innocence,1,1,1,1,,,0.0002,pay,0.0389,0.0033,discharge,0.0598,,0.0007,fall,0.0664,0.0053,discharge,0.0578,,,0.0002,pay,0.0389,profit,price,fee,feel,0.0033,discharge,0.0598,profit,price,fee,feel,,,0.0007,fall,0.0664,defend,respond,answer,plead,0.0053,discharge,0.0578,defend,respond,answer,plead,,,0,women,0.1098,old,men,girls,children,0,women,0.1026,old,men,girls,children
633,alike,j-coordinated,666,forget,remember,0.1211,forgive,0.2155,remember,forget,recall,ignore,0.3583,forget,0.3583,remember,forget,recall,ignore,1,1,1,1,,,0.0293,think,0.1069,0.2183,forget,0.2183,,0.0513,forgive,0.1385,0.5291,forget,0.5291,,,0.0293,think,0.1069,forgive,act,forget,remember,0.2183,forget,0.2183,forgive,act,forget,remember,,,0.0513,forgive,0.1385,think,forget,remember,act,0.5291,forget,0.5291,think,forget,remember,act,,,0,women,0.0747,old,foe,children,girls,0,women,0.1343,old,foe,children,girls
634,alike,j-coordinated,667,arrive,leave,0.1581,depart,0.7528,leave,exit,disembark,stay,0.0022,return,0.2652,leave,exit,disembark,stay,1,1,1,1,,,0.1647,depart,0.5208,0.0013,return,0.1077,,0.2167,depart,0.4649,0.0006,return,0.1246,,,0.1647,depart,0.5208,leave,act,feel,fall,0.0013,return,0.1077,leave,act,feel,fall,,,0.2167,depart,0.4649,leave,act,feel,stay,0.0006,return,0.1246,leave,act,feel,stay,,,0,women,0.1145,men,girls,old,children,0,women,0.1381,men,girls,old,children
635,alike,j-coordinated,668,attend,miss,0.0043,participate,0.0186,work,volunteer,comment,not,0,love,0.0639,work,volunteer,comment,not,1,1,1,1,,,0.0059,share,0.0339,0,love,0.0394,,0.0054,share,0.0437,0,miss,0.0686,,,0.0059,share,0.0339,participate,feel,leave,volunteer,0,love,0.0394,participate,feel,leave,volunteer,,,0.0054,share,0.0437,feel,leave,watch,learn,0,miss,0.0686,feel,leave,watch,learn,,,0.0001,women,0.079,old,children,girls,foe,0,women,0.0739,old,children,girls,foe
636,alike,j-coordinated,669,complicate,simplify,0.1981,simplify,0.1981,confuse,complicate,destroy,solve,0.0244,simplify,0.0361,confuse,complicate,destroy,solve,0,1,0,1,,,0.0023,simple,0.1178,0.0067,think,0.1796,,0.0057,simple,0.1297,0.0115,simplify,0.1279,,,0.0023,simple,0.1178,straightforward,complex,complicated,frustrating,0.0067,think,0.1796,straightforward,complex,complicated,frustrating,,,0.0057,simple,0.1297,complicated,straightforward,complex,confusing,0.0115,simplify,0.1279,complicated,straightforward,complex,confusing,,,0,women,0.0947,old,foe,children,girls,0,women,0.1621,old,foe,children,girls
637,alike,j-coordinated,670,conserve,waste,0.011,recycle,0.1583,grow,exploit,use,share,0,recycling,0.035,grow,exploit,use,share,1,1,1,1,,,0.0016,exploit,0.0549,0,money,0.062,,0.0015,exploit,0.0458,0,profit,0.1188,,,0.0016,exploit,0.0549,recycle,grow,destroy,use,0,money,0.062,recycle,grow,destroy,use,,,0.0015,exploit,0.0458,grow,destroy,invest,spend,0,profit,0.1188,grow,destroy,invest,spend,,,0,women,0.0932,old,foe,children,men,0,women,0.0766,old,foe,children,men
638,alike,j-coordinated,671,lower,raise,0.0001,upper,0.6214,higher,middle,high,lower,0.0473,lower,0.0473,higher,middle,high,lower,1,0,1,0,,,0.0005,more,0.2571,0.0014,children,0.0842,,0.0004,higher,0.3247,0.0363,fall,0.1768,,,0.0005,more,0.2571,higher,upper,most,above,0.0014,children,0.0842,higher,upper,most,above,,,0.0004,higher,0.3247,upper,more,above,lower,0.0363,fall,0.1768,upper,more,above,lower,,,0,women,0.0909,old,foe,children,girls,0.0001,women,0.1358,old,foe,children,girls
639,alike,j-coordinated,673,appear,disappear,0.0138,act,0.1281,function,behave,feel,speak,0.0376,return,0.0991,function,behave,feel,speak,1,1,1,1,,,0.0032,act,0.1582,0.0387,disappear,0.1287,,0.0045,act,0.1728,0.032,disappear,0.1706,,,0.0032,act,0.1582,function,feel,behave,look,0.0387,disappear,0.1287,function,feel,behave,look,,,0.0045,act,0.1728,feel,function,speak,behave,0.032,disappear,0.1706,feel,function,speak,behave,,,0,women,0.1419,men,children,girls,foe,0,women,0.1069,men,children,girls,foe
640,alike,j-coordinated,674,level,raise,0,experience,0.1186,skill,class,rank,grade,0.0003,lower,0.0473,skill,class,rank,grade,1,1,1,1,,,0.0001,experience,0.0965,0,children,0.0842,,0,experience,0.1338,0.0001,fall,0.1768,,,0.0001,experience,0.0965,grade,skill,age,class,0,children,0.0842,grade,skill,age,class,,,0,experience,0.1338,skill,class,rank,grade,0.0001,fall,0.1768,skill,class,rank,grade,,,0,women,0.0751,old,foe,children,girls,0,women,0.1358,old,foe,children,girls
641,alike,j-coordinated,675,enter,exit,0.0499,win,0.0938,leave,lose,exit,stay,0.0054,entry,0.1906,leave,lose,exit,stay,1,1,1,1,,,0.0002,investor,0.0676,0.018,entry,0.1677,,0.0611,leave,0.1512,0.057,entry,0.0606,,,0.0002,investor,0.0676,consumer,entrepreneur,novice,public,0.018,entry,0.1677,consumer,entrepreneur,novice,public,,,0.0611,leave,0.1512,lose,win,exit,stay,0.057,entry,0.0606,lose,win,exit,stay,,,0,women,0.1326,men,girls,children,old,0,women,0.0828,men,girls,children,old
642,alike,j-coordinated,676,differentiate,integrate,0.0001,are,0.0722,treat,distinguish,act,share,0.0039,destroy,0.0532,treat,distinguish,act,share,1,1,1,1,,,0.0009,distinguish,0.0526,0.0028,operate,0.0213,,0.0006,look,0.0399,0.005,fail,0.0368,,,0.0009,distinguish,0.0526,share,blend,stand,fail,0.0028,operate,0.0213,share,blend,stand,fail,,,0.0006,look,0.0399,be,distinguish,compare,treat,0.005,fail,0.0368,be,distinguish,compare,treat,,,0,women,0.1239,old,girls,men,children,0,women,0.0878,old,girls,men,children
643,alike,j-coordinated,677,differ,equal,0.0005,are,0.2864,be,act,look,is,0.0001,different,0.0511,be,act,look,is,1,1,1,1,,,0.0032,act,0.0645,0.0001,not,0.1092,,0.0008,be,0.107,0,treated,0.1564,,,0.0032,act,0.0645,be,look,more,not,0.0001,not,0.1092,be,look,more,not,,,0.0008,be,0.107,think,look,act,feel,0,treated,0.1564,think,look,act,feel,,,0.0001,women,0.1442,men,old,children,girls,0,women,0.1547,men,old,children,girls
644,alike,j-coordinated,678,empty,fill,0.0007,full,0.3685,filled,empty,not,overflowing,0.0146,fill,0.0302,filled,empty,not,overflowing,1,1,1,1,,,0.0014,full,0.1878,0.003,fill,0.025,,0.0016,full,0.3187,0.0025,fill,0.0315,,,0.0014,full,0.1878,empty,filled,stuffed,not,0.003,fill,0.025,empty,filled,stuffed,not,,,0.0016,full,0.3187,filled,not,empty,stuffed,0.0025,fill,0.0315,filled,not,empty,stuffed,,,0,women,0.1222,old,girls,children,foe,0,women,0.1038,old,girls,children,foe
645,alike,j-coordinated,679,shrink,stretch,0.0028,shrink,0.2015,grow,expand,enlarge,troll,0.0042,burn,0.0404,grow,expand,enlarge,troll,1,1,1,1,,,0.005,shrink,0.0402,0.0024,stretch,0.0546,,0.0017,shrink,0.2979,0.0037,burn,0.0646,,,0.005,shrink,0.0402,burn,grow,explode,expand,0.0024,stretch,0.0546,burn,grow,explode,expand,,,0.0017,shrink,0.2979,grow,burn,age,expand,0.0037,burn,0.0646,grow,burn,age,expand,,,0,women,0.0807,old,foe,children,girls,0,women,0.1071,old,foe,children,girls
646,alike,j-coordinated,680,advance,back,0.0015,retreat,0.2097,regress,fall,decline,defeat,0.0001,front,0.5884,regress,fall,decline,defeat,1,1,1,1,,,0.0011,regress,0.194,0.0001,forth,0.5279,,0.0034,return,0.0452,0,forth,0.575,,,0.0011,regress,0.194,advance,fall,decline,retreat,0.0001,forth,0.5279,advance,fall,decline,retreat,,,0.0034,return,0.0452,advance,follow,retreat,finish,0,forth,0.575,advance,follow,retreat,finish,,,0.0001,women,0.1107,old,girls,children,foe,0,women,0.1078,old,girls,children,foe
647,alike,j-coordinated,681,divide,unite,0.0047,conquer,0.8755,rule,distract,unite,destroy,0.2387,divide,0.2387,rule,distract,unite,destroy,1,1,1,1,,,0.0008,conquer,0.8069,0.1706,divide,0.1706,,0.0006,conquer,0.7754,0.0648,divide,0.0648,,,0.0008,conquer,0.8069,rule,serve,destroy,fall,0.1706,divide,0.1706,rule,serve,destroy,fall,,,0.0006,conquer,0.7754,rule,Conquer,serve,Rule,0.0648,divide,0.0648,rule,Conquer,serve,Rule,,,0,women,0.1022,old,foe,girls,children,0,women,0.1796,old,foe,girls,children
648,alike,j-coordinated,682,let,prevent,0.0014,all,0.0572,know,not,have,others,0.0003,cure,0.2327,know,not,have,others,1,1,1,1,,,0.0002,do,0.0381,0.0001,cure,0.3393,,0.0003,think,0.2122,0.0002,treat,0.2851,,,0.0002,do,0.0381,have,be,all,own,0.0001,cure,0.3393,have,be,all,own,,,0.0003,think,0.2122,know,act,do,be,0.0002,treat,0.2851,know,act,do,be,,,0,women,0.1924,men,people,look,girls,0,women,0.0804,men,people,look,girls
649,alike,j-coordinated,683,borrow,lend,0.2325,lend,0.2325,spend,steal,pay,give,0.5258,borrow,0.5258,spend,steal,pay,give,0,0,1,1,,,0.0811,borrow,0.4362,0.2498,buy,0.3042,,0.2305,lend,0.2305,0.5228,borrow,0.5228,,,0.0811,borrow,0.4362,lend,steal,spend,save,0.2498,buy,0.3042,lend,steal,spend,save,,,0.2305,lend,0.2305,spend,borrow,save,pay,0.5228,borrow,0.5228,spend,borrow,save,pay,,,0,women,0.1451,men,people,sheep,children,0,women,0.1141,men,people,sheep,children
650,alike,j-coordinated,684,fail,manage,0.0004,succeed,0.3033,prosper,fail,thrive,survive,0.01,sell,0.0368,prosper,fail,thrive,survive,1,1,1,1,,,0.0003,succeed,0.3293,0.0175,manage,0.0278,,0.0002,fail,0.3002,0.0274,manage,0.0457,,,0.0003,succeed,0.3293,fail,success,pass,prosper,0.0175,manage,0.0278,fail,success,pass,prosper,,,0.0002,fail,0.3002,succeed,die,pass,fall,0.0274,manage,0.0457,succeed,die,pass,fall,,,0,women,0.1088,old,girls,children,men,0.0002,women,0.1302,old,girls,children,men
651,alike,j-coordinated,685,move,stay,0.017,fall,0.0509,act,speak,die,react,0.0319,leave,0.1249,act,speak,die,react,1,1,1,1,,,0.0084,act,0.1,0.0102,leave,0.089,,0.0068,think,0.2072,0.0098,act,0.0652,,,0.0084,act,0.1,think,speak,look,feel,0.0102,leave,0.089,think,speak,look,feel,,,0.0068,think,0.2072,act,speak,look,feel,0.0098,act,0.0652,act,speak,look,feel,,,0.0001,women,0.148,men,girls,children,boys,0,women,0.1145,men,girls,children,boys
652,alike,j-coordinated,686,ride,walk,0.0407,drive,0.0513,run,ride,walk,bike,0.0261,run,0.4477,run,ride,walk,bike,1,1,1,1,,,0.0336,fall,0.0568,0.0237,run,0.4675,,0.0361,feel,0.0771,0.0568,run,0.3068,,,0.0336,fall,0.0568,feel,ride,walk,run,0.0237,run,0.4675,feel,ride,walk,run,,,0.0361,feel,0.0771,run,ride,walk,swim,0.0568,run,0.3068,run,ride,walk,swim,,,0,women,0.0848,old,foe,children,girls,0,women,0.1006,old,foe,children,girls
653,alike,j-coordinated,687,connect,disconnect,0.0312,connect,0.0368,disconnect,inspire,share,destroy,0.0068,connection,0.0228,disconnect,inspire,share,destroy,1,1,1,1,,,0.0127,listen,0.0256,0.0211,disconnect,0.0821,,0.0099,share,0.0469,0.0312,disconnect,0.1528,,,0.0127,listen,0.0256,connect,feel,women,disconnect,0.0211,disconnect,0.0821,connect,feel,women,disconnect,,,0.0099,share,0.0469,connect,inspire,conquer,collaborate,0.0312,disconnect,0.1528,connect,inspire,conquer,collaborate,,,0,women,0.0999,old,children,girls,foe,0,women,0.0733,old,children,girls,foe
654,alike,j-coordinated,689,fast,rapid,0.0001,slow,0.5051,furious,strong,dumb,reliable,0.0034,slow,0.4334,furious,strong,dumb,reliable,1,1,1,1,,,0.0001,slow,0.556,0.0071,slow,0.1553,,0.0001,furious,0.2483,0.006,slow,0.318,,,0.0001,slow,0.556,furious,dumb,sluggish,stupid,0.0071,slow,0.1553,furious,dumb,sluggish,stupid,,,0.0001,furious,0.2483,slow,all,smart,dangerous,0.006,slow,0.318,slow,all,smart,dangerous,,,0,women,0.1774,men,children,girls,boys,0,women,0.1152,men,children,girls,boys
655,alike,j-coordinated,690,dark,grim,0,light,0.9046,bright,white,day,dawn,0.0016,beautiful,0.1041,bright,white,day,dawn,1,1,1,1,,,0.0001,light,0.8643,0.0016,beast,0.0642,,0,light,0.8539,0.0049,beautiful,0.1004,,,0.0001,light,0.8643,bright,day,dawn,white,0.0016,beast,0.0642,bright,day,dawn,white,,,0,light,0.8539,bright,Light,white,day,0.0049,beautiful,0.1004,bright,Light,white,day,,,0,women,0.12,old,children,girls,foe,0.0004,women,0.1001,old,children,girls,foe
656,alike,j-coordinated,691,pale,light,0.0022,dark,0.1498,black,brown,red,white,0,dark,0.4362,black,brown,red,white,1,1,1,1,,,0.0048,dark,0.0645,0.0001,darkness,0.3802,,0.0019,black,0.0487,0,darkness,0.4199,,,0.0048,dark,0.0645,black,green,white,brown,0.0001,darkness,0.3802,black,green,white,brown,,,0.0019,black,0.0487,dark,white,brown,green,0,darkness,0.4199,dark,white,brown,green,,,0.0001,women,0.1606,men,girls,children,old,0,women,0.0989,men,girls,children,old
657,alike,j-coordinated,692,weak,feeble,0.0001,strong,0.8154,powerful,mighty,weak,stout,0.0054,strong,0.2534,powerful,mighty,weak,stout,1,1,1,1,,,0.0001,strong,0.8915,0.0021,wise,0.0998,,0.0006,strong,0.6977,0.005,foolish,0.0148,,,0.0001,strong,0.8915,powerful,tough,stout,mighty,0.0021,wise,0.0998,powerful,tough,stout,mighty,,,0.0006,strong,0.6977,powerful,mighty,weak,tough,0.005,foolish,0.0148,powerful,mighty,weak,tough,,,0,women,0.1412,old,foe,children,men,0.001,women,0.1892,old,foe,children,men
658,alike,j-coordinated,694,small,tiny,0.0002,large,0.693,big,great,small,huge,0.0206,large,0.1467,big,great,small,huge,1,1,1,1,,,0.0011,large,0.3891,0.0425,mighty,0.135,,0.0009,large,0.343,0.0159,mighty,0.2228,,,0.0011,large,0.3891,big,mighty,small,great,0.0425,mighty,0.135,big,mighty,small,great,,,0.0009,large,0.343,big,mighty,small,great,0.0159,mighty,0.2228,big,mighty,small,great,,,0,women,0.1509,old,children,men,girls,0.0055,women,0.099,old,children,men,girls
659,alike,j-coordinated,695,huge,large,0.004,small,0.3961,tiny,little,smaller,beautiful,0,small,0.9819,tiny,little,smaller,beautiful,1,1,1,1,,,0.0157,small,0.49,0.0002,small,0.8978,,0.0093,small,0.1874,0,small,0.9739,,,0.0157,small,0.49,mighty,tiny,large,smaller,0.0002,small,0.8978,mighty,tiny,large,smaller,,,0.0093,small,0.1874,tiny,beautiful,big,mighty,0,small,0.9739,tiny,beautiful,big,mighty,,,0.0007,women,0.0793,old,foe,children,girls,0,women,0.1325,old,foe,children,girls
660,alike,j-coordinated,696,narrow,slender,0.0004,wide,0.7322,broad,long,deep,tall,0.0022,muscular,0.1289,broad,long,deep,tall,1,1,1,1,,,0.0003,wide,0.6884,0.0015,strong,0.0689,,0.0001,wide,0.7287,0.0005,strong,0.0365,,,0.0003,wide,0.6884,broad,long,deep,wider,0.0015,strong,0.0689,broad,long,deep,wider,,,0.0001,wide,0.7287,broad,deep,wider,long,0.0005,strong,0.0365,broad,deep,wider,long,,,0,women,0.2003,men,girls,children,old,0,women,0.1026,men,girls,children,old
661,alike,j-coordinated,697,broad,wide,0.0069,narrow,0.6512,deep,small,specific,shallow,0.0008,narrow,0.3365,deep,small,specific,shallow,1,1,1,1,,,0.0247,narrow,0.5171,0.0057,small,0.235,,0.0108,narrow,0.6871,0.0015,narrow,0.3755,,,0.0247,narrow,0.5171,thin,small,wide,short,0.0057,small,0.235,thin,small,wide,short,,,0.0108,narrow,0.6871,small,deep,shallow,thin,0.0015,narrow,0.3755,small,deep,shallow,thin,,,0.0001,women,0.1854,men,girls,children,old,0,women,0.1527,men,girls,children,old
662,alike,j-coordinated,698,poor,bad,0,rich,0.9107,wealthy,affluent,privileged,powerful,0.0011,good,0.7412,wealthy,affluent,privileged,powerful,1,1,1,1,,,0,rich,0.9424,0.0002,good,0.9282,,0,rich,0.9361,0.0008,good,0.8427,,,0,rich,0.9424,wealthy,affluent,privileged,elite,0.0002,good,0.9282,wealthy,affluent,privileged,elite,,,0,rich,0.9361,wealthy,affluent,powerful,Rich,0.0008,good,0.8427,wealthy,affluent,powerful,Rich,,,0.0044,women,0.1036,old,foe,children,girls,0.0056,women,0.0948,old,foe,children,girls
663,alike,j-coordinated,700,thin,fine,0.0006,fat,0.3598,thick,tall,heavy,thin,0.0003,poor,0.228,thick,tall,heavy,thin,1,1,1,1,,,0.001,thick,0.1232,0.0007,poor,0.1549,,0.0003,strong,0.0655,0.0004,poor,0.2633,,,0.001,thick,0.1232,fat,tall,strong,heavy,0.0007,poor,0.1549,fat,tall,strong,heavy,,,0.0003,strong,0.0655,tall,mighty,fat,thin,0.0004,poor,0.2633,tall,mighty,fat,thin,,,0,women,0.1285,old,children,girls,foe,0.0002,women,0.1042,old,children,girls,foe
,,,,,,,,,,,,,,,,,,,,,,,,,,,,,,,,,,,,,,,,,,,,,,,,,,,,,,,,,,,,,,,,,,,,,,,,,,,,,,,,,,,,,,
,,,,,,,,,,,,,,,,,,,,548,547,539,560,,,,,,,,,,,,,,,,,,,,,,,,,,,,,,,,,,,,,,,,,,,,,,,,,,,,,,,,,,,,,,,
,,,,,,,,,,,,,,,,,,,,these numbers capture the extent to which top mask choice results agree between the actual mask used (which had an initial comma) and variants which had no leading comma or space and began with either a lowercase or an uppercase letter ,,,,,,,,,,,,,,,,,,,,,,,,,,,,,,,,,,,,,,,,,,,,,,,,,,,,,,,,,,,,,,,,,,