word1,word2,IsAnt
efficient,incompetent,1
precipitous,steep,0
mystical,mysterious,0
dovish,hawkish,1
stout,fat,0
imaginary,real,1
lateral,bottom,1
insulting,abusive,0
heavy,deep,0
null,valid,1
wild,realistic,1
intact,sound,0
preposterous,ridiculous,0
idle,busy,1
pretty,mean,0
welcome,unwelcome,1
primitive,ancient,0
colloquial,informal,0
strong,influential,0
hot,far,1
famous,celebrated,0
streamlined,aerodynamic,0
bilateral,unilateral,1
wild,irregular,0
integrated,structured,0
deciduous,permanent,1
patulous,open,0
philosophical,emotional,1
structured,unstructured,1
selfish,unselfish,1
familiar,fresh,0
plump,lean,1
broad,small,1
female,feminine,0
unlawful,lawful,1
secure,vulnerable,1
fuzzy,hairless,1
perinatal,prenatal,1
irreversible,reversible,1
unbound,bound,1
equal,mixed,1
concordant,discordant,1
steep,hilly,0
naturalistic,realistic,0
humid,dry,1
splendid,great,0
spirited,fiery,0
unreserved,reserved,1
literal,actual,0
bare,unadorned,0
antique,new,1
frank,sincere,0
low,coarse,0
casual,formal,1
collective,capitalist,1
irregular,normal,1
collective,corporate,0
perpendicular,inclined,1
incoherent,coherent,1
open,closed,1
painful,comfortable,1
sad,hard,0
distal,mesial,1
noble,sublime,0
oriental,occidental,1
rocky,stable,1
fit,prepared,0
tiresome,interesting,1
witting,unwitting,1
great,small,1
other,additional,0
wooded,overgrown,0
lone,single,0
pastel,dark,1
quadruple,single,1
wide,thin,1
noisy,quiet,1
hilarious,funny,0
dorsal,ventral,1
wild,mild,1
waterlogged,swampy,0
entire,undivided,0
female,androgynous,1
monumental,small,1
unorganized,organized,1
unfair,unjustified,0
distinct,indistinct,1
stationary,immovable,0
wide,broad,0
clear,guilty,1
lusty,strong,0
loyal,firm,0
worldwide,national,1
fit,suitable,0
human,nonhuman,1
lasting,stable,0
incompatible,inappropriate,0
stale,moldy,0
covert,secret,0
notable,evident,0
dim,mysterious,0
superfluous,necessary,1
deep,thin,1
antisubmarine,offensive,1
despicable,mean,0
covetous,greedy,0
erroneous,TRUE,1
liquid,solid,1
express,slow,1
taiwanese,formosan,0
heated,cold,1
devoted,constant,0
conditional,subject,0
underground,hidden,0
brittle,fragile,0
unable,ineffectual,0
effective,possible,1
sharp,flat,1
silly,stupid,0
flat,boring,0
segregated,integrated,1
interior,coastal,1
zygomorphic,actinomorphic,1
impolite,rude,0
obsolete,old,0
primitive,original,0
obsolete,ancient,0
comprehensive,thorough,0
diamagnetic,paramagnetic,1
strange,native,1
adequate,competent,0
past,present,1
precocial,altricial,1
unique,comparable,1
viviparous,oviparous,1
reversible,irreversible,1
brown,foxy,0
positive,neutral,1
tame,domestic,0
rough,crude,0
subordinate,chief,1
soft,intense,1
classical,canonical,0
perennial,short,1
hypotonic,hypertonic,1
facultative,obligate,1
holy,unholy,1
illicit,legal,1
optimistic,hopeful,0
intangible,tangible,1
joyous,happy,0
abrupt,steep,0
eastern,east,0
deserving,worthy,0
increased,reduced,1
overbearing,bossy,0
watery,dry,1
frosty,hot,1
inconspicuous,conspicuous,1
reduced,increased,1
unsure,shy,0
weak,smart,1
affluent,poor,1
prescriptive,descriptive,1
bent,upright,1
meritorious,deserving,0
ambitious,easy,1
minor,underage,0
infinite,countless,0
elaborate,simple,1
average,normal,0
thoughtful,considerate,0
tyrannical,dictatorial,0
fair,upright,0
accountable,answerable,0
speculative,empirical,1
opulent,rich,0
homegrown,foreign,1
straight,curved,1
justified,unjustified,1
due,exact,0
hot,fit,0
improbable,plausible,1
rugged,rough,0
useless,helpless,0
bright,dull,1
angry,wild,0
swift,rapid,0
prevalent,powerful,0
irregular,eccentric,0
extremist,moderate,1
lateral,medial,1
fifth,cardinal,1
desperate,fearful,1
safe,adventurous,1
episodic,predictable,1
succinct,short,0
profound,fundamental,0
conspicuous,inconspicuous,1
arithmetic,geometric,1
last,low,1
flexible,inflexible,1
morbid,gruesome,0
permissible,allowable,0
inexperienced,experienced,1
supplemental,primary,1
efficacious,effective,0
sober,quiet,0
orthogonal,parallel,1
reserved,unreserved,1
stupid,inept,0
sudden,gradual,1
customary,ordinary,0
slow,tiresome,0
childlike,naive,0
vernacular,formal,1
valid,strong,0
average,extraordinary,1
captive,free,1
big,grown,0
thick,slim,1
scholastic,formal,0
viscous,thick,0
spiral,straight,1
brief,long,1
paranormal,normal,1
remaining,last,0
heterosexual,bisexual,1
perennial,permanent,0
forward,backward,1
subtle,skillful,0
silent,quiet,0
level,uneven,1
sparse,scattered,0
vivid,quick,0
boisterous,loud,0
auxiliary,primary,1
whig,tory,1
FALSE,treacherous,0
acrobatic,athletic,0
dim,slow,0
bitter,pleasant,1
unfinished,raw,0
notable,unknown,1
legendary,real,1
impertinent,rude,0
black,white,1
stringy,thin,1
native,foreign,1
moderate,low,0
sorry,unhappy,0
white,happy,0
vicious,right,1
old,antique,0
remote,accessible,1
polar,frigid,0
unscientific,scientific,1
uptown,downtown,1
internal,foreign,1
supernatural,ordinary,1
metallic,nonmetallic,1
grey,terminal,1
chromatic,achromatic,1
optimal,optimum,0
elderly,young,1
cold,warm,1
lovely,ugly,1
absurd,silly,0
boundless,unlimited,0
red,sanguine,0
dim,light,1
rustic,urban,1
single,unmarried,0
vigorous,energetic,0
equitable,fair,0
perpendicular,oblique,1
indifferent,unconcerned,0
secret,open,1
unsuccessful,successful,1
latent,active,1
ethical,unethical,1
ready,unwilling,1
new,raw,0
opposite,other,0
farthest,last,0
deadly,venomous,0
particular,limited,0
infrasonic,ultrasonic,1
ugly,deformed,0
competent,qualified,0
imaginative,practical,1
plain,evident,0
full,copious,0
new,recent,0
straight,neat,0
slapdash,sloppy,0
second,first,1
boring,slow,0
outspoken,loud,0
renowned,celebrated,0
routine,round,0
symmetric,asymmetric,1
mere,entire,0
commonplace,unusual,1
different,distinct,0
profitable,unprofitable,1
incompetent,inefficient,0
accidental,casual,0
null,void,0
novel,fresh,0
dreadful,good,1
dextral,sinistral,1
dense,thick,0
mysterious,incomprehensible,0
dark,hopeless,0
psychological,physical,1
tubular,solid,1
muddy,clean,1
hydrous,anhydrous,1
short,scanty,0
divisible,indivisible,1
central,peripheral,1
busy,engaged,0
ardent,passionate,0
sinful,corrupt,0
pro,anti,1
narrow,wide,1
gay,heterosexual,1
atomic,big,1
mechanical,atomic,1
permanent,reversible,1
female,pistillate,0
marginal,wide,1
vital,essential,0
systemic,local,1
provincial,narrow,0
dumb,smart,1
classified,unclassified,1
hungry,poor,0
civil,courteous,0
nonmetallic,metallic,1
clever,smart,0
aristocratic,blue,0
paved,unpaved,1
marginal,central,1
condescending,patronizing,0
shameful,honorable,1
protogynous,protandrous,1
rural,urban,1
protective,tough,1
senior,elder,0
robust,rich,0
macroscopic,small,1
comical,amusing,0
nonpublic,public,1
sentimental,romantic,0
dry,humorless,1
dangerous,safe,1
reddish,crimson,0
top,bottom,1
lively,spirited,0
early,present,1
valid,sufficient,0
stupid,senseless,0
heinous,atrocious,0
dual,singular,1
restrained,quiet,0
junior,senior,1
coloured,white,1
crystalline,amorphous,1
local,universal,1
grating,harsh,0
far,remote,0
monetary,financial,0
developed,undeveloped,1
semiarid,wet,1
rude,uncivil,0
equal,corresponding,0
frivolous,light,0
fibrous,stringy,0
unregulated,regulated,1
distal,proximal,1
coarse,blunt,0
intermittent,constant,1
limited,infinite,1
beautiful,wonderful,0
high,strong,0
placid,gentle,0
livid,dark,1
improper,unlawful,0
bright,sparkling,0
ultra,extreme,0
commensurate,incommensurate,1
newborn,old,1
polar,equatorial,1
sick,strong,1
excessive,insufficient,1
interdependent,independent,1
monochromatic,polychromatic,1
mild,gentle,0
specific,nonspecific,1
convinced,positive,0
brief,concise,0
reactive,unreactive,1
saline,fresh,1
grave,deep,0
immediate,distant,1
harsh,pleasant,1
ready,unprepared,1
certain,stated,0
uninteresting,dry,0
dull,dense,0
untested,young,0
enormous,small,1
conversational,formal,1
ductile,brittle,1
spacious,small,1
mechanical,electronic,1
exotic,native,1
inner,intimate,0
costly,sumptuous,0
intermediate,medial,0
solid,diversified,1
persistent,sporadic,1
inaccurate,accurate,1
loud,soft,1
natural,adoptive,1
marshy,waterlogged,0
garish,bright,0
experienced,inexperienced,1
quiet,undemonstrative,0
slender,slight,0
insecure,suspicious,0
tense,lax,1
famous,unknown,1
close,short,0
fair,beautiful,0
cautious,circumspect,0
staminate,pistillate,1
organic,functional,1
hairy,bristly,0
bigamous,monogamous,1
rude,harsh,0
preliminary,final,1
teenage,old,1
antiquated,new,1
insectivorous,herbivorous,1
unpleasant,distasteful,0
wealthy,rich,0
evil,ill,0
heavy,shallow,1
great,commanding,0
awake,alert,0
hydrophilic,hydrophobic,1
unwieldy,heavy,0
sweet,honeyed,0
moral,righteous,0
mixed,homogenous,1
adverse,favourable,1
separate,joint,1
parochial,insular,0
open,undefended,0
overweight,thin,1
alcoholic,nonalcoholic,1
splendid,brilliant,0
hypersonic,supersonic,1
innocent,sophisticated,1
poor,miserable,0
orthodox,conventional,0
mineral,organic,1
frigid,icy,0
acceptable,comfortable,0
immense,large,0
brawny,strong,0
horizontal,vertical,1
routine,everyday,0
black,african,0
steep,high,0
solid,broken,1
solemn,earnest,0
circular,round,0
smart,brilliant,0
adequate,decent,0
excessive,deficient,1
heavy,fleshy,0
free,bound,1
multilingual,monolingual,1
liberal,independent,0
prosperous,poor,1
intrepid,brave,0
grand,sumptuous,0
past,future,1
honest,fair,0
grave,dangerous,0
monosyllabic,polysyllabic,1
urgent,imperative,0
sterile,barren,0
chinese,only,0
willful,stubborn,0
round,plump,0
clean,unclean,1
secret,mystic,0
general,prevalent,0
mischievous,serious,1
major,minor,1
real,intangible,1
defective,normal,1
right,center,1
persistent,tenacious,0
flat,bright,1
empirical,theoretic,1
fallible,infallible,1
skeptical,doubtful,0
heterodox,heretical,0
flat,level,0
jittery,nervous,0
fluid,unstable,0
talkative,quiet,1
aware,sensitive,0
deep,high,1
insular,isolated,0
simultaneous,asynchronous,1
intelligible,clear,0
tenacious,long,0
imperishable,indestructible,0
strong,regular,1
elementary,difficult,1
retroactive,proactive,1
fertile,infertile,1
odd,funny,0
immoral,unjust,0
stark,violent,0
unfavourable,favourable,1
singular,familiar,1
funny,curious,0
blunt,plain,0
sufficient,able,0
thin,lightweight,0
untrue,inaccurate,0
inside,outside,1
vague,uncertain,0
impoverished,destitute,0
repugnant,refractory,0
clear,confused,1
wrong,appropriate,1
vague,loose,0
unfortunate,unlucky,0
kinky,curly,0
important,critical,0
sinistral,dextral,1
aerodynamic,sleek,0
moot,relevant,1
ample,abundant,0
applicable,irrelevant,1
antenatal,postnatal,1
cross,transverse,0
evil,virtuous,1
very,TRUE,0
willing,unwilling,1
limited,unlimited,1
secret,overt,1
silver,bright,0
licentious,immoral,0
uncertain,reliable,1
unclear,clear,1
cold,reserved,0
cyclic,acyclic,1
foggy,cloudy,0
sacrosanct,inviolable,0
boring,interesting,1
ineligible,legal,1
mendacious,FALSE,0
informal,irregular,0
bright,shining,0
wild,civilized,1
graphic,graphical,0
able,capable,0
dense,compact,0
meticulous,painstaking,0
far,left,1
black,overt,1
grand,little,1
bad,vicious,0
adverse,contrary,0
mistaken,wrong,0
parallel,asynchronous,1
sick,ill,0
fond,foolish,0
tough,strong,0
merciful,gentle,0
keen,incisive,0
improper,appropriate,0
incorrect,accurate,1
usual,plain,0
elective,appointive,1
dead,flat,0
ineffective,inefficient,0
dark,black,0
hard,rigorous,0
arctic,northern,0
farcical,ridiculous,0
uninhabited,inhabited,1
scholastic,academic,0
unblemished,pure,0
ancient,former,0
typical,uncharacteristic,1
treble,low,1
celestial,divine,0
furious,wild,0
wild,ferocious,0
ideal,utopian,0
solemn,serious,0
excessive,moderate,1
rounded,circular,0
modern,dated,1
red,uncolored,1
liquid,smooth,0
beautiful,delightful,0
neutral,negative,1
ripe,immature,1
baronial,noble,0
underdeveloped,industrial,1
wee,big,1
considerable,good,0
warm,cool,1
empty,hollow,0
functional,organic,1
light,important,1
extended,small,1
inherent,natural,0
delightful,charming,0
educated,literate,0
colloquial,literary,1
novel,modern,0
fast,rough,1
fragile,significant,1
incongruous,congruous,1
striped,plain,1
red,achromatic,1
smart,stupid,1
plagal,authentic,1
ancient,new,1
flimsy,sturdy,1
active,uninvolved,1
suitable,unfit,1
vast,small,1
haughty,high,0
rare,common,1
wicked,sinful,0
intermittent,continual,1
murderous,bloody,0
vehement,furious,0
gorgeous,bright,0
small,unlimited,1
persistent,permanent,0
subsonic,supersonic,1
smart,efficient,0
collateral,additional,0
light,short,0
slovene,slovenian,0
ordinal,cardinal,1
little,big,1
tiny,big,1
punitive,vindictive,0
acute,pointed,0
junior,old,1
standby,primary,1
populated,uninhabited,1
regular,steady,0
obsolete,antiquated,0
brilliant,magnificent,0
liberal,right,1
pastoral,bucolic,0
feral,wild,0
spiteful,hateful,0
prudent,economical,0
incompatible,compatible,1
imaginative,fanciful,0
crumbly,soft,0
sedative,anxiolytic,0
lewd,lascivious,0
pious,obedient,0
personal,impersonal,1
unauthorised,authorised,1
impressive,unimpressive,1
neoliberal,conservative,1
open,inactive,1
unfavorable,favorable,1
fond,loving,0
untimely,timely,1
free,charming,0
early,former,0
wry,ironic,0
round,fair,0
broad,large,0
hallowed,sacred,0
active,dynamic,0
incorrect,illogical,0
due,right,0
good,suited,0
black,horrible,0
maritime,inland,1
illogical,irrational,0
immature,mature,1
hostile,combative,0
angry,high,0
reachable,unreachable,1
substantive,procedural,1
chronic,short,1
inarticulate,articulate,1
integrated,mixed,0
uncoated,coated,1
intimate,direct,0
new,old,1
literary,literate,0
bold,timid,1
paid,unpaid,1
auspicious,fortunate,0
informal,official,1
tedious,tiresome,0
advanced,retarded,1
material,immaterial,1
historical,future,1
inferior,substandard,0
massive,monumental,0
defamatory,libellous,0
sonic,supersonic,1
wide,distant,0
tricky,crafty,0
much,considerable,0
blue,low,0
national,local,1
appropriate,inappropriate,1
steep,low,1
late,slow,0
literal,figurative,1
inhuman,human,1
worthless,valuable,1
crazy,sane,1
original,derived,1
green,raw,0
quantitative,syllabic,1
brief,summary,0
equal,uniform,0
moral,immoral,1
separate,attached,1
procedural,substantive,1
alternate,opposite,1
melancholy,sad,0
foreign,domestic,1
immoral,moral,1
inalienable,imprescriptible,0
angry,displeased,0
important,urgent,0
treasonable,seditious,0
obscene,disgusting,0
right,straight,0
weak,infirm,0
mobile,fixed,1
fresh,sound,0
official,informal,1
beneficial,profitable,0
abundant,free,0
thermonuclear,conventional,1
eastern,oriental,0
dioecious,monoecious,1
final,opening,1
precise,imprecise,1
accessible,available,0
unlucky,unhappy,0
dihedral,anhedral,1
insolvent,bankrupt,0
rebellious,loyal,1
starboard,port,1
customary,unusual,1
mediocre,good,1
unstable,constant,1
good,nasty,1
ridiculous,surreal,0
special,uncommon,0
jewish,israelite,0
temperate,moderate,0
cryptographic,cryptanalytic,0
apt,quick,0
mindful,aware,0
unorthodox,heretical,0
bad,sorry,0
limitless,limited,1
biological,adoptive,1
important,high,0
bisexual,homosexual,1
particular,secondary,1
equal,unbiased,0
philosophic,rational,0
raw,sensitive,0
extraordinary,regular,1
miserable,poor,0
vicious,bitter,0
quaint,archaic,0
incurable,curable,1
local,national,1
dependent,addicted,0
greedy,gluttonous,0
liberal,conservative,1
essential,necessary,0
possible,practicable,0
brave,bold,0
smart,bright,0
hopeless,desperate,0
gabled,hipped,1
immoral,depraved,0
depressed,low,0
warm,cordial,0
sticky,easy,1
oblique,indirect,0
supernatural,natural,1
large,invisible,1
prepared,unprepared,1
friendly,hostile,1
definite,uncertain,1
gilded,golden,0
old,antiquated,0
adaptive,maladaptive,1
extensive,intensive,1
recurrent,intermittent,0
basic,fundamental,0
center,middle,0
forward,bold,0
enigmatic,mysterious,0
comic,amusing,0
mathematical,verbal,1
strong,vulnerable,1
old,young,1
viable,impossible,1
mental,immaterial,0
reasonable,unreasonable,1
capable,effective,0
quiet,calm,0
hooked,straight,1
clouded,clear,1
outdated,current,1
outside,inside,1
clandestine,covert,0
redundant,necessary,1
TRUE,FALSE,1
unrestricted,private,1
gross,big,0
voluminous,large,0
alive,awake,0
illiterate,uneducated,0
hideous,beautiful,1
embryonic,late,1
hurtful,painful,0
dark,sullen,0
synthetic,analytical,1
perennial,annual,1
outboard,inboard,1
wild,barbarian,0
rare,thin,0
confused,organized,1
ample,rich,0
important,considerable,0
double,treble,0
timid,bold,1
prevalent,general,0
imaginary,actual,1
metaphorical,allegorical,0
eternal,temporary,1
physical,immaterial,1
enforceable,unenforceable,1
unsized,sized,1
charming,pleasing,0
odd,curious,0
virtuous,righteous,0
lenient,strict,1
grand,poor,1
meditative,contemplative,0
abundant,rich,0
thoughtful,deliberate,0
gritty,dirty,0
short,little,0
functional,official,0
joint,separate,1
voiced,unvoiced,1
retired,active,1
caustic,severe,0
odd,even,1
thin,wide,1
memorial,commemorative,0
pure,unadulterated,0
pleased,satisfied,0
top,side,1
minor,adult,1
bipolar,unipolar,1
plain,fancy,1
flat,depressed,0
allopatric,sympatric,1
denotative,connotative,1
lucky,successful,0
efficient,competent,0
petite,large,1
nude,clad,1
fictitious,real,1
dangerous,hazardous,0
gracious,kind,0
lawful,legal,0
severe,stern,0
wide,narrow,1
sufficient,insufficient,1
cowardly,brave,1
relentless,grim,0
unofficial,official,1
homothallic,heterothallic,1
smooth,liquid,0
clear,distinct,0
superior,prior,0
dense,thin,1
disabled,lame,0
covered,uncovered,1
naughty,good,1
robust,sound,0
flexible,sturdy,1
stern,resolute,0
vacant,free,0
artistic,aesthetic,0
cloudless,bright,0
recreational,professional,1
virtuous,pure,0
universal,specific,1
nervous,relaxed,1
old,new,1
hard,powerful,0
minus,plus,1
southwestern,eastern,1
natural,abnormal,1
decisive,indecisive,1
qualified,unqualified,1
polar,hot,1
cortical,superficial,0
earnest,sincere,0
dangerous,nasty,0
entire,whole,0
norse,scandinavian,0
main,necessary,0
divergent,convergent,1
teen,teenage,0
affected,unaffected,1
intimate,confidential,0
northern,northward,0
unauthorized,official,1
preferable,undesirable,1
distinguishable,indistinguishable,1
sweet,mild,0
unselfish,selfish,1
drab,colorful,1
lifeless,full,1
deliberate,careful,0
curious,inquisitive,0
extra,scheduled,1
constant,steadfast,0
intelligent,aware,0
witty,amusing,0
obscure,difficult,0
linear,additive,0
leftist,right,1
alto,low,1
legitimate,logical,0
crazy,insane,0
comic,funny,0
sandy,argillaceous,1
flimsy,strong,1
disposed,minded,0
vulgar,low,0
unchanging,static,0
familiar,distant,1
trustworthy,untrustworthy,1
professional,amateur,1
multiple,single,1
pleasing,pleasant,0
reliable,sure,0
partial,biased,0
irreducible,reducible,1
powerless,powerful,1
conspicuous,obscure,1
able,incompetent,1
critical,dispensable,1
bilateral,asymmetrical,1
light,fat,1
wonderful,miraculous,0
incongruent,congruent,1
slight,silly,0
outermost,inner,1
uncertain,indefinite,0
last,initial,1
loose,firm,1
watchful,vigilant,0
much,less,1
several,single,0
inappropriate,appropriate,1
mild,strong,1
overt,public,0
old,abundant,0
elegant,nice,0
additional,supplemental,0
random,haphazard,0
blunt,pointed,1
imaginative,creative,0
disgusting,offensive,0
legal,ineligible,1
sluggish,active,1
patriarchal,matriarchal,1
solid,gaseous,1
squarish,circular,1
depressing,dull,0
bicameral,unicameral,1
deep,serious,0
close,distant,1
free,devoid,0
destitute,needy,0
sad,pitiful,0
deficient,lacking,0
orthogonal,related,1
indefinite,certain,1
localized,systemic,1
gray,grayish,0
speedy,fast,0
federal,southern,1
convivial,social,0
quick,prompt,0
wicked,virtuous,1
immune,susceptible,1
able,unfit,1
coarse,rough,0
accountable,responsible,0
lawful,criminal,1
comfortable,uncomfortable,1
actual,absolute,0
infantile,old,1
risky,dangerous,0
right,parallel,1
mild,calm,0
total,full,0
clear,obscure,1
thick,tall,1
indigenous,foreign,1
dubious,questionable,0
parochial,limited,0
presumptuous,arrogant,0
general,specific,1
secondhand,new,1
real,FALSE,1
southern,northern,1
milky,clear,1
comparable,like,0
devout,religious,0
fake,natural,1
unnecessary,unneeded,0
serious,playful,1
inalienable,alienable,1
essential,pure,0
stale,fresh,1
maximum,minimal,1
ambiguous,indeterminate,0
dense,close,0
male,feminine,1
other,same,1
black,clean,1
condescending,arrogant,1
open,obvious,0
limited,comprehensive,1
top,best,0
weak,faint,0
single,widowed,1
glad,happy,0
cold,live,1
white,evil,1
rainy,dry,1
leaden,light,1
cosmic,small,1
renowned,wonderful,0
terrestrial,amphibious,1
formal,unofficial,1
dishonest,disingenuous,0
electric,electrical,0
last,farthest,0
sickly,healthy,1
eccentric,concentric,1
ready,easy,0
pseudonymous,anonymous,1
definite,particular,0
atomic,conventional,1
intense,mild,1
simple,entire,0
northwest,northwestern,0
nonviolent,passive,0
nominal,real,1
finished,complete,0
ungodly,wicked,0
infectious,contagious,0
conservative,radical,1
antiquated,obsolete,0
centripetal,centrifugal,1
busy,anxious,0
flat,2-dimensional,0
sloping,steep,1
trivial,serious,1
circular,cyclic,0
worthy,noble,0
inclined,vertical,1
automatic,voluntary,1
expensive,cheap,1
broken,smooth,1
continual,constant,0
natural,flat,1
aboriginal,late,1
slender,thick,1
clear,gross,1
ineffective,unable,0
acute,sensitive,0
alone,solitary,0
quick,nimble,0
cosmopolitan,general,0
next,previous,1
perinatal,postnatal,1
solid,clear,1
wild,savage,0
unskilled,skilled,1
big,little,1
regular,goofy,1
senseless,pointless,0
quiet,active,1
emotional,intellectual,1
recessive,dominant,1
straight,bisexual,1
massive,small,1
worthless,good,1
untitled,noble,1
incapable,adequate,1
trivial,significant,1
peaceful,mild,0
cruel,sharp,0
sound,unsound,1
weighted,light,1
masculine,feminine,1
squat,high,1
insoluble,strong,0
general,uncommon,1
insecure,secure,1
reliable,TRUE,0
acceptable,bad,1
tart,sweet,1
splendid,famous,0
ancient,prehistoric,0
homologous,analogous,1
underwater,amphibious,1
glossy,dull,1
ready,suitable,0
grand,large,0
contradictory,supportive,1
handsome,attractive,0
consecutive,straight,0
excellent,inferior,1
clear,readable,0
distressed,worried,0
concurrent,asynchronous,1
unconscious,awake,1
naughty,mischievous,0
extraordinary,common,1
deleterious,harmful,0
eligible,ineligible,1
rigid,flexible,1
decent,enough,0
sweet,salty,1
difficult,cumbersome,0
microscopic,invisible,1
unknowable,knowable,1
silvery,dull,1
broad,unclear,1
northern,north,0
cool,cold,0
icy,cold,0
automatic,manual,1
everyday,formal,1
constructive,destructive,1
real,imaginary,1
indistinguishable,different,1
indifferent,superior,1
quick,alive,0
mental,mechanical,1
erect,soft,1
nervous,calm,1
theoretical,speculative,0
furred,hairless,1
furnished,equipped,0
alert,alive,0
hypothetical,empirical,1
tired,original,1
parental,filial,1
pedunculate,sessile,1
smooth,difficult,1
broad,narrow,1
intermediate,transitional,0
constructive,neutral,1
unimpressive,impressive,1
flat,uneven,1
virgin,new,0
sinful,holy,1
coloured,uncoloured,1
large,diffuse,0
asymmetric,symmetric,1
barbarous,ignorant,0
warm,dull,1
memorable,forgettable,1
abundant,numerous,0
rude,insolent,0
surplus,necessary,1
crude,vulgar,0
dead,extinct,0
far,short,1
passive,aggressive,1
swampy,dry,1
absolute,comparative,1
dense,opaque,0
magnificent,fine,0
awake,conscious,0
effective,inactive,1
allowable,permissible,0
express,local,1
fanciful,real,1
monstrous,strange,0
strong,impregnable,0
outside,inner,1
competent,sufficient,0
sleek,smooth,0
informal,intimate,0
amusing,good,0
proud,majestic,0
finite,infinite,1
cultural,ethnic,0
accurate,correct,0
lowly,humble,0
great,excellent,0
polite,uncivil,1
inept,clumsy,0
median,medial,0
thriving,prosperous,0
virginal,pure,0
grand,fine,0
steadfast,resolute,0
regional,local,0
beautiful,charming,0
modern,classical,1
aghast,shocked,0
poetic,literal,1
infinitesimal,large,1
palatal,hard,1
brutal,merciless,0
frightened,terrified,0
solitary,only,0
homeless,stateless,0
special,common,1
polite,polished,0
high,grave,1
avaricious,greedy,0
alive,sensitive,0
easy,steep,1
prideful,arrogant,0
retired,quiet,0
royal,princely,0
assorted,various,0
narrow,broad,1
warlike,peaceful,1
nimble,swift,0
flat,natural,1
good,dependable,0
harsh,light,1
diurnal,nocturnal,1
natural,characteristic,0
little,loud,1
familiar,accessible,0
mathematical,accurate,0
tight,loose,1
tart,sour,0
limpid,bright,0
hairy,pubescent,0
apathetic,interested,1
premature,late,1
ephemeral,permanent,1
hot,inactive,1
untested,untried,0
opposite,alternate,1
first,pristine,0
regular,complete,0
subtle,shrewd,0
suffragan,assistant,0
pretty,ugly,1
plausible,implausible,1
daring,adventurous,0
foul,abusive,0
lazy,busy,1
optic,optical,0
monoecious,dioecious,1
sterile,infertile,0
first,maiden,0
big,humble,1
disgraceful,shameful,0
acceptable,unacceptable,1
formal,essential,0
round,blunt,0
artificial,genuine,1
bitter,pungent,0
live,animated,1
natural,supernatural,1
naval,marine,0
ovate,oval,0
noncompetitive,competitive,1
FALSE,correct,1
grim,stern,0
deceased,dead,0
courageous,bold,0
sinister,corrupt,0
unwanted,undesirable,0
firm,fast,0
constant,unremitting,0
subordinate,independent,1
incisive,sharp,0
infertile,fertile,1
paperback,hardback,1
normal,ordinary,0
ancient,recent,1
weak,low,0
authorized,unauthorized,1
charitable,kind,0
substantial,actual,0
shy,bold,1
savage,civilized,1
expensive,extravagant,0
brief,short,0
common,national,0
trenchant,sharp,0
barbarous,civilized,1
bulky,small,1
universal,catholic,0
exclusive,sole,0
new,obsolete,1
lowercase,uppercase,1
unable,helpless,0
alone,desolate,0
individual,same,0
disconnected,disjointed,0
igneous,sedimentary,1
reluctant,unwilling,0
untruthful,truthful,1
solid,bad,1
anticlinal,synclinal,1
blue,southern,1
dissimilar,different,0
spiritual,corporeal,1
pro,con,1
internal,inherent,0
excellent,great,0
caucasian,black,1
intercontinental,continental,1
horrific,terrible,0
supportive,unsupportive,1
separate,connected,1
sarcastic,sharp,0
integral,individual,0
long,scarce,1
physical,medicinal,0
nett,gross,1
homogeneous,heterogeneous,1
figurative,typical,0
marshy,wet,0
thick,stupid,0
definitive,conclusive,0
bare,stripped,0
corrupt,crooked,0
truthful,FALSE,1
fantastic,realistic,1
stale,original,1
dark,white,1
constitutional,organic,0
wet,useless,0
alert,lively,0
fatty,fat,0
dull,sleepy,0
tender,warm,0
TRUE,reliable,0
arctic,frigid,0
redundant,pleonastic,0
lavish,wasteful,0
terrific,tremendous,0
outside,internal,1
proximate,distant,1
blonde,fair,0
imbricate,smooth,1
fair,pleasant,0
hilly,plain,1
pure,spotless,0
supersonic,subsonic,1
undesirable,desirable,1
miserable,worthless,0
unrighteous,wicked,0
rough,cut,1
credible,incredible,1
inadequate,adequate,1
brave,timid,1
kinetic,active,0
virtual,real,1
devoid,empty,0
uninformed,informed,1
furthest,near,1
original,primal,0
frequent,uncommon,1
aboriginal,primitive,0
susceptible,open,0
popular,anonymous,1
productive,fruitful,0
nontraditional,traditional,1
subacute,chronic,1
exhaustive,incomplete,1
quadratic,square,0
pragmatic,functional,0
speedy,slow,1
beautiful,graceful,0
unified,integrated,0
normal,regular,0
thin,thick,1
big,pregnant,0
optional,mandatory,1
salty,fresh,1
improbable,likely,1
reluctant,willing,1
constant,continuous,0
famous,obscure,1
ideal,concrete,1
limitless,infinite,0
studious,bookish,0
infrared,visible,1
impatient,irritable,0
full,thin,1
guilty,innocent,1
gray,old,0
sound,strong,0
elder,superior,0
neat,nice,0
big,small,1
southeast,north,1
crass,stupid,0
oversize,small,1
rapid,fast,0
east,west,1
FALSE,valid,1
dark,moody,0
FALSE,hypocritical,0
backward,progressive,1
synclinal,anticlinal,1
close,loose,1
broad,full,0
ashamed,proud,1
rational,intelligent,0
unmarried,married,1
comical,laughable,0
consonantal,vocalic,1
galvanic,voltaic,0
peculiar,funny,0
independent,exclusive,0
exact,incorrect,1
terminal,final,0
contentious,litigious,0
fuliginous,dark,0
competent,incompetent,1
requisite,essential,0
oblong,short,1
pretty,fine,0
manned,unmanned,1
golden,lucky,0
rough,fierce,0
poetic,prosaic,1
complete,unfinished,1
passable,impassable,1
dependable,reliable,0
endogamous,exogamous,1
new,original,0
continuous,constant,0
acidic,acid,0
existential,metaphysical,1
cruel,harsh,0
microscopic,macroscopic,1
fictional,romantic,0
khmer,cambodian,0
socialistic,capitalistic,1
fit,worthy,0
improper,proper,1
democratic,autocratic,1
polytheistic,monotheistic,1
moderate,mild,0
northwestern,south,1
polar,arctic,0
ordinary,special,1
furious,violent,0
pregnant,willing,0
humble,proud,1
fast,reckless,0
usable,available,0
unsafe,safe,1
smooth,quiet,0
immiscible,miscible,1
annual,biennial,1
immense,little,1
colored,dark,0
noble,reactive,1
center,right,1
rich,deep,0
same,unchanged,0
benign,malignant,1
distinct,marked,0
reputable,disreputable,1
conventional,positive,0
arrogant,humble,1
worthy,virtuous,0
slender,wide,1
curative,medicinal,0
fair,clean,0
last,supreme,0
wild,safe,1
incidental,essential,1
fuzzy,logical,1
natural,lifelike,0
equal,indifferent,0
manly,male,0
trustworthy,ethical,0
homogeneous,same,0
ambitious,audacious,0
vague,distinct,1
dissimilar,similar,1
mental,healthy,1
athletic,acrobatic,0
plain,attractive,1
despotic,democratic,1
instantaneous,slow,1
surreal,realistic,1
steep,precipitous,0
colored,white,1
extraordinary,usual,1
loose,vague,0
visible,visual,0
same,identical,0
steadfast,firm,0
shiny,glossy,0
pure,stainless,0
whole,abstract,1
void,full,1
collected,calm,0
easy,manageable,0
rough,polished,1
adiabatic,diabatic,1
joint,combined,0
spongy,hard,1
harsh,rough,0
crossbred,purebred,1
worthless,empty,0
feasible,infeasible,1
stocky,stout,0
warm,excited,0
mortal,immortal,1
low,feeble,0
longitudinal,short,1
downstream,upstream,1
immense,huge,0
insignificant,trivial,0
infinite,great,0
square,round,1
figurative,representative,0
wise,sassy,0
upside,downside,1
durable,perishable,1
fantastical,real,1
objective,external,0
lustrous,shiny,0
unequal,unfair,0
innocent,guilty,1
masochistic,sadistic,1
light,sufficient,1
acid,alkaline,1
shameful,disgraceful,0
special,peculiar,0
triumphant,victorious,0
apparent,ostensible,0
virtuous,honorable,0
huge,enormous,0
varied,uniform,1
threefold,twofold,0
marine,amphibious,1
extroverted,introverted,1
only,single,0
solid,liquid,1
substandard,inferior,0
unpopular,popular,1
predicate,affirmative,0
sane,insane,1
eager,sharp,0
violent,forceful,0
unable,ineffective,0
undeserving,deserving,1
foreign,native,1
absolute,arbitrary,0
nonlinear,linear,1
fast,strong,0
clean,hard,1
stupid,dull,0
plain,bare,0
hypertonic,hypotonic,1
monopolistic,competitive,1
alert,awake,0
convoluted,simple,1
comic,burlesque,0
static,kinetic,1
satisfactory,acceptable,0
ordinary,usual,0
rough,approximate,0
angry,pleased,1
stupid,idiotic,0
awake,alive,0
tiresome,slow,0
sessile,pedunculate,1
dry,drunk,1
overweight,underweight,1
exogamous,endogamous,1
irregular,crooked,0
indian,native,0
vacant,full,1
legal,illegal,1
frigid,hot,1
conspicuous,notable,0
medial,lateral,1
absurd,TRUE,1
severe,rough,0
stupid,stolid,0
enthusiastic,excited,0
argillaceous,sandy,1
dramatic,melodramatic,0
rude,crude,0
primary,chief,0
vague,clear,1
close,remote,1
sharp,painful,0
gray,young,1
absent,present,1
interim,permanent,1
casual,nonchalant,0
pure,applied,1
remarkable,ordinary,1
minute,large,1
lazy,slow,0
little,tall,1
reckless,foolhardy,0
instinctive,natural,0
inherent,innate,0
bad,superior,1
indistinguishable,distinguishable,1
synthetic,natural,1
intrusive,extrusive,1
close,closed,0
neat,clean,0
tough,stiff,0
center,left,1
same,different,1
singular,strange,0
easy,hard,1
green,unripened,0
alert,active,0
common,individual,1
unbelievable,incredible,0
fixed,rigid,0
invalid,valid,1
semicircular,straight,1
amusing,serious,1
small,mean,0
unable,stiff,1
cool,warm,1
popular,accepted,0
wavy,undulating,0
clear,opaque,1
blank,empty,0
virtuous,exemplary,0
deceased,late,0
terrific,fantastic,0
fictitious,fictional,0
handsome,convenient,0
myopic,nearsighted,0
artificial,stilted,0
active,dormant,1
undivided,single,0
syllabic,quantitative,1
topical,general,1
amusing,comic,0
indistinct,distinct,1
spirited,lively,0
severe,good,1
collateral,lineal,1
fulvous,yellow,0
rich,fertile,0
imperfect,incomplete,0
immense,great,0
firm,unwavering,0
occasional,casual,0
compressible,incompressible,1
famed,notable,0
sensible,wise,0
vernal,autumnal,1
inferior,standard,1
thin,fat,1
chromatic,diatonic,1
applied,theoretical,1
unrighteous,righteous,1
rustic,rough,0
productive,unproductive,1
out,safe,1
negative,nonnegative,1
supplementary,primary,1
crafty,subtle,0
superficial,profound,1
taboo,profane,1
sufficient,adequate,0
oversized,little,1
endless,short,1
advanced,middle,1
incompetent,good,1
global,national,1
mortal,human,0
meticulous,precise,0
sedentary,migratory,1
awful,awesome,0
decrepit,new,1
delicate,graceful,0
pelagic,benthic,1
fundamental,central,0
disruptive,quiet,1
level,open,0
populous,numerous,0
humble,low,0
intelligible,plain,0
apprehensive,anxious,0
hollow,solid,1
manly,masculine,0
costly,cheap,1
passive,submissive,0
13th,thirteenth,0
unjust,unfair,0
limited,limitless,1
brutal,barbaric,0
celestial,spiritual,0
divine,sacred,0
legitimate,genuine,0
single,divorced,1
super,small,1
gigantic,little,1
proximal,distal,1
inexact,exact,1
monstrous,small,1
unmistakable,clear,0
moody,dark,0
heavy,weighty,0
thin,spirited,1
industrious,energetic,0
single,married,1
elliptic,ovate,0
concentric,eccentric,1
reasonable,arbitrary,1
honest,faithful,0
external,domestic,1
muscular,brawny,0
public,single,1
mournful,sad,0
excellent,fair,1
reasonable,suitable,0
fearless,bold,0
inactive,quiet,0
monounsaturated,saturated,1
odd,usual,1
silent,taciturn,0
functional,nonfunctional,1
fat,thin,1
half,whole,1
glorious,grand,0
unemployed,employed,1
influential,substantial,0
temporary,permanent,1
neat,finished,0
actual,possible,1
clear,unclear,1
singular,multiple,1
material,moral,1
insecure,confident,1
uncommon,scarce,0
powerful,powerless,1
negative,neutral,1
grave,dignified,0
psychic,mental,0
worthy,deserving,0
turbid,clear,1
due,undue,1
deliberate,unintended,1
creepy,crawly,0
absurd,ludicrous,0
unfashionable,fashionable,1
replete,full,0
conditional,contingent,0
singular,ordinary,1
big,invisible,1
independent,subordinate,1
religious,irreligious,1
chief,leading,0
FALSE,real,1
uncontroversial,controversial,1
pale,red,1
strict,rigid,0
bad,sound,1
vivid,brilliant,0
populated,populous,0
attached,detached,1
desirable,preferable,0
sublime,elevated,0
obscure,humble,0
showy,fine,0
plebeian,noble,1
bourgeois,socialist,1
unusual,usual,1
local,widespread,1
profane,holy,1
runaway,fugitive,0
alicyclic,aliphatic,1
passionate,intense,0
molecular,brownian,0
interscholastic,intramural,1
astonishing,amazing,0
harmless,harmful,1
plain,sheer,0
frequent,infrequent,1
senior,young,1
lean,spare,0
boreal,southern,1
polite,civil,0
northernmost,south,1
frosted,clear,1
individual,shared,1
communal,individual,1
significant,unimportant,1
beautiful,ugly,1
adroit,clever,0
chronic,unusual,1
skeptical,credulous,1
uncertain,equivocal,0
heavy,violent,0
light,dark,1
puffy,small,1
concrete,composite,0
precise,exact,0
concentrated,diluted,1
cylindrical,angular,1
destitute,penniless,0
obese,lean,1
mediocre,average,0
opaque,transparent,1
colossal,small,1
dense,light,1
naked,simple,0
electrostatic,static,0
proactive,reactive,1
ceaseless,endless,0
famous,excellent,0
awful,good,1
nice,accurate,0
used,new,1
autumnal,vernal,1
warm,far,1
fat,thick,0
physical,psychological,1
isolated,connected,1
green,inexperienced,0
whole,undivided,0
captivating,charming,0
worried,easy,1
proud,ashamed,1
new,shabby,1
factual,actual,0
spiny,prickly,0
painless,painful,1
accentual,syllabic,1
parallel,oblique,1
active,operative,0
subtle,elusive,0
prime,meridian,0
rustic,unsophisticated,0
carnivorous,herbivorous,1
childlike,childish,0
superabundant,abundant,0
black,diluted,1
rugged,robust,0
unremarkable,ordinary,0
progressive,backward,1
destructive,devastating,0
awkward,comfortable,1
natural,aboriginal,0
heterozygous,homozygous,1
late,recent,0
virtuous,good,0
innovative,modern,0
handsome,comely,0
shiny,dull,1
horrible,frightening,0
oily,greasy,0
serial,sequential,0
untrue,correct,1
grubby,dirty,0
marshy,dry,1
spare,ample,1
new,worn,1
squat,stocky,0
initial,final,1
white,full,1
light,nimble,0
adipose,fatty,0
chilly,hot,1
prosperous,comfortable,0
haploid,diploid,1
helpful,beneficial,0
noble,honorable,0
correct,incorrect,1
additive,subtractive,1
beneficial,unfavourable,1
specified,unspecified,1
extant,extinct,1
murderous,bloodthirsty,0
formal,ceremonial,0
lesbian,heterosexual,1
humid,damp,0
charming,lovely,0
slender,thin,0
clean,fresh,0
specific,generic,1
dry,wry,0
indirect,direct,1
national,general,0
snobbish,public,1
resistant,absorbent,1
excellent,superior,0
simple,uncomplicated,0
insurgent,revolutionary,0
introductory,initial,0
aggregate,single,1
mean,nice,1
plump,chubby,0
cloudy,distinct,1
ineffectual,weak,0
northeast,south,1
elastic,inelastic,1
migratory,resident,1
roomy,large,0
clear,acute,0
canonical,apocryphal,1
happy,successful,0
deceased,live,1
defunct,alive,1
sensitive,insensitive,1
vindictive,spiteful,0
fictitious,genuine,1
asymmetric,symmetrical,1
unrelated,related,1
old,original,0
hypotonic,isotonic,1
identical,fraternal,1
sound,profound,0
remarkable,singular,0
international,domestic,1
hot,tasty,0
traditional,untraditional,1
fresh,sweet,0
pleasant,agreeable,0
instrumental,vocal,1
cheap,generous,1
ardent,keen,0
shameless,brazen,0
natural,sharp,1
tough,tender,1
immortal,imperishable,0
high,dear,0
unplanned,planned,1
fictional,nonfictional,1
monolingual,multilingual,1
black,bleak,0
overt,open,0
equal,unequal,1
statutory,illegal,1
loose,fast,1
sophisticated,advanced,0
upper,low,1
elder,junior,1
green,neutral,1
heterodox,orthodox,1
armoured,unarmoured,1
reformed,orthodox,1
unpolished,polished,1
abundant,rare,1
quiet,gentle,0
purple,violet,0
wasteful,lavish,0
selfish,altruistic,1
superb,excellent,0
secular,worldly,0
scarlet,pink,0
pale,dark,1
minded,disposed,0
bitter,sour,0
unplayable,playable,1
magical,natural,1
civilized,cultured,0
right,lawful,0
unhappy,fortunate,1
tall,low,1
immortal,mortal,1
sharp,dull,1
partial,complete,1
violent,sharp,0
conspicuous,distinguished,0
regal,royal,0
tight,leaky,1
vindictive,bitter,0
individualistic,common,1
wonderful,ordinary,1
spiritual,inner,0
immaterial,important,1
frustrated,successful,1
conventional,formal,0
perfect,flawless,0
subtle,tangible,1
decent,indecent,1
professional,lay,1
pendulous,erect,1
wicked,unjust,0
natural,unnatural,1
occupied,unoccupied,1
submissive,obedient,0
beautiful,bloody,0
unhappy,unlucky,0
inaccurate,faulty,0
bilingual,monolingual,1
prosaic,poetic,1
immutable,mutable,1
happy,sad,1
oval,ovate,0
permanent,temporary,1
covered,bare,1
unfavourable,good,1
diaphanous,transparent,0
windy,slow,1
upright,horizontal,1
black,dim,0
imperial,majestic,0
future,present,1
unsound,sound,1
small,big,1
deficient,sufficient,1
iambic,trochaic,1
prior,former,0
considerable,important,0
back,front,1
little,insignificant,0
plastic,elastic,1
complex,detailed,0
explicit,plain,0
unacceptable,acceptable,1
utopian,realistic,1
thick,fast,0
free,unfree,1
early,first,0
open,unavailable,1
unprincipled,immoral,0
granular,fine,1
pitiful,poor,0
wrong,unjust,0
digital,analog,1
shocked,aghast,0
democratic,monarchical,1
heroic,bold,0
amateur,professional,1
reflective,meditative,0
easy,easygoing,0
unintelligible,clear,1
outstanding,great,0
focused,unfocused,1
constitutional,unconstitutional,1
top,first,0
competent,inadequate,1
serious,easy,1
bad,mild,1
autochthonous,indigenous,0
reliant,independent,1
despondent,depressed,0
next,adjacent,0
advanced,low,1
separate,divided,0
fair,extraordinary,1
virulent,avirulent,1
asleep,awake,1
bumpy,smooth,1
small,old,1
spectral,natural,1
uncomfortable,comfortable,1
voluminous,small,1
troubled,quiet,1
real,authentic,0
wrong,incorrect,0
compassionate,tender,0
unnecessary,superfluous,0
light,airy,0
vigorous,robust,0
distinct,distinguished,0
least,minimum,0
equal,fair,0
positive,convinced,0
operational,usable,0
christian,civilized,0
tough,good,1
hostile,unfriendly,0
nearsighted,farsighted,1
beneficial,disadvantageous,1
tough,delicate,1
christian,agnostic,1
elder,senior,0
local,express,1
pertinent,suitable,0
convenient,suitable,0
persistent,deciduous,1
communal,single,1
astronomical,small,1
mature,childish,1
irreligious,religious,1
quadruple,double,0
main,dependent,1
unacceptable,offensive,0
conscious,unaware,1
successful,profitable,0
whole,unbroken,0
considerable,substantial,0
superhuman,human,1
broad,comprehensive,0
thick,deep,0
free,occupied,1
unfair,disproportionate,0
white,innocent,0
chaotic,organized,1
immortal,incorruptible,0
middle,early,1
anal,oral,1
intense,vivid,0
improbable,probable,1
healthy,wholesome,0
pregnant,open,0
lawful,legitimate,0
immutable,unalterable,0
strict,tolerant,1
nervous,neural,0
gratuitous,unnecessary,0
prepared,unwilling,1
fine,harsh,1
closed,tight,0
active,transitive,0
armored,unarmored,1
dead,sensitive,1
innocent,harmful,1
incompetent,unfit,0
sufficient,satisfactory,0
inferior,top,1
painful,good,1
exposed,open,0
anhydrous,hydrous,1
professional,amateurish,1
agricultural,urban,1
catholic,liberal,0
positive,uncertain,1
mandatory,optional,1
messy,neat,1
destructive,deadly,0
unusual,ordinary,1
apprehensive,fearful,0
pale,blank,0
modern,recent,0
endemic,cosmopolitan,1
intermediate,immediate,1
certain,uncertain,1
big,immature,1
wholesome,unwholesome,1
protected,secure,0
dishonest,FALSE,0
fresh,salty,1
aquatic,terrestrial,1
rational,physical,1
mobile,fickle,0
adequate,capable,0
sinuous,curved,0
inshore,offshore,1
eleventh,11th,0
eccentric,odd,0
small,loud,1
neutral,aligned,1
opposite,analogous,1
incorrect,erroneous,0
secondary,primary,1
positive,absolute,0
unfamiliar,common,1
cheerful,optimistic,0
adequate,inadequate,1
achromatic,chromatic,1
theoretical,ideal,0
electric,magnetic,0
formal,informal,1
naked,bare,0
sharp,gritty,0
independent,partisan,1
bad,dire,0
exquisite,rare,0
black,light,1
honest,dishonest,1
modern,contemporary,0
unfinished,finished,1
malignant,benign,1
ventral,dorsal,1
rapid,slow,1
anachronistic,outdated,0
legitimate,reasonable,0
average,usual,0
opaque,brilliant,1
multinational,transnational,0
obtuse,dull,0
psychic,physical,1
pathetic,miserable,0
cultural,ethnical,0
undivided,divided,1
beneficial,good,0
somatic,mental,1
loud,brassy,0
big,heavy,0
noticeable,weak,1
unlawful,legitimate,1
serrated,smooth,1
married,unmarried,1
greek,spartan,0
magnificent,splendid,0
joyous,lively,0
normal,abnormal,1
dramatic,scenic,0
pathological,healthy,1
essential,substantial,0
contiguous,distant,1
rough,refined,1
bearded,shaven,1
ill,good,1
primary,incidental,1
optimistic,pessimistic,1
intelligent,naive,1
ingenious,intelligent,0
subtle,palpable,1
secondary,major,1
prevalent,successful,0
delicate,tough,1
elaborate,plain,1
mature,green,1
arid,dry,0
unrelated,foreign,0
common,profane,0
immediate,past,1
live,recorded,1
fine,exquisite,0
cosmetic,functional,1
indignant,angry,0
nonprofit,commercial,1
boring,tiresome,0
sweet,dry,1
violet,purplish,0
poisonous,edible,1
vertical,inclined,1
civilized,enlightened,0
effective,potential,1
educated,uneducated,1
TRUE,inaccurate,1
high,sober,1
unhealthy,healthy,1
overdue,late,0
separable,inseparable,1
potent,able,0
unmanned,manned,1
empty,clean,0
matchless,single,0
supranational,national,1
undivided,fractional,1
crucial,decisive,0
optional,facultative,0
extraordinary,normal,1
fussy,fastidious,0
incommensurate,commensurate,1
precise,formal,0
integral,intact,0
immobile,mobile,1
spectacular,outstanding,0
arrogant,haughty,0
surrogate,biological,1
polychromatic,monochromatic,1
analytical,synthetic,1
involved,uninvolved,1
large,inconspicuous,1
unlucky,unfortunate,0
rainy,clear,1
senseless,stupid,0
poor,inadequate,0
indirect,secondary,0
deep,close,1
approximate,exact,1
lively,gay,0
benthic,planktonic,1
authoritarian,democratic,1
angry,calm,1
effective,efficacious,0
solid,impenetrable,0
fraudulent,fake,0
docile,wild,1
intellectual,physical,1
advanced,modern,0
superior,inferior,1
sober,steady,0
exclusive,inclusive,1
wonderful,grand,0
young,mature,1
present,future,1
limited,unrestricted,1
critical,uncritical,1
puffy,little,1
fatal,black,0
general,indefinite,0
large,enormous,0
subatomic,large,1
subordinate,dominant,1
previous,future,1
corporeal,mental,1
intolerant,tolerant,1
nominal,titular,0
defunct,operative,1
intrinsic,external,1
last,first,1
preventative,prophylactic,0
mixed,segregated,1
bound,unbound,1
toxic,nontoxic,1
earnest,warm,0
hale,healthy,0
repulsive,attractive,1
opaque,clear,1
charming,natural,1
general,particular,1
rigorous,strict,0
irrelevant,relative,1
comfortable,narrow,1
delighted,pleased,0
classical,hellenic,0
cheerful,pessimistic,1
uncommon,ordinary,1
reserved,distant,0
amorphous,organic,1
despicable,low,0
molar,molecular,1
socialist,capitalist,1
unplanned,unintentional,0
mutable,immutable,1
common,noble,1
deep,obscure,0
gentle,intense,1
unholy,holy,1
hairy,haired,0
insensitive,sensitive,1
abrupt,smooth,1
capable,incapable,1
great,enormous,0
irregular,perfect,1
amphoteric,acidic,1
exclusionary,inclusionary,1
deciduous,evergreen,1
novel,old,1
enough,adequate,0
planetary,national,1
inseparable,individual,0
free,unrestrained,0
unavailable,available,1
irregular,abnormal,0
ridiculous,serious,1
merciful,compassionate,0
old,immature,1
intransitive,transitive,1
conceptual,concrete,1
similar,homogenous,0
sexual,nonsexual,1
southern,southerly,0
unlawful,wrongful,0
constant,variable,1
top,better,0
sixth,6th,0
privy,private,0
prominent,inconspicuous,1
actual,fictitious,1
infinite,perfect,0
ugly,good,1
limp,stiff,1
ready,apt,0
unicameral,bicameral,1
unincorporated,organized,1
worldly,mundane,0
mixed,homogeneous,1
characteristic,typical,0
good,bad,1
particular,distinguished,0
arithmetical,arithmetic,0
trustworthy,honest,0
heterogeneous,homogeneous,1
rotten,good,1
arid,wet,1
blasphemous,irreverent,0
inner,internal,0
second,forward,0
necessary,essential,0
dense,dull,0
natural,legitimate,0
next,last,1
smooth,flat,0
idle,unemployed,0
early,old,1
hidden,secret,0
stereophonic,monaural,1
unjust,FALSE,0
consistent,contradictory,1
unlike,different,0
pleasant,amusing,0
insecure,unstable,0
alive,lively,0
vigorous,powerful,0
inconsequential,important,1
lawful,illegal,1
fine,subtle,0
historic,legendary,1
ignorant,informed,1
tenacious,tough,0
wooded,treeless,1
periodic,irregular,1
astonishing,wonderful,0
proper,inappropriate,1
terrifying,terrific,0
unrealistic,realistic,1
gratuitous,unfounded,0
inferior,superior,1
late,middle,1
affordable,expensive,1
obsolete,dead,0
respectable,honorable,0
wicked,ungodly,0
former,subsequent,1
ephemeral,eternal,1
sharp,quick,0
bodily,mental,1
onshore,offshore,1
teeny,tiny,0
concrete,special,0
terrible,ordinary,1
fleshy,fat,0
savage,civilised,1
direct,indirect,1
commodious,spacious,0
digital,linear,1
actual,genuine,0
scared,frightened,0
sinful,ungodly,0
unthinkable,thinkable,1
reduced,high,1
light,heavy,1
archaic,new,1
majestic,proud,0
subtractive,additive,1
bad,standard,1
amusing,sad,1
spacious,broad,0
graduate,postgraduate,0
misty,cloudy,0
anhydrous,hydrated,1
prenatal,postnatal,1
impartial,fair,0
general,precise,1
extraordinary,everyday,1
worthless,useless,0
hapless,unlucky,0
erratic,strange,0
delicate,refined,0
loud,garish,0
sticky,cohesive,0
large,gigantic,0
harmful,injurious,0
individual,respective,0
telic,atelic,1
bent,common,0
supreme,sovereign,0
substantive,substantial,0
centrist,left,1
ultrasonic,audible,1
dry,arid,0
collegiate,academic,0
live,dummy,1
thick,close,0
more,increased,0
steady,unstable,1
black,grim,0
young,experienced,1
immediate,next,0
corporate,separate,1
quick,sensitive,0
austere,stark,0
liberal,free,0
rough,ragged,0
lawful,constitutional,0
wild,tame,1
small,diminished,0
mild,harsh,1
sane,healthy,0
adjunct,associate,0
approachable,affable,0
spiritual,platonic,0
viable,dead,1
determined,resolute,0
steep,gradual,1
similar,different,1
audible,inaudible,1
acceptable,popular,0
insignificant,important,1
absurd,preposterous,0
original,primary,0
brown,tawny,0
near,remote,1
soft,subdued,0
mild,kind,0
tolerant,liberal,0
FALSE,TRUE,1
faithful,unfaithful,1
proud,arrogant,0
ordinary,uncommon,1
optional,discretionary,0
incorrect,grammatical,1
important,grave,0
bland,soft,0
counterclockwise,clockwise,1
hard,fresh,1
unacceptable,impossible,0
hateful,mean,0
secret,mysterious,0
edible,inedible,1
unusual,common,1
stubborn,unyielding,0
affable,gracious,0
upstream,downstream,1
brilliant,dull,1
good,evil,1
subdued,loud,1
real,material,0
funny,peculiar,0
natural,affected,1
progressive,regressive,1
TRUE,unwavering,0
unidimensional,multidimensional,1
sure,unsure,1
naive,sophisticated,1
mild,severe,1
extensive,small,1
unused,active,1
dumb,vulgar,0
grand,princely,0
convenient,appropriate,0
gray,greyish,0
offensive,defensive,1
heavy,sound,0
female,masculine,1
destitute,poor,0
extreme,close,1
jumpy,nervous,0
vivid,graphic,0
hot,bad,1
previous,subsequent,1
masculine,male,0
adjusted,unadjusted,1
painful,painless,1
popular,cheap,0
common,refined,1
subordinate,superior,1
unskilled,good,1
structural,organic,0
impermissible,permissible,1
hot,cold,1
wonderful,strange,0
political,nonpolitical,1
agreeable,pleasant,0
glossy,smooth,0
exotic,familiar,1
typical,abnormal,1
critical,decisive,0
measurable,infinite,1
undue,due,1
integral,whole,0
like,pet,1
round,thin,1
cold,passionless,0
proper,decent,0
unbounded,finite,1
dead,living,1
painstaking,conscientious,0
various,uncertain,0
TRUE,truthful,0
haphazard,unplanned,0
sufficient,deficient,1
sticky,dry,1
mundane,everyday,0
miserly,greedy,0
lazy,sluggish,0
dark,blond,1
incorrect,right,1
transient,permanent,1
isotropic,anisotropic,1
ongoing,future,1
unenforceable,enforceable,1
prepared,disposed,0
heroic,noble,0
fastidious,difficult,0
uncoloured,coloured,1
fresh,old,1
angry,black,0
rough,smooth,1
great,neat,0
unimproved,improved,1
wide,closed,1
quick,lively,0
classy,cool,0
rude,bloody,0
armed,unarmed,1
extraordinary,singular,0
hereditary,familial,0
eastern,west,1
ready,willing,0
inorganic,organic,1
pleasant,nice,0
dishonest,deceitful,0
quick,alert,0
bent,crooked,0
pristine,original,0
great,long,0
gracious,nice,0
principal,subordinate,1
crooked,straight,1
dismal,dreary,0
geological,geologic,0
indifferent,concerned,1
supreme,subordinate,1
depraved,immoral,0
dismissive,interested,1
rightful,TRUE,0
creative,destructive,1
intentional,unintentional,1
salty,sweet,1
boisterous,rough,0
composite,simple,1
acidic,amphoteric,1
plus,minus,1
low,refined,1
faithful,sincere,0
happy,unfortunate,1
equal,fellow,0
fresh,novel,0
smooth,soft,0
common,superior,1
low,small,0
transitory,permanent,1
outgoing,incoming,1
everyday,strange,1
righteous,holy,0
ultimate,first,1
detestable,abominable,0
everyday,casual,0
stubborn,inflexible,0
conventional,typical,0
big,mild,1
surprising,extraordinary,0
wrong,outside,1
positive,indisputable,0
last,best,1
stubby,long,1
uninvolved,involved,1
spiritual,bodily,1
trivial,common,0
internal,exterior,1
elusive,easy,1
resistant,susceptible,1
vertical,upright,0
grim,relentless,0
arrogant,high,0
sufficient,enough,0
strong,violent,0
unmixed,simple,0
fortunate,happy,0
normal,perpendicular,0
extraordinary,ordinary,1
sinful,criminal,0
central,middle,0
untraditional,traditional,1
bored,interested,1
insignificant,significant,1
inboard,outboard,1
subterranean,open,1
adjacent,near,0
light,thick,1
circular,perfect,0
brown,mahogany,0
connotative,denotative,1
corporeal,incorporeal,1
serious,sober,0
central,focal,0
good,propitious,0
awesome,amazing,0
disorderly,orderly,1
latter,last,0
basic,introductory,0
differential,special,0
overall,specific,1
pure,guiltless,0
profane,blasphemous,0
lay,professional,1
minimum,minimal,0
bad,negative,0
unmixed,pure,0
pure,impure,1
required,optional,1
fearless,courageous,0
volcanic,intrusive,1
soft,stony,1
small,large,1
tedious,boring,0
violent,natural,1
marked,unmarked,1
lifelong,short,1
great,foremost,0
fancy,plain,1
metaphorical,figurative,0
descriptive,prescriptive,1
close,careful,0
literal,FALSE,1
lateral,mesial,1
double,single,1
mandatory,required,0
rigid,inflexible,0
unleaded,leaded,1
idiographic,nomothetic,1
spurious,genuine,1
dangerous,severe,0
immaterial,incorporeal,0
nude,clothed,1
untrustworthy,trustworthy,1
lightweight,important,1
crude,refined,1
balanced,unbalanced,1
nationalistic,chauvinistic,0
atypical,normal,1
clever,ingenious,0
cold,mild,1
unable,impotent,0
violent,gentle,1
legitimate,illegitimate,1
big,handsome,0
enhanced,better,0
adjoining,adjacent,0
athletic,vigorous,0
comic,farcical,0
synchronous,asynchronous,1
decent,fair,0
systematic,methodical,0
sectional,local,0
flat,erect,1
straight,square,0
formal,external,0
fresh,smart,0
annoyed,pleased,1
frozen,unfrozen,1
chilling,cold,0
brief,succinct,0
nonessential,essential,1
stripped,bare,0
dirty,nasty,0
palmate,simple,1
extensive,wide,0
popular,public,0
apathetic,indifferent,0
uninterested,interested,1
foul,filthy,0
tall,lofty,0
alternative,primary,1
free,enslaved,1
dictatorial,democratic,1
tractable,intractable,1
bankrupt,solvent,1
hot,glowing,0
cold,original,1
old,aged,0
dirty,foul,0
abusive,fraudulent,0
meaningless,meaningful,1
treacherous,perfidious,0
autonomic,voluntary,1
arabian,arab,0
matriarchal,patriarchal,1
outspoken,vocal,0
unstable,stable,1
compressed,thick,1
octogenarian,young,1
ecumenical,general,0
untalented,talented,1
particular,exceptional,0
productive,profitable,0
significant,insignificant,1
visionary,practical,1
wry,dry,0
transnational,multinational,0
determinate,indeterminate,1
juicy,luscious,0
privy,secret,0
syllabic,accentual,1
smooth,hard,1
extraordinary,enormous,0
rough,exact,1
mammoth,small,1
respectable,good,0
unreal,real,1
angular,straight,1
grotesque,monstrous,0
dull,boring,0
soft,resistant,1
rusty,dark,0
horrible,awful,0
prominent,outstanding,0
automated,manual,1
interested,uninvolved,1
quick,hasty,0
frozen,icy,0
responsible,irresponsible,1
overbearing,tyrannical,0
loose,responsible,1
chief,master,0
last,likely,1
diploid,haploid,1
plain,ornate,1
active,prompt,0
tragic,dramatic,0
silent,calm,0
frank,forthright,0
latter,aforementioned,1
sure,uncertain,1
dangerous,grave,0
crucial,essential,0
abaxial,adaxial,1
elegant,polished,0
brackish,sweet,1
ambitious,bold,0
light,demanding,1
exuberant,rich,0
qualitative,quantitative,1
aerial,real,1
dolichocephalic,brachycephalic,1
immense,small,1
essential,incidental,1
disabled,crippled,0
serrate,smooth,1
unloaded,loaded,1
pernicious,wicked,0
hot,acrid,0
foul,fair,1
delicate,easy,1
previous,late,0
fleshy,slender,1
limpid,clear,0
strong,ardent,0
ineffective,effective,1
youthful,old,1
geometric,geometrical,0
kind,cruel,1
close,generous,1
thick,extreme,0
inconvenient,embarrassing,0
unpaid,professional,1
unfocused,focused,1
mental,physical,1
nocturnal,diurnal,1
somatic,parietal,0
wealthy,opulent,0
vast,narrow,1
tropical,cold,1
sublime,solemn,0
sacred,profane,1
inclined,horizontal,1
offensive,inoffensive,1
angry,troublesome,0
taxable,exempt,1
southern,south,0
brownish,brown,0
FALSE,mistaken,0
hostile,warlike,0
chauvinistic,nationalistic,0
cultured,refined,0
refreshing,old,1
interested,uninterested,1
compatible,incompatible,1
solid,profound,0
perpetual,eternal,0
additive,positive,0
mistaken,correct,1
subdued,soft,0
enormous,immense,0
deductive,inductive,1
logical,illogical,1
transferable,inalienable,1
accurate,incorrect,1
robust,forceful,0
crude,gross,0
grand,splendid,0
common,extraordinary,1
unipolar,bipolar,1
silent,noisy,1
noisy,silent,1
flat,dead,0
cool,uncool,1
important,valuable,0
painful,pleasant,1
waterlogged,marshy,0
deciduous,persistent,1
angular,sharp,0
compassionate,merciful,0
negative,good,1
courageous,fearless,0
illusory,real,1
impervious,pervious,1
spiritual,temporal,1
nice,pleasing,0
illiterate,educated,1
adequate,sufficient,0
gentle,wild,1
conscious,unconscious,1
compassionate,sympathetic,0
excited,calm,1
convenient,inconvenient,1
streaked,plain,1
gallant,brave,0
absurd,laughable,0
temporary,eternal,1
moral,incorruptible,0
standard,irregular,1
unripe,ripe,1
keen,intelligent,0
external,internal,1
natural,accustomed,0
unhappy,happy,1
dear,expensive,0
uncooked,cooked,1
terrestrial,arboreal,1
eloquent,articulate,0
kind,sympathetic,0
obedient,pious,0
viscous,thin,1
variant,same,1
uncivilized,barbaric,0
profound,superficial,1
sympathetic,compassionate,0
sweet,fair,0
imperial,supreme,0
inoffensive,harmless,0
sportive,serious,1
overt,covert,1
tricky,easy,1
voluntary,compulsory,1
fourteenth,14th,0
substantial,solid,0
disgusting,revolting,0
masculine,strong,0
perpendicular,horizontal,1
standard,nonstandard,1
sinhalese,sinhala,0
antagonistic,synergistic,1
wavy,straight,1
worldly,naive,1
gawky,awkward,0
irrational,unreasonable,0
safe,secure,0
oral,written,1
immoral,obscene,0
stark,desolate,0
resident,migratory,1
dangerous,critical,0
inexpensive,expensive,1
civilised,cultured,0
analog,digital,1
asexual,sexual,1
valiant,courageous,0
intuitive,deductive,1
present,past,1
secretive,private,0
gradual,abrupt,1
harsh,fine,1
disastrous,catastrophic,0
criminal,illegal,0
rich,gorgeous,0
grand,heroic,0
wicked,righteous,1
average,medium,0
heroic,grand,0
healthy,unhealthy,1
diminutive,large,1
assortative,disassortative,1
grand,stately,0
herbivorous,omnivorous,1
overcast,clear,1
landlocked,coastal,1
substantial,important,0
common,formal,1
evident,obvious,0
correct,inaccurate,1
good,distant,1
outspoken,frank,0
black,fortunate,1
common,frequent,0
genuine,counterfeit,1
bright,dark,1
exceptional,ordinary,1
venomous,toxic,0
round,exact,1
cheery,lively,0
peculiar,unusual,0
hazardous,safe,1
distinguished,celebrated,0
quantitative,qualitative,1
selfish,selfless,1
pink,pinkish,0
tilted,vertical,1
bisexual,female,1
compact,succinct,0
sonic,subsonic,1
arenaceous,argillaceous,1
sharp,pleasant,1
bare,simple,0
quick,impatient,0
dear,good,0
last,recent,0
low,light,0
venial,mortal,1
fertile,productive,0
experienced,green,1
zany,wacky,0
dead,active,1
natural,regular,0
record,low,0
ready,cheerful,0
divine,earthly,1
fraternal,paternal,1
accessible,inaccessible,1
high,mellow,0
bad,wicked,0
summary,abstract,0
fleshy,succulent,0
flippant,serious,1
tired,weary,0
familiar,common,0
bright,lively,0
synonymous,identical,0
subordinate,inferior,0
highbrow,lowbrow,1
bourgeois,conservative,0
sad,joyful,1
translucent,opaque,1
grey,young,1
economic,inefficient,1
unabridged,complete,0
soft,tough,1
genuine,authentic,0
mischievous,harmless,1
venerable,young,1
mexican,nahuatl,0
icy,arctic,0
indecent,decent,1
original,secondary,1
steady,unsteady,1
colossal,enormous,0
terrible,good,1
dishonorable,honorable,1
proportional,corresponding,0
bright,dim,1
amorphous,crystalline,1
longish,short,1
young,inexperienced,0
simple,homogenous,0
likely,agreeable,0
soft,mild,0
bleak,black,0
witty,sparkling,0
humble,lowly,0
disrespectful,uncivil,0
theoretical,empirical,1
superficial,trivial,0
glad,sad,1
brown,maroon,0
religious,strict,0
porous,impermeable,1
bad,genuine,1
obsolete,obscure,0
melodious,rich,0
inductive,deductive,1
thick,thin,1
blue,neutral,1
ineligible,eligible,1
zealous,ardent,0
covert,overt,1
serious,earnest,0
bare,covered,1
asian,asiatic,0
ornamental,fancy,0
pragmatic,philosophical,0
great,immense,0
predictable,unpredictable,1
practical,theoretical,1
mysterious,secret,0
new,experienced,1
easy,prosperous,0
biennial,perennial,1
operational,inactive,1
unequal,unjust,0
goofy,silly,0
black,mordant,0
gigantic,small,1
haughty,disdainful,0
religious,conscientious,0
cool,awkward,1
feeble,weak,0
popular,classic,1
popular,ordinary,0
insectivorous,carnivorous,1
smooth,bumpy,1
generous,magnanimous,0
divisional,whole,1
sore,severe,0
farthest,close,1
gracious,merciful,0
packed,full,0
unnamed,unknown,0
last,late,0
elevated,sublime,0
abundant,scarce,1
able,competent,0
tight,wet,0
habitual,usual,0
blank,full,1
aware,watchful,0
related,unrelated,1
mean,despicable,0
inclined,perpendicular,1
atomic,large,1
constant,invariant,0
destructive,creative,1
pure,stark,0
unfulfilled,successful,1
acyclic,cyclic,1
glacial,hot,1
whimsical,strange,0
specific,definite,0
uncertain,certain,1
rainy,sunny,1
hindu,indian,0
slow,fast,1
main,leading,0
respective,individual,0
identical,same,0
crenulate,smooth,1
responsive,unresponsive,1
boisterous,noisy,0
magnificent,grand,0
similar,such,0
polished,unpolished,1
intermediate,middle,0
tender,fond,0
enormous,tremendous,0
bright,smart,0
bare,plain,0
bare,barren,0
acid,alkali,1
whole,half,1
bright,vivid,0
shy,suspicious,0
regular,infrequent,1
mesial,distal,1
barren,sterile,0
artificial,contrived,0
tough,sturdy,0
negative,affirmative,1
undemocratic,democratic,1
contiguous,adjoining,0
quiet,noisy,1
adverse,favorable,1
far,close,1
slim,big,1
brittle,flexible,1
much,few,1
clockwise,counterclockwise,1
sublime,noble,0
emotional,excited,0
prime,original,0
sour,sweet,1
personal,movable,0
infallible,fallible,1
gentle,steep,1
unlawful,legal,1
needless,unnecessary,0
sharp,clever,0
unattractive,attractive,1
positive,certain,0
jealous,suspicious,0
hasty,quick,0
foundational,basic,0
pliable,elastic,0
crude,late,1
spoiled,bad,0
disinterested,uninterested,0
thoughtful,concerned,0
immoral,lewd,0
coniferous,deciduous,1
roomy,comfortable,0
divergent,parallel,1
overcast,cloudy,0
bottom,north,0
backward,undeveloped,0
tough,bad,0
oviparous,viviparous,1
immature,old,1
radical,extremist,0
frozen,liquid,1
unconventional,conventional,1
intense,deep,0
joint,concurrent,0
simple,natural,0
shallow,superficial,0
fruitful,barren,1
obligate,facultative,1
energetic,active,0
mistaken,right,1
stern,gloomy,0
unrestricted,restricted,1
patrilineal,matrilineal,1
FALSE,untrue,0
available,present,0
rural,suburban,1
typical,distinctive,0
lazy,active,1
audacious,bold,0
destructive,productive,1
normative,descriptive,1
renowned,eminent,0
foremost,first,0
vegetative,sexual,1
reverse,normal,1
south,southern,0
unfeasible,possible,1
definite,clear,0
ridiculous,idiotic,0
lean,fat,1
greek,ionic,0
common,strange,1
good,well,0
black,negro,0
hard,diffuse,1
happy,unhappy,1
sinuous,straight,1
unarmed,armed,1
slight,frail,0
furious,angry,0
erstwhile,former,0
sinful,wrong,0
disadvantaged,privileged,1
reluctant,eager,1
unpleasant,pleasant,1
diagonal,vertical,1
unsound,valid,1
trustworthy,faithful,0
heavy,clear,1
smallish,large,1
weak,soft,0
prior,previous,0
unique,usual,1
vulnerable,invulnerable,1
equatorial,polar,1
brilliant,bright,0
cogent,strong,0
blue,cheerful,1
lean,rich,1
confidential,secret,0
indian,amerindian,0
remote,primary,0
moderate,extreme,1
high,mighty,0
strange,uncommon,0
long,little,1
fluorescent,dark,1
herbivorous,insectivorous,1
correct,right,0
upcoming,present,1
renowned,unknown,1
monogenetic,polygenetic,1
ipsilateral,contralateral,1
czech,czechoslovakian,0
blessed,happy,0
catholic,narrow,1
popular,democratic,0
official,public,0
median,peripheral,1
nationalistic,international,1
fashionable,current,0
physiological,mental,1
wasteful,efficient,1
traditionalist,liberal,1
earnest,eager,0
alive,dead,1
warm,frozen,1
magical,mystical,0
periodic,aperiodic,1
plural,singular,1
positive,negative,1
eternal,immutable,0
central,nuclear,0
odd,left,0
nice,correct,0
great,powerful,0
endemic,indigenous,0
specific,overall,1
stingy,miserly,0
sudden,abrupt,0
peculiar,odd,0
moderate,intense,1
open,protected,1
identical,distinct,1
innocent,corrupt,1
large,tiny,1
healthy,vigorous,0
slender,large,1
stark,pure,0
inconceivable,conceivable,1
fitting,proper,0
low,loud,1
dry,sweet,1
worthy,excellent,0
secondary,dominant,1
democratic,aristocratic,1
luxurious,grand,0
black,somber,0
traditional,unorthodox,1
remarkable,conspicuous,0
mesic,xeric,1
confused,disorganized,0
energetic,forceful,0
matrilocal,patrilocal,1
strong,sound,0
delicate,luxurious,0
gross,specific,1
usual,odd,1
extended,little,1
different,similar,1
second,back,0
wrong,right,1
solitary,social,1
formal,exact,0
cosmopolitan,endemic,1
magnificent,brilliant,0
plain,intelligible,0
proportionate,disproportionate,1
argentinian,argentine,0
warlike,military,0
tedious,interesting,1
loaded,empty,1
logical,inconsistent,1
long,elongated,0
widespread,specific,1
rare,thick,1
elevated,grand,0
articulate,inarticulate,1
negative,damaging,0
gaseous,liquid,1
important,esteemed,0
isolated,integrated,1
unobstructed,clear,0
fruitful,productive,0
lone,only,0
constant,determined,0
pictorial,vivid,0
renowned,notable,0
specific,universal,1
sudden,unexpected,0
playable,unplayable,1
viscous,glutinous,0
sharp,abrupt,0
adjoining,contiguous,0
polite,rude,1
affectionate,stern,1
infinite,finite,1
undersized,large,1
separate,collective,1
mighty,big,0
embryonic,mature,1
extensive,little,1
respectable,proper,0
brackish,fresh,1
awesome,awful,0
refined,elegant,0
uniform,heterogeneous,1
anti,pro,1
masculine,neuter,1
binaural,monaural,1
civil,uncivil,1
useless,useful,1
unacceptable,unwelcome,0
crowded,full,0
naive,informed,1
aperiodic,periodic,1
relational,absolute,1
sharp,sour,0
plain,patterned,1
familiar,strange,1
median,average,0
arbitrary,despotic,0
premier,last,1
coastal,inland,1
due,suitable,0
passive,active,1
constant,immutable,0
prospective,future,0
serene,bright,0
immediate,slow,1
inaccessible,available,1
equivocal,uncertain,0
banal,trite,0
comprehensive,exclusive,1
close,secret,0
foul,poor,0
transverse,cross,0
achievable,impossible,1
maximum,minimum,1
intrastate,interstate,1
workable,impossible,1
impolite,polite,1
unnecessary,necessary,1
bloodless,bloody,1
bloody,gory,0
pompous,arrogant,0
strange,extraordinary,0
leaky,tight,1
last,net,0
inedible,edible,1
medium,raw,1
mountainous,small,1
farsighted,nearsighted,1
uncertain,variable,0
white,colourful,1
fleshy,bony,1
commensurable,incommensurable,1
brutal,humane,1
northeastern,south,1
moist,dry,1
dark,cheerful,1
prescriptive,normative,0
impracticable,impossible,0
original,last,1
contradictory,compatible,1
pure,real,0
ultimate,proximate,1
important,unimportant,1
unwise,wise,1
unsteady,steady,1
incompatible,consistent,1
12th,twelfth,0
benevolent,kind,0
bountiful,generous,0
intrinsic,innate,0
reclusive,public,1
minimal,minimum,0
gallant,heroic,0
generous,noble,0
safe,unsafe,1
damp,humid,0
insane,sane,1
permeable,impermeable,1
stately,formal,0
fried,raw,1
median,distal,1
universal,total,0
overbearing,insolent,0
unfamiliar,familiar,1
deficient,inferior,0
witty,sharp,0
positive,actual,0
sexless,sexual,1
undercover,secret,0
contrary,repugnant,0
distinct,same,1
depraved,corrupt,0
passive,violent,1
lyric,dramatic,1
online,offline,1
malign,benign,1
salty,briny,0
vivid,spirited,0
subdued,bright,1
red,crimson,0
incompetent,competent,1
optional,obligatory,1
manual,automatic,1
common,vulgar,0
strict,severe,0
relative,absolute,1
manifest,visible,0
great,swell,0
early,late,1
single,double,1
uniform,irregular,1
costly,inexpensive,1
explosive,stable,1
medicinal,medical,0
superior,junior,1
contrary,favourable,1
petty,little,0
cloudy,clear,1
inaccurate,incomplete,0
proactive,passive,1
abnormal,extraordinary,0
sober,serious,0
wide,accurate,1
worth,valuable,0
wary,careful,0
questionable,uncertain,0
collateral,direct,1
sure,permanent,0
interesting,funny,0
sturdy,firm,0
tangible,intangible,1
harmful,beneficial,1
visual,visible,0
purple,imperial,0
tranquil,quiet,0
convenient,fit,0
aromatic,aliphatic,1
singular,remarkable,0
comparable,incomparable,1
notable,prominent,0
accurate,nice,0
spanish,castilian,0
oval,elliptic,0
northwest,south,1
lawless,unruly,0
mod,modern,0
premiere,last,1
comic,tragic,1
cortical,external,0
strong,hardy,0
sadistic,masochistic,1
hypothetical,actual,1
tart,tangy,0
graceful,refined,0
stout,thin,1
flat,dull,0
cooperative,separate,1
incomplete,imperfect,0
untried,untested,0
sober,intoxicated,1
lustrous,bright,0
deceitful,cunning,0
remote,close,1
hellish,heavenly,1
ironic,dry,0
unobtainable,available,1
consistent,heterogeneous,1
final,eventual,0
gray,immature,1
pleasant,unpleasant,1
mundane,routine,0
normal,paranormal,1
novel,rare,0
primary,original,0
tame,wild,1
demonic,satanic,0
sad,touching,0
explicit,implicit,1
tragic,terrible,0
liberal,broad,0
coastal,littoral,0
democratic,undemocratic,1
connected,wireless,1
high,tall,0
xeric,mesic,1
secure,certain,0
lengthy,short,1
orthodox,heretical,1
spicy,savory,0
contingent,impossible,1
spiritual,pure,0
contemporary,archaic,1
questionable,controversial,0
heavy,leaden,0
considerable,fair,0
natural,native,0
square,straight,0
delicate,exquisite,0
ordinary,medium,0
personalized,individualized,0
intense,acute,0
eccentric,whimsical,0
basilar,inferior,0
blank,vacant,0
FALSE,honest,1
trite,banal,0
free,exact,1
common,commonplace,0
breezy,brisk,0
tolerant,kind,0
simple,compound,1
venomous,deadly,0
unable,strong,1
cerebral,emotional,1
barbarian,foreign,0
elementary,hard,1
synthetic,analytic,1
eccentric,conventional,1
definite,precise,0
polar,same,1
monochromatic,colorful,1
unwholesome,wholesome,1
little,large,1
sundry,various,0
incredible,credible,1
unknown,known,1
super,little,1
considerable,large,0
precious,dear,0
available,unavailable,1
instinctive,intuitive,0
firm,stiff,0
interesting,exciting,0
offensive,rude,0
known,unknown,1
minimal,maximum,1
outside,indoor,1
logical,irrational,1
actual,very,0
direct,alternating,1
poignant,moving,0
individual,common,1
unlucky,lucky,1
innocent,criminal,1
dangerous,delicate,0
broad,plain,0
near,immediate,0
innate,intrinsic,0
informative,illuminating,0
limited,qualified,0
antisocial,social,1
intimate,close,0
victorious,unsuccessful,1
coarse,fine,1
ferocious,barbarous,0
fugitive,long,1
official,private,1
superb,fine,0
single,multiple,1
uncertain,sure,1
erroneous,FALSE,0
archetypal,original,0
muddy,clear,1
erroneous,misleading,0
specific,general,1
individual,general,1
sorry,good,1
common,customary,0
glad,pleased,0
isotonic,hypotonic,1
devout,holy,0
romantic,picturesque,0
gentle,aristocratic,0
FALSE,constant,1
logical,sound,0
unlikely,probable,1
equipped,unprepared,1
faint,weak,0
unsupportive,supportive,1
clear,thick,1
gloomy,melancholy,0
ordinary,customary,0
inverse,direct,1
alcoholic,strong,0
hot,brisk,0
chemical,analytical,0
strong,sticky,0
sound,unharmed,0
imperfective,perfective,1
sullen,dark,0
impure,immoral,0
illiquid,liquid,1
anxious,restless,0
multinational,national,1
balmy,mild,0
muddy,dry,1
passionate,ardent,0
average,median,0
quiet,undisturbed,0
nice,kind,0
late,former,0
low,proud,1
asynchronous,synchronous,1
painless,hard,1
rural,rustic,0
amateur,corinthian,0
watery,liquid,0
outdoor,indoor,1
virtuous,brave,0
secret,unclassified,1
respective,particular,0
thorough,good,0
thermal,cold,1
black,open,1
untrammeled,free,0
valid,powerful,0
dissimilar,like,1
principal,primary,0
surgical,medical,1
consecutive,nonconsecutive,1
selective,inclusive,1
free,barren,0
archaic,primitive,0
adept,skillful,0
spiritual,intellectual,0
positive,informal,1
spontaneous,voluntary,0
static,changeable,1
unknown,nameless,0
avoidable,unavoidable,1
secret,privy,0
lonely,solitary,0
useful,advantageous,0
persian,iranian,0
brave,weak,1
clear,cloudy,1
19th,nineteenth,0
potent,influential,0
brachycephalic,dolichocephalic,1
doable,impossible,1
popular,classical,1
unlike,similar,1
copious,full,0
high,fragrant,1
young,grown,1
unwarranted,unfounded,0
urban,rustic,1
available,advantageous,0
fresh,tired,1
fantastic,ordinary,1
heavy,hard,0
public,individual,1
informed,uninformed,1
princely,royal,0
affirmative,neutral,1
sincere,frank,0
sham,real,1
red,cochineal,0
aged,young,1
sparkling,witty,0
pretty,neat,0
tacit,explicit,1
good,advantageous,0
stiff,formal,0
auspicious,inauspicious,1
other,familiar,1
symptomatic,asymptomatic,1
good,unskilled,1
outstanding,distinguished,0
indecisive,decisive,1
stationary,moving,1
conventional,artificial,0
sweet,gracious,0
aquatic,amphibious,1
incomplete,complete,1
accessible,ready,0
endemic,foreign,1
manual,mechanical,1
intact,broken,1
discrete,integrated,1
rear,early,0
reckless,negligent,0
precise,incorrect,1
mental,interior,0
thin,significant,1
penal,legal,1
western,west,0
frank,generous,0
hard,firm,0
pubescent,hairless,1
counterfeit,genuine,1
homophonic,polyphonic,1
detailed,particular,0
coercive,compulsory,0
juvenile,mature,1
dull,awkward,0
recent,old,1
particular,special,0
opposed,hostile,0
semiaquatic,terrestrial,1
capable,comprehensive,0
filthy,impure,0
abominable,detestable,0
sane,crazy,1
wise,skillful,0
roman,oblique,1
doubtful,certain,1
reliable,certain,0
cathartic,purgative,0
unaware,ignorant,0
tight,whole,0
square,even,0
concise,succinct,0
volatile,constant,1
original,pristine,0
good,merciful,0
famed,famous,0
undefined,vague,0
good,adapted,0
warty,smooth,1
untrue,TRUE,1
dead,deceased,0
intrinsic,real,0
upright,vertical,0
morbid,grim,0
naive,experienced,1
enormous,little,1
ugly,beautiful,1
peculiar,singular,0
first,foremost,0
subsonic,transonic,1
concentrated,hard,0
aqueous,igneous,1
different,identical,1
horrid,good,1
optional,compulsory,1
stupid,intelligent,1
fake,bogus,0
moral,physical,1
cheap,inexpensive,0
wonderful,surprising,0
constant,solid,0
unwitting,witting,1
coarse,refined,1
humane,inhumane,1
unabridged,abridged,1
deep,narrow,1
sticky,viscid,0
barbarous,foreign,0
final,extreme,0
many,numerous,0
heartfelt,earnest,0
unique,multiple,1
native,creole,0
artificial,natural,1
safe,good,0
particular,respective,0
ongoing,past,1
dull,sharp,1
wary,cautious,0
filthy,obscene,0
informative,normative,1
few,many,1
short,brittle,0
stupid,dumb,0
charming,amiable,0
transparent,thick,1
sick,crazy,0
dual,single,1
mental,emotional,0
vertical,horizontal,1
thinkable,unthinkable,1
early,other,0
dangerous,bad,0
inaccessible,accessible,1
general,local,1
mythical,fictitious,0
ultrasonic,infrasonic,1
thick,great,0
short,sufficient,1
angry,dark,0
destitute,free,0
effective,good,0
fine,thick,1
obtuse,acute,1
handy,ready,0
supporting,second,0
cancerous,noncancerous,1
destructive,constructive,1
inadmissible,admissible,1
stereo,monaural,1
justifiable,excusable,0
usual,strange,1
natural,processed,1
moderate,steep,1
minuscule,tiny,0
damp,dry,1
gloomy,light,1
unusual,commonplace,1
incidental,accidental,0
green,recent,0
pragmatic,realistic,0
sad,sorrowful,0
sparkling,lively,0
lackluster,mediocre,0
upset,unhappy,0
ovoviviparous,oviparous,1
deep,rich,0
treacherous,safe,1
prescriptive,proscriptive,1
woolly,hairless,1
clean,light,0
erroneous,right,1
formal,stately,0
lucrative,profitable,0
white,cold,1
unhelpful,helpful,1
tremendous,little,1
regulated,unregulated,1
distant,faint,0
great,ordinary,1
westerly,western,0
pitiful,sad,0
ready,fitted,0
surprised,unexpected,0
depressed,thick,1
informative,uninformative,1
operative,effective,0
underground,subterranean,0
married,single,1
raucous,rough,0
favorable,conducive,0
strict,rigorous,0
mere,pure,0
short,crisp,0
efficient,inefficient,1
confidential,private,0
miserable,bad,0
tortuous,oblique,0
skillful,able,0
short,tall,1
slack,tense,1
bony,skeletal,0
sympathomimetic,adrenergic,0
contradictory,consistent,1
heavy,lean,1
awesome,cool,0
unchanging,stable,0
good,beneficial,0
thin,slight,0
thin,important,1
confederate,northern,1
unnatural,abnormal,0
recent,late,0
ornamental,decorative,0
reddish,neutral,1
triploid,diploid,1
shaggy,smooth,1
pious,devout,0
sour,dark,0
dark,active,1
eminent,celebrated,0
recent,obsolete,1
callous,unfeeling,0
abnormal,normal,1
postnatal,perinatal,1
unfinished,incomplete,0
rotten,fresh,1
obsessional,compulsive,0
geocentric,heliocentric,1
horizontal,inclined,1
flamboyant,plain,1
legitimate,illegal,1
posterior,anterior,1
possible,impossible,1
transparent,translucent,0
deserving,undeserving,1
cardinal,ordinal,1
dishonest,honest,1
equal,parallel,0
pronounced,broad,0
insufficient,sufficient,1
unlimited,limited,1
total,sum,0
upper,inferior,1
uniform,constant,0
troublesome,easy,1
brawny,muscular,0
free,liberated,0
busy,idle,1
absurd,illogical,0
useful,beneficial,0
simple,harmless,0
unfounded,wild,0
tidy,neat,0
apolitical,political,1
minor,major,1
linear,nonlinear,1
pregnant,significant,0
hooked,curved,0
inflammatory,healthy,1
worldwide,local,1
accurate,wrong,1
grim,unforgiving,0
unfeeling,callous,0
unwritten,written,1
castilian,spanish,0
warm,comfortable,1
bare,full,1
right,suitable,0
sacred,secular,1
moody,gloomy,0
righteous,honest,0
early,precocious,0
carnivorous,omnivorous,1
good,unfortunate,1
pale,sickly,0
wanton,malicious,0
neuter,masculine,1
involuntary,voluntary,1
immediate,instant,0
molecular,molar,1
moody,sad,0
spiritual,secular,1
beautiful,lustrous,0
meaningless,insignificant,0
susceptible,sensitive,0
like,different,1
shallow,deep,1
cruel,savage,0
joint,siamese,0
magnanimous,generous,0
constant,consistent,0
compressed,open,1
conditional,absolute,1
civilized,uncivilized,1
open,restricted,1
docile,compliant,0
diamagnetic,ferromagnetic,1
inauspicious,unlucky,0
eldest,last,1
sentimental,tough,1
vestigial,developed,1
amazing,awesome,0
lipophilic,polar,1
tame,mild,0
heterogeneous,homogenous,1
petite,small,0
unselfish,generous,0
jumbo,small,1
like,opposite,1
alternative,conventional,1
lesbian,erotic,0
continuous,discontinuous,1
uninformative,informative,1
interstate,intrastate,1
monogamous,polygamous,1
chronic,acute,1
extreme,last,0
extensive,broad,0
FALSE,right,1
grey,immature,1
poor,rich,1
inconsistent,contradictory,0
insightful,thoughtful,0
diverse,various,0
transient,recurrent,1
active,extinct,1
grand,extensive,0
unproductive,productive,1
vinegary,sweet,1
mixed,confused,0
ovoviviparous,viviparous,1
heterotrophic,autotrophic,1
easy,scarce,1
eternal,short,1
honest,candid,0
singular,dual,1
compassionate,cold,1
exceptional,unusual,0
caudal,anterior,1
sandy,clayey,1
noble,free,0
joint,concerted,0
vulgar,mean,0
former,other,0
excited,unexcited,1
manual,mental,1
large,unimportant,1
transitive,intransitive,1
secret,clandestine,0
careful,cautious,0
informal,formal,1
likely,credible,0
stubborn,persistent,0
easterly,eastern,0
blunt,harsh,0
skilled,unskilled,1
cosmopolitan,universal,0
magnetic,magnetized,0
noted,famous,0
brutal,coarse,0
fertile,rich,0
single,common,1
clear,troubled,1
visual,invisible,1
remote,likely,1
ascetic,severe,0
sweet,sugary,0
smart,sharp,0
posterior,prior,1
spiritual,material,1
witty,satirical,0
simple,complex,1
frontal,posterior,1
deceased,alive,1
obscure,conspicuous,1
subsonic,sonic,1
petty,important,1
clean,fair,0
subject,inferior,0
dumb,mute,0
good,suitable,0
aberrant,normal,1
brief,abstract,0
contrary,favorable,1
isolated,insular,0
soft,bright,1
second,cardinal,1
bright,shiny,0
meaningful,meaningless,1
unpaid,paid,1
exhaustive,thorough,0
brown,blond,1
great,large,0
middle,intermediate,0
esoteric,exoteric,1
disconnected,fragmented,0
epidemic,endemic,1
notable,noted,0
aliphatic,fatty,0
difficult,laborious,0
side,top,1
straight,corrupt,1
rough,kind,1
alone,separate,0
furious,calm,1
univocal,equivocal,1
forensic,controversial,0
imperious,arrogant,0
unwilling,willing,1
special,secondary,1
rich,scarce,1
unused,old,1
rude,polite,1
sizable,small,1
acidic,basic,1
several,distinct,0
hurtful,harmful,0
attenuated,weakened,0
deviant,normal,1
full,complete,0
amazed,stunned,0
vitriolic,bitter,0
elongate,elongated,0
peculiar,individual,0
fearless,intrepid,0
impressive,powerful,0
problematic,easy,1
deluxe,grand,0
awkward,embarrassing,0
hairy,rough,0
necessary,requisite,0
local,global,1
previous,former,0
peculiar,specific,0
transonic,supersonic,1
drunk,drunken,0
singular,extraordinary,0
hot,blistering,0
neat,straight,0
ornamental,functional,1
magical,hermetic,0
unemotional,cold,0
total,entire,0
first,inaugural,0
solemn,impressive,0
humorous,witty,0
polite,impolite,1
little,important,1
crisp,hot,1
faint,distinct,1
absolute,ultimate,0
great,big,0
resilient,fragile,1
consistent,inconsistent,1
individual,dependent,1
seminal,innovative,0
corporeal,spiritual,1
totalitarian,democratic,1
decidable,computable,0
mediocre,superior,1
external,intrinsic,1
net,gross,1
affectionate,devoted,0
cheerful,bright,0
moral,legal,1
sullen,moody,0
exculpatory,inculpatory,1
barren,stark,0
recent,ancient,1
transparent,corrupt,1
favorite,favourite,0
willing,voluntary,0
flexible,pliant,0
clumsy,unwieldy,0
capacious,broad,0
mystic,secret,0
slim,large,1
mature,immature,1
white,dark,1
hard,strict,1
dim,dull,0
national,foreign,1
whitish,clear,1
comfortable,poor,1
homeless,fortunate,1
dominant,predominant,0
terrible,horrific,0
good,complete,0
thin,broad,1
disloyal,loyal,1
homosexual,bisexual,1
intelligent,unintelligent,1
tough,easy,1
swampy,marshy,0
eminent,famous,0
short,abrupt,0
ugly,repulsive,0
spacious,little,1
ordinary,mediocre,0
weird,wild,0
haemorrhagic,hemorrhagic,0
bloody,infamous,0
vertebral,spinal,0
solitary,individual,0
immune,free,0
militant,peaceful,1
great,bad,1
light,compact,1
undefeated,winless,1
famous,notable,0
sensational,melodramatic,0
long,lengthy,0
whole,fractional,1
inflectional,derivational,1
irrational,rational,1
possible,actual,1
swift,slow,1
pallid,pale,0
abstract,concrete,1
entire,rough,1
direct,collateral,1
diligent,careful,0
gross,net,1
capitalist,socialist,1
hot,beautiful,0
famous,brilliant,0
quiet,tranquil,0
vocalic,consonantal,1
intact,damaged,1
black,good,1
grotesque,funny,0
accurate,exact,0
awful,terrible,0
nice,good,0
original,commonplace,1
thin,skinny,0
loud,quiet,1
serial,synchronous,1
wrong,faulty,0
troubled,dark,0
cut,rough,1
deep,muddy,0
accurate,particular,0
broad,wide,0
normal,typical,0
deflationary,inflationary,1
oviparous,ovoviviparous,1
horrible,shocking,0
wild,unfounded,0
criminal,burglar,0
ovoid,oval,0
latter,recent,0
admissible,inadmissible,1
imaginary,poetic,0
uniform,regular,0
dignified,noble,0
truncated,long,1
safe,out,1
secret,confidential,0
important,influential,0
sacred,consecrated,0
important,insignificant,1
unconditional,conditional,1
unjust,unequal,0
cosmic,vast,0
contingent,certain,1
icy,distant,0
pessimistic,optimistic,1
sextuple,single,1
repugnant,offensive,0
inhumane,humane,1
talkative,silent,1
intermediate,terminal,1
symbolic,typical,0
leading,following,1
likeable,unlikeable,1
capitalistic,socialistic,1
dirty,nice,1
fair,unfair,1
clandestine,private,0
amusing,dull,1
bilateral,asymmetric,1
inquisitive,curious,0
stable,reactive,1
incandescent,hot,0
formal,normal,0
finished,unfinished,1
good,unhealthy,1
disreputable,reputable,1
nuclear,conventional,1
latin,catholic,0
incised,simple,1
faint,strong,1
angry,sharp,0
beneficial,useful,0
improper,regular,1
nitric,nitrous,1
synonymous,nonsynonymous,1
mysterious,hidden,0
open,apparent,0
gross,serious,0
basic,last,1
voluntary,obligatory,1
relevant,significant,0
honest,dependable,0
green,unripe,0
disturbed,distressed,0
ignoble,noble,1
fresh,dry,1
unattainable,possible,1
lavish,poor,1
intricate,complicated,0
nonchalant,casual,0
limpid,pure,0
fashionable,unfashionable,1
lustrous,glossy,0
unreliable,reliable,1
bare,naked,0
salient,striking,0
broad,coarse,0
heavy,oppressive,0
inefficient,efficient,1
dead,inactive,0
fragile,important,1
beneficial,detrimental,1
adequate,equal,0
dark,coloured,0
broad,little,1
chief,primary,0
stout,bulky,0
potential,powerful,0
definitive,final,0
unthinkable,inconceivable,0
incomprehensible,comprehensible,1
due,fit,0
hipped,gabled,1
tranquil,peaceful,0
unfriendly,hostile,0
rough,boisterous,0
parthenogenetic,sexual,1
blunt,outspoken,0
brittle,crisp,0
anabolic,catabolic,1
soft,solid,1
incomplete,defective,0
wicked,corrupt,0
cancerous,benign,1
toothed,serrated,0
giant,little,1
direct,inverse,1
clear,plain,0
heavy,thin,1
southern,boreal,1
dour,grim,0
toothed,jagged,0
wise,foolish,1
credible,believable,0
ready,speedy,0
secretive,close,0
unimportant,significant,1
sympathetic,appealing,0
unhappy,glad,1
challenging,easy,1
unsure,sure,1
succinct,concise,0
anisotropic,isotropic,1
extra,necessary,1
amiable,genial,0
same,similar,0
juridical,legal,0
old,future,1
affable,friendly,0
suspicious,jealous,0
murky,muddy,0
royal,monarchical,0
revolutionary,old,1
defenceless,helpless,0
stiff,rigid,0
conclusive,final,0
explicit,express,0
severe,mild,1
tonal,atonal,1
daily,formal,1
elegant,tasteful,0
valorous,brave,0
dubious,certain,1
scabrous,smooth,1
affirmative,positive,0
gay,glad,0
incorrect,proper,1
primary,immediate,0
illicit,criminal,0
clayey,sandy,1
vocal,instrumental,1
unconstitutional,constitutional,1
endothermic,exothermic,1
daytime,nighttime,1
single,weak,0
alkaline,acidic,1
social,asocial,1
impractical,practical,1
particular,critical,0
risky,speculative,0
globular,spherical,0
private,solitary,0
muscular,weak,1
foolish,wise,1
neutral,subjective,1
microscopic,large,1
right,wrong,1
subject,dependent,0
live,prerecorded,1
nervous,excitable,0
hasty,deliberate,1
islamic,muslim,0
polyploid,diploid,1
genuine,native,0
vast,little,1
dependent,main,1
heretical,orthodox,1
large,insignificant,1
descendant,ascendant,1
contorted,straight,1
intimate,cozy,0
good,excellent,0
alert,vigilant,0
further,near,1
reasonable,irrational,1
open,sealed,1
precise,inconsistent,1
living,dead,1
easy,difficult,1
painful,annoying,0
nonpolitical,political,1
square,sharp,0
grateful,ungrateful,1
calm,quiet,0
matrilineal,patrilineal,1
independent,sovereign,0
benevolent,malevolent,1
inflationary,deflationary,1
systematic,unsystematic,1
cancellous,trabecular,0
overweight,obese,0
dirty,lewd,0
numerical,mathematical,0
conservative,liberal,1
preventive,prophylactic,0
same,distinct,1
quick,speedy,0
raspy,harsh,0
violet,purple,0
collective,separate,1
readable,legible,0
renowned,famous,0
continuous,extended,0
alive,active,0
hard,good,1
norwegian,norse,0
uncomplicated,complicated,1
ordinary,unusual,1
external,visible,0
local,territorial,0
aromatic,spicy,0
minuscule,large,1
scurrilous,abusive,0
thin,inadequate,0
capable,competent,0
scarce,rare,0
elaborate,detailed,0
efficient,potent,0
light,serious,1
sensitive,resistant,1
flat,linear,1
treeless,wooded,1
practical,impractical,1
criminal,right,1
chinese,celestial,0
plain,normal,0
silver,precious,0
casual,hard,1
rounded,full,0
disloyal,treacherous,0
malevolent,benevolent,1
antiquated,old,0
fast,sound,0
polluted,pure,1
inelastic,elastic,1
scarce,abundant,1
practical,ideal,1
refined,polished,0
soft,difficult,1
fictional,real,1
widespread,limited,1
brown,bronze,0
happy,unwilling,1
yellow,neutral,1
lousy,good,1
terrestrial,aerial,1
fine,skillful,0
gracious,friendly,0
charitable,benevolent,0
disjunctive,conjunctive,1
uncompromising,strict,0
low,high,1
backward,forward,1
viscid,sticky,0
like,comparable,0
able,incapable,1
adequate,insufficient,1
head,top,0
murky,clear,1
ethnic,religious,1
large,plentiful,0
primary,secondary,1
casual,regular,1
reciprocal,direct,1
hard,weak,1
prominent,notable,0
equivalent,equal,0
young,immature,0
purebred,crossbred,1
unstable,precarious,0
con,pro,1
ostensible,apparent,0
interesting,boring,1
poetic,creative,0
nasal,low,1
excessive,deadly,0
dual,double,0
jealous,anxious,0
sole,solitary,0
frank,outspoken,0
unconscious,unintentional,0
needy,poor,0
fatty,greasy,0
lively,vigorous,0
humble,noble,1
unbalanced,equal,1
galactic,small,1
indefinite,definite,1
untrustworthy,unreliable,0
grim,blue,0
nonprofessional,professional,1
truthful,untruthful,1
rich,bountiful,0
derogatory,complimentary,1
superficial,important,1
unworthy,good,1
silly,serious,1
new,late,1
furious,frantic,0
unorthodox,orthodox,1
short,insufficient,0
impromptu,prepared,1
spinous,spiny,0
definable,indefinable,1
arrogant,proud,0
rocky,stony,0
bookish,studious,0
horny,hard,0
enough,deficient,1
tense,relaxed,1
poor,mean,0
fiery,impassioned,0
geographical,geographic,0
impoverished,rich,1
accustomed,unusual,1
indifferent,interested,1
frantic,frenetic,0
vicious,wicked,0
various,sundry,0
moderate,slow,0
international,national,1
blunt,sharp,1
sandy,gritty,0
internal,external,1
hateful,repugnant,0
plentiful,scarce,1
outbound,inbound,1
vulgar,refined,1
excited,awake,0
sound,safe,0
irrelevant,relevant,1
upstairs,downstairs,1
problematic,uncertain,0
unused,used,1
illiterate,literate,1
downtown,uptown,1
immature,ripe,1
inhuman,savage,0
right,left,1
silken,smooth,0
tiny,large,1
inevitable,unavoidable,0
summary,short,0
incoming,outgoing,1
fertile,fruitful,0
peppery,hot,0
predatory,carnivorous,0
foggy,clear,1
prominent,striking,0
exterior,interior,1
uncritical,critical,1
global,round,0
exothermic,endothermic,1
homogeneous,like,0
violent,rude,0
fair,ugly,1
secret,public,1
moral,ethic,0
common,universal,0
treble,single,1
anniversary,annual,0
windy,calm,1
stiff,severe,0
fake,FALSE,0
arduous,easy,1
unique,unmatched,0
cheerful,lively,0
vested,conditional,1
stocky,tall,1
worthless,miserable,0
incommunicable,communicable,1
positive,unsure,1
unique,single,0
kind,generous,0
bad,valid,1
complete,imperfect,1
strange,slow,0
small,slender,0
bad,fresh,1
original,genuine,0
agreeable,disagreeable,1
unsuitable,fit,1
difficult,manageable,1
less,minor,0
angular,rounded,1
suitable,unsuitable,1
synchronic,diachronic,1
temporal,permanent,1
secret,secretive,0
inactive,active,1
intermediate,medium,0
TRUE,honest,0
ductile,tensile,0
different,like,1
verbal,mathematical,1
great,superior,0
skillful,clever,0
brutal,unfeeling,0
meditative,reflective,0
discrete,joint,1
solemn,festive,0
close,inaccurate,1
dead,complete,0
bold,daring,0
plain,open,0
binary,single,1
white,colorful,1
violent,nonviolent,1
extraordinary,wonderful,0
utopian,unrealistic,0
nominal,maximum,1
objective,fair,0
imprecise,precise,1
fearless,heroic,0
extraordinary,remarkable,0
hard,severe,0
creamy,thin,1
facultative,obligatory,1
insipid,weak,0
argillaceous,arenaceous,1
despotic,authoritarian,0
silky,dull,1
considerable,small,1
amateurish,professional,1
bloody,damn,0
close,faithful,0
weak,powerful,1
pensive,meditative,0
vital,viable,0
rare,singular,0
nationalist,international,1
low,simple,0
grand,small,1
spare,necessary,1
deep,colorless,1
relevant,relative,0
sacred,dedicated,0
fantastic,grotesque,0
external,outside,0
kind,gracious,0
vicious,virtuous,1
archeological,archaeological,0
sneaky,underhanded,0
prime,primary,0
beautiful,lovely,0
extreme,mild,1
barbaric,civilized,1
clinical,subjective,1
immediate,prompt,0
indeterminate,determinate,1
coherent,incoherent,1
grammatical,ungrammatical,1
small,soft,0
adequate,suitable,0
big,soft,1
merry,joyous,0
heroic,little,1
verifiable,theoretical,1
voiceless,voiced,1
unfeeling,cold,0
paternal,maternal,1
ready,quick,0
symmetrical,asymmetric,1
sharp,keen,0
bright,sunny,0
unsuitable,good,1
young,late,1
monomorphic,polymorphic,1
dark,blonde,1
excess,necessary,1
alive,extinct,1
severe,minor,1
hazardous,dangerous,0
multilateral,unilateral,1
flat,vocal,0
pop,classical,1
powdery,dark,1
oval,angular,1
herbivorous,carnivorous,1
internal,inside,0
incorrect,improper,0
total,incomplete,1
strong,stiff,0
unstructured,structured,1
vernacular,literary,1
void,valid,1
7th,seventh,0
stable,unstable,1
popular,unpopular,1
mental,subjective,0
plain,level,0
unskilled,professional,1
airy,delicate,0
customary,habitual,0
ventral,abdominal,0
bald,hairy,1
visceral,cerebral,1
perfect,imperfect,1
unpredictable,predictable,1
imaginable,conceivable,0
metaphorical,literal,1
wholesome,sound,0
heavy,gradual,1
affluent,rich,0
inner,external,1
free,frank,0
close,far,1
fine,thin,0
towering,high,0
slow,gradual,0
infeasible,possible,1
numerous,few,1
loyal,disloyal,1
moderate,decent,0
arched,straight,1
declarative,interrogative,1
vulgar,coarse,0
diatonic,chromatic,1
inert,active,1
broad,specific,1
incapable,unfit,0
ingenious,clever,0
constitutional,inherent,0
obligatory,optional,1
red,magenta,0
unrefined,refined,1
stagnant,dead,0
boggy,marshy,0
analogous,homologous,1
vigilant,watchful,0
farthest,near,1
different,alike,1
raw,cooked,1
huge,small,1
peripheral,central,1
oblique,direct,1
nonsensical,meaningless,0
brutal,unrelenting,0
pistillate,male,1
vast,wide,0
royal,imperial,0
associative,nonassociative,1
intricate,simple,1
slender,broad,1
nineteenth,19th,0
impure,filthy,0
aware,mindful,0
formal,representational,1
narrow,accurate,0
bent,vertical,1
enteric,intestinal,0
thick,mild,1
TRUE,exact,0
abrupt,sharp,0
enough,insufficient,1
deputy,vice,0
negative,positive,1
diminutive,augmentative,1
good,useful,0
organic,structural,0
imported,native,1
interior,exterior,1
confidential,public,1
overbearing,arrogant,0
urban,rural,1
honest,open,0
royal,purple,0
earthly,low,0
gentle,docile,0
brave,fearless,0
dangerous,perilous,0
relevant,irrelevant,1
desirable,pleasing,0
murky,dark,0
stative,dynamic,1
quick,fresh,0
characteristic,peculiar,0
fat,lean,1
inessential,essential,1
smooth,rocky,1
liquid,gaseous,1
unwarranted,unjustified,0
round,large,0
unbiased,impartial,0
particular,general,1
forthcoming,present,1
apparent,obvious,0
colloquial,formal,1
bad,harmless,1
sassy,wise,0
lenient,soft,0
religious,devotional,0
kinky,straight,1
logical,absurd,1
global,local,1
truthful,reliable,0
denominational,sectarian,0
essential,nonessential,1
toothed,smooth,1
small,lowly,0
rich,poor,1
gross,obscene,0
distinct,unclear,1
sad,good,1
ingenious,subtle,0
enthusiastic,ardent,0
mandatory,compulsory,0
like,probable,0
gorgeous,beautiful,0
passive,peaceful,0
positive,confident,0
marginal,profitable,1
interesting,uninteresting,1
promiscuous,common,0
inflammable,flammable,0
impregnable,strong,0
commercial,noncommercial,1
economic,economical,0
unfair,prejudiced,0
new,renovated,0
oddball,eccentric,0
most,least,1
obsolete,current,1
static,mobile,1
customary,usual,0
eternal,ephemeral,1
agglutinative,polysynthetic,0
definite,indefinite,1
fiery,passionate,0
official,unofficial,1
severe,violent,0
abundant,deficient,1
bipartite,simple,1
same,other,1
maximal,minimal,1
noble,renowned,0
electrophilic,nucleophilic,1
marvelous,natural,1
retrograde,direct,1
serial,consecutive,0
husky,strong,0
exquisite,beautiful,0
novel,unusual,0
noninvasive,invasive,1
maiden,first,0
discontinuous,discrete,0
spurious,FALSE,0
readable,interesting,0
unintended,intended,1
curvy,straight,1
powdered,coarse,1
flat,vertical,1
baggy,tight,1
fissile,fissionable,0
juicy,fat,0
figurative,literal,1
angry,exasperated,0
proper,particular,0
middle,late,1
odd,whimsical,0
oversized,small,1
otherworldly,natural,1
overseas,domestic,1
wild,calm,1
widespread,local,1
unobstructed,free,0
external,accidental,0
easygoing,easy,0
insectivorous,omnivorous,1
full,total,0
heterothallic,homothallic,1
shaggy,rough,0
rocky,easy,1
commonplace,original,1
sovereign,autonomous,0
elfin,natural,1
raw,natural,0
peaceful,passive,0
intimate,friendly,0
copernican,geocentric,1
fair,candid,0
invasive,aggressive,0
nonpartisan,partisan,1
original,radical,0
rugged,easy,1
pungent,sharp,0
mid,middle,0
qualified,eligible,0
independent,dependent,1
bright,luminous,0
strict,tight,0
attractive,repulsive,1
good,considerable,0
subaltern,senior,1
incapable,able,1
solid,heterogeneous,1
hairy,woolly,0
concerned,interested,0
immutable,unchangeable,0
impressed,unimpressed,1
human,divine,1
incomprehensible,unintelligible,0
enlarged,small,1
16th,sixteenth,0
personal,objective,1
inland,coastal,1
generous,munificent,0
extra,supernumerary,0
quick,active,0
stewed,raw,1
monarchic,democratic,1
sole,alone,0
stiff,weak,1
clear,serene,0
genuine,FALSE,1
brilliant,colorless,1
autocratic,democratic,1
poor,unfavorable,0
unilateral,multilateral,1
moot,irrelevant,0
helpful,useful,0
popular,plain,0
transverse,longitudinal,1
deficient,excessive,1
congruent,incongruent,1
trite,commonplace,0
raw,inexperienced,0
brown,smoky,0
emotional,cerebral,1
compatible,suitable,0
complete,incomplete,1
gradual,steep,1
solid,valid,0
spiritual,divine,0
crooked,bent,0
versatile,various,0
august,noble,0
maritime,nautical,0
global,broad,0
intimate,formal,1
vernacular,common,0
posterior,hind,0
refined,unrefined,1
polygamous,monogamous,1
cheesy,cheap,0
unsafe,dangerous,0
operative,functional,0
senior,elderly,0
minimum,maximum,1
warm,arctic,1
transnational,national,1
fair,pale,0
white,integrated,1
idle,useless,0
side,long,0
bright,cheery,0
interior,external,1
undivided,entire,0
turbid,murky,0
heterogeneous,diverse,0
heroic,small,1
predatory,defensive,1
intentional,accidental,1
bare,stark,0
excellent,prime,0
slender,big,1
convergent,divergent,1
ingenuous,innocent,0
armed,equipped,0
wicked,malicious,0
sad,glad,1
valid,invalid,1
whimsical,fantastic,0
rounded,angular,1
notional,real,1
favorable,unfavorable,1
utopian,dystopian,1
luxurious,poor,1
erroneous,correct,1
indefinable,definable,1
generous,honorable,0
seasoned,inexperienced,1
downbeat,upbeat,1
literate,illiterate,1
mad,sane,1
low,sufficient,1
inimitable,unique,0
economic,domestic,0
furthest,close,1
bad,comfortable,1
near,present,0
bad,faulty,0
wide,small,1
dangerous,nice,0
lowbrow,highbrow,1
foreign,distant,0
least,most,1
uncommon,infrequent,0
unfriendly,friendly,1
worthy,unworthy,1
directional,omnidirectional,1
black,legal,1
illegal,legal,1
blue,gloomy,0
crude,rough,0
pale,full,1
accessible,unavailable,1
hopeful,desperate,1
victorious,triumphant,0
polite,cultured,0
vascular,avascular,1
heavy,empty,1
appointive,elective,1
distinct,prominent,0
unprepared,prepared,1
distinguished,conspicuous,0
thin,concentrated,1
closed,open,1
uneasy,easy,1
like,dissimilar,1
complex,simple,1
topical,systemic,1
essential,unnecessary,1
raw,unripe,0
foreign,exotic,0
frank,free,0
stony,soft,1
colonial,simple,1
open,candid,0
predictive,reactive,1
rowdy,rough,0
ripe,green,1
elastic,springy,0
intrinsic,natural,0
progressive,conservative,1
funny,grotesque,0
barren,bleak,0
selfish,generous,1
fatal,fateful,0
spherical,square,1
cubic,linear,1
impotent,weak,0
joyful,sorrowful,1
sophisticated,naive,1
impure,unclean,0
autocratic,authoritarian,0
sour,rancid,0
affable,genial,0
docile,gentle,0
unexpected,expected,1
carefree,happy,0
fluid,solid,1
mixed,assorted,0
geometric,representational,1
devoted,zealous,0
interrupted,irregular,0
linear,holistic,1
nimble,agile,0
comparable,different,1
educated,cultured,0
northerly,south,1
scaly,smooth,1
solid,satisfying,0
prime,most,0
expert,technical,0
rare,ordinary,1
sterile,unproductive,0
damaging,negative,0
strong,energetic,0
massive,light,1
continental,intercontinental,1
irrational,reasonable,1
disconnected,connected,1
mercantile,commercial,0
sorry,mean,0
individual,collective,1
port,starboard,1
quick,slow,1
morbid,black,0
canned,fresh,1
dusty,original,1
positive,real,0
equal,equitable,0
armoured,mechanized,0
various,same,1
distinguished,special,0
acidic,sweet,1
gentle,peaceful,0
rich,wholesome,1
insolvent,solvent,1
permanent,lasting,0
indirect,primary,1
willowy,graceful,0
naked,raw,0
granular,massive,1
barren,fertile,1
amphibious,aquatic,1
first,principal,0
hind,fore,1
fine,beautiful,0
subdued,light,1
abrupt,gradual,1
cumbersome,difficult,0
falcate,straight,1
hairless,hairy,1
dormant,active,1
monumental,little,1
unimportant,small,0
close,coarse,1
clean,full,1
geographic,magnetic,1
dotted,plain,1
former,erstwhile,0
ample,little,1
rudimentary,initial,0
blue,drab,0
nonfictional,fictional,1
ancient,modern,1
bloody,murderous,0
dirty,mean,0
noisy,turbulent,0
beautiful,elegant,0
skillful,good,0
young,old,1
brown,blonde,1
drab,blue,0
additional,supplementary,0
poisonous,toxic,0
heteronomous,autonomous,1
cold,close,1
glorious,praiseworthy,0
nonsensical,ridiculous,0
upset,determined,0
costly,expensive,0
discourteous,rude,0
local,topical,0
dirty,vile,0
earnest,solemn,0
clever,dull,1
smart,wise,0
embarrassed,mortified,0
famous,heroic,0
allergic,hypersensitive,0
nonmilitary,military,1
local,general,1
compact,loose,1
metalloid,nonmetal,0
metallic,basic,0
wistful,melancholy,0
close,long,1
sudden,quick,0
white,pure,0
amusing,witty,0
hardy,robust,0
unique,singular,0
cool,deliberate,0
eccentric,bizarre,0
favorable,hostile,1
authentic,authoritative,0
helical,spiral,0
disciplinary,corrective,0
first,chief,0
dishonest,untrustworthy,0
vital,dead,1
strong,firm,0
slow,boring,0
spiritual,inward,0
actual,apparent,1
involved,simple,1
dry,keen,0
vicious,corrupt,0
unintelligible,intelligible,1
abnormal,unusual,0
minimal,maximal,1
next,distant,1
malicious,envious,0
great,little,1
opaque,translucent,1
conjunctive,disjunctive,1
common,unusual,1
expository,explanatory,0
luxurious,opulent,0
western,east,1
unpretentious,understated,0
gradual,slow,0
barren,empty,0
diagonal,perpendicular,1
relative,irrelevant,1
prolonged,short,1
oblique,perpendicular,1
regular,systematic,0
dishonest,corrupt,0
unprofitable,profitable,1
mechanical,electrical,1
intended,unintended,1
front,rear,1
comprehensive,wide,0
implausible,likely,1
comical,comic,0
pinnate,simple,1
poor,indigent,0
sturdy,delicate,1
attractive,unattractive,1
controversial,uncontroversial,1
experienced,expert,0
degenerative,acute,1
slender,moderate,0
remote,near,1
severe,weak,1
fair,handsome,0
noteworthy,remarkable,0
particular,separate,0
pious,impious,1
funny,comic,0
private,public,1
peculiar,strange,0
plutonic,extrusive,1
cold,frozen,0
good,remote,1
evergreen,deciduous,1
original,primitive,0
actual,factual,0
round,orbicular,0
northerly,northern,0
contrary,same,1
deep,little,1
broad,thin,1
aboriginal,indigenous,0
symmetrical,regular,0
broken,unbroken,1
crude,primitive,0
snowy,clear,1
unvoiced,voiced,1
robust,hardy,0
astringent,sweet,1
agreeable,pleasing,0
fearless,afraid,1
lively,vivacious,0
different,usual,1
malevolent,black,0
separate,individual,0
sober,drunk,1
crisp,straight,1
sedimentary,igneous,1
9th,ninth,0
easy,uneasy,1
tacky,cheap,0
frosty,cold,0
combative,peaceful,1
perpetual,temporary,1
fantastic,familiar,1
unfair,biased,0
infinite,relative,1
partisan,nonpartisan,1
unable,potent,1
periodic,occasional,0
powerless,weak,0
actual,active,0
cold,loving,1
domestic,wild,1
infrequent,frequent,1
permanent,transient,1
conceivable,inconceivable,1
high,honorable,0
outlandish,foreign,0
raw,green,0
smooth,mild,0
gradual,sudden,1
fore,hind,1
proper,improper,1
steady,uniform,0
martial,civil,1
upset,disturbed,0
stupid,flat,0
efferent,afferent,1
inhuman,cold,0
virgin,old,1
plutonic,igneous,0
new,unoriginal,1
rostral,caudal,1
integrated,segregated,1
hidden,visible,1
terrible,frightful,0
gross,great,0
high,inferior,1
convertible,interchangeable,0
economical,economic,0
pleasant,merry,0
discordant,harsh,0
disgusting,foul,0
experimental,theoretic,1
regular,unusual,1
crystalline,pure,0
rough,uncut,0
singular,common,1
secluded,public,1
unkempt,shaggy,0
bright,evident,0
double,small,1
indecent,obscene,0
desolate,barren,0
flat,thick,1
violent,furious,0
autonomous,sovereign,0
obsolete,extinct,0
large,little,1
anxious,confident,1
deep,small,1
shady,dark,0
sturdy,flexible,1
massive,hollow,1
local,provincial,0
ruinous,decayed,0
incomplete,partial,0
busy,inactive,1
obscure,clear,1
universal,particular,1
cosmopolitan,provincial,1
spiritual,holy,0
compact,tall,1
homophonic,contrapuntal,1
just,fair,0
astute,shrewd,0
monaural,binaural,1
polyphonic,monophonic,1
notorious,renowned,0
confident,unsure,1
eligible,suitable,0
sensible,intelligent,0
easterly,west,1
skillful,unskillful,1
reliable,unreliable,1
virtuous,wicked,1
brutal,barbarous,0
sick,twisted,0
connected,unconnected,1
adult,immature,1
wretched,poor,0
inert,reactive,1
implausible,plausible,1
hebrew,jewish,0
inert,lifeless,0
wicked,dangerous,0
tiny,huge,1
unresolved,open,0
horizontal,flat,0
distant,close,1
religious,secular,1
impulsive,hotheaded,0
uncommon,strange,0
artificial,FALSE,0
brutal,bestial,0
blunt,candid,0
sure,reliable,0
paradigmatic,syntagmatic,1
light,significant,1
carnivorous,insectivorous,1
west,east,1
prime,select,0
wooden,graceful,1
mean,generous,1
dictatorial,authoritarian,0
babylonian,chaldean,0
hot,slow,1
slick,sleek,0
bad,healthy,1
knowable,unknowable,1
vindictive,nasty,0
worn,new,1
male,androgynous,1
pure,TRUE,0
nasty,nice,1
faulty,good,1
happy,contented,0
lustrous,dull,1
humble,skilled,1
solemn,formal,0
elliptical,angular,1
serious,weighty,0
shut,open,1
wanton,lascivious,0
small,increased,1
extensive,nationwide,0
plentiful,rich,0
omnidirectional,directional,1
chinese,taiwanese,0
distinct,different,0
green,ripe,1
ardent,zealous,0
ready,near,0
lovely,beautiful,0
confident,positive,0
extinct,active,1
unconscious,voluntary,1
general,worldwide,0
good,skillful,0
elongate,short,1
invalid,weak,0
respectful,reverential,0
intentional,willful,0
miscellaneous,various,0
stocky,thick,0
secular,sacred,1
undergraduate,graduate,1
common,single,1
spirited,active,0
precise,wrong,1
alert,unaware,1
sinister,good,1
soft,hard,1
polar,uncharged,1
missing,absent,0
nontoxic,toxic,1
tyrannical,democratic,1
dependent,subordinate,0
back,posterior,0
icy,hot,1
uncommon,common,1
new,young,0
bodily,spiritual,1
close,unequal,1
singular,single,0
polygynous,monogamous,1
immediate,quick,0
strong,weak,1
great,unimportant,1
obsolete,new,1
despotic,arbitrary,0
robust,muscular,0
accessible,open,0
slight,much,1
unconcerned,concerned,1
falsifiable,theoretical,1
yellow,drab,0
unauthorized,authorized,1
supplemental,additional,0
impersonal,personal,1
secular,regular,1
big,bulky,0
pale,strong,1
rusty,new,1
native,nonnative,1
more,less,1
concrete,abstract,1
thick,stocky,0
unstressed,stressed,1
miraculous,natural,1
honest,incorruptible,0
fourth,4th,0
immaterial,material,1
conventional,unconventional,1
confusing,clear,1
indivisible,divisible,1
fissionable,fissile,0
unpaved,paved,1
key,central,0
obscure,esoteric,0
sad,gloomy,0
mathematical,questionable,1
dignified,majestic,0
weakened,strong,1
detached,attached,1
distinctive,typical,0
raw,polished,1
pompous,pretentious,0
special,limited,0
stupid,fat,0
calm,peaceful,0
bald,bearded,1
antagonistic,positive,1
diseased,sick,0
heavy,pregnant,0
hungry,thirsty,1
sterile,fertile,1
bright,brilliant,0
aerodynamic,streamlined,0
outspoken,blunt,0
right,incorrect,1
doubtful,sure,1
mechanical,mental,1
snowy,white,0
probable,unlikely,1
generous,stingy,1
poor,sufficient,1
unsaturated,saturated,1
wide,full,0
confident,shy,1
medial,distal,1
recent,low,0
unfair,fair,1
quick,swift,0
cheap,gaudy,0
tender,tough,1
white,pale,0
astronomical,little,1
slow,dull,0
northwestern,eastern,1
male,bad,0
intense,dull,1
defensive,offensive,1
ponderous,heavy,0
impermeable,permeable,1
unsure,certain,1
accurate,inaccurate,1
immoral,dishonest,0
spiritual,sensuous,1
shabby,new,1
offensive,abusive,0
poor,adequate,1
disagreeable,agreeable,1
written,oral,1
intimate,sexual,0
good,faulty,1
swampy,waterlogged,0
taut,close,0
civil,rude,1
elder,old,0
immovable,movable,1
small,uppercase,1
large,giant,0
sharp,gradual,1
oval,ovoid,0
numerical,qualitative,1
white,bare,1
lucky,unlucky,1
modern,new,0
juicy,succulent,0
oral,verbal,0
ample,small,1
open,shut,1
simple,direct,0
mesial,lateral,1
corresponding,different,1
permanent,constant,0
ambiguous,specific,1
bogus,fake,0
leeward,windward,1
patriotic,loyal,0
possible,potential,0
unsymmetrical,symmetrical,1
insistent,repetitive,0
morose,dark,0
open,overt,0
sad,heavy,0
dutiful,submissive,0
impure,pure,1
unlikely,unbelievable,0
nonalcoholic,alcoholic,1
shrill,high,0
blessed,damned,1
national,international,1
fertile,sterile,1
artless,simple,0
enlightening,informative,0
separate,distant,0
greedy,voracious,0
sharp,rigorous,0
byzantine,simple,1
reformist,conservative,1
conscious,aware,0
next,outgoing,1
small,fine,0
fragmented,united,1
flat,sharp,1
slim,fat,1
parallel,perpendicular,1
monetary,pecuniary,0
malignant,pernicious,0
cold,fresh,1
characteristic,uncharacteristic,1
loving,affectionate,0
secondary,basic,1
dirty,clean,1
hairy,bald,1
invulnerable,vulnerable,1
inept,useless,0
silly,plain,0
keen,bad,1
hilly,mountainous,0
dejected,despondent,0
TRUE,unfaithful,1
glabrous,hairy,1
antitrust,unfair,1
massive,little,1
average,ordinary,0
general,diversified,1
grand,expansive,0
unitary,federal,1
compassionate,cruel,1
permanent,provisional,1
yellow,mean,0
impossible,possible,1
autonomous,dependent,1
wrong,accurate,1
annual,perennial,1
minuscule,little,0
pop,classic,1
baseless,unfounded,0
confident,insecure,1
augmentative,diminutive,1
complicated,simple,1
proficient,fluent,0
conclusive,convincing,0
monstrous,beautiful,1
live,hot,0
dark,good,1
judicial,illegal,1
mild,violent,1
rough,calm,1
conventional,atomic,1
radical,natural,0
slight,significant,1
narrow,bigoted,0
experimental,theoretical,1
deleterious,harmless,1
federal,local,1
former,latter,1
round,entire,0
exotic,alien,0
mental,psychical,0
old,jolly,0
eastern,western,1
noumenal,phenomenal,1
dull,loud,1
visible,perceptible,0
large,free,0
untested,old,1
permissible,impermissible,1
kind,mild,0
synergistic,antagonistic,1
menial,low,0
nameless,anonymous,0
unresponsive,responsive,1
real,unrealistic,1
dim,black,0
visual,optic,0
salutary,useful,0
generic,specific,1
legendary,unknown,1
intelligible,unintelligible,1
vicious,bad,0
loose,rambling,0
commercial,superior,1
relative,referential,0
giant,vast,0
mundane,extraordinary,1
swarthy,dark,0
wide,little,1
absolute,positive,0
confusing,distracting,0
charming,fascinating,0
excellent,golden,0
scientific,unscientific,1
coloured,natural,1
homogenous,heterogeneous,1
brave,warrior,0
offensive,annoying,0
wingless,winged,1
curly,straight,1
average,regular,0
grey,northern,1
ordinary,average,0
imaginative,visionary,0
aggressive,nonaggressive,1
fractional,whole,1
plain,decorated,1
needy,destitute,0
fat,greasy,0
expressive,forceful,0
obsolete,recent,1
awful,nice,1
ashen,white,0
financial,fiscal,0
good,real,0
gaseous,solid,1
flawed,perfect,1
haired,hairless,1
dependent,independent,1
grotesque,beautiful,1
pregnant,nonpregnant,1
eligible,desirable,0
independent,free,0
longitudinal,transverse,1
firstborn,eldest,0
small,minor,0
liquid,illiquid,1
royal,noble,0
lively,alert,0
necessary,inevitable,0
united,single,1
rich,copious,0
indefinite,indeterminate,0
blue,clean,1
individual,joint,1
high,low,1
indisputable,certain,0
tight,easy,1
organized,unorganized,1
unmarried,celibate,0
unclean,clean,1
easy,smooth,0
parallel,equal,0
disproportionate,proportionate,1
huge,little,1
slow,active,1
free,spare,0
interested,concerned,0
honorable,dishonorable,1
terminal,intermediate,1
rich,precious,0
inclusive,exclusive,1
military,civilian,1
odd,strange,0
ordinary,wonderful,1
omnivorous,carnivorous,1
despondent,dejected,0
negative,indirect,0
thin,small,0
allochthonous,autochthonous,1
irritable,irascible,0
inflexible,rigid,0
mental,material,1
little,old,1
costly,rich,0
original,initial,0
astonishing,surprising,0
textured,smooth,1
sorry,poor,0
popular,pop,0
immoral,impure,0
competitive,socialist,1
oral,aboral,1
stern,severe,0
fraternal,identical,1
sedentary,active,1
wild,violent,0
inevitable,unpredictable,1
sound,healthy,0
prenatal,perinatal,1
planetary,epicyclic,0
slow,smart,1
capricious,arbitrary,0
green,sophisticated,1
unadorned,bare,0
miniature,large,1
theoretical,applied,1
ready,about,0
notable,noteworthy,0
useful,harmful,1
strong,powerful,0
delicate,soft,0
nomadic,settled,1
sudden,immediate,0
high,powerful,0
unwieldy,cumbersome,0
honest,reliable,0
unwieldy,practical,1
public,private,1
inspiring,stimulating,0
adjacent,far,1
metaphoric,literal,1
compound,simple,1
slow,interesting,1
rude,uncivilized,0
subject,obedient,0
heavy,light,1
gregarious,social,0
last,most,0
adaptable,versatile,0
particular,single,0
vast,desolate,0
unbalanced,unstable,0
offshore,inshore,1
global,square,1
first,primitive,0
sound,honest,0
inoffensive,offensive,1
aerobic,anaerobic,1
invasive,noninvasive,1
concentrated,dilute,1
literary,colloquial,1
unworthy,worthy,1
certain,unsure,1
federal,unitary,1
vicious,criminal,0
decadent,effete,0
eternal,constant,0
mathematical,impossible,1
androgynous,female,1
juicy,blue,0
exchangeable,convertible,0
painterly,linear,1
cunning,sly,0
distant,slight,0
abundant,luxuriant,0
egregious,outrageous,0
restless,agitated,0
yellow,orange,0
unregistered,registered,1
atomic,molecular,1
corrupt,straight,1
rare,frequent,1
near,close,0
repulsive,offensive,0
loose,tight,1
smart,quick,0
dynamic,active,0
chief,main,0
educational,instructive,0
robust,energetic,0
active,inactive,1
desolate,stark,0
aggregate,total,0
solid,soft,1
fundamental,basic,0
humanitarian,philanthropic,0
legitimate,FALSE,1
respectful,irreverent,1
authoritative,important,0
uncertain,doubtful,0
personal,mental,1
surreal,dreamlike,0
abstract,nonobjective,0
uncivil,civil,1
fleshy,thin,1
longtime,new,1
pure,unmixed,0
safe,dangerous,1
simple,unaffected,0
commemorative,memorial,0
clear,cheerful,0
white,black,1
clever,stupid,1
direct,retrograde,1
exceptional,common,1
standard,uncommon,1
classic,definitive,0
professional,nonprofessional,1
acceptable,satisfactory,0
medium,average,0
prejudicial,harmful,0
overactive,underactive,1
believable,unbelievable,1
disappointed,successful,1
straight,wrong,1
express,clear,0
bright,colorless,1
useful,useless,1
essential,accidental,1
nautical,maritime,0
future,past,1
hostile,friendly,1
unlikely,plausible,1
lotic,lentic,1
triple,single,1
athletic,robust,0
rich,sumptuous,0
dusky,light,1
stolid,stupid,0
powerless,strong,1
manageable,difficult,1
germanic,german,0
real,unreal,1
near,distant,1
proper,fit,0
conservative,revolutionary,1
monolithic,small,1
suspicious,distrustful,0
asymmetrical,symmetrical,1
prime,first,0
notable,notorious,0
consultative,advisory,0
unimportant,important,1
bombastic,pompous,0
prominent,eminent,0
handsome,big,0
polyphonic,homophonic,1
symbolic,emblematic,0
sporadic,infrequent,0
sluggish,inactive,0
interrogative,declarative,1
huge,vast,0
written,unwritten,1
sound,legal,0
lean,lanky,0
westbound,east,1
upset,angry,0
criminal,legal,1
icy,frigid,0
deep,mild,1
crystalline,transparent,0
inhuman,cruel,0
proximate,ultimate,1
rear,front,1
secondary,senior,1
diverse,homogeneous,1
incorporeal,immaterial,0
active,lively,0
implacable,relentless,0
afraid,apprehensive,0
superior,subordinate,1
light,weighty,1
crippled,lame,0
nice,courteous,0
heavy,overweight,0
northeastern,western,1
androgynous,male,1
far,near,1
stiff,inflexible,0
adjacent,distant,1
early,timely,0
uncomfortable,uneasy,0
wretched,happy,1
probable,improbable,1
unsuitable,suitable,1
organized,disorganized,1
virtuous,chaste,0
commutative,abelian,0
late,early,1
hard,difficult,0
compact,thick,0
solid,whole,0
everyday,unusual,1
strong,powerless,1
punishable,legal,1
twentieth,20th,0
saturated,unsaturated,1
depressed,miserable,0
elementary,simple,0
pastoral,urban,1
ultraviolet,visible,1
strong,active,0
direct,lead,0
high,grand,0
animated,lively,0
easy,loose,0
funny,amusing,0
helpless,powerful,1
implicit,comparative,1
mobile,immobile,1
solemn,grand,0
contemporary,anachronistic,1
marshy,muddy,0
profane,vulgar,0
practical,pragmatic,0
direct,plain,0
pure,clear,0
blond,fair,0
wide,far,0
acute,obtuse,1
close,confidential,0
solitary,gregarious,1
lock,key,0
sweet,saccharine,0
ungrateful,grateful,1
hairless,haired,1
brutal,cruel,0
unreliable,trustworthy,1
abundant,superabundant,0
subject,capable,0
several,different,0
wrong,erroneous,0
proactive,retroactive,1
notable,famous,0
available,free,0
heavy,loose,1
costate,smooth,1
greek,thracian,0
exciting,provocative,0
autochthonous,allochthonous,1
essential,vital,0
mild,intense,1
important,pressing,0
beneficial,helpful,0
moderate,light,0
fast,loose,1
widespread,prevalent,0
wet,sloppy,0
connected,disconnected,1
anterior,subsequent,1
able,unable,1
divine,holy,0
routine,monotonous,0
soft,flexible,0
brown,neutral,1
mild,soft,0
counterintuitive,intuitive,1
neutral,positive,1
near,natural,1
ordinary,extraordinary,1
subnormal,normal,1
civil,military,1
sharp,natural,1
increased,decreased,1
stiff,wet,0
paramount,chief,0
distant,remote,0
remarkable,wonderful,0
funny,humorous,0
adventurous,daring,0
protandrous,protogynous,1
accustomed,usual,0
mono,stereo,1
blunt,rude,0
front,back,1
sensory,sensitive,0
shady,sunny,1
dull,leaden,0
identical,other,1
pensive,brooding,0
hot,pungent,0
deep,superficial,1
lively,vital,0
medical,operative,1
inaudible,audible,1
particular,detailed,0
neat,orderly,0
unfinished,imperfect,0
circuitous,direct,1
tragic,comic,1
spiritual,sensual,1
amicable,friendly,0
bizarre,outlandish,0
unintentional,intentional,1
notable,celebrated,0
depressed,elated,1
windward,leeward,1
clumsy,incompetent,0
laughable,absurd,0
voluntary,involuntary,1
iridescent,dull,1
different,same,1
peaceful,violent,1
roman,italic,1
distributive,collective,1
melodious,tuneful,0
close,public,1
good,proficient,0
polysynthetic,agglutinative,0
alienable,inalienable,1
dry,wet,1
domestic,foreign,1
furious,frenzied,0
diachronic,historical,0
routine,extraordinary,1
divergent,same,1
old,inexperienced,1
conservative,unconventional,1
seasonal,periodic,0
decent,proper,0
odd,familiar,1
youthful,young,0
magic,magical,0
invalid,null,0
interchangeable,standardized,0
privileged,underprivileged,1
crystal,clear,0
macroscopic,microscopic,1
distinguishable,same,1
present,absent,1
fine,nice,0
neuter,feminine,1
near,short,0
aboral,oral,1
geologic,geological,0
rigorous,intense,0
compact,brief,0
strong,vehement,0
empirical,theoretical,1
disturbing,troubling,0
decentralized,centralized,1
dynamic,energetic,0
fit,unfit,1
lightweight,heavy,1
hyperactive,hypoactive,1
curious,familiar,1
convincing,persuasive,0
sullen,gloomy,0
whole,complete,0
hot,pleasant,1
feasible,impossible,1
proficient,good,0
littoral,coastal,0
unfair,excessive,0
unified,divided,1
proud,humble,1
simulated,natural,1
strange,familiar,1
stern,hard,0
straight,curly,1
downside,upside,1
precious,beloved,0
sure,unreliable,1
divine,superhuman,0
oriental,western,1
null,empty,0
timid,cowardly,0
uniform,varied,1
uneven,rough,0
calm,stormy,1
uninhabited,desolate,0
diverse,separate,0
placid,quiet,0
perceptive,intuitive,0
clear,apparent,0
circular,square,1
dead,current,1
small,low,0
covert,open,1
due,expected,0
implicit,explicit,1
dominant,subordinate,1
young,ignorant,0
calculated,measured,0
english,anglican,0
mythological,real,1
full,fractional,1
bitter,tasteless,1
deficient,abundant,1
unaffected,affected,1
keen,acute,0
likely,promising,0
commonplace,trite,0
consistent,uniform,0
clouded,overcast,0
beneficial,harmful,1
snappy,crisp,0
little,short,0
close,strict,0
gross,crude,0
excellent,valuable,0
fitting,appropriate,0
violent,mild,1
fair,light,0
barren,fruitful,1
secular,monastic,1
ancient,future,1
strong,mild,1
outward,inward,1
unprotected,naked,0
robust,weak,1
uncharacteristic,characteristic,1
reciprocal,equivalent,0
chief,principal,0
trivial,important,1
logical,valid,0
austere,rigorous,0
hot,old,1
kind,good,0
proscriptive,prescriptive,1
sporadic,single,0
vigorous,strong,0
aliphatic,alicyclic,1
worried,distressed,0
first,second,1
uninteresting,interesting,1
flat,compressed,0
superior,elder,0
liberal,radical,0
intensive,extensive,1
tall,little,1
marginal,maximum,1
improper,inappropriate,0
evil,mischievous,0
incomplete,deficient,0
unbelievable,believable,1
undamaged,damaged,1
plenary,complete,0
benign,malign,1
sound,deep,0
simple,hard,1
secular,religious,1
canonical,basic,0
keen,sharp,0
large,great,0
adhesive,sticky,0
impure,clean,1
canonical,orthodox,0
igneous,aqueous,1
private,privy,0
impatient,intolerant,0
affirmative,negative,1
particular,singular,0
timid,brave,1
moderate,temperate,0
proper,common,1
terrestrial,aquatic,1
sizeable,small,1
primitive,crude,0
mobile,liquid,0
extended,short,1
solvent,insolvent,1
revolutionary,counterrevolutionary,1
visible,invisible,1
voluntary,optional,0
tight,open,1
superficial,significant,1
final,conclusive,0
unconscious,aware,1
quadrupedal,bipedal,1
infectious,noninfectious,1
unbalanced,balanced,1
barbarian,civilized,1
traditional,nontraditional,1
uppercase,lowercase,1
obese,thin,1
barren,bare,0
immoral,indecent,0
everlasting,eternal,0
wonderful,marvelous,0
famous,renowned,0
lengthy,brief,1
archaeological,archeological,0
heterosexual,homosexual,1
inadequate,sufficient,1
nacreous,iridescent,0
blunt,short,0
unused,fresh,0
good,incomplete,1
circular,complete,0
obvious,plain,0
monotheistic,polytheistic,1
unfamiliar,new,0
amiable,friendly,0
recorded,live,1
final,ultimate,0
silent,audible,1
close,extreme,0
tropical,polar,1
poignant,satirical,0
underweight,overweight,1
enough,decent,0
ambiguous,unambiguous,1
wicked,black,0
formal,ritual,0
precise,particular,0
moral,virtuous,0
deceitful,FALSE,0
conventional,atypical,1
incorporeal,corporeal,1
impossible,infeasible,0
cultured,polite,0
effective,efficient,0
authoritative,positive,0
open,frank,0
sonorous,resonant,0
certain,unreliable,1
healthy,sound,0
brave,cowardly,1
submissive,meek,0
catabolic,anabolic,1
civilian,military,1
left,center,1
plain,simple,0
gloomy,moody,0
familiar,unfamiliar,1
philanthropic,charitable,0
easy,fast,0
rugged,hard,0
spiritual,internal,0
genial,affable,0
ripe,unripe,1
inconvenient,uncomfortable,0
fast,slow,1
large,small,1
inactive,operational,1
low,superior,1
loose,compact,1
dreamy,languid,0
intracellular,extracellular,1
fake,counterfeit,0
depressed,unhappy,0
alternate,primary,1
complete,whole,0
bodily,physical,0
short,light,0
primitive,late,1
express,explicit,0
cheap,loud,0
orderly,disorderly,1
bad,spoiled,0
open,close,1
audacious,brave,0
childlike,old,1
sacred,religious,0
multicellular,unicellular,1
preliminary,previous,0
rude,civil,1
thin,narrow,0
velvety,smooth,0
actual,potential,1
real,abstract,1
material,spiritual,1
offensive,insulting,0
uncivilized,civilized,1
vertical,prostrate,1
northeast,southwest,1
solid,hollow,1
empty,full,1
magnetic,geographic,1
direct,comparative,1
alkaline,basic,0
detailed,full,0
congruous,incongruous,1
inflexible,flexible,1
acidic,alkaline,1
skillful,adept,0
intuitive,perceptive,0
jagged,smooth,1
solid,cubic,0
refined,crude,1
courteous,polite,0
acute,chronic,1
celestial,heavenly,0
commonplace,odd,1
aliphatic,aromatic,1
contrary,opposite,0
poor,exhausted,0
dull,interesting,1
cultivable,arable,0
rigid,fixed,0
helpful,unhelpful,1
defunct,live,1
wicked,guilty,0
finite,definable,0
perpendicular,parallel,1
normal,parallel,1
earthly,heavenly,1
bulky,little,1
linear,cubic,1
unsure,uncertain,0
standard,average,0
friendly,unfriendly,1
vocal,soft,1
coherent,logical,0
forbidden,permissible,1
inbound,outbound,1
circumstantial,general,1
pejorative,derogatory,0
like,similar,0
centralized,decentralized,1
dependent,subject,0
benevolent,philanthropic,0
visible,conspicuous,0
mute,dumb,0
omnivorous,herbivorous,1
male,female,1
christian,atheist,1
straight,crooked,1
migratory,sedentary,1
disgusted,sick,0
indifferent,important,1
less,superior,1
naval,maritime,0
bulky,thick,0
outside,likely,1
brilliant,stupid,1
infinitesimal,infinite,1
rectangular,parallel,1
squat,tall,1
only,lone,0
flat,upright,1
verbal,numerical,1
flat,active,1
innermost,outermost,1
thoughtful,contemplative,0
good,effective,0
portuguese,lusitanian,0
inconvenient,convenient,1
perfect,ideal,0
able,skillful,0
unjustified,justified,1
illustrious,unknown,1
unusual,extra,0
good,honorable,0
reflexive,voluntary,1
rough,raspy,0
left,near,0
competitive,noncompetitive,1
transferable,negotiable,0
expected,unexpected,1
belligerent,peaceful,1
broke,rich,1
bogus,genuine,1
unfeeling,cruel,0
devilish,wicked,0
effective,dynamic,0
solitary,lonely,0
generic,proprietary,1
specific,unspecified,1
uncivil,polite,1
smart,slow,1
fallacious,valid,1
satisfactory,bad,1
south,north,1
lopsided,straight,1
nasty,dirty,0
filamentous,thick,1
mild,tranquil,0
stable,constant,0
surrealistic,realistic,1
anterior,posterior,1
other,second,0
smooth,rough,1
serious,grievous,0
rigid,strict,0
extra,redundant,0
weak,stressed,1
resilient,strong,0
irregular,conventional,1
headstrong,stubborn,0
primary,derived,1
packed,loose,1
illogical,logical,1
impassable,passable,1
evil,vicious,0
timid,confident,1
homosexual,heterosexual,1
unconnected,connected,1
overnight,short,1
gray,terminal,1
unnatural,natural,1
lasting,short,1
feminine,neuter,1
striking,dramatic,0
willing,ready,0
straight,TRUE,0
tangible,abstract,1
thick,quick,0
polytonal,atonal,1
difficult,austere,0
honest,good,0
sized,unsized,1
fearful,fearless,1
dull,blunt,0
immobile,stable,0
movable,immovable,1
unstable,easy,1
loud,flashy,0
expansive,grand,0
tough,violent,0
intimate,distant,1
free,existing,1
countless,infinite,0
initial,last,1
polished,urbane,0
many,few,1
stingy,generous,1
open,covert,1
injurious,libelous,0
habitual,customary,0
powdery,loose,0
clever,cunning,0
common,mean,0
neurologic,neurological,0
fantastic,visionary,0
greenish,green,0
prospective,retrospective,1
actual,FALSE,1
amphibious,terrestrial,1
lively,dull,1
unsecured,secure,1
voluntary,willing,0
ordinary,normal,0
atmospheric,aerial,0
wrong,correct,1
unavoidable,avoidable,1
ingressive,egressive,1
idiotic,foolish,0
decorative,functional,1
barren,desolate,0
certain,TRUE,0
lawful,unlawful,1
small,insignificant,0
abrupt,rough,0
naughty,bad,0
pedestrian,interesting,1
existential,theoretical,1
first,cardinal,1
rational,intellectual,0
sharp,poignant,0
stringent,strict,0
abstract,representational,1
evident,clear,0
loose,official,1
stative,active,1
asocial,social,1
stringent,restrictive,0
exact,methodical,0
hardback,paperback,1
shallow,ignorant,0
virtual,legal,1
FALSE,genuine,1
loaded,unloaded,1
liberal,narrow,1
actual,practical,0
lesbian,homosexual,0
fragile,delicate,0
temperate,sober,0
secret,hidden,0
ecclesiastic,religious,0
underground,clandestine,0
mad,wise,1
bright,witty,0
prompt,ready,0
sovereign,subordinate,1
oral,anal,1
damaged,undamaged,1
wide,comprehensive,0
long,tenacious,0
conventional,nuclear,1
open,accessible,0
exempt,taxable,1
soft,flabby,0
serious,frivolous,1
damned,blessed,1
useful,profitable,0
regressive,progressive,1
unsatisfactory,satisfactory,1
heated,hot,0
courageous,daring,0
elementary,introductory,0
colored,uncolored,1
singular,rare,0
sinister,menacing,0
eldest,firstborn,0
dutiful,obedient,0
equal,even,0
tight,brisk,0
brutal,vicious,0
implicit,inherent,0
brittle,strong,1
hydrated,anhydrous,1
iffy,sure,1
long,sound,1
wiry,tough,0
actinomorphic,zygomorphic,1
pale,dim,0
meridian,prime,0
military,nonmilitary,1
rich,wealthy,0
harmonic,musical,0
effective,ineffective,1
arrogant,condescending,1
secure,insecure,1
tender,old,1
supernatural,metaphysical,0
wide,skinny,1
excessive,unreasonable,0
graphical,graphic,0
majestic,dignified,0
tender,compassionate,0
fond,tender,0
resident,certain,0
pure,simple,0
prewar,postwar,1
argent,white,0
average,mean,0
analytic,synthetic,1
royal,regal,0
nomothetic,idiographic,1
restricted,unrestricted,1
inner,outward,1
sweet,sour,1
lengthy,long,0
sullen,morose,0
heterogeneous,mixed,0
psychical,physical,1
first,last,1
thin,slim,0
tedious,dull,0
modern,ancient,1
northbound,south,1
pictorial,graphic,0
great,numerous,0
filial,parental,1
ambivalent,certain,1
fast,speedy,0
amateur,recreational,0
specific,widespread,1
analogous,parallel,0
likely,unlikely,1
real,nominal,1
diffuse,wide,0
deceptive,FALSE,0
contagious,infectious,0
perfidious,treacherous,0
identical,different,1
rich,thin,1
angry,red,0
red,uncoloured,1
individual,mutual,1
victorian,modern,1
odd,weird,0
north,south,1
medieval,modern,1
usable,unusable,1
teenage,teen,0
literal,real,0
cryptic,hidden,0
municipal,foreign,1
virulent,deadly,0
generous,spirited,0
full,incomplete,1
specific,gross,1
famous,historical,0
particular,exact,0
typical,atypical,1
off,active,1
satisfactory,unsatisfactory,1
rancid,sour,0
subordinate,main,1
mysterious,dark,0
offshore,onshore,1
offensive,disagreeable,0
several,particular,0
glorious,noble,0
fair,foul,1
unaware,aware,1
painful,sore,0
colored,colorful,0
rare,abundant,1
northern,southern,1
heroic,gallant,0
rounded,spherical,0
harmonic,consonant,0
renewable,exhaustible,1
stubborn,harsh,0
somber,dark,0
tempting,attractive,0
surprising,unsurprising,1
nice,awful,1
sensitive,unclassified,1
underlying,explicit,1
everyday,extraordinary,1
fearful,good,1
extreme,moderate,1
only,inclusive,1
amicable,hostile,1
dead,alive,1
soluble,insoluble,1
honest,honorable,0
successful,happy,0
childish,old,1
nonfinancial,financial,1
casual,difficult,1
triangular,rounded,1
compulsory,optional,1
casual,heavy,1
underprivileged,privileged,1
solitary,alone,0
viviparous,ovoviviparous,1
purgative,cathartic,0
contemplative,thoughtful,0
light,deep,1
gargantuan,small,1
abundant,big,0
blind,sighted,1
wise,unwise,1
tenth,10th,0
special,scheduled,1
ancient,young,1
spinal,vertebral,0
sick,demented,0
neighborly,friendly,0
literary,informal,1
pejorative,complimentary,1
mean,rich,1
avirulent,virulent,1
irresponsible,responsible,1
irritated,annoyed,0
lingual,buccal,1
hairy,bare,1
likeable,sympathetic,0
giant,small,1
thick,dense,0
prostrate,vertical,1
forthright,frank,0
important,anxious,0
fast,wild,0
imperfect,complete,1
candid,white,0
diluted,concentrated,1
monomeric,polymeric,1
clear,indistinct,1
volatile,explosive,0
attributive,predicative,1
valuable,worthless,1
little,much,1
upper,side,1
active,quiet,1
lentic,lotic,1
dorsal,neural,0
classical,correct,0
anxious,distressed,0
lean,thin,0
mountainous,little,1
undergraduate,postgraduate,1
tall,splendid,0
dull,lively,1
elementary,primary,0
rough,stormy,0
anaerobic,aerobic,1
concentrated,intense,0
instinctive,spontaneous,0
intentional,deliberate,0
supersonic,sonic,1
medial,intermediate,0
fatal,deadly,0
colored,natural,1
open,enclosed,1
courteous,affable,0
pluperfect,imperfect,1
imminent,immediate,0
incorrect,correct,1
big,light,1
long,short,1
able,effective,0
skinny,loose,1
violent,peaceful,1
muddy,murky,0
compressed,flat,0
prostrate,upright,1
open,fine,1
full,empty,1
calm,collected,0
adaxial,abaxial,1
regular,irregular,1
hermaphrodite,female,1
relative,disproportionate,1
separate,different,0
registered,unregistered,1
faint,dim,0
cyclic,circular,0
immediate,close,0
further,close,1
general,common,0
integral,complete,0
right,inappropriate,1
perfective,imperfective,1
honest,chaste,0
idle,lazy,0
fictional,fabricated,0
plain,natural,0
clean,dirty,1
quiet,loud,1
foggy,misty,0
impious,pious,1
hazy,clear,1
sincere,genuine,0
pious,righteous,0
poor,good,1
bluish,neutral,1
polyandrous,monogamous,1
cunning,clever,0
prominent,invisible,1
urbane,polite,0
ripe,good,0
gritty,fine,1
cruel,brutal,0
oriental,eastern,0
playful,earnest,1
old,erstwhile,0
easy,unavailable,1
undisputed,controversial,1
cloudless,clear,0
unpretentious,simple,0
affectionate,sharp,1
sexual,asexual,1
reducible,irreducible,1
striking,impressive,0
spiritual,natural,1
progressive,reformist,0
unspecified,specified,1
metaphysical,abstract,0
dry,ironic,0
unadjusted,adjusted,1
angry,indignant,0
rhythmic,metrical,0
naked,clad,1
fitted,ready,0
irregular,regular,1
passionate,warm,0
heliocentric,geocentric,1
incorrupt,pure,0
pleased,angry,1
imperfect,perfect,1
human,superhuman,1
principal,assistant,1
wealthy,impoverished,1
high,eminent,0
robust,vigorous,0
main,principal,0
objective,abstract,1
violent,smart,0
impartial,biased,1
noble,plebeian,1
full,wide,0
tired,fatigued,0
weak,skilled,1
integral,fractional,1
mysterious,inexplicable,0
dreary,drab,0
suitable,appropriate,0
bound,free,1
dry,productive,1
native,strange,1
extrinsic,intrinsic,1
damp,moist,0
tall,short,1
legislative,executive,1
simple,fancy,1
common,uncommon,1
terrestrial,planetary,0
familiar,unusual,1
righteous,unrighteous,1
silly,shallow,0
conspicuous,brilliant,0
equipped,unequipped,1
latter,former,1
diffuse,hard,1
honest,moral,0
potential,actual,1
impressive,effective,0
fantastic,real,1
mediocre,ordinary,0
accurate,careful,0
unfavorable,good,1
sprightly,gay,0
broken,complete,1
agile,active,0
vital,critical,0
historic,future,1
concerned,unconcerned,1
disrespectful,contemptuous,0
dull,gloomy,0
awake,asleep,1
gelatinous,thin,1
strict,lax,1
marked,conspicuous,0
intellectual,emotional,1
multidimensional,unidimensional,1
realistic,unrealistic,1
sorrowful,joyful,1
sympathetic,likable,0
planned,unplanned,1
righteous,virtuous,0
incapable,incompetent,0
distant,cold,0
weak,irregular,1
soft,heavy,1
internal,outward,1
light,fatty,1
separate,alone,0
objective,outward,0
insipid,flat,0
dominant,recessive,1
philanthropic,humanitarian,0
miserable,happy,1
reflective,contemplative,0
agile,quick,0
supreme,inferior,1
even,odd,1
cruel,hard,0
ambiguous,precise,1
accurate,faithful,0
vulnerable,strong,1
disadvantageous,advantageous,1
illegitimate,legitimate,1
monastic,secular,1
perennial,biennial,1
routine,mundane,0
violent,red,0
heavy,ponderous,0
pervious,impervious,1
philanthropic,benevolent,0
observational,theoretical,1
unclassified,classified,1
modern,old,1
western,westward,0
dead,live,1
counterrevolutionary,revolutionary,1
idle,active,1
specific,broad,1
rectal,anal,0
opaque,bright,1
unfit,fit,1
courageous,gallant,0
archaic,late,1
malaysian,malay,0
retrograde,anterograde,1
pliant,flexible,0
little,brief,0
characteristic,diagnostic,0
cheap,expensive,1
incapable,capable,1
foolish,simple,0
ill,well,1
fine,finished,0
musical,melodic,0
southeastern,western,1
unflappable,cool,0
intercollegiate,intramural,1
criminal,innocent,1
solid,strong,0
vernacular,everyday,0
unfettered,free,0
casual,contingent,0
vague,indefinite,0
absurd,inconsistent,0
illiterate,ignorant,0
monoclinic,triclinic,1
green,greenish,0
desirable,undesirable,1
innumerate,illiterate,1
similar,dissimilar,1
rough,easy,1
comfortable,cheerful,0
direct,secondary,1
intelligent,stupid,1
tough,comfortable,1
slight,important,1
wrong,proper,1
cordial,warm,0
stormy,tempestuous,0
undeveloped,developed,1
serrated,toothed,0
intentional,free,0
individual,definite,0
hard,formal,0
rational,irrational,1
subterminal,terminal,1
faithful,upright,0
endogenous,exogenous,1
erroneous,incorrect,0
contrary,hostile,0
dull,bright,1
severe,extreme,0
prismatic,colorless,1
harmful,harmless,1
undercover,clandestine,0
congenital,hereditary,0
exact,TRUE,0
incapable,unable,0
FALSE,natural,1
absolute,incomplete,1
poor,fortunate,1
correct,wrong,1
feminine,masculine,1
savage,wild,0
lipophilic,hydrophilic,1
abnormal,odd,0
hairy,hairless,1
analytical,synthetical,1
westerly,east,1
unfortunate,fortunate,1
oppressive,heavy,0
artificial,organic,1
idiosyncratic,common,1
negative,constructive,1
poor,pathetic,0
cold,hot,1
honest,righteous,0
heroic,valiant,0
dark,dingy,0
headless,acephalous,0
cooperative,competitive,1
good,friendly,0
nitrous,nitric,0
capricious,whimsical,0
hard,soft,1
miscible,immiscible,1
favourable,unfavourable,1
nonviolent,violent,1
aware,informed,0
cultured,civilized,0
quiescent,active,1
mixed,interracial,0
alliterative,unrhymed,1
destitute,barren,0
main,cardinal,0
contradictory,opposite,0
substantial,square,0
turbulent,violent,0
catchy,easy,1
free,paid,1
open,split,0
bleak,stark,0
profound,mild,1
first,1st,0
threatening,sinister,0
insoluble,soluble,1
devout,sincere,0
rugged,smooth,1
orthodox,unorthodox,1
frozen,fresh,1
diminished,small,0
red,carmine,0
material,important,0
widowed,married,1
sad,depressed,0
atheistic,religious,1
heroic,desperate,0
tough,rowdy,0
gargantuan,huge,0
advantageous,useful,0
unprofessional,professional,1
obtuse,blunt,0
visionary,fantastic,0
recreational,amateur,0
excellent,bad,1
soft,fit,1
disorderly,irregular,0
tired,exhausted,0
calm,composed,0
impulsive,cautious,1
dull,saturated,1
good,healthy,0
legitimate,real,0
level,steady,0
anxious,uneasy,0
bloody,bloodless,1
complex,intricate,0
intractable,tractable,1
familiar,unknown,1
new,accustomed,1
cute,clever,0
arbitrary,tyrannical,0
nice,nasty,1
honest,genuine,0
paranormal,psychic,0
handsome,ugly,1
endless,infinite,0
sharp,low,1
steep,heavy,0
extravagant,exuberant,0
active,stative,1
changeable,unchangeable,1
unbroken,broken,1
steep,moderate,1
inverse,forward,1
genuine,fake,1
clumsy,skilled,1
durable,short,1
teen,old,1
despicable,vile,0
rigorous,severe,0
intrepid,daring,0
solid,sound,0
out,inner,1
frequentative,iterative,0
unambiguous,ambiguous,1
spiritual,worldly,1
helical,straight,1
exact,inexact,1
evil,good,1
peculiar,familiar,1
retail,wholesale,1
perfect,whole,0
transonic,subsonic,1
weighty,light,1
extrusive,intrusive,1
minor,small,0
omnivorous,insectivorous,1
witty,smart,0
unmarked,marked,1
tender,gentle,0
gymnastic,athletic,0
yellowish,yellow,0
forward,reverse,1
profitable,useful,0
abrupt,unexpected,0
caustic,bitter,0
figured,plain,1
unconcerned,indifferent,0
tolerant,intolerant,1
altricial,precocial,1
vague,obscure,0
fast,quick,0
trivial,little,0
senior,junior,1
small,harsh,1
unethical,ethical,1
bottom,best,1
periodical,quarterly,0
stark,bleak,0
infrequent,rare,0
moist,wet,0
equipped,furnished,0
forensic,legal,0
clandestine,secretive,0
cold,alive,1
normal,original,0
sleepy,awake,1
lax,tense,1
uncivilised,barbaric,0
unchangeable,changeable,1
conditional,unconditional,1
recent,future,1
spiritual,earthly,1
vague,undefined,0
postnatal,prenatal,1
soggy,wet,0
final,unappealable,0
unintelligent,intelligent,1
universal,worldwide,0
rational,sensible,0
dim,bright,1
valid,expired,1
combative,contentious,0
affectionate,fond,0
clandestine,overt,1
heavy,lively,1
subterranean,underground,0
residential,nonresidential,1
diverse,same,1
spirited,bold,0
gay,strict,1
phonetic,ideographic,1
wanton,reckless,0
extraordinary,abnormal,0
singular,individual,0
gross,large,0
left,odd,0
blue,blueish,0
necessary,unnecessary,1
hot,passionate,0
immediate,ultimate,1
sinful,righteous,1
free,fixed,1
left,right,1
dismal,gloomy,0
fruitful,rich,0
endemic,epidemic,1
sour,tart,0
rapid,sharp,0
unconscious,conscious,1
vibrant,resonant,0
lineal,collateral,1
fast,easy,0
intact,affected,1
rude,late,1
illegitimate,legal,1
drunk,sober,1
simple,sophisticated,1
operative,medical,1
medical,surgical,1
outgoing,sociable,0
humorous,jocular,0
pleasing,delightful,0
edgy,sharp,0
nonstandard,standard,1
abrasive,smooth,1
steady,firm,0
persistent,constant,0
keen,eager,0
alternative,alternate,0
new,fresh,0
average,uncommon,1
gray,northern,1
liberal,catholic,0
anglican,english,0
wicked,mischievous,0
official,unconfirmed,1
unhappy,sad,0
structural,architectural,0
oblique,parallel,1
abstract,whole,1
odd,eccentric,0
significant,token,0
subconscious,conscious,1
difficult,hard,0
wealthy,poor,1
clear,qualified,1
dramatic,burlesque,0
TRUE,pure,0
senior,superior,0
impossible,probable,1
flat,inclined,1
insufficient,inefficient,0
safe,whole,0
usual,special,1
prevalent,predominant,0
exoteric,esoteric,1
northern,south,1
diseased,healthy,1
feminine,female,0
green,mature,1
awkward,easy,1
strange,new,0
physical,supernatural,1
outlandish,bizarre,0
outdated,antiquated,0
volatile,nonvolatile,1
advanced,innovative,0
wholesome,sweet,0
mere,simple,0
extinct,extant,1
improved,unimproved,1
high,arrogant,0
ecclesiastical,religious,0
moral,material,1
fresh,stale,1
dark,light,1
indirect,oblique,0
whole,gross,0
mediaeval,modern,1
nucleophilic,electrophilic,1
steady,constant,0
poignant,touching,0
unwelcome,welcome,1
natural,innate,0
invalid,void,0
obstinate,stubborn,0
derivational,inflectional,1
tired,fresh,1
yellow,new,1
material,mental,1
probable,likely,0
gloomy,sad,0
red,ruby,0
experiential,theoretical,1
potential,likely,0
clean,difficult,1
calm,nervous,1
firm,steadfast,0
beloved,dear,0
interior,internal,0
bombastic,turgid,0
loud,cheap,0
worldly,spiritual,1
voiced,voiceless,1
roomy,broad,0
conjunct,disjunct,1
unlawful,illegal,0
painful,difficult,0
private,separate,0
primitive,civilized,1
trashy,cheap,0
italic,upright,1
simple,difficult,1
hollow,low,0
internal,national,0
near,far,1
hispanic,latino,0
denticulate,smooth,1
aggressive,combative,0
adolescent,old,1
expensive,lavish,0
surreal,real,1
indoor,outdoor,1
polar,icy,0
colloquial,conversational,0
tough,hardy,0
clean,complete,0
accurate,precise,0
unusual,familiar,1
odd,unusual,0
present,immediate,0
shy,wary,0
famous,distinguished,0
radiant,luminous,0
bipartisan,partisan,1
circumpolar,invisible,1
spectacular,dramatic,0
broad,vast,0
profane,sacred,1
remote,distant,0
postwar,prewar,1
bisexual,heterosexual,1
professional,unprofessional,1
courageous,enterprising,0
bizarre,whimsical,0
deep,thorough,0
normal,reverse,1
sound,whole,0
comparative,absolute,1
low,degraded,0
popular,uncommon,1
near,ready,0
formal,precise,0
strange,unusual,0
childish,immature,0
galactic,little,1
mutual,individual,1
perpendicular,normal,0
antique,old,0
active,passive,1
insignificant,major,1
savory,spicy,0
angular,curved,1
broad,extensive,0
hermaphroditic,female,1
regional,sectional,0
small,coarse,1
sighted,blind,1
strong,warm,0
aware,unaware,1
intuitive,counterintuitive,1
farther,close,1
essential,inessential,1
frozen,hot,1
incorrect,wrong,0
christian,pagan,1
secondary,second,0
weak,robust,1
vital,lively,0
sloppy,slapdash,0
munificent,generous,0
handsome,generous,0
thin,full,1
marvelous,fantastic,0
legal,invalid,1
exact,precise,0
delicate,fragile,0
gentle,mild,0
strict,tense,0
friendly,favorable,0
atypical,typical,1
volatile,stable,1
shy,confident,1
scenic,theatrical,0
aristocratic,gentle,0
flexuous,straight,1
curable,incurable,1
goofy,regular,1
religious,profane,1
long,brief,1
clean,impure,1
ingenious,witty,0
genitive,possessive,0
theoretic,empirical,1
thin,lean,0
pitiable,poor,0
modern,classic,1
financial,nonfinancial,1
friendly,amicable,0
important,trivial,1
unfaithful,faithful,1
rigid,stiff,0
incapable,deficient,0
stiff,flexible,1
sumptuous,grand,0
crucial,important,0
17th,seventeenth,0
authentic,counterfeit,1
vulgar,common,0
dysfunctional,functional,1
southwestern,north,1
youthful,fresh,0
cool,dispassionate,0
wee,little,0
retrospective,prospective,1
cheap,superior,1
sweet,gentle,0
active,vigorous,0
difficult,easy,1
hydrophobic,hydrophilic,1
bloody,cruel,0
unqualified,qualified,1
unified,coordinated,0
routine,unremarkable,0
bitter,sharp,0
tight,neat,0
foster,biological,1
raspy,hoarse,0
realistic,utopian,1
original,derivative,1
open,exposed,0
elliptical,elliptic,0
controllable,uncontrollable,1
hostile,amicable,1
tremendous,fantastic,0
opulent,wealthy,0
mindful,careful,0
fragmentary,whole,1
skinny,fat,1
wide,extended,0
quarter,fourth,0
powerful,weak,1
capital,great,0
altricial,nidicolous,0
uneducated,educated,1
greek,hellenic,0
athletic,gymnastic,0
legal,sound,0
unacceptable,unpleasant,0
adjacent,separate,1
formless,shapeless,0
frank,direct,0
vivid,bright,0
intact,entire,0
fragrant,aromatic,0
transient,lasting,1
analogous,opposite,1
rugged,uneven,0
stupid,inane,0
individual,single,0
muslim,islamic,0
rabbinic,rabbinical,0
supernatural,superhuman,0
wrongful,unlawful,0
merciful,cruel,1
sympatric,allopatric,1
intermittent,recurrent,0
wet,dry,1
covert,private,0
noninfectious,infectious,1
deep,shallow,1
hopeless,good,1
obedient,dutiful,0
dynamic,stative,1
logical,coherent,0
open,extended,0
binary,boolean,0
southern,north,1
extramural,intramural,1
sorry,hurt,0
verbatim,direct,0
statuesque,short,1
grateful,appreciative,0
introspective,subjective,0
honest,sincere,0
uneducated,illiterate,0
easy,uncomfortable,1
weighty,serious,0
artificial,theatrical,0
aged,new,1
organic,inorganic,1
human,mortal,0
innocent,harmless,0
noble,ignoble,1
good,awful,1
easy,heavy,1
stupid,smart,1
greedy,avaricious,0
indirect,immediate,1
trivial,ordinary,0
affective,emotional,0
torpid,dull,0
linear,digital,1
saline,salty,0
perfect,certain,0
actual,substantial,0
simplistic,complex,1
indigenous,aboriginal,0
unremarkable,routine,0
usual,unusual,1
transparent,crystalline,0
stately,dignified,0
beautiful,great,0
unlawful,unconstitutional,0
graphic,vivid,0
rectangular,rounded,1
vast,cosmic,0
thin,fragile,0
waterlogged,dry,1
extensive,widespread,0
hot,cool,1
academic,applied,1
transparent,open,0
incompatible,inconsistent,0
disparate,same,1
separate,integrated,1
radical,old,1
double,little,1
authoritarian,autocratic,0
fierce,furious,0
foolish,silly,0
homozygous,heterozygous,1
distinguishable,distinct,0
intrinsic,extrinsic,1
clever,adroit,0
sweet,perfumed,0
diachronic,synchronic,1
incompressible,compressible,1
nonresidential,residential,1
conspicuous,famous,0
provincial,cosmopolitan,1
dreary,dark,0
adoptive,biological,1
foolhardy,reckless,0
aged,fresh,1
sure,FALSE,1
invisible,visible,1
poor,unfortunate,0
apparent,plain,0
live,dead,1
tangy,sweet,1
prefrontal,posterior,1
dumb,slow,0
plain,decorative,1
leaded,unleaded,1
warm,cold,1
harsh,severe,0
narrow,strait,0
special,extraordinary,0
plebeian,patrician,1
stationary,stable,0
common,familiar,0
unimportant,insignificant,0
stupid,clever,1
close,harsh,1
bottom,top,1
makeshift,permanent,1
terrific,terrible,0
large,minuscule,1
commonplace,everyday,0
dedicated,devoted,0
inward,outward,1
reasonable,just,0
actual,imaginary,1
stout,robust,0
sturdy,hardy,0
descriptive,normative,1
real,royal,0
legitimate,invalid,1
atonal,tonal,1
chaste,virtuous,0
offensive,aggressive,0
satisfied,content,0
human,animal,1
red,reddish,0
much,little,1
flawless,flawed,1
reduced,subject,0
comprehensible,incomprehensible,1
biennial,annual,1
luminous,bright,0
hypnotic,narcotic,0
marine,terrestrial,1
unreasonable,reasonable,1
amusing,light,0
poignant,painful,0
square,solid,0
heavenly,earthly,1
unskillful,skillful,1
sloping,vertical,1
fantastic,terrific,0
sentimental,emotional,0
red,neutral,1
ovate,elliptical,0
TRUE,accurate,0
round,square,1
mythical,real,1
confident,timid,1
romantic,fantastic,0
less,more,1
storied,famous,0
pleased,displeased,1
hearty,healthy,0
evil,corrupt,0
salty,saline,0
first,earliest,0
pulpy,soft,0
gory,bloody,0
bitter,painful,0
funny,familiar,1
complex,difficult,0
discontinuous,continuous,1
exogenous,endogenous,1
illusionary,real,1
amorous,romantic,0
transparent,opaque,1
unreliable,uncertain,0
progressive,advanced,0
analogous,like,0
right,ripe,0
separate,adjacent,1
singular,plural,1
female,male,1
next,immediate,0
sharp,steep,0
social,antisocial,1
stormy,calm,1
rich,plain,1
occasional,regular,1
furious,enraged,0
monophonic,polyphonic,1
collective,distributive,1
gross,nett,1
turgid,bombastic,0
absolute,pure,0
lovely,enchanting,0
noncancerous,cancerous,1
indefinite,infinite,0
light,gay,0
extraneous,intrinsic,1
childish,mature,1
mad,angry,0
aged,green,1
logical,invalid,1
rude,unrefined,0
ready,convenient,0
muscular,powerful,0
fine,coarse,1
divine,godly,0
radical,moderate,1
fortunate,unfortunate,1
pickled,fresh,1
secondary,subordinate,0
opposite,same,1
spiritual,pneumatic,0
light,moderate,0
magnetic,nonmagnetic,1
independent,absolute,0
mechanical,chemical,1
weak,strong,1
envious,jealous,0
fake,genuine,1
latent,actual,1
inauspicious,auspicious,1
dependable,safe,0
unlikely,likely,1
only,solitary,0
affable,warm,0
strict,close,0
underground,open,1
unimportant,great,1
sluggish,slow,0
nice,delicate,0
incomparable,comparable,1
contented,satisfied,0
foggy,thick,0
diploid,polyploid,1
lawful,right,0
delicate,lovely,0
short,long,1
lost,confused,0
disjunct,conjunct,1
specific,precise,0
ecumenical,sectarian,1
stark,powerful,0
round,full,0
unable,able,1
extracellular,intracellular,1
unoccupied,occupied,1
centrifugal,centripetal,1
open,evident,0
expensive,inexpensive,1
authentic,credible,0
pretty,good,1
clear,keen,0
authoritarian,despotic,0
bald,haired,1
crazy,mad,0
equivocal,univocal,1
early,middle,1
fresh,dirty,1
dramatic,lyric,1
anomalous,normal,1
head,chief,0
pilose,hairy,0
arrogant,presumptuous,0
natural,artificial,1
open,private,1
direct,express,0
similar,unlike,1
soft,loud,1
lackadaisical,lazy,0
glabrous,haired,1
triclinic,monoclinic,1
ineffective,strong,1
transitory,ephemeral,0
systemic,topical,1
refined,tasteful,0
loose,fine,1
dumb,ridiculous,0
correct,improper,1
hefty,strong,0
awake,unconscious,1
distant,near,1
shrewd,sharp,0
native,aboriginal,0
prostrate,erect,1
slow,inactive,0
intimate,remote,1
provocative,exciting,0
subtle,refined,0
depressed,high,1
overall,net,1
unsure,confident,1
weird,familiar,1
eerie,spooky,0
refined,graceful,0
ruddy,red,0
firm,soft,1
good,benevolent,0
basic,acidic,1
awkward,inept,0
naked,clothed,1
likable,sympathetic,0
ample,large,0
sensual,mental,1
metaphysical,empirical,1
symmetrical,asymmetrical,1
numerical,verbal,1
maximum,maximal,0
cutaneous,dermal,0
young,undeveloped,0
unintentional,unplanned,0
strict,permissive,1
secret,underground,0
sad,satisfied,0
systematic,taxonomic,0
unidirectional,bidirectional,1
unseeded,seeded,1
distressing,good,1
western,eastern,1
free,destitute,0
light,faint,0
familiar,remote,1
playful,serious,1
monumental,monolithic,0
eminent,high,0
northerly,southerly,1
polyunsaturated,saturated,1
inhomogeneous,homogeneous,1
frivolous,serious,1
relevant,pertinent,0
strict,lenient,1
magnificent,majestic,0
integral,perfect,0
cheerful,sad,1
successful,unsuccessful,1
direct,relative,1
desperate,hopeful,1
subacid,sweet,1
plump,thin,1
general,vague,0
terrestrial,epiphytic,1
static,dynamic,1
easy,poor,1
small,superior,1
yellow,healthy,1
muscular,strong,0
messy,chaotic,0
new,unusual,0
physical,mental,1
intramural,extramural,1
necessary,involuntary,0
vague,shadowy,0
large,prominent,0
predicative,attributive,1
hard,easy,1
economic,unprofitable,1
absolute,relative,1
advantageous,disadvantageous,1
rational,sound,0
new,ancient,1
magnetic,attractive,0
active,quick,0
overground,underground,1
antique,ancient,0
available,convenient,0
national,private,1
ugly,unpleasant,0
coated,uncoated,1
ethical,wrong,1
familiar,conversant,0
imperial,sovereign,0
rich,lean,1
harsh,disagreeable,0
barbarous,brutal,0
ethereal,real,1
faulty,incorrect,0
afferent,efferent,1
square,circular,1
radical,extreme,0
liable,responsible,0
gregarious,outgoing,0
numerous,musical,0
recurrent,persistent,0
special,ordinary,1
alien,native,1
intuitive,logical,1
reverse,forward,1
bad,good,1
huge,colossal,0
careless,inattentive,0
raw,hot,1
unequal,equal,1
elegant,classy,0
net,final,0
rocky,smooth,1
exceptional,uncommon,0
dull,clear,1
desperate,safe,1
sound,correct,0
basic,canonical,0
frustrated,disappointed,0
absurd,logical,1
disinterested,impartial,0
dirty,obscene,0
stillborn,alive,1
regular,habitual,0
buoyant,heavy,1
ambiguous,double,0
circular,rotary,0
upbeat,downbeat,1
vague,hazy,0
celestial,earthly,1
frugal,thrifty,0
autotrophic,heterotrophic,1
talented,untalented,1
strange,wonderful,0
romantic,practical,1
greasy,oily,0
candid,fair,0
full,ample,0
rainy,wet,0
uninfected,infected,1
relative,relevant,0
central,cardinal,0
communicable,incommunicable,1
hungry,thirsty,0
agrarian,urban,1
white,clean,0
reusable,expendable,1
tremendous,small,1
quiet,mild,0
global,worldwide,0
light,clean,0
risky,safe,1
large,liberal,0
inconsistent,consistent,1
contrary,adverse,0
desperate,depressed,0